Date,Value
1986-01-02,2.0
1986-01-03,2.1
1986-01-06,2.2
1986-01-07,2.5
1986-01-08,2.5
1986-01-09,2.5
1986-01-10,2.5
1986-01-13,2.5
1986-01-14,2.5
1986-01-15,2.5
1986-01-16,2.5
1986-01-17,2.5
1986-01-20,2.5
1986-01-21,2.5
1986-01-22,2.5
1986-01-23,2.5
1986-01-24,2.4
1986-01-27,2.4
1986-01-28,2.4
1986-01-29,2.35
1986-01-30,2.3
1986-01-31,2.3
1986-02-03,2.3
1986-02-04,2.25
1986-02-05,2.25
1986-02-06,2.25
1986-02-07,2.25
1986-02-10,2.25
1986-02-11,2.25
1986-02-12,2.25
1986-02-13,2.2
1986-02-14,2.2
1986-02-18,2.2
1986-02-19,2.2
1986-02-20,2.25
1986-02-21,2.25
1986-02-24,2.3
1986-02-25,2.3
1986-02-26,2.3
1986-02-27,2.3
1986-02-28,2.3
1986-03-03,2.3
1986-03-04,2.35
1986-03-05,2.35
1986-03-06,2.35
1986-03-07,2.35
1986-03-10,2.35
1986-03-11,2.35
1986-03-12,2.35
1986-03-13,2.35
1986-03-14,2.35
1986-03-17,2.35
1986-03-18,2.35
1986-03-19,2.35
1986-03-20,2.35
1986-03-21,2.35
1986-03-24,2.35
1986-03-25,2.35
1986-03-26,2.35
1986-03-27,2.35
1986-03-31,2.35
1986-04-01,2.35
1986-04-02,2.35
1986-04-03,2.3
1986-04-04,2.3
1986-04-07,2.25
1986-04-08,2.25
1986-04-09,2.25
1986-04-10,2.25
1986-04-11,2.25
1986-04-14,2.25
1986-04-15,2.25
1986-04-16,2.25
1986-04-17,2.25
1986-04-18,2.25
1986-04-21,2.25
1986-04-22,2.25
1986-04-23,2.25
1986-04-24,2.3
1986-04-25,2.3
1986-04-28,2.3
1986-04-29,2.3
1986-04-30,2.3
1986-05-01,2.3
1986-05-02,2.3
1986-05-05,2.3
1986-05-06,2.3
1986-05-07,2.3
1986-05-08,2.25
1986-05-09,2.25
1986-05-12,2.2
1986-05-13,2.2
1986-05-14,2.2
1986-05-15,2.2
1986-05-16,2.2
1986-05-19,2.15
1986-05-20,2.1
1986-05-21,2.1
1986-05-22,2.05
1986-05-23,2.05
1986-05-27,2.0
1986-05-28,2.0
1986-05-29,2.0
1986-05-30,2.0
1986-06-02,2.0
1986-06-03,2.0
1986-06-04,2.0
1986-06-05,2.0
1986-06-06,2.0
1986-06-09,1.95
1986-06-10,1.95
1986-06-11,1.95
1986-06-12,1.95
1986-06-13,1.95
1986-06-16,1.9
1986-06-17,1.9
1986-06-18,1.9
1986-06-19,1.9
1986-06-20,1.9
1986-06-23,1.9
1986-06-24,1.9
1986-06-25,1.87
1986-06-26,1.87
1986-06-27,1.85
1986-06-30,1.85
1986-07-01,1.85
1986-07-02,1.85
1986-07-03,1.85
1986-07-07,1.85
1986-07-08,1.85
1986-07-09,1.85
1986-07-10,1.85
1986-07-11,1.85
1986-07-14,1.85
1986-07-15,1.9
1986-07-16,1.9
1986-07-17,1.9
1986-07-18,1.9
1986-07-21,1.9
1986-07-22,1.92
1986-07-23,1.92
1986-07-24,1.92
1986-07-25,1.92
1986-07-28,1.92
1986-07-29,1.92
1986-07-30,1.9
1986-07-31,1.85
1986-08-01,1.85
1986-08-04,1.85
1986-08-05,1.82
1986-08-06,1.82
1986-08-07,1.82
1986-08-08,1.82
1986-08-11,1.82
1986-08-12,1.8
1986-08-13,1.8
1986-08-14,1.78
1986-08-15,1.78
1986-08-18,1.8
1986-08-19,1.82
1986-08-20,1.84
1986-08-21,1.84
1986-08-22,1.9
1986-08-25,1.92
1986-08-26,1.95
1986-08-27,1.95
1986-08-28,1.97
1986-08-29,1.98
1986-09-02,2.0
1986-09-03,2.0
1986-09-04,2.0
1986-09-05,2.0
1986-09-08,2.0
1986-09-09,2.0
1986-09-10,2.0
1986-09-11,2.0
1986-09-12,2.0
1986-09-15,2.0
1986-09-16,2.02
1986-09-17,2.05
1986-09-18,2.05
1986-09-19,2.07
1986-09-22,2.07
1986-09-23,2.08
1986-09-24,2.08
1986-09-25,2.08
1986-09-26,2.06
1986-09-29,2.06
1986-09-30,2.06
1986-10-01,2.0
1986-10-02,2.0
1986-10-03,1.98
1986-10-06,1.98
1986-10-07,2.0
1986-10-08,2.0
1986-10-09,1.98
1986-10-10,1.93
1986-10-13,1.93
1986-10-14,1.9
1986-10-15,1.9
1986-10-16,1.88
1986-10-17,1.86
1986-10-20,1.84
1986-10-21,1.84
1986-10-22,1.8
1986-10-23,1.78
1986-10-24,1.78
1986-10-27,1.78
1986-10-28,1.78
1986-10-29,1.72
1986-10-30,1.72
1986-10-31,1.72
1986-11-03,1.72
1986-11-04,1.72
1986-11-05,1.72
1986-11-06,1.72
1986-11-07,1.74
1986-11-10,1.74
1986-11-11,1.74
1986-11-12,1.7
1986-11-13,1.7
1986-11-14,1.65
1986-11-17,1.63
1986-11-18,1.63
1986-11-19,1.63
1986-11-20,1.63
1986-11-21,1.63
1986-11-24,1.63
1986-11-25,1.63
1986-11-26,1.63
1986-11-28,1.63
1986-12-01,1.63
1986-12-02,1.6
1986-12-03,1.55
1986-12-04,1.53
1986-12-05,1.5
1986-12-08,1.47
1986-12-09,1.44
1986-12-10,1.44
1986-12-11,1.44
1986-12-12,1.44
1986-12-15,1.44
1986-12-16,1.44
1986-12-17,1.4
1986-12-18,1.4
1986-12-19,1.4
1986-12-22,1.4
1986-12-23,1.4
1986-12-24,1.4
1986-12-26,1.4
1986-12-29,1.4
1986-12-30,1.4
1986-12-31,1.4
1987-01-02,1.4
1987-01-05,1.4
1987-01-06,1.4
1987-01-07,1.4
1987-01-08,1.3
1987-01-09,1.3
1987-01-12,1.27
1987-01-13,1.27
1987-01-14,1.3
1987-01-15,1.27
1987-01-16,1.27
1987-01-19,1.27
1987-01-20,1.27
1987-01-21,1.26
1987-01-22,1.26
1987-01-23,1.26
1987-01-26,1.25
1987-01-27,1.25
1987-01-28,1.25
1987-01-29,1.23
1987-01-30,1.23
1987-02-02,1.23
1987-02-03,1.22
1987-02-04,1.22
1987-02-05,1.22
1987-02-06,1.22
1987-02-09,1.22
1987-02-10,1.22
1987-02-11,1.22
1987-02-12,1.22
1987-02-13,1.22
1987-02-17,1.17
1987-02-18,1.16
1987-02-19,1.16
1987-02-20,1.16
1987-02-23,1.17
1987-02-24,1.18
1987-02-25,1.18
1987-02-26,1.19
1987-02-27,1.2
1987-03-02,1.2
1987-03-03,1.2
1987-03-04,1.2
1987-03-05,1.05
1987-03-06,1.05
1987-03-09,1.05
1987-03-10,1.05
1987-03-11,1.06
1987-03-12,1.06
1987-03-13,1.03
1987-03-16,1.03
1987-03-17,1.03
1987-03-18,1.03
1987-03-19,1.03
1987-03-20,1.03
1987-03-23,1.03
1987-03-24,1.03
1987-03-25,1.03
1987-03-26,1.02
1987-03-27,1.02
1987-03-30,1.02
1987-03-31,1.0
1987-04-01,1.0
1987-04-02,1.0
1987-04-03,1.0
1987-04-06,1.0
1987-04-07,1.0
1987-04-08,1.0
1987-04-09,1.0
1987-04-10,1.0
1987-04-13,1.0
1987-04-14,1.02
1987-04-15,1.02
1987-04-16,1.02
1987-04-20,1.03
1987-04-21,1.03
1987-04-22,1.03
1987-04-23,1.03
1987-04-24,1.05
1987-04-27,1.05
1987-04-28,1.05
1987-04-29,1.07
1987-04-30,1.07
1987-05-01,1.07
1987-05-04,1.07
1987-05-05,1.08
1987-05-06,1.07
1987-05-07,1.07
1987-05-08,1.07
1987-05-11,1.07
1987-05-12,1.07
1987-05-13,1.08
1987-05-14,1.08
1987-05-15,1.08
1987-05-18,1.08
1987-05-19,1.1
1987-05-20,1.12
1987-05-21,1.12
1987-05-22,1.12
1987-05-26,1.12
1987-05-27,1.12
1987-05-28,1.12
1987-05-29,1.12
1987-06-01,1.12
1987-06-02,1.12
1987-06-03,1.12
1987-06-04,1.1
1987-06-05,1.1
1987-06-08,1.1
1987-06-09,1.1
1987-06-10,1.1
1987-06-11,1.1
1987-06-12,1.1
1987-06-15,1.09
1987-06-16,1.09
1987-06-17,1.08
1987-06-18,1.07
1987-06-19,1.07
1987-06-22,1.07
1987-06-23,1.05
1987-06-24,1.05
1987-06-25,1.04
1987-06-26,1.03
1987-06-29,1.03
1987-06-30,1.03
1987-07-01,1.03
1987-07-02,1.03
1987-07-06,1.03
1987-07-07,1.0
1987-07-08,1.0
1987-07-09,1.0
1987-07-10,1.0
1987-07-13,1.0
1987-07-14,1.0
1987-07-15,0.99
1987-07-16,0.99
1987-07-17,0.99
1987-07-20,0.99
1987-07-21,0.99
1987-07-22,0.99
1987-07-23,0.99
1987-07-24,0.99
1987-07-27,0.99
1987-07-28,0.99
1987-07-29,0.99
1987-07-30,0.99
1987-07-31,0.99
1987-08-03,0.99
1987-08-04,0.99
1987-08-05,0.99
1987-08-06,0.97
1987-08-07,0.97
1987-08-10,0.95
1987-08-11,0.95
1987-08-12,0.95
1987-08-13,0.95
1987-08-14,0.95
1987-08-17,0.95
1987-08-18,0.95
1987-08-19,0.95
1987-08-20,0.95
1987-08-21,0.95
1987-08-24,0.95
1987-08-25,0.95
1987-08-26,0.95
1987-08-27,0.95
1987-08-28,0.95
1987-08-31,0.97
1987-09-01,0.97
1987-09-02,0.97
1987-09-03,0.97
1987-09-04,0.97
1987-09-08,0.97
1987-09-09,0.97
1987-09-10,0.97
1987-09-11,0.97
1987-09-14,0.97
1987-09-15,0.97
1987-09-16,0.97
1987-09-17,0.97
1987-09-18,0.97
1987-09-21,0.97
1987-09-22,0.96
1987-09-23,0.96
1987-09-24,0.96
1987-09-25,0.96
1987-09-28,0.96
1987-09-29,0.96
1987-09-30,0.95
1987-10-01,0.95
1987-10-02,0.97
1987-10-05,1.0
1987-10-06,1.03
1987-10-07,1.03
1987-10-08,1.03
1987-10-09,1.05
1987-10-12,1.05
1987-10-13,1.06
1987-10-14,1.06
1987-10-15,1.07
1987-10-16,1.07
1987-10-19,1.07
1987-10-20,1.07
1987-10-21,1.07
1987-10-22,1.07
1987-10-23,1.07
1987-10-26,1.07
1987-10-27,1.07
1987-10-28,1.07
1987-10-29,1.1
1987-10-30,1.15
1987-11-02,1.17
1987-11-03,1.17
1987-11-04,1.17
1987-11-05,1.18
1987-11-06,1.18
1987-11-09,1.18
1987-11-10,1.18
1987-11-11,1.18
1987-11-12,1.18
1987-11-13,1.18
1987-11-16,1.19
1987-11-17,1.19
1987-11-18,1.19
1987-11-19,1.19
1987-11-20,1.19
1987-11-23,1.19
1987-11-24,1.2
1987-11-25,1.2
1987-11-27,1.2
1987-11-30,1.2
1987-12-01,1.2
1987-12-02,1.2
1987-12-03,1.2
1987-12-04,1.2
1987-12-07,1.2
1987-12-08,1.2
1987-12-09,1.2
1987-12-10,1.2
1987-12-11,1.2
1987-12-14,1.2
1987-12-15,1.19
1987-12-16,1.19
1987-12-17,1.19
1987-12-18,1.19
1987-12-21,1.19
1987-12-22,1.19
1987-12-23,1.19
1987-12-24,1.19
1987-12-28,1.19
1987-12-29,1.19
1987-12-30,1.18
1987-12-31,1.18
1988-01-04,1.18
1988-01-05,1.18
1988-01-06,1.19
1988-01-07,1.19
1988-01-08,1.19
1988-01-11,1.18
1988-01-12,1.18
1988-01-13,1.18
1988-01-14,1.18
1988-01-15,1.18
1988-01-18,1.18
1988-01-19,1.19
1988-01-20,1.19
1988-01-21,1.19
1988-01-22,1.2
1988-01-25,1.2
1988-01-26,1.2
1988-01-27,1.2
1988-01-28,1.21
1988-01-29,1.21
1988-02-01,1.21
1988-02-02,1.22
1988-02-03,1.23
1988-02-04,1.23
1988-02-05,1.23
1988-02-08,1.27
1988-02-09,1.27
1988-02-10,1.27
1988-02-11,1.27
1988-02-12,1.27
1988-02-16,1.27
1988-02-17,1.27
1988-02-18,1.28
1988-02-19,1.3
1988-02-22,1.31
1988-02-23,1.31
1988-02-24,1.32
1988-02-25,1.32
1988-02-26,1.32
1988-02-29,1.31
1988-03-01,1.31
1988-03-02,1.31
1988-03-03,1.31
1988-03-04,1.31
1988-03-07,1.29
1988-03-08,1.29
1988-03-09,1.29
1988-03-10,1.29
1988-03-11,1.29
1988-03-14,1.29
1988-03-15,1.28
1988-03-16,1.28
1988-03-17,1.26
1988-03-18,1.26
1988-03-21,1.25
1988-03-22,1.25
1988-03-23,1.25
1988-03-24,1.25
1988-03-25,1.25
1988-03-28,1.25
1988-03-29,1.25
1988-03-30,1.24
1988-03-31,1.24
1988-04-04,1.24
1988-04-05,1.23
1988-04-06,1.23
1988-04-07,1.23
1988-04-08,1.23
1988-04-11,1.23
1988-04-12,1.23
1988-04-13,1.23
1988-04-14,1.23
1988-04-15,1.23
1988-04-18,1.23
1988-04-19,1.23
1988-04-20,1.23
1988-04-21,1.23
1988-04-22,1.23
1988-04-25,1.23
1988-04-26,1.23
1988-04-27,1.22
1988-04-28,1.22
1988-04-29,1.21
1988-05-02,1.21
1988-05-03,1.22
1988-05-04,1.22
1988-05-05,1.23
1988-05-06,1.23
1988-05-09,1.23
1988-05-10,1.23
1988-05-11,1.23
1988-05-12,1.23
1988-05-13,1.23
1988-05-16,1.21
1988-05-17,1.21
1988-05-18,1.21
1988-05-19,1.21
1988-05-20,1.21
1988-05-23,1.21
1988-05-24,1.21
1988-05-25,1.205
1988-05-26,1.205
1988-05-27,1.21
1988-05-31,1.21
1988-06-01,1.21
1988-06-02,1.21
1988-06-03,1.21
1988-06-06,1.23
1988-06-07,1.23
1988-06-08,1.23
1988-06-09,1.23
1988-06-10,1.23
1988-06-13,1.23
1988-06-14,1.23
1988-06-15,1.24
1988-06-16,1.24
1988-06-17,1.24
1988-06-20,1.23
1988-06-21,1.23
1988-06-22,1.23
1988-06-23,1.22
1988-06-24,1.22
1988-06-27,1.22
1988-06-28,1.22
1988-06-29,1.22
1988-06-30,1.21
1988-07-01,1.21
1988-07-05,1.21
1988-07-06,1.21
1988-07-07,1.21
1988-07-08,1.21
1988-07-11,1.21
1988-07-12,1.21
1988-07-13,1.21
1988-07-14,1.21
1988-07-15,1.21
1988-07-18,1.21
1988-07-19,1.21
1988-07-20,1.22
1988-07-21,1.22
1988-07-22,1.23
1988-07-25,1.23
1988-07-26,1.23
1988-07-27,1.2
1988-07-28,1.17
1988-07-29,1.17
1988-08-01,1.17
1988-08-02,1.17
1988-08-03,1.11
1988-08-04,1.11
1988-08-05,1.11
1988-08-08,1.11
1988-08-09,1.11
1988-08-10,1.11
1988-08-11,1.1
1988-08-12,1.1
1988-08-15,1.1
1988-08-16,1.1
1988-08-17,1.1
1988-08-18,1.11
1988-08-19,1.12
1988-08-22,1.12
1988-08-23,1.12
1988-08-24,1.12
1988-08-25,1.12
1988-08-26,1.12
1988-08-29,1.12
1988-08-30,1.12
1988-08-31,1.12
1988-09-01,1.12
1988-09-02,1.12
1988-09-06,1.12
1988-09-07,1.14
1988-09-08,1.16
1988-09-09,1.16
1988-09-12,1.16
1988-09-13,1.16
1988-09-14,1.16
1988-09-15,1.14
1988-09-16,1.14
1988-09-19,1.14
1988-09-20,1.14
1988-09-21,1.16
1988-09-22,1.16
1988-09-23,1.16
1988-09-26,1.16
1988-09-27,1.16
1988-09-28,1.17
1988-09-29,1.18
1988-09-30,1.17
1988-10-03,1.15
1988-10-04,1.14
1988-10-05,1.14
1988-10-06,1.14
1988-10-07,1.13
1988-10-10,1.13
1988-10-11,1.13
1988-10-12,1.13
1988-10-13,1.12
1988-10-14,1.12
1988-10-17,1.12
1988-10-18,1.13
1988-10-19,1.13
1988-10-20,1.13
1988-10-21,1.13
1988-10-24,1.13
1988-10-25,1.13
1988-10-26,1.13
1988-10-27,1.14
1988-10-28,1.14
1988-10-31,1.14
1988-11-01,1.15
1988-11-02,1.15
1988-11-03,1.15
1988-11-04,1.15
1988-11-07,1.15
1988-11-08,1.16
1988-11-09,1.16
1988-11-10,1.17
1988-11-11,1.18
1988-11-14,1.18
1988-11-15,1.18
1988-11-16,1.18
1988-11-17,1.18
1988-11-18,1.18
1988-11-21,1.18
1988-11-22,1.18
1988-11-23,1.17
1988-11-25,1.17
1988-11-28,1.165
1988-11-29,1.165
1988-11-30,1.17
1988-12-01,1.17
1988-12-02,1.17
1988-12-05,1.17
1988-12-06,1.17
1988-12-07,1.17
1988-12-08,1.17
1988-12-09,1.19
1988-12-12,1.2
1988-12-13,1.2
1988-12-14,1.23
1988-12-15,1.24
1988-12-16,1.28
1988-12-19,1.35
1988-12-20,1.45
1988-12-21,1.45
1988-12-22,1.45
1988-12-23,1.45
1988-12-27,1.45
1988-12-28,1.48
1988-12-29,1.55
1988-12-30,1.55
1989-01-03,1.61
1989-01-04,1.61
1989-01-05,1.61
1989-01-06,1.61
1989-01-09,1.56
1989-01-10,1.56
1989-01-11,1.46
1989-01-12,1.46
1989-01-13,1.44
1989-01-16,1.42
1989-01-17,1.43
1989-01-18,1.43
1989-01-19,1.43
1989-01-20,1.42
1989-01-23,1.41
1989-01-24,1.38
1989-01-25,1.38
1989-01-26,1.38
1989-01-27,1.36
1989-01-30,1.36
1989-01-31,1.34
1989-02-01,1.34
1989-02-02,1.34
1989-02-03,1.34
1989-02-06,1.36
1989-02-07,1.36
1989-02-08,1.36
1989-02-09,1.36
1989-02-10,1.34
1989-02-13,1.34
1989-02-14,1.31
1989-02-15,1.31
1989-02-16,1.29
1989-02-17,1.29
1989-02-21,1.26
1989-02-22,1.26
1989-02-23,1.26
1989-02-24,1.26
1989-02-27,1.26
1989-02-28,1.26
1989-03-01,1.26
1989-03-02,1.26
1989-03-03,1.27
1989-03-06,1.27
1989-03-07,1.27
1989-03-08,1.25
1989-03-09,1.27
1989-03-10,1.28
1989-03-13,1.28
1989-03-14,1.28
1989-03-15,1.28
1989-03-16,1.29
1989-03-17,1.29
1989-03-20,1.29
1989-03-21,1.28
1989-03-22,1.28
1989-03-23,1.28
1989-03-27,1.28
1989-03-28,1.28
1989-03-29,1.28
1989-03-30,1.28
1989-03-31,1.28
1989-04-03,1.28
1989-04-04,1.28
1989-04-05,1.29
1989-04-06,1.29
1989-04-07,1.3
1989-04-10,1.31
1989-04-11,1.31
1989-04-12,1.31
1989-04-13,1.31
1989-04-14,1.33
1989-04-17,1.33
1989-04-18,1.34
1989-04-19,1.35
1989-04-20,1.35
1989-04-21,1.35
1989-04-24,1.36
1989-04-25,1.37
1989-04-26,1.39
1989-04-27,1.39
1989-04-28,1.37
1989-05-01,1.36
1989-05-02,1.36
1989-05-03,1.36
1989-05-04,1.36
1989-05-05,1.36
1989-05-08,1.36
1989-05-09,1.37
1989-05-10,1.37
1989-05-11,1.36
1989-05-12,1.36
1989-05-15,1.36
1989-05-16,1.36
1989-05-17,1.36
1989-05-18,1.36
1989-05-19,1.36
1989-05-22,1.35
1989-05-23,1.35
1989-05-24,1.34
1989-05-25,1.35
1989-05-26,1.35
1989-05-30,1.35
1989-05-31,1.33
1989-06-01,1.33
1989-06-02,1.33
1989-06-05,1.31
1989-06-06,1.3
1989-06-07,1.3
1989-06-08,1.3
1989-06-09,1.3
1989-06-12,1.26
1989-06-13,1.18
1989-06-14,1.18
1989-06-15,1.18
1989-06-16,1.17
1989-06-19,1.17
1989-06-20,1.17
1989-06-21,1.17
1989-06-22,1.18
1989-06-23,1.18
1989-06-26,1.15
1989-06-27,1.14
1989-06-28,1.14
1989-06-29,1.12
1989-06-30,1.14
1989-07-03,1.1
1989-07-05,1.0
1989-07-06,0.95
1989-07-07,0.9
1989-07-10,0.9
1989-07-11,0.9
1989-07-12,0.88
1989-07-13,0.88
1989-07-14,0.88
1989-07-17,0.88
1989-07-18,0.89
1989-07-19,0.89
1989-07-20,0.86
1989-07-21,0.85
1989-07-24,0.83
1989-07-25,0.83
1989-07-26,0.83
1989-07-27,0.82
1989-07-28,0.81
1989-07-31,0.79
1989-08-01,0.79
1989-08-02,0.79
1989-08-03,0.79
1989-08-04,0.79
1989-08-07,0.79
1989-08-08,0.79
1989-08-09,0.79
1989-08-10,0.79
1989-08-11,0.79
1989-08-14,0.78
1989-08-15,0.78
1989-08-16,0.75
1989-08-17,0.75
1989-08-18,0.75
1989-08-21,0.75
1989-08-22,0.75
1989-08-23,0.77
1989-08-24,0.77
1989-08-25,0.77
1989-08-28,0.78
1989-08-29,0.79
1989-08-30,0.8
1989-08-31,0.8
1989-09-01,0.8
1989-09-05,0.8
1989-09-06,0.8
1989-09-07,0.8
1989-09-08,0.82
1989-09-11,0.82
1989-09-12,0.79
1989-09-13,0.78
1989-09-14,0.78
1989-09-15,0.77
1989-09-18,0.76
1989-09-19,0.76
1989-09-20,0.76
1989-09-21,0.77
1989-09-22,0.77
1989-09-25,0.77
1989-09-26,0.78
1989-09-27,0.78
1989-09-28,0.78
1989-09-29,0.77
1989-10-02,0.77
1989-10-03,0.76
1989-10-04,0.75
1989-10-05,0.74
1989-10-06,0.72
1989-10-09,0.72
1989-10-10,0.7
1989-10-11,0.7
1989-10-12,0.69
1989-10-13,0.69
1989-10-16,0.69
1989-10-17,0.69
1989-10-18,0.69
1989-10-19,0.69
1989-10-20,0.69
1989-10-23,0.69
1989-10-24,0.69
1989-10-25,0.69
1989-10-26,0.69
1989-10-27,0.69
1989-10-30,0.69
1989-10-31,0.7
1989-11-01,0.69
1989-11-02,0.7
1989-11-03,0.7
1989-11-06,0.7
1989-11-07,0.7
1989-11-08,0.71
1989-11-09,0.71
1989-11-10,0.72
1989-11-13,0.73
1989-11-14,0.73
1989-11-15,0.73
1989-11-16,0.73
1989-11-17,0.72
1989-11-20,0.72
1989-11-21,0.72
1989-11-22,0.72
1989-11-24,0.72
1989-11-27,0.72
1989-11-28,0.72
1989-11-29,0.72
1989-11-30,0.72
1989-12-01,0.72
1989-12-04,0.71
1989-12-05,0.71
1989-12-06,0.71
1989-12-07,0.7
1989-12-08,0.7
1989-12-11,0.7
1989-12-12,0.7
1989-12-13,0.7
1989-12-14,0.7
1989-12-15,0.7
1989-12-18,0.69
1989-12-19,0.69
1989-12-20,0.69
1989-12-21,0.69
1989-12-22,0.69
1989-12-26,0.7
1989-12-27,0.7
1989-12-28,0.7
1989-12-29,0.7
1990-01-02,0.7
1990-01-03,0.71
1990-01-04,0.72
1990-01-05,0.72
1990-01-08,0.73
1990-01-09,0.73
1990-01-10,0.73
1990-01-11,0.72
1990-01-12,0.7
1990-01-15,0.7
1990-01-16,0.7
1990-01-17,0.71
1990-01-18,0.71
1990-01-19,0.71
1990-01-22,0.71
1990-01-23,0.71
1990-01-24,0.72
1990-01-25,0.72
1990-01-26,0.72
1990-01-29,0.72
1990-01-30,0.72
1990-01-31,0.72
1990-02-01,0.72
1990-02-02,0.72
1990-02-05,0.72
1990-02-06,0.72
1990-02-07,0.72
1990-02-08,0.73
1990-02-09,0.75
1990-02-12,0.76
1990-02-13,0.76
1990-02-14,0.77
1990-02-15,0.77
1990-02-16,0.77
1990-02-20,0.79
1990-02-21,0.8
1990-02-22,0.81
1990-02-23,0.81
1990-02-26,0.81
1990-02-27,0.8
1990-02-28,0.8
1990-03-01,0.82
1990-03-02,0.85
1990-03-05,0.9
1990-03-06,0.9
1990-03-07,0.9
1990-03-08,0.9
1990-03-09,0.88
1990-03-12,0.87
1990-03-13,0.89
1990-03-14,0.87
1990-03-15,0.87
1990-03-16,0.83
1990-03-19,0.81
1990-03-20,0.83
1990-03-21,0.83
1990-03-22,0.85
1990-03-23,0.83
1990-03-26,0.83
1990-03-27,0.83
1990-03-28,0.83
1990-03-29,0.83
1990-03-30,0.83
1990-04-02,0.83
1990-04-03,0.83
1990-04-04,0.84
1990-04-05,0.84
1990-04-06,0.84
1990-04-09,0.85
1990-04-10,0.85
1990-04-11,0.84
1990-04-12,0.84
1990-04-16,0.85
1990-04-17,0.85
1990-04-18,0.84
1990-04-19,0.84
1990-04-20,0.85
1990-04-23,0.85
1990-04-24,0.85
1990-04-25,0.85
1990-04-26,0.85
1990-04-27,0.85
1990-04-30,0.84
1990-05-01,0.84
1990-05-02,0.84
1990-05-03,0.84
1990-05-04,0.84
1990-05-07,0.84
1990-05-08,0.84
1990-05-09,0.84
1990-05-10,0.84
1990-05-11,0.83
1990-05-14,0.82
1990-05-15,0.82
1990-05-16,0.83
1990-05-17,0.83
1990-05-18,0.83
1990-05-21,0.84
1990-05-22,0.84
1990-05-23,0.84
1990-05-24,0.84
1990-05-25,0.84
1990-05-29,0.84
1990-05-30,0.84
1990-05-31,0.83
1990-06-01,0.82
1990-06-04,0.82
1990-06-05,0.82
1990-06-06,0.82
1990-06-07,0.82
1990-06-08,0.81
1990-06-11,0.8
1990-06-12,0.8
1990-06-13,0.8
1990-06-14,0.77
1990-06-15,0.77
1990-06-18,0.78
1990-06-19,0.78
1990-06-20,0.77
1990-06-21,0.77
1990-06-22,0.76
1990-06-25,0.76
1990-06-26,0.75
1990-06-27,0.75
1990-06-28,0.75
1990-06-29,0.75
1990-07-02,0.75
1990-07-03,0.76
1990-07-05,0.76
1990-07-06,0.75
1990-07-09,0.75
1990-07-10,0.75
1990-07-11,0.75
1990-07-12,0.75
1990-07-13,0.74
1990-07-16,0.75
1990-07-17,0.75
1990-07-18,0.76
1990-07-19,0.76
1990-07-20,0.75
1990-07-23,0.74
1990-07-24,0.74
1990-07-25,0.74
1990-07-26,0.75
1990-07-27,0.75
1990-07-30,0.75
1990-07-31,0.77
1990-08-01,0.77
1990-08-02,0.76
1990-08-03,0.76
1990-08-06,0.77
1990-08-07,0.76
1990-08-08,0.76
1990-08-09,0.77
1990-08-10,0.77
1990-08-13,0.78
1990-08-14,0.78
1990-08-15,0.8
1990-08-16,0.8
1990-08-17,0.82
1990-08-20,0.82
1990-08-21,0.82
1990-08-22,0.83
1990-08-23,0.84
1990-08-24,0.85
1990-08-27,0.86
1990-08-28,0.86
1990-08-29,0.86
1990-08-30,0.86
1990-08-31,0.87
1990-09-04,0.87
1990-09-05,0.88
1990-09-06,0.88
1990-09-07,0.87
1990-09-10,0.87
1990-09-11,0.87
1990-09-12,0.86
1990-09-13,0.85
1990-09-14,0.86
1990-09-17,0.87
1990-09-18,0.87
1990-09-19,0.87
1990-09-20,0.87
1990-09-21,0.88
1990-09-24,0.86
1990-09-25,0.86
1990-09-26,0.86
1990-09-27,0.86
1990-09-28,0.86
1990-10-01,0.86
1990-10-02,0.86
1990-10-03,0.86
1990-10-04,0.85
1990-10-05,0.85
1990-10-08,0.85
1990-10-09,0.85
1990-10-10,0.84
1990-10-11,0.84
1990-10-12,0.85
1990-10-15,0.85
1990-10-16,0.85
1990-10-17,0.86
1990-10-18,0.86
1990-10-19,0.85
1990-10-22,0.86
1990-10-23,0.85
1990-10-24,0.85
1990-10-25,0.85
1990-10-26,0.85
1990-10-29,0.85
1990-10-30,0.85
1990-10-31,0.84
1990-11-01,0.83
1990-11-02,0.83
1990-11-05,0.81
1990-11-06,0.81
1990-11-07,0.81
1990-11-08,0.815
1990-11-09,0.81
1990-11-12,0.81
1990-11-13,0.8
1990-11-14,0.8
1990-11-15,0.79
1990-11-16,0.78
1990-11-19,0.79
1990-11-20,0.78
1990-11-21,0.78
1990-11-23,0.78
1990-11-26,0.79
1990-11-27,0.79
1990-11-28,0.78
1990-11-29,0.79
1990-11-30,0.79
1990-12-03,0.79
1990-12-04,0.805
1990-12-05,0.805
1990-12-06,0.82
1990-12-07,0.82
1990-12-10,0.82
1990-12-11,0.83
1990-12-12,0.83
1990-12-13,0.84
1990-12-14,0.83
1990-12-17,0.82
1990-12-18,0.82
1990-12-19,0.82
1990-12-20,0.82
1990-12-21,0.81
1990-12-24,0.81
1990-12-26,0.8
1990-12-27,0.8
1990-12-28,0.8
1990-12-31,0.8
1991-01-02,0.8
1991-01-03,0.81
1991-01-04,0.81
1991-01-07,0.82
1991-01-08,0.83
1991-01-09,0.83
1991-01-10,0.83
1991-01-11,0.83
1991-01-14,0.82
1991-01-15,0.82
1991-01-16,0.82
1991-01-17,0.82
1991-01-18,0.83
1991-01-21,0.83
1991-01-22,0.83
1991-01-23,0.83
1991-01-24,0.83
1991-01-25,0.83
1991-01-28,0.8
1991-01-29,0.8
1991-01-30,0.79
1991-01-31,0.79
1991-02-01,0.78
1991-02-04,0.78
1991-02-05,0.79
1991-02-06,0.78
1991-02-07,0.78
1991-02-08,0.79
1991-02-11,0.79
1991-02-12,0.79
1991-02-13,0.8
1991-02-14,0.81
1991-02-15,0.81
1991-02-19,0.81
1991-02-20,0.82
1991-02-21,0.82
1991-02-22,0.81
1991-02-25,0.81
1991-02-26,0.81
1991-02-27,0.8
1991-02-28,0.81
1991-03-01,0.81
1991-03-04,0.81
1991-03-05,0.82
1991-03-06,0.83
1991-03-07,0.83
1991-03-08,0.82
1991-03-11,0.82
1991-03-12,0.81
1991-03-13,0.81
1991-03-14,0.81
1991-03-15,0.81
1991-03-18,0.82
1991-03-19,0.81
1991-03-20,0.81
1991-03-21,0.81
1991-03-22,0.81
1991-03-25,0.82
1991-03-26,0.825
1991-03-27,0.83
1991-03-28,0.83
1991-04-01,0.83
1991-04-02,0.82
1991-04-03,0.82
1991-04-04,0.81
1991-04-05,0.81
1991-04-08,0.81
1991-04-09,0.81
1991-04-10,0.81
1991-04-11,0.81
1991-04-12,0.81
1991-04-15,0.81
1991-04-16,0.81
1991-04-17,0.8
1991-04-18,0.8
1991-04-19,0.78
1991-04-22,0.79
1991-04-23,0.79
1991-04-24,0.79
1991-04-25,0.79
1991-04-26,0.775
1991-04-29,0.775
1991-04-30,0.775
1991-05-01,0.775
1991-05-02,0.775
1991-05-03,0.775
1991-05-06,0.77
1991-05-07,0.77
1991-05-08,0.77
1991-05-09,0.77
1991-05-10,0.77
1991-05-13,0.77
1991-05-14,0.77
1991-05-15,0.76
1991-05-16,0.76
1991-05-17,0.76
1991-05-20,0.76
1991-05-21,0.74
1991-05-22,0.74
1991-05-23,0.74
1991-05-24,0.74
1991-05-28,0.74
1991-05-29,0.74
1991-05-30,0.74
1991-05-31,0.74
1991-06-03,0.74
1991-06-04,0.74
1991-06-05,0.74
1991-06-06,0.74
1991-06-07,0.72
1991-06-10,0.72
1991-06-11,0.72
1991-06-12,0.71
1991-06-13,0.71
1991-06-14,0.71
1991-06-17,0.71
1991-06-18,0.71
1991-06-19,0.7
1991-06-20,0.7
1991-06-21,0.7
1991-06-24,0.7
1991-06-25,0.7
1991-06-26,0.7
1991-06-27,0.69
1991-06-28,0.69
1991-07-01,0.69
1991-07-02,0.69
1991-07-03,0.69
1991-07-05,0.69
1991-07-08,0.68
1991-07-09,0.68
1991-07-10,0.67
1991-07-11,0.67
1991-07-12,0.68
1991-07-15,0.67
1991-07-16,0.67
1991-07-17,0.68
1991-07-18,0.68
1991-07-19,0.68
1991-07-22,0.68
1991-07-23,0.68
1991-07-24,0.68
1991-07-25,0.68
1991-07-26,0.67
1991-07-29,0.67
1991-07-30,0.67
1991-07-31,0.67
1991-08-01,0.68
1991-08-02,0.68
1991-08-05,0.68
1991-08-06,0.68
1991-08-07,0.67
1991-08-08,0.66
1991-08-09,0.66
1991-08-12,0.65
1991-08-13,0.645
1991-08-14,0.645
1991-08-15,0.645
1991-08-16,0.645
1991-08-19,0.645
1991-08-20,0.635
1991-08-21,0.64
1991-08-22,0.64
1991-08-23,0.65
1991-08-26,0.66
1991-08-27,0.66
1991-08-28,0.66
1991-08-29,0.67
1991-08-30,0.67
1991-09-03,0.67
1991-09-04,0.67
1991-09-05,0.685
1991-09-06,0.69
1991-09-09,0.7
1991-09-10,0.695
1991-09-11,0.69
1991-09-12,0.7
1991-09-13,0.69
1991-09-16,0.68
1991-09-17,0.68
1991-09-18,0.66
1991-09-19,0.675
1991-09-20,0.68
1991-09-23,0.675
1991-09-24,0.685
1991-09-25,0.685
1991-09-26,0.68
1991-09-27,0.65
1991-09-30,0.62
1991-10-01,0.615
1991-10-02,0.615
1991-10-03,0.6
1991-10-04,0.6
1991-10-07,0.605
1991-10-08,0.605
1991-10-09,0.61
1991-10-10,0.61
1991-10-11,0.61
1991-10-14,0.61
1991-10-15,0.6
1991-10-16,0.625
1991-10-17,0.625
1991-10-18,0.625
1991-10-21,0.63
1991-10-22,0.625
1991-10-23,0.615
1991-10-24,0.615
1991-10-25,0.605
1991-10-28,0.605
1991-10-29,0.61
1991-10-30,0.61
1991-10-31,0.6
1991-11-01,0.59
1991-11-04,0.59
1991-11-05,0.59
1991-11-06,0.57
1991-11-07,0.58
1991-11-08,0.59
1991-11-11,0.59
1991-11-12,0.59
1991-11-13,0.595
1991-11-14,0.595
1991-11-15,0.595
1991-11-18,0.595
1991-11-19,0.6
1991-11-20,0.6
1991-11-21,0.6
1991-11-22,0.595
1991-11-25,0.59
1991-11-26,0.59
1991-11-27,0.59
1991-11-29,0.59
1991-12-02,0.6
1991-12-03,0.6
1991-12-04,0.58
1991-12-05,0.58
1991-12-06,0.575
1991-12-09,0.57
1991-12-10,0.57
1991-12-11,0.56
1991-12-12,0.565
1991-12-13,0.565
1991-12-16,0.565
1991-12-17,0.565
1991-12-18,0.565
1991-12-19,0.56
1991-12-20,0.56
1991-12-23,0.565
1991-12-24,0.565
1991-12-26,0.565
1991-12-27,0.57
1991-12-30,0.56
1991-12-31,0.56
1992-01-02,0.57
1992-01-03,0.57
1992-01-06,0.57
1992-01-07,0.58
1992-01-08,0.575
1992-01-09,0.575
1992-01-10,0.575
1992-01-13,0.57
1992-01-14,0.57
1992-01-15,0.57
1992-01-16,0.58
1992-01-17,0.57
1992-01-20,0.57
1992-01-21,0.57
1992-01-22,0.57
1992-01-23,0.55
1992-01-24,0.55
1992-01-27,0.545
1992-01-28,0.545
1992-01-29,0.545
1992-01-30,0.55
1992-01-31,0.53
1992-02-03,0.52
1992-02-04,0.525
1992-02-05,0.51
1992-02-06,0.51
1992-02-07,0.51
1992-02-10,0.51
1992-02-11,0.52
1992-02-12,0.52
1992-02-13,0.51
1992-02-14,0.51
1992-02-18,0.5
1992-02-19,0.5
1992-02-20,0.51
1992-02-21,0.5
1992-02-24,0.49
1992-02-25,0.5
1992-02-26,0.5
1992-02-27,0.51
1992-02-28,0.52
1992-03-02,0.525
1992-03-03,0.54
1992-03-04,0.52
1992-03-05,0.505
1992-03-06,0.52
1992-03-09,0.52
1992-03-10,0.52
1992-03-11,0.53
1992-03-12,0.53
1992-03-13,0.54
1992-03-16,0.535
1992-03-17,0.53
1992-03-18,0.54
1992-03-19,0.55
1992-03-20,0.545
1992-03-23,0.545
1992-03-24,0.54
1992-03-25,0.51
1992-03-26,0.51
1992-03-27,0.505
1992-03-30,0.49
1992-03-31,0.495
1992-04-01,0.505
1992-04-02,0.505
1992-04-03,0.515
1992-04-06,0.52
1992-04-07,0.51
1992-04-08,0.52
1992-04-09,0.51
1992-04-10,0.505
1992-04-13,0.48
1992-04-14,0.485
1992-04-15,0.475
1992-04-16,0.47
1992-04-20,0.475
1992-04-21,0.475
1992-04-22,0.47
1992-04-23,0.48
1992-04-24,0.475
1992-04-27,0.47
1992-04-28,0.465
1992-04-29,0.465
1992-04-30,0.45
1992-05-01,0.445
1992-05-04,0.445
1992-05-05,0.44
1992-05-06,0.44
1992-05-07,0.45
1992-05-08,0.45
1992-05-11,0.46
1992-05-12,0.47
1992-05-13,0.48
1992-05-14,0.47
1992-05-15,0.49
1992-05-18,0.49
1992-05-19,0.5
1992-05-20,0.49
1992-05-21,0.49
1992-05-22,0.48
1992-05-26,0.485
1992-05-27,0.485
1992-05-28,0.475
1992-05-29,0.48
1992-06-01,0.48
1992-06-02,0.47
1992-06-03,0.48
1992-06-04,0.48
1992-06-05,0.48
1992-06-08,0.48
1992-06-09,0.48
1992-06-10,0.47
1992-06-11,0.465
1992-06-12,0.465
1992-06-15,0.47
1992-06-16,0.475
1992-06-17,0.47
1992-06-18,0.46
1992-06-19,0.445
1992-06-22,0.44
1992-06-23,0.43
1992-06-24,0.43
1992-06-25,0.42
1992-06-26,0.42
1992-06-29,0.43
1992-06-30,0.43
1992-07-01,0.44
1992-07-02,0.44
1992-07-06,0.435
1992-07-07,0.45
1992-07-08,0.455
1992-07-09,0.455
1992-07-10,0.465
1992-07-13,0.445
1992-07-14,0.45
1992-07-15,0.45
1992-07-16,0.46
1992-07-17,0.45
1992-07-20,0.44
1992-07-21,0.45
1992-07-22,0.45
1992-07-23,0.45
1992-07-24,0.445
1992-07-27,0.415
1992-07-28,0.42
1992-07-29,0.41
1992-07-30,0.42
1992-07-31,0.405
1992-08-03,0.405
1992-08-04,0.405
1992-08-05,0.405
1992-08-06,0.4025
1992-08-07,0.4025
1992-08-10,0.395
1992-08-11,0.39
1992-08-12,0.37
1992-08-13,0.37
1992-08-14,0.37
1992-08-17,0.35
1992-08-18,0.37
1992-08-19,0.37
1992-08-20,0.37
1992-08-21,0.37
1992-08-24,0.38
1992-08-25,0.37
1992-08-26,0.37
1992-08-27,0.38
1992-08-28,0.39
1992-08-31,0.385
1992-09-01,0.39
1992-09-02,0.39
1992-09-03,0.39
1992-09-04,0.385
1992-09-08,0.38
1992-09-09,0.365
1992-09-10,0.37
1992-09-11,0.37
1992-09-14,0.37
1992-09-15,0.375
1992-09-16,0.38
1992-09-17,0.38
1992-09-18,0.4
1992-09-21,0.41
1992-09-22,0.41
1992-09-23,0.42
1992-09-24,0.42
1992-09-25,0.425
1992-09-28,0.425
1992-09-29,0.42
1992-09-30,0.425
1992-10-01,0.43
1992-10-02,0.43
1992-10-05,0.44
1992-10-06,0.45
1992-10-07,0.455
1992-10-08,0.46
1992-10-09,0.48
1992-10-12,0.48
1992-10-13,0.495
1992-10-14,0.495
1992-10-15,0.495
1992-10-16,0.495
1992-10-19,0.495
1992-10-20,0.51
1992-10-21,0.51
1992-10-22,0.5175
1992-10-23,0.51
1992-10-26,0.515
1992-10-27,0.52
1992-10-28,0.52
1992-10-29,0.525
1992-10-30,0.535
1992-11-02,0.53
1992-11-03,0.53
1992-11-04,0.53
1992-11-05,0.52
1992-11-06,0.52
1992-11-09,0.5
1992-11-10,0.51
1992-11-11,0.525
1992-11-12,0.545
1992-11-13,0.565
1992-11-16,0.59
1992-11-17,0.57
1992-11-18,0.57
1992-11-19,0.57
1992-11-20,0.57
1992-11-23,0.575
1992-11-24,0.57
1992-11-25,0.58
1992-11-27,0.58
1992-11-30,0.6
1992-12-01,0.625
1992-12-02,0.62
1992-12-03,0.63
1992-12-04,0.63
1992-12-07,0.635
1992-12-08,0.655
1992-12-09,0.655
1992-12-10,0.655
1992-12-11,0.66
1992-12-14,0.66
1992-12-15,0.66
1992-12-16,0.66
1992-12-17,0.66
1992-12-18,0.67
1992-12-21,0.695
1992-12-22,0.695
1992-12-23,0.67
1992-12-24,0.665
1992-12-28,0.68
1992-12-29,0.66
1992-12-30,0.65
1992-12-31,0.66
1993-01-04,0.64
1993-01-05,0.61
1993-01-06,0.6
1993-01-07,0.62
1993-01-08,0.6
1993-01-11,0.59
1993-01-12,0.61
1993-01-13,0.625
1993-01-14,0.62
1993-01-15,0.6
1993-01-18,0.595
1993-01-19,0.575
1993-01-20,0.565
1993-01-21,0.565
1993-01-22,0.55
1993-01-25,0.49
1993-01-26,0.505
1993-01-27,0.505
1993-01-28,0.505
1993-01-29,0.505
1993-02-01,0.515
1993-02-02,0.53
1993-02-03,0.53
1993-02-04,0.52
1993-02-05,0.52
1993-02-08,0.48
1993-02-09,0.5
1993-02-10,0.52
1993-02-11,0.545
1993-02-12,0.54
1993-02-16,0.55
1993-02-17,0.545
1993-02-18,0.555
1993-02-19,0.57
1993-02-22,0.58
1993-02-23,0.57
1993-02-24,0.58
1993-02-25,0.57
1993-02-26,0.57
1993-03-01,0.56
1993-03-02,0.57
1993-03-03,0.575
1993-03-04,0.58
1993-03-05,0.57
1993-03-08,0.565
1993-03-09,0.57
1993-03-10,0.56
1993-03-11,0.56
1993-03-12,0.56
1993-03-15,0.575
1993-03-16,0.555
1993-03-17,0.555
1993-03-18,0.555
1993-03-19,0.555
1993-03-22,0.555
1993-03-23,0.555
1993-03-24,0.565
1993-03-25,0.56
1993-03-26,0.54
1993-03-29,0.52
1993-03-30,0.52
1993-03-31,0.54
1993-04-01,0.54
1993-04-02,0.53
1993-04-05,0.515
1993-04-06,0.515
1993-04-07,0.5
1993-04-08,0.495
1993-04-12,0.495
1993-04-13,0.495
1993-04-14,0.495
1993-04-15,0.495
1993-04-16,0.485
1993-04-19,0.475
1993-04-20,0.48
1993-04-21,0.47
1993-04-22,0.47
1993-04-23,0.48
1993-04-26,0.51
1993-04-27,0.54
1993-04-28,0.53
1993-04-29,0.545
1993-04-30,0.555
1993-05-03,0.555
1993-05-04,0.505
1993-05-05,0.5
1993-05-06,0.51
1993-05-07,0.515
1993-05-10,0.51
1993-05-11,0.51
1993-05-12,0.5
1993-05-13,0.495
1993-05-14,0.5025
1993-05-17,0.505
1993-05-18,0.54
1993-05-19,0.545
1993-05-20,0.545
1993-05-21,0.56
1993-05-24,0.54
1993-05-25,0.55
1993-05-26,0.565
1993-05-27,0.545
1993-05-28,0.55
1993-06-01,0.53
1993-06-02,0.53
1993-06-03,0.53
1993-06-04,0.51
1993-06-07,0.505
1993-06-08,0.505
1993-06-09,0.505
1993-06-10,0.505
1993-06-11,0.485
1993-06-14,0.5
1993-06-15,0.5225
1993-06-16,0.5
1993-06-17,0.525
1993-06-18,0.525
1993-06-21,0.5125
1993-06-22,0.5225
1993-06-23,0.53
1993-06-24,0.52
1993-06-25,0.51
1993-06-28,0.515
1993-06-29,0.505
1993-06-30,0.51
1993-07-01,0.52
1993-07-02,0.54
1993-07-06,0.62
1993-07-07,0.6
1993-07-08,0.6
1993-07-09,0.6
1993-07-12,0.595
1993-07-13,0.635
1993-07-14,0.61
1993-07-15,0.62
1993-07-16,0.61
1993-07-19,0.625
1993-07-20,0.62
1993-07-21,0.615
1993-07-22,0.625
1993-07-23,0.62
1993-07-26,0.61
1993-07-27,0.6225
1993-07-28,0.6275
1993-07-29,0.635
1993-07-30,0.66
1993-08-02,0.665
1993-08-03,0.68
1993-08-04,0.665
1993-08-05,0.665
1993-08-06,0.635
1993-08-09,0.645
1993-08-10,0.63
1993-08-11,0.58
1993-08-12,0.58
1993-08-13,0.58
1993-08-16,0.6
1993-08-17,0.595
1993-08-18,0.61
1993-08-19,0.61
1993-08-20,0.61
1993-08-23,0.63
1993-08-24,0.63
1993-08-25,0.64
1993-08-26,0.63
1993-08-27,0.64
1993-08-30,0.645
1993-08-31,0.63
1993-09-01,0.64
1993-09-02,0.63
1993-09-03,0.615
1993-09-07,0.635
1993-09-08,0.64
1993-09-09,0.67
1993-09-10,0.67
1993-09-13,0.725
1993-09-14,0.725
1993-09-15,0.72
1993-09-16,0.715
1993-09-17,0.7275
1993-09-20,0.715
1993-09-21,0.675
1993-09-22,0.69
1993-09-23,0.69
1993-09-24,0.6825
1993-09-27,0.67
1993-09-28,0.67
1993-09-29,0.65
1993-09-30,0.65
1993-10-01,0.64
1993-10-04,0.64
1993-10-05,0.63
1993-10-06,0.63
1993-10-07,0.63
1993-10-08,0.65
1993-10-11,0.66
1993-10-12,0.635
1993-10-13,0.635
1993-10-14,0.65
1993-10-15,0.65
1993-10-18,0.68
1993-10-19,0.665
1993-10-20,0.66
1993-10-21,0.675
1993-10-22,0.675
1993-10-25,0.645
1993-10-26,0.65
1993-10-27,0.665
1993-10-28,0.68
1993-10-29,0.69
1993-11-01,0.675
1993-11-02,0.68
1993-11-03,0.68
1993-11-04,0.65
1993-11-05,0.665
1993-11-08,0.65
1993-11-09,0.65
1993-11-10,0.65
1993-11-11,0.6375
1993-11-12,0.6175
1993-11-15,0.6275
1993-11-16,0.64
1993-11-17,0.64
1993-11-18,0.64
1993-11-19,0.6425
1993-11-22,0.6325
1993-11-23,0.645
1993-11-24,0.645
1993-11-26,0.645
1993-11-29,0.645
1993-11-30,0.635
1993-12-01,0.645
1993-12-02,0.622
1993-12-03,0.635
1993-12-06,0.635
1993-12-07,0.64
1993-12-08,0.64
1993-12-09,0.64
1993-12-10,0.62
1993-12-13,0.615
1993-12-14,0.63
1993-12-15,0.63
1993-12-16,0.63
1993-12-17,0.64
1993-12-20,0.62
1993-12-21,0.62
1993-12-22,0.625
1993-12-23,0.63
1993-12-27,0.64
1993-12-28,0.645
1993-12-29,0.645
1993-12-30,0.615
1993-12-31,0.615
1994-01-03,0.615
1994-01-04,0.615
1994-01-05,0.615
1994-01-06,0.62
1994-01-07,0.625
1994-01-10,0.625
1994-01-11,0.615
1994-01-12,0.625
1994-01-13,0.63
1994-01-14,0.635
1994-01-17,0.635
1994-01-18,0.64
1994-01-19,0.625
1994-01-20,0.645
1994-01-21,0.645
1994-01-24,0.645
1994-01-25,0.645
1994-01-26,0.6475
1994-01-27,0.64
1994-01-28,0.645
1994-01-31,0.625
1994-02-01,0.625
1994-02-02,0.63
1994-02-03,0.66
1994-02-04,0.665
1994-02-07,0.665
1994-02-08,0.665
1994-02-09,0.67
1994-02-10,0.67
1994-02-11,0.67
1994-02-14,0.67
1994-02-15,0.685
1994-02-16,0.68
1994-02-17,0.69
1994-02-18,0.695
1994-02-22,0.695
1994-02-23,0.695
1994-02-24,0.69
1994-02-25,0.7
1994-02-28,0.69
1994-03-01,0.69
1994-03-02,0.69
1994-03-03,0.7
1994-03-04,0.705
1994-03-07,0.715
1994-03-08,0.71
1994-03-09,0.715
1994-03-10,0.725
1994-03-11,0.715
1994-03-14,0.74
1994-03-15,0.74
1994-03-16,0.745
1994-03-17,0.745
1994-03-18,0.745
1994-03-21,0.745
1994-03-22,0.755
1994-03-23,0.76
1994-03-24,0.765
1994-03-25,0.765
1994-03-28,0.76
1994-03-29,0.76
1994-03-30,0.76
1994-03-31,0.77
1994-04-04,0.76
1994-04-05,0.76
1994-04-06,0.785
1994-04-07,0.795
1994-04-08,0.795
1994-04-11,0.8
1994-04-12,0.8
1994-04-13,0.79
1994-04-14,0.795
1994-04-15,0.765
1994-04-18,0.77
1994-04-19,0.765
1994-04-20,0.78
1994-04-21,0.78
1994-04-22,0.79
1994-04-25,0.79
1994-04-26,0.79
1994-04-28,0.82
1994-04-29,0.83
1994-05-02,0.835
1994-05-03,0.88
1994-05-04,0.89
1994-05-05,0.94
1994-05-06,0.98
1994-05-09,1.03
1994-05-10,1.035
1994-05-11,1.01
1994-05-12,1.03
1994-05-13,1.09
1994-05-16,1.215
1994-05-17,1.145
1994-05-18,1.165
1994-05-19,1.255
1994-05-20,1.24
1994-05-23,1.33
1994-05-24,1.27
1994-05-25,1.21
1994-05-26,1.11
1994-05-27,1.15
1994-05-31,1.19
1994-06-01,1.17
1994-06-02,1.2
1994-06-03,1.18
1994-06-06,1.13
1994-06-07,1.17
1994-06-08,1.21
1994-06-09,1.175
1994-06-10,1.175
1994-06-13,1.3
1994-06-14,1.3
1994-06-15,1.3
1994-06-16,1.26
1994-06-17,1.27
1994-06-20,1.22
1994-06-21,1.23
1994-06-22,1.19
1994-06-23,1.17
1994-06-24,1.17
1994-06-27,1.17
1994-06-28,1.6925
1994-06-29,1.6925
1994-06-30,1.9
1994-07-01,1.9
1994-07-05,1.83
1994-07-06,1.89
1994-07-07,1.89
1994-07-08,1.83
1994-07-11,1.83
1994-07-12,2.47
1994-07-13,2.47
1994-07-14,2.37
1994-07-15,2.38
1994-07-18,2.38
1994-07-19,2.3
1994-07-20,2.17
1994-07-21,2.26
1994-07-22,2.16
1994-07-25,2.08
1994-07-26,2.07
1994-07-27,2.08
1994-07-28,1.99
1994-07-29,1.99
1994-08-01,2.065
1994-08-02,2.075
1994-08-03,2.045
1994-08-04,2.02
1994-08-05,1.97
1994-08-08,1.74
1994-08-09,1.775
1994-08-10,1.715
1994-08-11,1.81
1994-08-12,1.765
1994-08-15,1.88
1994-08-16,1.865
1994-08-17,1.7375
1994-08-18,1.77
1994-08-19,1.72
1994-08-22,1.7825
1994-08-23,1.855
1994-08-24,1.855
1994-08-25,1.88
1994-08-26,1.88
1994-08-29,2.085
1994-08-30,2.075
1994-08-31,2.05
1994-09-01,2.055
1994-09-02,2.025
1994-09-06,2.1
1994-09-07,2.09
1994-09-08,2.09
1994-09-09,2.1
1994-09-12,2.18
1994-09-13,2.16
1994-09-14,2.06
1994-09-15,2.055
1994-09-16,2.15
1994-09-19,2.2
1994-09-20,2.21
1994-09-21,2.24
1994-09-22,2.21
1994-09-23,2.23
1994-09-26,2.2
1994-09-27,2.13
1994-09-28,2.07
1994-09-29,2.095
1994-09-30,2.02
1994-10-03,2.02
1994-10-04,2.065
1994-10-05,2.08
1994-10-06,1.98
1994-10-07,1.98
1994-10-10,1.98
1994-10-11,1.775
1994-10-12,1.845
1994-10-13,1.88
1994-10-14,1.82
1994-10-17,1.96
1994-10-18,1.8775
1994-10-19,1.945
1994-10-20,1.95
1994-10-21,1.89
1994-10-24,1.895
1994-10-25,1.88
1994-10-26,1.84
1994-10-27,1.82
1994-10-28,1.825
1994-10-31,1.8
1994-11-01,1.795
1994-11-02,1.71
1994-11-03,1.735
1994-11-04,1.76
1994-11-07,1.76
1994-11-08,1.825
1994-11-09,1.7975
1994-11-10,1.77
1994-11-11,1.77
1994-11-14,1.7
1994-11-15,1.65
1994-11-16,1.7
1994-11-17,1.655
1994-11-18,1.605
1994-11-21,1.535
1994-11-22,1.555
1994-11-23,1.555
1994-11-25,1.555
1994-11-28,1.58
1994-11-29,1.555
1994-11-30,1.545
1994-12-01,1.55
1994-12-02,1.5425
1994-12-05,1.5625
1994-12-06,1.585
1994-12-07,1.575
1994-12-08,1.575
1994-12-09,1.555
1994-12-12,1.585
1994-12-13,1.465
1994-12-14,1.395
1994-12-15,1.4225
1994-12-16,1.5025
1994-12-19,1.5025
1994-12-20,1.5225
1994-12-21,1.6425
1994-12-22,1.6275
1994-12-23,1.6325
1994-12-27,1.6325
1994-12-28,1.6525
1994-12-29,1.6525
1994-12-30,1.6025
1995-01-03,1.6075
1995-01-04,1.6125
1995-01-05,1.655
1995-01-06,1.675
1995-01-09,1.62
1995-01-10,1.62
1995-01-11,1.5825
1995-01-12,1.61
1995-01-13,1.63
1995-01-16,1.62
1995-01-17,1.635
1995-01-18,1.67
1995-01-19,1.64
1995-01-20,1.615
1995-01-23,1.615
1995-01-24,1.58
1995-01-25,1.565
1995-01-26,1.575
1995-01-27,1.53
1995-01-30,1.485
1995-01-31,1.46
1995-02-01,1.46
1995-02-02,1.485
1995-02-03,1.45
1995-02-06,1.4625
1995-02-07,1.4625
1995-02-08,1.495
1995-02-09,1.515
1995-02-10,1.55
1995-02-13,1.545
1995-02-14,1.57
1995-02-15,1.58
1995-02-16,1.5675
1995-02-17,1.6375
1995-02-21,1.6375
1995-02-22,1.6375
1995-02-23,1.6375
1995-02-24,1.68
1995-02-27,1.77
1995-02-28,1.745
1995-03-01,1.8
1995-03-02,1.76
1995-03-03,1.7325
1995-03-06,1.7325
1995-03-07,1.7275
1995-03-08,1.7425
1995-03-09,1.755
1995-03-10,1.81
1995-03-13,1.75
1995-03-14,1.745
1995-03-15,1.71
1995-03-16,1.645
1995-03-17,1.635
1995-03-20,1.61
1995-03-21,1.645
1995-03-22,1.625
1995-03-23,1.585
1995-03-24,1.615
1995-03-27,1.61
1995-03-28,1.61
1995-03-29,1.61
1995-03-30,1.59
1995-03-31,1.61
1995-04-03,1.605
1995-04-04,1.6
1995-04-05,1.625
1995-04-06,1.6225
1995-04-07,1.6225
1995-04-10,1.62
1995-04-11,1.6
1995-04-12,1.6
1995-04-13,1.575
1995-04-17,1.575
1995-04-18,1.575
1995-04-19,1.61
1995-04-20,1.61
1995-04-21,1.64
1995-04-24,1.7
1995-04-25,1.7
1995-04-26,1.69
1995-04-27,1.68
1995-04-28,1.67
1995-05-01,1.66
1995-05-02,1.66
1995-05-03,1.7
1995-05-04,1.69
1995-05-05,1.685
1995-05-08,1.68
1995-05-09,1.6875
1995-05-10,1.6875
1995-05-11,1.6375
1995-05-12,1.6275
1995-05-15,1.6425
1995-05-16,1.6125
1995-05-17,1.6425
1995-05-18,1.6075
1995-05-19,1.6075
1995-05-22,1.5625
1995-05-23,1.4975
1995-05-24,1.4475
1995-05-25,1.5375
1995-05-26,1.5175
1995-05-30,1.5375
1995-05-31,1.5375
1995-06-01,1.5875
1995-06-02,1.5975
1995-06-05,1.585
1995-06-06,1.585
1995-06-07,1.525
1995-06-08,1.54
1995-06-09,1.54
1995-06-12,1.55
1995-06-13,1.48
1995-06-14,1.48
1995-06-15,1.55
1995-06-16,1.51
1995-06-19,1.51
1995-06-20,1.535
1995-06-21,1.535
1995-06-22,1.535
1995-06-23,1.48
1995-06-26,1.415
1995-06-27,1.415
1995-06-28,1.4325
1995-06-29,1.4075
1995-06-30,1.4075
1995-07-03,1.4
1995-07-05,1.3675
1995-07-06,1.3175
1995-07-07,1.4025
1995-07-10,1.4775
1995-07-11,1.4675
1995-07-12,1.4875
1995-07-13,1.4975
1995-07-14,1.5525
1995-07-17,1.5025
1995-07-18,1.5025
1995-07-19,1.5125
1995-07-20,1.5375
1995-07-21,1.5375
1995-07-24,1.5225
1995-07-25,1.5175
1995-07-26,1.5675
1995-07-27,1.5088
1995-07-28,1.4775
1995-07-31,1.4975
1995-08-01,1.4675
1995-08-02,1.4925
1995-08-03,1.4925
1995-08-04,1.4825
1995-08-07,1.4825
1995-08-08,1.4975
1995-08-09,1.4925
1995-08-10,1.515
1995-08-11,1.515
1995-08-14,1.505
1995-08-15,1.515
1995-08-16,1.525
1995-08-17,1.545
1995-08-18,1.535
1995-08-21,1.515
1995-08-22,1.525
1995-08-23,1.54
1995-08-24,1.555
1995-08-25,1.595
1995-08-28,1.595
1995-08-29,1.59
1995-08-30,1.525
1995-08-31,1.515
1995-09-01,1.55
1995-09-05,1.53
1995-09-06,1.46
1995-09-07,1.4
1995-09-08,1.37
1995-09-11,1.34
1995-09-12,1.27
1995-09-13,1.27
1995-09-14,1.29
1995-09-15,1.3
1995-09-18,1.2325
1995-09-19,1.185
1995-09-20,1.225
1995-09-21,1.275
1995-09-22,1.255
1995-09-25,1.16
1995-09-26,1.2
1995-09-27,1.155
1995-09-28,1.205
1995-09-29,1.205
1995-10-02,1.2175
1995-10-03,1.1775
1995-10-04,1.1925
1995-10-05,1.1925
1995-10-06,1.1375
1995-10-09,1.0975
1995-10-10,1.1125
1995-10-11,1.1325
1995-10-12,1.1175
1995-10-13,1.1525
1995-10-16,1.1925
1995-10-17,1.1575
1995-10-18,1.235
1995-10-19,1.255
1995-10-20,1.25
1995-10-23,1.265
1995-10-24,1.2475
1995-10-25,1.2175
1995-10-26,1.2325
1995-10-27,1.2275
1995-10-30,1.205
1995-10-31,1.215
1995-11-01,1.215
1995-11-02,1.23
1995-11-03,1.25
1995-11-06,1.245
1995-11-07,1.24
1995-11-08,1.27
1995-11-09,1.26
1995-11-10,1.26
1995-11-13,1.275
1995-11-14,1.26
1995-11-15,1.275
1995-11-16,1.245
1995-11-17,1.235
1995-11-20,1.185
1995-11-21,1.17
1995-11-22,1.135
1995-11-24,1.135
1995-11-27,1.145
1995-11-28,1.12
1995-11-29,1.11
1995-11-30,1.07
1995-12-01,1.07
1995-12-04,1.06
1995-12-05,1.075
1995-12-06,1.05
1995-12-07,1.065
1995-12-08,1.045
1995-12-11,1.055
1995-12-12,1.055
1995-12-13,1.075
1995-12-14,1.095
1995-12-15,1.105
1995-12-18,1.05
1995-12-19,1.025
1995-12-20,0.985
1995-12-21,0.995
1995-12-22,0.995
1995-12-26,0.995
1995-12-27,0.985
1995-12-28,0.975
1995-12-29,0.985
1996-01-02,0.95
1996-01-03,0.975
1996-01-04,1.015
1996-01-05,1.0
1996-01-08,1.0
1996-01-09,1.0
1996-01-10,1.0175
1996-01-11,1.0675
1996-01-12,1.0675
1996-01-15,1.0275
1996-01-16,1.0775
1996-01-17,1.0775
1996-01-18,1.0875
1996-01-19,1.105
1996-01-22,1.135
1996-01-23,1.13
1996-01-24,1.15
1996-01-25,1.175
1996-01-26,1.225
1996-01-29,1.29
1996-01-30,1.25
1996-01-31,1.345
1996-02-01,1.325
1996-02-02,1.3
1996-02-05,1.27
1996-02-06,1.2575
1996-02-07,1.2475
1996-02-08,1.2975
1996-02-09,1.3175
1996-02-12,1.2725
1996-02-13,1.2825
1996-02-14,1.2825
1996-02-15,1.2975
1996-02-16,1.2975
1996-02-20,1.2825
1996-02-21,1.3025
1996-02-22,1.2975
1996-02-23,1.2325
1996-02-26,1.2125
1996-02-27,1.2175
1996-02-28,1.1975
1996-02-29,1.2275
1996-03-01,1.1775
1996-03-04,1.1875
1996-03-05,1.2113
1996-03-06,1.2025
1996-03-07,1.2025
1996-03-08,1.1925
1996-03-11,1.2025
1996-03-12,1.2325
1996-03-13,1.2225
1996-03-14,1.2525
1996-03-15,1.2525
1996-03-18,1.2775
1996-03-19,1.2575
1996-03-20,1.2475
1996-03-21,1.2725
1996-03-22,1.2725
1996-03-25,1.2675
1996-03-26,1.31
1996-03-27,1.295
1996-03-28,1.295
1996-03-29,1.235
1996-04-01,1.225
1996-04-02,1.24
1996-04-03,1.235
1996-04-04,1.235
1996-04-08,1.22
1996-04-09,1.23
1996-04-10,1.27
1996-04-11,1.255
1996-04-12,1.235
1996-04-15,1.235
1996-04-16,1.245
1996-04-17,1.265
1996-04-18,1.26
1996-04-19,1.275
1996-04-22,1.395
1996-04-23,1.355
1996-04-24,1.36
1996-04-25,1.34
1996-04-26,1.365
1996-04-29,1.32
1996-04-30,1.34
1996-05-01,1.37
1996-05-02,1.375
1996-05-03,1.375
1996-05-06,1.355
1996-05-07,1.37
1996-05-08,1.39
1996-05-09,1.375
1996-05-10,1.375
1996-05-13,1.365
1996-05-14,1.37
1996-05-15,1.37
1996-05-16,1.3925
1996-05-17,1.3925
1996-05-20,1.3675
1996-05-21,1.37
1996-05-22,1.33
1996-05-23,1.305
1996-05-24,1.305
1996-05-28,1.295
1996-05-29,1.3
1996-05-30,1.27
1996-05-31,1.27
1996-06-03,1.235
1996-06-04,1.245
1996-06-05,1.34
1996-06-06,1.335
1996-06-07,1.3725
1996-06-10,1.3975
1996-06-11,1.3925
1996-06-12,1.41
1996-06-13,1.41
1996-06-14,1.4
1996-06-17,1.42
1996-06-18,1.44
1996-06-19,1.42
1996-06-20,1.42
1996-06-21,1.41
1996-06-24,1.44
1996-06-25,1.435
1996-06-26,1.445
1996-06-27,1.4125
1996-06-28,1.4375
1996-07-01,1.43
1996-07-02,1.4
1996-07-03,1.385
1996-07-05,1.385
1996-07-08,1.405
1996-07-09,1.365
1996-07-10,1.365
1996-07-11,1.365
1996-07-12,1.325
1996-07-15,1.275
1996-07-16,1.24
1996-07-17,1.28
1996-07-18,1.31
1996-07-19,1.29
1996-07-22,1.25
1996-07-23,1.3125
1996-07-24,1.3125
1996-07-25,1.3
1996-07-26,1.31
1996-07-29,1.325
1996-07-30,1.325
1996-07-31,1.335
1996-08-01,1.335
1996-08-02,1.345
1996-08-05,1.345
1996-08-06,1.345
1996-08-07,1.345
1996-08-08,1.385
1996-08-09,1.37
1996-08-12,1.37
1996-08-13,1.42
1996-08-14,1.42
1996-08-15,1.42
1996-08-16,1.42
1996-08-19,1.42
1996-08-20,1.44
1996-08-21,1.46
1996-08-22,1.48
1996-08-23,1.49
1996-08-26,1.515
1996-08-27,1.465
1996-08-28,1.42
1996-08-29,1.425
1996-08-30,1.435
1996-09-03,1.385
1996-09-04,1.38
1996-09-05,1.37
1996-09-06,1.38
1996-09-09,1.365
1996-09-10,1.365
1996-09-11,1.32
1996-09-12,1.3
1996-09-13,1.295
1996-09-16,1.305
1996-09-17,1.31
1996-09-18,1.295
1996-09-19,1.285
1996-09-20,1.18
1996-09-23,1.18
1996-09-24,1.18
1996-09-25,1.18
1996-09-26,1.17
1996-09-27,1.155
1996-09-30,1.12
1996-10-01,1.12
1996-10-02,1.12
1996-10-03,1.14
1996-10-04,1.165
1996-10-07,1.195
1996-10-08,1.195
1996-10-09,1.195
1996-10-10,1.215
1996-10-11,1.23
1996-10-14,1.22
1996-10-15,1.21
1996-10-16,1.195
1996-10-17,1.17
1996-10-18,1.16
1996-10-21,1.19
1996-10-22,1.25
1996-10-23,1.27
1996-10-24,1.25
1996-10-25,1.25
1996-10-28,1.28
1996-10-29,1.25
1996-10-30,1.28
1996-10-31,1.26
1996-11-01,1.26
1996-11-04,1.26
1996-11-05,1.27
1996-11-06,1.32
1996-11-07,1.35
1996-11-08,1.34
1996-11-11,1.28
1996-11-12,1.26
1996-11-13,1.27
1996-11-14,1.28
1996-11-15,1.3
1996-11-18,1.28
1996-11-19,1.305
1996-11-20,1.29
1996-11-21,1.25
1996-11-22,1.25
1996-11-25,1.23
1996-11-26,1.23
1996-11-27,1.23
1996-11-29,1.23
1996-12-02,1.23
1996-12-03,1.23
1996-12-04,1.23
1996-12-05,1.23
1996-12-06,1.23
1996-12-09,1.25
1996-12-10,1.27
1996-12-11,1.27
1996-12-12,1.29
1996-12-13,1.305
1996-12-16,1.305
1996-12-17,1.305
1996-12-18,1.325
1996-12-19,1.31
1996-12-20,1.33
1996-12-23,1.34
1996-12-24,1.35
1996-12-26,1.35
1996-12-27,1.36
1996-12-30,1.36
1996-12-31,1.36
1997-01-02,1.36
1997-01-03,1.36
1997-01-06,1.34
1997-01-07,1.39
1997-01-08,1.37
1997-01-09,1.37
1997-01-10,1.37
1997-01-13,1.36
1997-01-14,1.4
1997-01-15,1.4
1997-01-16,1.4
1997-01-17,1.41
1997-01-20,1.46
1997-01-21,1.46
1997-01-22,1.515
1997-01-23,1.565
1997-01-24,1.535
1997-01-27,1.535
1997-01-28,1.565
1997-01-29,1.615
1997-01-30,1.575
1997-01-31,1.565
1997-02-03,1.625
1997-02-04,1.645
1997-02-05,1.615
1997-02-06,1.675
1997-02-07,1.675
1997-02-10,1.725
1997-02-11,1.785
1997-02-12,1.865
1997-02-13,1.93
1997-02-14,1.91
1997-02-18,1.81
1997-02-19,1.88
1997-02-20,1.88
1997-02-21,1.835
1997-02-24,1.835
1997-02-25,1.85
1997-02-26,1.95
1997-02-27,1.93
1997-02-28,1.99
1997-03-03,2.075
1997-03-04,2.18
1997-03-05,2.36
1997-03-06,2.29
1997-03-07,2.25
1997-03-10,2.35
1997-03-11,2.39
1997-03-12,2.32
1997-03-13,2.18
1997-03-14,2.23
1997-03-17,2.05
1997-03-18,2.05
1997-03-19,2.05
1997-03-20,2.06
1997-03-21,2.025
1997-03-24,1.995
1997-03-25,2.16
1997-03-26,2.235
1997-03-27,2.265
1997-03-31,2.28
1997-04-01,2.31
1997-04-02,2.3
1997-04-03,2.15
1997-04-04,2.165
1997-04-07,2.165
1997-04-08,2.165
1997-04-09,2.275
1997-04-10,2.285
1997-04-11,2.265
1997-04-14,2.335
1997-04-15,2.3
1997-04-16,2.425
1997-04-17,2.445
1997-04-18,2.515
1997-04-21,2.5
1997-04-22,2.44
1997-04-23,2.49
1997-04-24,2.54
1997-04-25,2.3
1997-04-28,2.33
1997-04-29,2.355
1997-04-30,2.47
1997-05-01,2.65
1997-05-02,2.58
1997-05-05,2.6
1997-05-06,2.55
1997-05-07,2.535
1997-05-08,2.585
1997-05-09,2.595
1997-05-12,2.715
1997-05-13,2.825
1997-05-14,2.825
1997-05-15,2.975
1997-05-16,2.975
1997-05-19,2.905
1997-05-20,2.845
1997-05-21,2.995
1997-05-22,3.065
1997-05-23,3.03
1997-05-27,3.2
1997-05-28,3.4
1997-05-29,3.59
1997-05-30,3.205
1997-06-02,2.98
1997-06-03,3.08
1997-06-04,2.955
1997-06-05,2.755
1997-06-06,2.825
1997-06-09,2.985
1997-06-10,2.635
1997-06-11,2.535
1997-06-12,2.535
1997-06-13,2.435
1997-06-16,2.435
1997-06-17,2.525
1997-06-18,2.375
1997-06-19,2.435
1997-06-20,2.3
1997-06-23,2.26
1997-06-24,2.26
1997-06-25,2.31
1997-06-26,2.17
1997-06-27,2.2
1997-06-30,2.15
1997-07-01,2.18
1997-07-02,2.15
1997-07-03,2.11
1997-07-07,2.085
1997-07-08,2.145
1997-07-09,2.205
1997-07-10,2.055
1997-07-11,2.085
1997-07-14,1.985
1997-07-15,1.945
1997-07-16,1.985
1997-07-17,1.985
1997-07-18,2.025
1997-07-21,1.975
1997-07-22,2.075
1997-07-23,2.1
1997-07-24,2.09
1997-07-25,2.05
1997-07-28,2.17
1997-07-29,2.17
1997-07-30,2.13
1997-07-31,2.115
1997-08-01,2.115
1997-08-04,2.2
1997-08-05,2.29
1997-08-06,2.26
1997-08-07,2.34
1997-08-08,2.31
1997-08-11,2.25
1997-08-12,2.14
1997-08-13,2.09
1997-08-14,2.1
1997-08-15,2.04
1997-08-18,2.06
1997-08-19,2.13
1997-08-20,1.95
1997-08-21,2.01
1997-08-22,1.99
1997-08-25,2.005
1997-08-26,2.055
1997-08-27,2.115
1997-08-28,2.145
1997-08-29,2.19
1997-09-02,2.24
1997-09-03,2.28
1997-09-04,2.33
1997-09-05,2.27
1997-09-08,2.26
1997-09-09,2.22
1997-09-10,2.22
1997-09-11,2.27
1997-09-12,2.12
1997-09-15,2.12
1997-09-16,2.07
1997-09-17,2.13
1997-09-18,2.09
1997-09-19,2.14
1997-09-22,2.1
1997-09-23,2.1
1997-09-24,2.1
1997-09-25,2.08
1997-09-26,1.8
1997-09-29,1.75
1997-09-30,1.77
1997-10-01,1.77
1997-10-02,1.76
1997-10-03,1.76
1997-10-06,1.84
1997-10-07,1.76
1997-10-08,1.79
1997-10-09,1.76
1997-10-10,1.78
1997-10-13,1.78
1997-10-14,1.765
1997-10-15,1.765
1997-10-16,1.675
1997-10-17,1.605
1997-10-20,1.58
1997-10-21,1.58
1997-10-22,1.58
1997-10-23,1.6
1997-10-24,1.58
1997-10-27,1.58
1997-10-28,1.55
1997-10-29,1.55
1997-10-30,1.52
1997-10-31,1.52
1997-11-03,1.475
1997-11-04,1.475
1997-11-05,1.565
1997-11-06,1.495
1997-11-07,1.535
1997-11-10,1.605
1997-11-11,1.605
1997-11-12,1.615
1997-11-13,1.655
1997-11-14,1.655
1997-11-17,1.605
1997-11-18,1.635
1997-11-19,1.65
1997-11-20,1.605
1997-11-21,1.605
1997-11-24,1.625
1997-11-25,1.6
1997-11-26,1.635
1997-11-28,1.635
1997-12-01,1.715
1997-12-02,1.775
1997-12-03,1.765
1997-12-04,1.79
1997-12-05,1.83
1997-12-08,1.83
1997-12-09,1.91
1997-12-10,1.91
1997-12-11,1.86
1997-12-12,1.87
1997-12-15,1.92
1997-12-16,1.74
1997-12-17,1.68
1997-12-18,1.73
1997-12-19,1.65
1997-12-22,1.64
1997-12-23,1.69
1997-12-24,1.66
1997-12-26,1.66
1997-12-29,1.69
1997-12-30,1.705
1997-12-31,1.68
1998-01-02,1.68
1998-01-05,1.76
1998-01-06,1.66
1998-01-07,1.66
1998-01-08,1.72
1998-01-09,1.66
1998-01-12,1.635
1998-01-13,1.685
1998-01-14,1.685
1998-01-15,1.72
1998-01-16,1.71
1998-01-20,1.82
1998-01-21,1.82
1998-01-22,1.82
1998-01-23,1.85
1998-01-26,1.795
1998-01-27,1.77
1998-01-28,1.87
1998-01-29,1.885
1998-01-30,1.865
1998-02-02,1.9
1998-02-03,1.885
1998-02-04,1.915
1998-02-05,1.935
1998-02-06,1.895
1998-02-09,1.855
1998-02-10,1.805
1998-02-11,1.795
1998-02-12,1.81
1998-02-13,1.8
1998-02-17,1.78
1998-02-18,1.845
1998-02-19,1.885
1998-02-20,1.885
1998-02-23,1.915
1998-02-24,1.855
1998-02-25,1.865
1998-02-26,1.82
1998-02-27,1.78
1998-03-02,1.74
1998-03-03,1.68
1998-03-04,1.68
1998-03-05,1.64
1998-03-06,1.625
1998-03-09,1.6575
1998-03-10,1.6475
1998-03-11,1.6775
1998-03-12,1.6325
1998-03-13,1.6225
1998-03-16,1.6575
1998-03-17,1.61
1998-03-18,1.58
1998-03-19,1.545
1998-03-20,1.59
1998-03-23,1.6
1998-03-24,1.585
1998-03-25,1.555
1998-03-26,1.585
1998-03-27,1.585
1998-03-30,1.585
1998-03-31,1.585
1998-04-01,1.555
1998-04-02,1.555
1998-04-03,1.515
1998-04-06,1.525
1998-04-07,1.56
1998-04-08,1.585
1998-04-09,1.605
1998-04-13,1.675
1998-04-14,1.675
1998-04-15,1.65
1998-04-16,1.64
1998-04-17,1.64
1998-04-20,1.64
1998-04-21,1.61
1998-04-22,1.61
1998-04-23,1.51
1998-04-24,1.49
1998-04-27,1.49
1998-04-28,1.5
1998-04-29,1.49
1998-04-30,1.49
1998-05-01,1.44
1998-05-04,1.44
1998-05-05,1.49
1998-05-06,1.44
1998-05-07,1.44
1998-05-08,1.44
1998-05-11,1.44
1998-05-12,1.42
1998-05-13,1.4
1998-05-14,1.43
1998-05-15,1.4
1998-05-18,1.425
1998-05-19,1.445
1998-05-20,1.445
1998-05-21,1.435
1998-05-22,1.455
1998-05-26,1.405
1998-05-27,1.405
1998-05-28,1.43
1998-05-29,1.43
1998-06-01,1.41
1998-06-02,1.41
1998-06-03,1.41
1998-06-04,1.41
1998-06-05,1.41
1998-06-08,1.36
1998-06-09,1.38
1998-06-10,1.39
1998-06-11,1.32
1998-06-12,1.3
1998-06-15,1.28
1998-06-16,1.25
1998-06-17,1.26
1998-06-18,1.26
1998-06-19,1.22
1998-06-22,1.21
1998-06-23,1.21
1998-06-24,1.2
1998-06-25,1.225
1998-06-26,1.2
1998-06-29,1.19
1998-06-30,1.18
1998-07-01,1.19
1998-07-02,1.17
1998-07-06,1.185
1998-07-07,1.185
1998-07-08,1.205
1998-07-09,1.19
1998-07-10,1.175
1998-07-13,1.145
1998-07-14,1.155
1998-07-15,1.155
1998-07-16,1.155
1998-07-17,1.155
1998-07-20,1.165
1998-07-21,1.165
1998-07-22,1.235
1998-07-23,1.225
1998-07-24,1.205
1998-07-27,1.205
1998-07-28,1.245
1998-07-29,1.245
1998-07-30,1.295
1998-07-31,1.355
1998-08-03,1.37
1998-08-04,1.35
1998-08-05,1.365
1998-08-06,1.375
1998-08-07,1.39
1998-08-10,1.38
1998-08-11,1.33
1998-08-12,1.3
1998-08-13,1.3
1998-08-14,1.25
1998-08-17,1.24
1998-08-18,1.2
1998-08-19,1.215
1998-08-20,1.175
1998-08-21,1.175
1998-08-24,1.195
1998-08-25,1.255
1998-08-26,1.225
1998-08-27,1.235
1998-08-28,1.255
1998-08-31,1.23
1998-09-01,1.205
1998-09-02,1.205
1998-09-03,1.195
1998-09-04,1.2
1998-09-08,1.23
1998-09-09,1.205
1998-09-10,1.15
1998-09-11,1.1
1998-09-14,1.075
1998-09-15,1.105
1998-09-16,1.105
1998-09-17,1.075
1998-09-18,1.065
1998-09-21,1.075
1998-09-22,1.085
1998-09-23,1.085
1998-09-24,1.095
1998-09-25,1.105
1998-09-28,1.14
1998-09-29,1.11
1998-09-30,1.105
1998-10-01,1.08
1998-10-02,1.085
1998-10-05,1.085
1998-10-06,1.1
1998-10-07,1.12
1998-10-08,1.16
1998-10-09,1.13
1998-10-12,1.08
1998-10-13,1.08
1998-10-14,1.08
1998-10-15,1.1
1998-10-16,1.1
1998-10-19,1.12
1998-10-20,1.09
1998-10-21,1.105
1998-10-22,1.12
1998-10-23,1.12
1998-10-26,1.155
1998-10-27,1.105
1998-10-28,1.115
1998-10-29,1.125
1998-10-30,1.15
1998-11-02,1.25
1998-11-03,1.35
1998-11-04,1.3
1998-11-05,1.3
1998-11-06,1.29
1998-11-09,1.265
1998-11-10,1.245
1998-11-11,1.235
1998-11-12,1.215
1998-11-13,1.205
1998-11-16,1.22
1998-11-17,1.21
1998-11-18,1.19
1998-11-19,1.19
1998-11-20,1.19
1998-11-23,1.165
1998-11-24,1.175
1998-11-25,1.19
1998-11-27,1.19
1998-11-30,1.12
1998-12-01,1.11
1998-12-02,1.125
1998-12-03,1.145
1998-12-04,1.13
1998-12-07,1.14
1998-12-08,1.14
1998-12-09,1.14
1998-12-10,1.18
1998-12-11,1.17
1998-12-14,1.2
1998-12-15,1.23
1998-12-16,1.22
1998-12-17,1.205
1998-12-18,1.205
1998-12-21,1.175
1998-12-22,1.185
1998-12-23,1.2
1998-12-24,1.2
1998-12-28,1.15
1998-12-29,1.17
1998-12-30,1.17
1998-12-31,1.17
1999-01-04,1.22
1999-01-05,1.185
1999-01-06,1.17
1999-01-07,1.18
1999-01-08,1.19
1999-01-11,1.19
1999-01-12,1.16
1999-01-13,1.18
1999-01-14,1.16
1999-01-15,1.13
1999-01-19,1.04
1999-01-20,1.04
1999-01-21,1.04
1999-01-22,1.035
1999-01-25,1.035
1999-01-26,1.045
1999-01-27,1.015
1999-01-28,1.015
1999-01-29,1.015
1999-02-01,1.03
1999-02-02,1.04
1999-02-03,1.03
1999-02-04,1.015
1999-02-05,1.02
1999-02-08,1.025
1999-02-09,1.015
1999-02-10,1.015
1999-02-11,1.045
1999-02-12,1.035
1999-02-16,0.985
1999-02-17,1.005
1999-02-18,1.015
1999-02-19,1.015
1999-02-22,1.005
1999-02-23,1.035
1999-02-24,1.035
1999-02-25,1.005
1999-02-26,0.995
1999-03-01,0.995
1999-03-02,1.005
1999-03-03,0.975
1999-03-04,1.005
1999-03-05,1.035
1999-03-08,1.015
1999-03-09,1.035
1999-03-10,1.035
1999-03-11,1.045
1999-03-12,1.03
1999-03-15,1.015
1999-03-16,1.035
1999-03-17,1.055
1999-03-18,1.005
1999-03-19,1.0
1999-03-22,1.0
1999-03-23,1.0
1999-03-24,1.01
1999-03-25,1.035
1999-03-26,1.085
1999-03-29,1.12
1999-03-30,1.11
1999-03-31,1.085
1999-04-01,1.085
1999-04-05,1.055
1999-04-06,1.055
1999-04-07,1.025
1999-04-08,0.98
1999-04-09,0.99
1999-04-12,0.975
1999-04-13,0.975
1999-04-14,0.985
1999-04-15,0.985
1999-04-16,0.995
1999-04-19,1.02
1999-04-20,1.0
1999-04-21,1.0
1999-04-22,0.975
1999-04-23,0.98
1999-04-26,1.0
1999-04-27,1.01
1999-04-28,1.01
1999-04-29,1.05
1999-04-30,1.05
1999-05-03,1.04
1999-05-04,1.03
1999-05-05,1.05
1999-05-06,1.05
1999-05-07,1.05
1999-05-10,1.075
1999-05-11,1.095
1999-05-12,1.085
1999-05-13,1.06
1999-05-14,1.1
1999-05-17,1.12
1999-05-18,1.19
1999-05-19,1.25
1999-05-20,1.22
1999-05-21,1.2
1999-05-24,1.2
1999-05-25,1.2
1999-05-26,1.27
1999-05-27,1.24
1999-05-28,1.225
1999-06-01,1.225
1999-06-02,1.235
1999-06-03,1.25
1999-06-04,1.22
1999-06-07,1.14
1999-06-08,1.075
1999-06-09,1.075
1999-06-10,1.075
1999-06-11,1.075
1999-06-14,1.06
1999-06-15,1.06
1999-06-16,1.075
1999-06-17,1.075
1999-06-18,1.08
1999-06-21,1.055
1999-06-22,1.075
1999-06-23,1.065
1999-06-24,1.04
1999-06-25,1.01
1999-06-28,1.0
1999-06-29,1.015
1999-06-30,1.015
1999-07-01,1.015
1999-07-02,0.99
1999-07-06,0.93
1999-07-07,0.95
1999-07-08,0.97
1999-07-09,0.98
1999-07-12,0.94
1999-07-13,0.96
1999-07-14,0.98
1999-07-15,0.96
1999-07-16,0.95
1999-07-19,0.97
1999-07-20,0.97
1999-07-21,0.97
1999-07-22,1.0
1999-07-23,0.97
1999-07-26,0.98
1999-07-27,0.99
1999-07-28,0.975
1999-07-29,0.965
1999-07-30,0.925
1999-08-02,0.95
1999-08-03,0.95
1999-08-04,0.95
1999-08-05,0.95
1999-08-06,0.9375
1999-08-09,0.9525
1999-08-10,0.9525
1999-08-11,0.9825
1999-08-12,0.9525
1999-08-13,1.0025
1999-08-16,0.9125
1999-08-17,0.9225
1999-08-18,0.9225
1999-08-19,0.9125
1999-08-20,0.9125
1999-08-23,0.9225
1999-08-24,0.9175
1999-08-25,0.9175
1999-08-26,0.9025
1999-08-27,0.9025
1999-08-30,0.8725
1999-08-31,0.8875
1999-09-01,0.9375
1999-09-02,0.9375
1999-09-03,0.9175
1999-09-07,0.8975
1999-09-08,0.9075
1999-09-09,0.8675
1999-09-10,0.8475
1999-09-13,0.8475
1999-09-14,0.8525
1999-09-15,0.8375
1999-09-16,0.8375
1999-09-17,0.8375
1999-09-20,0.8325
1999-09-21,0.8225
1999-09-22,0.8125
1999-09-23,0.8275
1999-09-24,0.8275
1999-09-27,0.8375
1999-09-28,0.8375
1999-09-29,0.8575
1999-09-30,0.8175
1999-10-01,0.8075
1999-10-04,0.8225
1999-10-05,0.8525
1999-10-06,0.8525
1999-10-07,0.8525
1999-10-08,0.8525
1999-10-11,0.9125
1999-10-12,0.9675
1999-10-13,1.1975
1999-10-14,1.0725
1999-10-15,1.0875
1999-10-18,0.9575
1999-10-19,0.9775
1999-10-20,0.9525
1999-10-21,0.9025
1999-10-22,0.9225
1999-10-25,1.0
1999-10-26,0.955
1999-10-27,0.955
1999-10-28,0.965
1999-10-29,1.0
1999-11-01,1.1
1999-11-02,1.035
1999-11-03,1.045
1999-11-04,1.055
1999-11-05,1.045
1999-11-08,1.105
1999-11-09,1.13
1999-11-10,1.115
1999-11-11,1.165
1999-11-12,1.225
1999-11-15,1.285
1999-11-16,1.255
1999-11-17,1.255
1999-11-18,1.125
1999-11-19,1.1
1999-11-22,1.1
1999-11-23,1.07
1999-11-24,1.06
1999-11-26,1.06
1999-11-29,1.135
1999-11-30,1.32
1999-12-01,1.28
1999-12-02,1.33
1999-12-03,1.41
1999-12-06,1.31
1999-12-07,1.31
1999-12-08,1.26
1999-12-09,1.25
1999-12-10,1.295
1999-12-13,1.27
1999-12-14,1.26
1999-12-15,1.32
1999-12-16,1.345
1999-12-17,1.36
1999-12-20,1.39
1999-12-21,1.245
1999-12-22,1.215
1999-12-23,1.215
1999-12-27,1.225
1999-12-28,1.195
1999-12-29,1.205
1999-12-30,1.255
1999-12-31,1.255
2000-01-03,1.165
2000-01-04,1.165
2000-01-05,1.19
2000-01-06,1.17
2000-01-07,1.16
2000-01-10,1.195
2000-01-11,1.2
2000-01-12,1.22
2000-01-13,1.22
2000-01-14,1.16
2000-01-18,1.19
2000-01-19,1.2
2000-01-20,1.18
2000-01-21,1.18
2000-01-24,1.19
2000-01-25,1.2
2000-01-26,1.225
2000-01-27,1.225
2000-01-28,1.225
2000-01-31,1.185
2000-02-01,1.195
2000-02-02,1.2
2000-02-03,1.205
2000-02-04,1.205
2000-02-07,1.195
2000-02-08,1.165
2000-02-09,1.155
2000-02-10,1.165
2000-02-11,1.165
2000-02-14,1.125
2000-02-15,1.135
2000-02-16,1.125
2000-02-17,1.125
2000-02-18,1.125
2000-02-22,1.115
2000-02-23,1.115
2000-02-24,1.095
2000-02-25,1.055
2000-02-28,1.085
2000-02-29,1.06
2000-03-01,1.075
2000-03-02,1.115
2000-03-03,1.115
2000-03-06,1.13
2000-03-07,1.15
2000-03-08,1.14
2000-03-09,1.14
2000-03-10,1.13
2000-03-13,1.13
2000-03-14,1.09
2000-03-15,1.09
2000-03-16,1.13
2000-03-17,1.125
2000-03-20,1.09
2000-03-21,1.1
2000-03-22,1.11
2000-03-23,1.07
2000-03-24,1.08
2000-03-27,1.08
2000-03-28,1.065
2000-03-29,1.065
2000-03-30,1.06
2000-03-31,1.06
2000-04-03,1.045
2000-04-04,1.025
2000-04-05,1.045
2000-04-06,1.035
2000-04-07,1.02
2000-04-10,0.99
2000-04-11,0.99
2000-04-12,0.965
2000-04-13,0.97
2000-04-14,0.95
2000-04-17,0.95
2000-04-18,0.97
2000-04-19,0.985
2000-04-20,1.005
2000-04-24,0.965
2000-04-25,0.975
2000-04-26,0.965
2000-04-27,0.965
2000-04-28,0.97
2000-05-01,1.025
2000-05-02,1.015
2000-05-03,0.965
2000-05-04,0.995
2000-05-05,0.995
2000-05-08,0.995
2000-05-09,0.995
2000-05-10,0.995
2000-05-11,0.98
2000-05-12,0.94
2000-05-15,0.94
2000-05-16,0.95
2000-05-17,0.94
2000-05-18,0.94
2000-05-19,0.975
2000-05-22,1.025
2000-05-23,1.025
2000-05-24,1.005
2000-05-25,1.005
2000-05-26,1.005
2000-05-30,1.0175
2000-05-31,0.9475
2000-06-01,0.945
2000-06-02,0.955
2000-06-05,0.935
2000-06-06,0.895
2000-06-07,0.92
2000-06-08,0.93
2000-06-09,0.9225
2000-06-12,0.9225
2000-06-13,0.9225
2000-06-14,0.9125
2000-06-15,0.8925
2000-06-16,0.8825
2000-06-19,0.8825
2000-06-20,0.8825
2000-06-21,0.8525
2000-06-22,0.8725
2000-06-23,0.8975
2000-06-26,0.8975
2000-06-27,0.9075
2000-06-28,0.8975
2000-06-29,0.8875
2000-06-30,0.8675
2000-07-03,0.8675
2000-07-05,0.885
2000-07-06,0.855
2000-07-07,0.835
2000-07-10,0.865
2000-07-11,0.92
2000-07-12,0.92
2000-07-13,1.02
2000-07-14,0.91
2000-07-17,1.01
2000-07-18,1.19
2000-07-19,1.115
2000-07-20,0.965
2000-07-21,0.955
2000-07-24,0.855
2000-07-25,0.845
2000-07-26,0.8625
2000-07-27,0.8525
2000-07-28,0.8625
2000-07-31,0.8525
2000-08-01,0.8525
2000-08-02,0.8525
2000-08-03,0.8475
2000-08-04,0.8475
2000-08-07,0.8475
2000-08-08,0.8325
2000-08-09,0.7925
2000-08-10,0.7925
2000-08-11,0.8025
2000-08-14,0.7825
2000-08-15,0.7825
2000-08-16,0.7825
2000-08-17,0.7825
2000-08-18,0.7825
2000-08-21,0.7775
2000-08-22,0.7775
2000-08-23,0.7575
2000-08-24,0.7825
2000-08-25,0.7825
2000-08-28,0.7825
2000-08-29,0.7825
2000-08-30,0.7775
2000-08-31,0.7775
2000-09-01,0.7775
2000-09-05,0.7575
2000-09-06,0.7775
2000-09-07,0.8025
2000-09-08,0.81
2000-09-11,0.81
2000-09-12,0.83
2000-09-13,0.84
2000-09-14,0.815
2000-09-15,0.8052
2000-09-18,0.815
2000-09-19,0.815
2000-09-20,0.815
2000-09-21,0.805
2000-09-22,0.805
2000-09-25,0.82
2000-09-26,0.85
2000-09-27,0.82
2000-09-28,0.83
2000-09-29,0.86
2000-10-02,0.81
2000-10-03,0.81
2000-10-04,0.81
2000-10-05,0.81
2000-10-06,0.81
2000-10-09,0.81
2000-10-10,0.82
2000-10-11,0.845
2000-10-12,0.825
2000-10-13,0.825
2000-10-16,0.865
2000-10-17,0.895
2000-10-18,0.895
2000-10-19,0.88
2000-10-20,0.83
2000-10-23,0.78
2000-10-24,0.78
2000-10-25,0.765
2000-10-26,0.745
2000-10-27,0.745
2000-10-30,0.735
2000-10-31,0.745
2000-11-01,0.745
2000-11-02,0.745
2000-11-03,0.74
2000-11-06,0.75
2000-11-07,0.75
2000-11-08,0.76
2000-11-09,0.745
2000-11-10,0.745
2000-11-13,0.715
2000-11-14,0.715
2000-11-15,0.705
2000-11-16,0.69
2000-11-17,0.69
2000-11-20,0.71
2000-11-21,0.69
2000-11-22,0.685
2000-11-24,0.685
2000-11-27,0.685
2000-11-28,0.72
2000-11-29,0.725
2000-11-30,0.7
2000-12-01,0.7
2000-12-04,0.7
2000-12-05,0.69
2000-12-06,0.69
2000-12-07,0.69
2000-12-08,0.66
2000-12-11,0.66
2000-12-12,0.66
2000-12-13,0.66
2000-12-14,0.635
2000-12-15,0.645
2000-12-18,0.65
2000-12-19,0.65
2000-12-20,0.65
2000-12-21,0.66
2000-12-22,0.66
2000-12-26,0.68
2000-12-27,0.67
2000-12-28,0.68
2000-12-29,0.665
2001-01-02,0.62
2001-01-03,0.62
2001-01-04,0.62
2001-01-05,0.62
2001-01-08,0.615
2001-01-09,0.615
2001-01-10,0.615
2001-01-11,0.615
2001-01-12,0.63
2001-01-16,0.655
2001-01-17,0.685
2001-01-18,0.65
2001-01-19,0.665
2001-01-22,0.72
2001-01-23,0.705
2001-01-24,0.705
2001-01-25,0.68
2001-01-26,0.67
2001-01-29,0.655
2001-01-30,0.645
2001-01-31,0.645
2001-02-01,0.655
2001-02-02,0.645
2001-02-05,0.645
2001-02-06,0.64
2001-02-07,0.635
2001-02-08,0.635
2001-02-09,0.645
2001-02-12,0.645
2001-02-13,0.65
2001-02-14,0.65
2001-02-15,0.635
2001-02-16,0.615
2001-02-20,0.645
2001-02-21,0.64
2001-02-22,0.64
2001-02-23,0.66
2001-02-26,0.65
2001-02-27,0.655
2001-02-28,0.655
2001-03-01,0.645
2001-03-02,0.655
2001-03-05,0.655
2001-03-06,0.7
2001-03-07,0.71
2001-03-08,0.7
2001-03-09,0.7
2001-03-12,0.705
2001-03-13,0.695
2001-03-14,0.695
2001-03-15,0.675
2001-03-16,0.675
2001-03-19,0.68
2001-03-20,0.68
2001-03-21,0.675
2001-03-22,0.665
2001-03-23,0.665
2001-03-26,0.685
2001-03-27,0.675
2001-03-28,0.675
2001-03-29,0.675
2001-03-30,0.665
2001-04-02,0.655
2001-04-03,0.655
2001-04-04,0.66
2001-04-05,0.66
2001-04-06,0.65
2001-04-09,0.65
2001-04-10,0.65
2001-04-11,0.65
2001-04-12,0.65
2001-04-16,0.72
2001-04-17,0.72
2001-04-18,0.75
2001-04-19,0.74
2001-04-20,0.74
2001-04-23,0.8
2001-04-24,0.76
2001-04-25,0.75
2001-04-26,0.75
2001-04-27,0.78
2001-04-30,0.78
2001-05-01,0.81
2001-05-02,0.795
2001-05-03,0.81
2001-05-04,0.8
2001-05-07,0.825
2001-05-08,0.825
2001-05-09,0.815
2001-05-10,0.815
2001-05-11,0.805
2001-05-14,0.775
2001-05-15,0.775
2001-05-16,0.775
2001-05-17,0.775
2001-05-18,0.785
2001-05-21,0.77
2001-05-22,0.72
2001-05-23,0.705
2001-05-24,0.7
2001-05-25,0.67
2001-05-29,0.67
2001-05-30,0.665
2001-05-31,0.665
2001-06-01,0.675
2001-06-04,0.69
2001-06-05,0.69
2001-06-06,0.525
2001-06-07,0.5175
2001-06-08,0.5125
2001-06-11,0.5225
2001-06-12,0.515
2001-06-13,0.525
2001-06-14,0.525
2001-06-15,0.5375
2001-06-18,0.54
2001-06-19,0.5575
2001-06-20,0.5275
2001-06-21,0.505
2001-06-22,0.5275
2001-06-25,0.5125
2001-06-26,0.5025
2001-06-27,0.505
2001-06-28,0.5
2001-06-29,0.5025
2001-07-02,0.505
2001-07-03,0.49
2001-07-05,0.49
2001-07-06,0.48
2001-07-09,0.4775
2001-07-10,0.4725
2001-07-11,0.4675
2001-07-12,0.4675
2001-07-13,0.46
2001-07-16,0.4675
2001-07-17,0.4675
2001-07-18,0.4625
2001-07-19,0.47
2001-07-20,0.4625
2001-07-23,0.4575
2001-07-24,0.46
2001-07-25,0.4725
2001-07-26,0.4475
2001-07-27,0.4375
2001-07-30,0.4375
2001-07-31,0.4475
2001-08-01,0.4575
2001-08-02,0.46
2001-08-03,0.46
2001-08-06,0.46
2001-08-07,0.455
2001-08-08,0.4575
2001-08-09,0.455
2001-08-10,0.4575
2001-08-13,0.4425
2001-08-14,0.4525
2001-08-15,0.4525
2001-08-16,0.4525
2001-08-17,0.455
2001-08-20,0.5025
2001-08-21,0.465
2001-08-22,0.47
2001-08-23,0.475
2001-08-24,0.4875
2001-08-27,0.4875
2001-08-28,0.4775
2001-08-29,0.47
2001-08-30,0.4775
2001-08-31,0.4675
2001-09-04,0.4675
2001-09-05,0.4375
2001-09-06,0.4475
2001-09-07,0.45
2001-09-10,0.445
2001-09-11,0.445
2001-09-12,0.455
2001-09-13,0.455
2001-09-14,0.455
2001-09-17,0.455
2001-09-18,0.455
2001-09-19,0.455
2001-09-20,0.455
2001-09-21,0.455
2001-09-24,0.455
2001-09-25,0.41
2001-09-26,0.4075
2001-09-27,0.41
2001-09-28,0.41
2001-10-01,0.4025
2001-10-02,0.3975
2001-10-03,0.3875
2001-10-04,0.3825
2001-10-05,0.39
2001-10-08,0.3925
2001-10-09,0.385
2001-10-10,0.3775
2001-10-11,0.3875
2001-10-12,0.3875
2001-10-15,0.38
2001-10-16,0.37
2001-10-17,0.37
2001-10-18,0.3775
2001-10-19,0.385
2001-10-22,0.3675
2001-10-23,0.355
2001-10-24,0.3675
2001-10-25,0.365
2001-10-26,0.375
2001-10-29,0.375
2001-10-30,0.3675
2001-10-31,0.365
2001-11-01,0.365
2001-11-02,0.3825
2001-11-05,0.39
2001-11-06,0.4125
2001-11-07,0.43
2001-11-08,0.435
2001-11-09,0.425
2001-11-12,0.415
2001-11-13,0.415
2001-11-14,0.4175
2001-11-15,0.465
2001-11-16,0.4525
2001-11-19,0.4525
2001-11-20,0.435
2001-11-21,0.4375
2001-11-23,0.4375
2001-11-26,0.4375
2001-11-27,0.4375
2001-11-28,0.4025
2001-11-29,0.4282
2001-11-30,0.3975
2001-12-03,0.405
2001-12-04,0.405
2001-12-05,0.4025
2001-12-06,0.4075
2001-12-07,0.405
2001-12-10,0.415
2001-12-11,0.415
2001-12-12,0.425
2001-12-13,0.425
2001-12-14,0.43
2001-12-17,0.4225
2001-12-18,0.41
2001-12-19,0.4075
2001-12-20,0.4175
2001-12-21,0.44
2001-12-24,0.44
2001-12-26,0.44
2001-12-27,0.4125
2001-12-28,0.4125
2001-12-31,0.4125
2002-01-02,0.4125
2002-01-03,0.42
2002-01-04,0.4225
2002-01-07,0.4325
2002-01-08,0.4275
2002-01-09,0.43
2002-01-10,0.455
2002-01-11,0.4575
2002-01-14,0.44
2002-01-15,0.4525
2002-01-16,0.4475
2002-01-17,0.4375
2002-01-18,0.4325
2002-01-22,0.4325
2002-01-23,0.415
2002-01-24,0.4175
2002-01-25,0.415
2002-01-28,0.4075
2002-01-29,0.4
2002-01-30,0.4
2002-01-31,0.4
2002-02-01,0.4075
2002-02-04,0.4125
2002-02-05,0.4175
2002-02-06,0.425
2002-02-07,0.43
2002-02-08,0.43
2002-02-11,0.4325
2002-02-12,0.4175
2002-02-13,0.415
2002-02-14,0.4175
2002-02-15,0.42
2002-02-19,0.42
2002-02-20,0.4225
2002-02-21,0.4425
2002-02-22,0.46
2002-02-25,0.4525
2002-02-26,0.44
2002-02-27,0.43
2002-02-28,0.4175
2002-03-01,0.4225
2002-03-04,0.4325
2002-03-05,0.435
2002-03-06,0.4475
2002-03-07,0.4575
2002-03-08,0.4475
2002-03-11,0.46
2002-03-12,0.5
2002-03-13,0.5
2002-03-14,0.515
2002-03-15,0.5175
2002-03-18,0.5125
2002-03-19,0.4725
2002-03-20,0.4875
2002-03-21,0.515
2002-03-22,0.495
2002-03-25,0.4975
2002-03-26,0.5
2002-03-27,0.5025
2002-03-28,0.5125
2002-04-01,0.5125
2002-04-02,0.5375
2002-04-03,0.545
2002-04-04,0.5475
2002-04-05,0.52
2002-04-08,0.4975
2002-04-09,0.485
2002-04-10,0.505
2002-04-11,0.5025
2002-04-12,0.4925
2002-04-15,0.475
2002-04-16,0.48
2002-04-17,0.4875
2002-04-18,0.5025
2002-04-19,0.5275
2002-04-22,0.5025
2002-04-23,0.51
2002-04-24,0.515
2002-04-25,0.4975
2002-04-26,0.47
2002-04-29,0.4625
2002-04-30,0.445
2002-05-01,0.47
2002-05-02,0.4525
2002-05-03,0.4525
2002-05-06,0.4525
2002-05-07,0.4525
2002-05-08,0.455
2002-05-09,0.45
2002-05-10,0.4375
2002-05-13,0.44
2002-05-14,0.435
2002-05-15,0.44
2002-05-16,0.4425
2002-05-17,0.455
2002-05-20,0.455
2002-05-21,0.46
2002-05-22,0.47
2002-05-23,0.45
2002-05-24,0.4525
2002-05-28,0.4525
2002-05-29,0.4475
2002-05-30,0.46
2002-05-31,0.46
2002-06-03,0.46
2002-06-04,0.46
2002-06-05,0.45
2002-06-06,0.445
2002-06-07,0.4425
2002-06-10,0.4325
2002-06-11,0.435
2002-06-12,0.4325
2002-06-13,0.43
2002-06-14,0.4125
2002-06-17,0.405
2002-06-18,0.41
2002-06-19,0.405
2002-06-20,0.4075
2002-06-21,0.43
2002-06-24,0.4325
2002-06-25,0.4425
2002-06-26,0.4375
2002-06-27,0.43
2002-06-28,0.43
2002-07-01,0.43
2002-07-02,0.44
2002-07-03,0.46
2002-07-05,0.46
2002-07-08,0.4425
2002-07-09,0.4425
2002-07-10,0.45
2002-07-11,0.46
2002-07-12,0.4775
2002-07-15,0.4575
2002-07-16,0.4475
2002-07-17,0.4475
2002-07-18,0.4475
2002-07-19,0.425
2002-07-22,0.4225
2002-07-23,0.4225
2002-07-24,0.425
2002-07-25,0.415
2002-07-26,0.42
2002-07-29,0.42
2002-07-30,0.4125
2002-07-31,0.41
2002-08-01,0.4075
2002-08-02,0.4125
2002-08-05,0.4125
2002-08-06,0.41
2002-08-07,0.4075
2002-08-08,0.4075
2002-08-09,0.4125
2002-08-12,0.41
2002-08-13,0.415
2002-08-14,0.41
2002-08-15,0.41
2002-08-16,0.3925
2002-08-19,0.395
2002-08-20,0.3925
2002-08-21,0.395
2002-08-22,0.3925
2002-08-23,0.4
2002-08-26,0.4
2002-08-27,0.3925
2002-08-28,0.395
2002-08-29,0.415
2002-08-30,0.4125
2002-09-03,0.4125
2002-09-04,0.4425
2002-09-05,0.46
2002-09-06,0.46
2002-09-09,0.455
2002-09-10,0.49
2002-09-11,0.475
2002-09-12,0.46
2002-09-13,0.475
2002-09-16,0.4775
2002-09-17,0.4925
2002-09-18,0.48
2002-09-19,0.4625
2002-09-20,0.4425
2002-09-23,0.415
2002-09-24,0.4025
2002-09-25,0.4025
2002-09-26,0.4125
2002-09-27,0.4
2002-09-30,0.405
2002-10-01,0.3925
2002-10-02,0.41
2002-10-03,0.4125
2002-10-04,0.4025
2002-10-07,0.4
2002-10-08,0.4175
2002-10-09,0.42
2002-10-10,0.425
2002-10-11,0.41
2002-10-14,0.405
2002-10-15,0.46
2002-10-16,0.53
2002-10-17,0.5025
2002-10-18,0.495
2002-10-21,0.4575
2002-10-22,0.485
2002-10-23,0.4725
2002-10-24,0.4725
2002-10-25,0.4975
2002-10-28,0.505
2002-10-29,0.465
2002-10-30,0.4475
2002-10-31,0.445
2002-11-01,0.475
2002-11-04,0.455
2002-11-05,0.4725
2002-11-06,0.4725
2002-11-07,0.4725
2002-11-08,0.4725
2002-11-11,0.4875
2002-11-12,0.4725
2002-11-13,0.45
2002-11-14,0.4525
2002-11-15,0.455
2002-11-18,0.4775
2002-11-19,0.4775
2002-11-20,0.4925
2002-11-21,0.5125
2002-11-22,0.5125
2002-11-25,0.5175
2002-11-26,0.51
2002-11-27,0.515
2002-11-29,0.515
2002-12-02,0.515
2002-12-03,0.5375
2002-12-04,0.5225
2002-12-05,0.5125
2002-12-06,0.5225
2002-12-09,0.4875
2002-12-10,0.48
2002-12-11,0.475
2002-12-12,0.4375
2002-12-13,0.4225
2002-12-16,0.4175
2002-12-17,0.43
2002-12-18,0.44
2002-12-19,0.4425
2002-12-20,0.4325
2002-12-23,0.445
2002-12-24,0.445
2002-12-26,0.445
2002-12-27,0.445
2002-12-30,0.445
2002-12-31,0.445
2003-01-02,0.445
2003-01-03,0.45
2003-01-06,0.45
2003-01-07,0.4725
2003-01-08,0.475
2003-01-09,0.4675
2003-01-10,0.465
2003-01-13,0.4875
2003-01-14,0.485
2003-01-15,0.4825
2003-01-16,0.495
2003-01-17,0.4975
2003-01-21,0.4975
2003-01-22,0.5075
2003-01-23,0.525
2003-01-24,0.525
2003-01-27,0.52
2003-01-28,0.5025
2003-01-29,0.4975
2003-01-30,0.4925
2003-01-31,0.5
2003-02-03,0.5175
2003-02-04,0.5225
2003-02-05,0.5125
2003-02-06,0.505
2003-02-07,0.5175
2003-02-10,0.52
2003-02-11,0.53
2003-02-12,0.5225
2003-02-13,0.51
2003-02-14,0.4825
2003-02-18,0.4825
2003-02-19,0.4825
2003-02-20,0.4725
2003-02-21,0.48
2003-02-24,0.4725
2003-02-25,0.4575
2003-02-26,0.445
2003-02-27,0.4375
2003-02-28,0.4375
2003-03-03,0.4225
2003-03-04,0.4275
2003-03-05,0.4225
2003-03-06,0.435
2003-03-07,0.4375
2003-03-10,0.44
2003-03-11,0.445
2003-03-12,0.4275
2003-03-13,0.4225
2003-03-14,0.425
2003-03-17,0.4275
2003-03-18,0.405
2003-03-19,0.415
2003-03-20,0.4275
2003-03-21,0.445
2003-03-24,0.4525
2003-03-25,0.4375
2003-03-26,0.42
2003-03-27,0.42
2003-03-28,0.4175
2003-03-31,0.435
2003-04-01,0.4425
2003-04-02,0.45
2003-04-03,0.4675
2003-04-04,0.48
2003-04-07,0.4775
2003-04-08,0.49
2003-04-09,0.4825
2003-04-10,0.4775
2003-04-11,0.475
2003-04-14,0.475
2003-04-15,0.445
2003-04-16,0.46
2003-04-17,0.4675
2003-04-21,0.4675
2003-04-22,0.505
2003-04-23,0.515
2003-04-24,0.51
2003-04-25,0.5025
2003-04-28,0.5
2003-04-29,0.4925
2003-04-30,0.515
2003-05-01,0.545
2003-05-02,0.545
2003-05-05,0.545
2003-05-06,0.535
2003-05-07,0.5475
2003-05-08,0.54
2003-05-09,0.5425
2003-05-12,0.54
2003-05-13,0.54
2003-05-14,0.525
2003-05-15,0.51
2003-05-16,0.5025
2003-05-19,0.51
2003-05-20,0.5025
2003-05-21,0.5275
2003-05-22,0.5125
2003-05-23,0.5125
2003-05-27,0.5125
2003-05-28,0.4625
2003-05-29,0.455
2003-05-30,0.4425
2003-06-02,0.4325
2003-06-03,0.455
2003-06-04,0.4525
2003-06-05,0.45
2003-06-06,0.45
2003-06-09,0.4494
2003-06-10,0.4725
2003-06-11,0.4875
2003-06-12,0.4975
2003-06-13,0.5025
2003-06-16,0.4925
2003-06-17,0.4875
2003-06-18,0.485
2003-06-19,0.475
2003-06-20,0.4575
2003-06-23,0.4525
2003-06-24,0.455
2003-06-25,0.4675
2003-06-26,0.455
2003-06-27,0.455
2003-06-30,0.4775
2003-07-01,0.48
2003-07-02,0.48
2003-07-03,0.5075
2003-07-07,0.5075
2003-07-08,0.49
2003-07-09,0.495
2003-07-10,0.505
2003-07-11,0.4875
2003-07-14,0.49
2003-07-15,0.5
2003-07-16,0.4975
2003-07-17,0.5
2003-07-18,0.5075
2003-07-21,0.5075
2003-07-22,0.505
2003-07-23,0.4725
2003-07-24,0.4763
2003-07-25,0.4746
2003-07-28,0.4746
2003-07-29,0.5025
2003-07-30,0.52
2003-07-31,0.5175
2003-08-01,0.525
2003-08-04,0.54
2003-08-05,0.54
2003-08-06,0.5225
2003-08-07,0.53
2003-08-08,0.5375
2003-08-11,0.53
2003-08-12,0.5175
2003-08-13,0.53
2003-08-14,0.54
2003-08-15,0.54
2003-08-18,0.525
2003-08-19,0.515
2003-08-20,0.5175
2003-08-21,0.5175
2003-08-22,0.535
2003-08-25,0.535
2003-08-26,0.53
2003-08-27,0.53
2003-08-28,0.52
2003-08-29,0.53
2003-09-02,0.53
2003-09-03,0.535
2003-09-04,0.53
2003-09-05,0.545
2003-09-08,0.545
2003-09-09,0.59
2003-09-10,0.6
2003-09-11,0.6
2003-09-12,0.6125
2003-09-15,0.595
2003-09-16,0.55
2003-09-17,0.5175
2003-09-18,0.53
2003-09-19,0.5175
2003-09-22,0.5225
2003-09-23,0.54
2003-09-24,0.535
2003-09-25,0.555
2003-09-26,0.5525
2003-09-29,0.5375
2003-09-30,0.5425
2003-10-01,0.5375
2003-10-02,0.56
2003-10-03,0.5525
2003-10-06,0.5575
2003-10-07,0.54
2003-10-08,0.54
2003-10-09,0.5325
2003-10-10,0.5275
2003-10-13,0.5175
2003-10-14,0.51
2003-10-15,0.5185
2003-10-16,0.52
2003-10-17,0.525
2003-10-20,0.515
2003-10-21,0.525
2003-10-22,0.535
2003-10-23,0.5225
2003-10-24,0.535
2003-10-27,0.54
2003-10-28,0.5575
2003-10-29,0.5625
2003-10-30,0.5525
2003-10-31,0.535
2003-11-03,0.5225
2003-11-04,0.525
2003-11-05,0.54
2003-11-06,0.54
2003-11-07,0.5425
2003-11-10,0.55
2003-11-11,0.544
2003-11-12,0.5475
2003-11-13,0.545
2003-11-14,0.555
2003-11-17,0.55
2003-11-18,0.55
2003-11-19,0.5525
2003-11-20,0.5525
2003-11-21,0.5325
2003-11-24,0.525
2003-11-25,0.53
2003-11-26,0.53
2003-11-28,0.53
2003-12-01,0.53
2003-12-02,0.5525
2003-12-03,0.575
2003-12-04,0.5775
2003-12-05,0.565
2003-12-08,0.5725
2003-12-09,0.5875
2003-12-10,0.585
2003-12-11,0.5825
2003-12-12,0.5725
2003-12-15,0.5775
2003-12-16,0.5475
2003-12-17,0.55
2003-12-18,0.5625
2003-12-19,0.56
2003-12-22,0.57
2003-12-23,0.57
2003-12-24,0.57
2003-12-26,0.57
2003-12-29,0.57
2003-12-30,0.57
2003-12-31,0.57
2004-01-02,0.57
2004-01-05,0.57
2004-01-06,0.6075
2004-01-07,0.6075
2004-01-08,0.6075
2004-01-09,0.6025
2004-01-12,0.605
2004-01-13,0.6225
2004-01-14,0.615
2004-01-15,0.605
2004-01-16,0.6075
2004-01-20,0.6075
2004-01-21,0.665
2004-01-22,0.66
2004-01-23,0.675
2004-01-26,0.6675
2004-01-27,0.695
2004-01-28,0.7075
2004-01-29,0.6875
2004-01-30,0.67
2004-02-02,0.67
2004-02-03,0.675
2004-02-04,0.68
2004-02-05,0.6625
2004-02-06,0.6625
2004-02-09,0.6525
2004-02-10,0.65
2004-02-11,0.6775
2004-02-12,0.6775
2004-02-13,0.685
2004-02-17,0.685
2004-02-18,0.675
2004-02-19,0.635
2004-02-20,0.635
2004-02-23,0.63
2004-02-24,0.625
2004-02-25,0.6575
2004-02-26,0.6525
2004-02-27,0.6725
2004-03-01,0.675
2004-03-02,0.6675
2004-03-03,0.66
2004-03-04,0.6425
2004-03-05,0.6525
2004-03-08,0.6575
2004-03-09,0.66
2004-03-10,0.645
2004-03-11,0.655
2004-03-12,0.6725
2004-03-15,0.6675
2004-03-16,0.68
2004-03-17,0.685
2004-03-18,0.675
2004-03-19,0.67
2004-03-22,0.6725
2004-03-23,0.6775
2004-03-24,0.67
2004-03-25,0.6575
2004-03-26,0.62
2004-03-29,0.6275
2004-03-30,0.635
2004-03-31,0.64
2004-04-01,0.6425
2004-04-02,0.6425
2004-04-05,0.6375
2004-04-06,0.6225
2004-04-07,0.635
2004-04-08,0.64
2004-04-12,0.64
2004-04-13,0.6325
2004-04-14,0.6175
2004-04-15,0.63
2004-04-16,0.64
2004-04-19,0.6375
2004-04-20,0.6375
2004-04-21,0.6325
2004-04-22,0.615
2004-04-23,0.62
2004-04-26,0.625
2004-04-27,0.625
2004-04-28,0.635
2004-04-29,0.6275
2004-04-30,0.615
2004-05-03,0.615
2004-05-04,0.615
2004-05-05,0.6375
2004-05-06,0.635
2004-05-07,0.6225
2004-05-10,0.61
2004-05-11,0.63
2004-05-12,0.635
2004-05-13,0.625
2004-05-14,0.6275
2004-05-17,0.6275
2004-05-18,0.6025
2004-05-19,0.6275
2004-05-20,0.635
2004-05-21,0.62
2004-05-24,0.625
2004-05-25,0.6675
2004-05-26,0.675
2004-05-27,0.6975
2004-05-28,0.6975
2004-06-01,0.6975
2004-06-02,0.7275
2004-06-03,0.7325
2004-06-04,0.72
2004-06-07,0.7175
2004-06-08,0.695
2004-06-09,0.6975
2004-06-10,0.71
2004-06-14,0.71
2004-06-15,0.7
2004-06-16,0.68
2004-06-17,0.6825
2004-06-18,0.6625
2004-06-21,0.64
2004-06-22,0.64
2004-06-23,0.645
2004-06-24,0.6475
2004-06-25,0.645
2004-06-28,0.62
2004-06-29,0.63
2004-06-30,0.6225
2004-07-01,0.635
2004-07-02,0.6325
2004-07-06,0.6325
2004-07-07,0.59
2004-07-08,0.5975
2004-07-09,0.5825
2004-07-12,0.5925
2004-07-13,0.59
2004-07-14,0.5875
2004-07-15,0.595
2004-07-16,0.6025
2004-07-19,0.6025
2004-07-20,0.605
2004-07-21,0.6225
2004-07-22,0.6025
2004-07-23,0.61
2004-07-26,0.59
2004-07-27,0.58
2004-07-28,0.5725
2004-07-29,0.575
2004-07-30,0.575
2004-08-02,0.5625
2004-08-03,0.5625
2004-08-04,0.565
2004-08-05,0.5625
2004-08-06,0.56
2004-08-09,0.57
2004-08-10,0.5725
2004-08-11,0.57
2004-08-12,0.57
2004-08-13,0.555
2004-08-16,0.5625
2004-08-17,0.6225
2004-08-18,0.6275
2004-08-19,0.6
2004-08-20,0.6125
2004-08-23,0.615
2004-08-24,0.6475
2004-08-25,0.645
2004-08-26,0.6475
2004-08-27,0.66
2004-08-30,0.66
2004-08-31,0.635
2004-09-01,0.6425
2004-09-02,0.655
2004-09-03,0.655
2004-09-07,0.655
2004-09-08,0.62
2004-09-09,0.625
2004-09-10,0.6525
2004-09-13,0.655
2004-09-14,0.6875
2004-09-15,0.6925
2004-09-16,0.685
2004-09-17,0.7
2004-09-20,0.7025
2004-09-21,0.71
2004-09-22,0.73
2004-09-23,0.7475
2004-09-24,0.7225
2004-09-27,0.7425
2004-09-28,0.7725
2004-09-29,0.7225
2004-09-30,0.7375
2004-10-01,0.7375
2004-10-04,0.7175
2004-10-05,0.6775
2004-10-06,0.6975
2004-10-07,0.6925
2004-10-08,0.6975
2004-10-11,0.685
2004-10-12,0.6675
2004-10-13,0.655
2004-10-14,0.6475
2004-10-15,0.6475
2004-10-18,0.665
2004-10-19,0.6575
2004-10-20,0.6525
2004-10-21,0.6725
2004-10-22,0.685
2004-10-25,0.705
2004-10-26,0.71
2004-10-27,0.7125
2004-10-28,0.735
2004-10-29,0.735
2004-11-01,0.7
2004-11-02,0.7025
2004-11-03,0.7175
2004-11-04,0.735
2004-11-05,0.7425
2004-11-08,0.7475
2004-11-09,0.765
2004-11-10,0.7675
2004-11-11,0.78
2004-11-12,0.7825
2004-11-15,0.775
2004-11-16,0.8825
2004-11-17,0.8325
2004-11-18,0.8475
2004-11-19,0.8475
2004-11-22,0.83
2004-11-23,0.8475
2004-11-24,0.845
2004-11-26,0.845
2004-11-29,0.845
2004-11-30,0.885
2004-12-01,0.8725
2004-12-02,0.8825
2004-12-03,0.875
2004-12-06,0.8775
2004-12-07,0.875
2004-12-08,0.8725
2004-12-09,0.8775
2004-12-10,0.8775
2004-12-13,0.87
2004-12-14,0.87
2004-12-15,0.8425
2004-12-16,0.9075
2004-12-17,0.9
2004-12-20,0.945
2004-12-21,0.975
2004-12-22,0.9575
2004-12-23,0.9575
2004-12-27,0.9575
2004-12-28,0.9575
2004-12-29,0.9575
2004-12-30,0.9575
2004-12-31,0.9575
2005-01-03,0.9575
2005-01-04,0.9575
2005-01-05,0.9275
2005-01-06,0.8975
2005-01-07,0.88
2005-01-10,0.8775
2005-01-11,0.8841
2005-01-12,0.875
2005-01-13,0.905
2005-01-14,0.9275
2005-01-18,0.9275
2005-01-19,0.9625
2005-01-20,0.9575
2005-01-21,0.945
2005-01-24,0.9725
2005-01-25,0.9875
2005-01-26,0.9975
2005-01-27,0.9925
2005-01-28,0.9725
2005-01-31,0.995
2005-02-01,0.995
2005-02-02,0.995
2005-02-03,0.995
2005-02-04,1.0025
2005-02-07,1.0555
2005-02-08,1.08
2005-02-09,1.07
2005-02-10,1.0775
2005-02-11,1.0925
2005-02-14,1.09
2005-02-15,1.0775
2005-02-16,1.0775
2005-02-17,1.1125
2005-02-18,1.1075
2005-02-22,1.1075
2005-02-23,1.08
2005-02-24,1.145
2005-02-25,1.12
2005-02-28,1.0775
2005-03-01,1.1125
2005-03-02,1.1125
2005-03-03,1.1125
2005-03-04,1.1275
2005-03-07,1.1375
2005-03-08,1.19
2005-03-09,1.215
2005-03-10,1.205
2005-03-11,1.2575
2005-03-14,1.235
2005-03-15,1.215
2005-03-16,1.2275
2005-03-17,1.22
2005-03-18,1.2175
2005-03-21,1.19
2005-03-22,1.17
2005-03-23,1.18
2005-03-24,1.13
2005-03-28,1.13
2005-03-29,1.11
2005-03-30,1.1075
2005-03-31,1.1375
2005-04-01,1.1525
2005-04-04,1.1225
2005-04-05,1.11
2005-04-06,1.1375
2005-04-07,1.13
2005-04-08,1.1125
2005-04-11,1.085
2005-04-12,1.0575
2005-04-13,1.075
2005-04-14,1.08
2005-04-15,1.0425
2005-04-18,1.0625
2005-04-19,1.06
2005-04-20,1.12
2005-04-21,1.159
2005-04-22,1.135
2005-04-25,1.185
2005-04-26,1.175
2005-04-27,1.2225
2005-04-28,1.23
2005-04-29,1.2075
2005-05-02,1.2075
2005-05-03,1.1325
2005-05-04,1.1225
2005-05-05,1.1625
2005-05-06,1.1375
2005-05-09,1.1525
2005-05-10,1.1475
2005-05-11,1.1225
2005-05-12,1.155
2005-05-13,1.1325
2005-05-16,1.1225
2005-05-17,1.07
2005-05-18,1.09
2005-05-19,1.0925
2005-05-20,1.075
2005-05-23,1.0775
2005-05-24,1.09
2005-05-25,1.105
2005-05-26,1.1325
2005-05-27,1.14
2005-05-31,1.14
2005-06-01,1.1189
2005-06-02,1.0975
2005-06-03,1.1275
2005-06-06,1.1525
2005-06-07,1.1425
2005-06-08,1.1775
2005-06-09,1.125
2005-06-10,1.075
2005-06-13,1.04
2005-06-14,1.03
2005-06-15,1.0523
2005-06-16,1.0525
2005-06-17,1.0525
2005-06-20,1.0075
2005-06-21,1.03
2005-06-22,1.02
2005-06-23,1.045
2005-06-24,1.0175
2005-06-27,0.9925
2005-06-28,0.965
2005-06-29,0.965
2005-06-30,0.9725
2005-07-01,0.9875
2005-07-05,0.9875
2005-07-06,0.97
2005-07-07,0.9925
2005-07-08,0.99
2005-07-11,0.9875
2005-07-12,0.9525
2005-07-13,0.9575
2005-07-14,0.9575
2005-07-15,0.9875
2005-07-18,0.9525
2005-07-19,0.9025
2005-07-20,0.8725
2005-07-21,0.8975
2005-07-22,0.9025
2005-07-25,0.9025
2005-07-26,0.9375
2005-07-27,0.935
2005-07-28,0.9225
2005-07-29,0.9675
2005-08-01,0.985
2005-08-02,0.975
2005-08-03,1.0175
2005-08-04,1.01
2005-08-05,1.01
2005-08-08,1.0125
2005-08-09,0.9875
2005-08-10,0.99
2005-08-11,0.99
2005-08-12,1.0325
2005-08-15,1.0125
2005-08-16,0.9275
2005-08-17,0.9325
2005-08-18,0.94
2005-08-19,0.915
2005-08-22,0.9225
2005-08-23,0.925
2005-08-24,0.945
2005-08-25,0.9175
2005-08-26,0.8875
2005-08-29,0.8875
2005-08-30,0.885
2005-08-31,0.9075
2005-09-01,0.9375
2005-09-02,0.9775
2005-09-06,0.9775
2005-09-07,0.935
2005-09-08,0.935
2005-09-09,0.935
2005-09-12,0.8725
2005-09-13,0.84
2005-09-14,0.84
2005-09-15,0.865
2005-09-16,0.865
2005-09-19,0.84
2005-09-20,0.84
2005-09-21,0.8525
2005-09-22,0.8525
2005-09-23,0.85
2005-09-26,0.8425
2005-09-27,0.8425
2005-09-28,0.8425
2005-09-29,0.8813
2005-09-30,0.8922
2005-10-03,0.8865
2005-10-04,0.8791
2005-10-05,0.8806
2005-10-06,0.8866
2005-10-07,0.8926
2005-10-10,0.8946
2005-10-11,0.922
2005-10-12,0.9494
2005-10-13,0.9496
2005-10-14,0.9437
2005-10-17,0.9333
2005-10-18,0.9724
2005-10-19,0.9844
2005-10-20,0.9877
2005-10-21,0.9872
2005-10-24,0.9852
2005-10-25,0.9704
2005-10-26,0.9911
2005-10-27,0.9786
2005-10-28,0.9587
2005-10-31,0.9422
2005-11-01,0.9343
2005-11-02,0.9345
2005-11-03,0.9603
2005-11-04,0.9913
2005-11-07,1.0
2005-11-08,0.989
2005-11-09,1.026
2005-11-10,1.0262
2005-11-11,1.023
2005-11-14,1.022
2005-11-15,0.9908
2005-11-16,0.952
2005-11-17,0.9496
2005-11-18,0.9503
2005-11-21,0.9531
2005-11-22,0.9531
2005-11-23,0.9799
2005-11-25,0.9799
2005-11-28,0.9785
2005-11-29,0.9345
2005-11-30,0.9609
2005-12-01,0.9345
2005-12-02,0.942
2005-12-05,0.9365
2005-12-06,0.9359
2005-12-07,0.9436
2005-12-08,0.9369
2005-12-09,0.9371
2005-12-12,0.9395
2005-12-13,0.9702
2005-12-14,0.9666
2005-12-15,0.9416
2005-12-16,0.9526
2005-12-19,0.9544
2005-12-20,0.9771
2005-12-21,0.9973
2005-12-22,0.983
2005-12-23,1.0065
2005-12-27,0.9973
2005-12-28,1.0292
2005-12-29,1.0292
2005-12-30,1.0497
2006-01-03,1.047
2006-01-04,1.0529
2006-01-05,1.0663
2006-01-06,1.1153
2006-01-09,1.152
2006-01-10,1.1651
2006-01-11,1.1552
2006-01-12,1.1353
2006-01-13,1.1351
2006-01-17,1.161
2006-01-18,1.186
2006-01-19,1.179
2006-01-20,1.156
2006-01-23,1.1567
2006-01-24,1.1623
2006-01-25,1.184
2006-01-26,1.19
2006-01-27,1.1855
2006-01-30,1.1965
2006-01-31,1.1913
2006-02-01,1.1602
2006-02-02,1.136
2006-02-03,1.136
2006-02-06,1.142
2006-02-07,1.1097
2006-02-08,1.116
2006-02-09,1.114
2006-02-10,1.1071
2006-02-13,1.1159
2006-02-14,1.079
2006-02-15,1.059
2006-02-16,1.053
2006-02-17,1.041
2006-02-21,1.064
2006-02-22,1.074
2006-02-23,1.074
2006-02-24,1.0782
2006-02-27,1.0855
2006-02-28,1.071
2006-03-01,1.0817
2006-03-02,1.0918
2006-03-03,1.0873
2006-03-06,1.0936
2006-03-07,1.0817
2006-03-08,1.057
2006-03-09,1.0493
2006-03-10,1.054
2006-03-13,1.042
2006-03-14,1.0272
2006-03-15,1.0275
2006-03-16,1.0385
2006-03-17,1.0395
2006-03-20,1.021
2006-03-21,1.016
2006-03-22,1.031
2006-03-23,1.013
2006-03-24,1.007
2006-03-27,1.0092
2006-03-28,1.0132
2006-03-29,1.015
2006-03-30,1.006
2006-03-31,1.036
2006-04-03,1.0364
2006-04-04,1.0538
2006-04-05,1.0588
2006-04-06,1.057
2006-04-07,1.071
2006-04-10,1.0573
2006-04-11,1.0669
2006-04-12,1.0361
2006-04-13,1.0289
2006-04-17,1.0289
2006-04-18,1.0284
2006-04-19,1.0506
2006-04-20,1.0644
2006-04-21,1.0819
2006-04-24,1.0818
2006-04-25,1.0808
2006-04-26,1.0623
2006-04-27,1.0567
2006-04-28,1.0408
2006-05-01,1.0408
2006-05-02,1.0408
2006-05-03,1.0695
2006-05-04,1.0596
2006-05-05,1.0511
2006-05-08,1.0511
2006-05-09,1.0235
2006-05-10,1.0312
2006-05-11,1.0364
2006-05-12,1.0137
2006-05-15,0.9935
2006-05-16,0.975
2006-05-17,0.9788
2006-05-18,0.9704
2006-05-19,0.9754
2006-05-22,0.9711
2006-05-23,0.9621
2006-05-24,0.9696
2006-05-25,0.9657
2006-05-26,0.9556
2006-05-30,0.9497
2006-05-31,0.9521
2006-06-01,0.958
2006-06-02,0.9607
2006-06-05,0.9607
2006-06-06,0.9542
2006-06-07,0.933
2006-06-08,0.9259
2006-06-09,0.9319
2006-06-12,0.9317
2006-06-13,0.9227
2006-06-14,0.9192
2006-06-15,0.9213
2006-06-16,0.9295
2006-06-19,0.9254
2006-06-20,0.9215
2006-06-21,0.9238
2006-06-22,0.9187
2006-06-23,0.921
2006-06-26,0.9189
2006-06-27,0.9219
2006-06-28,0.9223
2006-06-29,0.9404
2006-06-30,0.9472
2006-07-03,0.9187
2006-07-05,0.9858
2006-07-06,0.9853
2006-07-07,0.98
2006-07-10,0.9696
2006-07-11,0.9591
2006-07-12,0.9564
2006-07-13,0.9515
2006-07-14,0.9548
2006-07-17,0.944
2006-07-18,0.9293
2006-07-19,0.9288
2006-07-20,0.9286
2006-07-21,0.9239
2006-07-24,0.9169
2006-07-25,0.9103
2006-07-26,0.9141
2006-07-27,0.9169
2006-07-28,0.923
2006-07-31,0.9459
2006-08-01,0.9491
2006-08-02,0.9376
2006-08-03,0.9657
2006-08-04,0.9971
2006-08-07,1.0024
2006-08-08,1.0127
2006-08-09,1.0101
2006-08-10,1.0198
2006-08-11,1.0057
2006-08-14,0.9963
2006-08-15,0.9711
2006-08-16,0.9834
2006-08-17,1.0103
2006-08-18,1.0005
2006-08-21,0.9905
2006-08-22,1.025
2006-08-23,1.0367
2006-08-24,1.0336
2006-08-25,1.029
2006-08-28,1.029
2006-08-29,1.0073
2006-08-30,1.0073
2006-08-31,1.0044
2006-09-01,1.017
2006-09-05,1.012
2006-09-06,1.038
2006-09-07,1.0377
2006-09-08,1.0211
2006-09-11,1.0006
2006-09-12,0.9815
2006-09-13,0.9758
2006-09-14,0.9826
2006-09-15,0.977
2006-09-18,0.9651
2006-09-19,0.9575
2006-09-20,0.9733
2006-09-21,0.9686
2006-09-22,0.9747
2006-09-25,0.9857
2006-09-26,0.9967
2006-09-27,1.0112
2006-09-28,1.0083
2006-09-29,1.0098
2006-10-02,1.0103
2006-10-03,1.0011
2006-10-04,1.009
2006-10-05,0.9922
2006-10-06,0.994
2006-10-09,0.9872
2006-10-10,0.9838
2006-10-11,0.9817
2006-10-12,0.9822
2006-10-13,0.9822
2006-10-16,0.9881
2006-10-17,0.9705
2006-10-18,0.9654
2006-10-19,0.9703
2006-10-20,0.9664
2006-10-23,0.968
2006-10-24,0.996
2006-10-25,1.0161
2006-10-26,1.0082
2006-10-27,1.0173
2006-10-30,1.015
2006-10-31,1.019
2006-11-01,1.105
2006-11-02,1.026
2006-11-03,1.048
2006-11-06,1.0583
2006-11-07,1.0685
2006-11-08,1.0706
2006-11-09,1.0842
2006-11-10,1.1153
2006-11-13,1.1083
2006-11-14,1.0961
2006-11-15,1.0944
2006-11-16,1.1149
2006-11-17,1.1875
2006-11-20,1.0856
2006-11-21,1.0993
2006-11-22,1.1098
2006-11-24,1.1123
2006-11-27,1.1123
2006-11-28,1.1276
2006-11-29,1.1485
2006-11-30,1.1462
2006-12-01,1.1518
2006-12-04,1.1714
2006-12-05,1.1689
2006-12-06,1.1749
2006-12-07,1.1733
2006-12-08,1.1677
2006-12-11,1.169
2006-12-12,1.1844
2006-12-13,1.1904
2006-12-14,1.1928
2006-12-15,1.1965
2006-12-18,1.1609
2006-12-19,1.1638
2006-12-20,1.1502
2006-12-21,1.1683
2006-12-22,1.1681
2006-12-26,1.1681
2006-12-27,1.1681
2006-12-28,1.1681
2006-12-29,1.176
2007-01-03,1.176
2007-01-04,1.1451
2007-01-05,1.1506
2007-01-08,1.1376
2007-01-09,1.129
2007-01-10,1.1166
2007-01-11,1.1234
2007-01-12,1.1343
2007-01-16,1.1364
2007-01-17,1.1407
2007-01-18,1.1402
2007-01-19,1.1349
2007-01-22,1.1312
2007-01-23,1.176
2007-01-24,1.1051
2007-01-25,1.1056
2007-01-26,1.1069
2007-01-29,1.0984
2007-01-30,1.1004
2007-01-31,1.0986
2007-02-01,1.1116
2007-02-02,1.1178
2007-02-05,1.1169
2007-02-06,1.1006
2007-02-07,1.0953
2007-02-08,1.0953
2007-02-09,1.099
2007-02-12,1.0895
2007-02-13,1.0862
2007-02-14,1.0812
2007-02-15,1.0877
2007-02-16,1.0966
2007-02-20,1.0838
2007-02-21,1.0814
2007-02-22,1.0866
2007-02-23,1.1188
2007-02-26,1.1322
2007-02-27,1.1256
2007-02-28,1.1145
2007-03-01,1.1118
2007-03-02,1.0926
2007-03-05,1.0803
2007-03-06,1.0561
2007-03-07,1.054
2007-03-08,1.0487
2007-03-09,1.0508
2007-03-12,1.0487
2007-03-13,1.0412
2007-03-14,1.0412
2007-03-15,1.0267
2007-03-16,1.0285
2007-03-19,1.0288
2007-03-20,1.0311
2007-03-21,1.0255
2007-03-22,1.0487
2007-03-23,1.0443
2007-03-26,1.0647
2007-03-27,1.0714
2007-03-28,1.0638
2007-03-29,1.059
2007-03-30,1.0452
2007-04-02,1.0275
2007-04-03,1.0282
2007-04-04,1.0368
2007-04-05,1.0412
2007-04-09,1.0412
2007-04-10,1.0299
2007-04-11,1.034
2007-04-12,1.0292
2007-04-13,1.0536
2007-04-16,1.061
2007-04-17,1.0257
2007-04-18,1.0333
2007-04-19,1.0324
2007-04-20,1.0293
2007-04-23,1.0182
2007-04-24,1.0126
2007-04-25,0.9945
2007-04-26,0.9863
2007-04-27,0.9806
2007-04-30,0.9883
2007-05-01,0.9868
2007-05-02,0.9868
2007-05-03,0.9833
2007-05-04,0.9943
2007-05-07,0.9859
2007-05-08,0.9926
2007-05-09,0.9921
2007-05-10,1.0033
2007-05-11,1.0038
2007-05-14,0.9984
2007-05-15,1.0051
2007-05-16,1.0068
2007-05-17,1.0227
2007-05-18,1.0227
2007-05-21,1.0372
2007-05-22,1.0344
2007-05-23,1.0331
2007-05-24,1.0326
2007-05-25,1.0453
2007-05-29,1.0453
2007-05-30,1.0261
2007-05-31,1.0325
2007-06-01,1.0268
2007-06-04,1.0712
2007-06-05,1.083
2007-06-06,1.0837
2007-06-07,1.0799
2007-06-08,1.0842
2007-06-11,1.0735
2007-06-12,1.0791
2007-06-13,1.065
2007-06-14,1.0643
2007-06-15,1.0743
2007-06-18,1.0752
2007-06-19,1.08
2007-06-20,1.0703
2007-06-21,1.0837
2007-06-22,1.09
2007-06-25,1.0781
2007-06-26,1.06
2007-06-27,1.0595
2007-06-28,1.0582
2007-06-29,1.0612
2007-07-02,1.0657
2007-07-03,1.0602
2007-07-05,1.0543
2007-07-06,1.0512
2007-07-09,1.0403
2007-07-10,1.037
2007-07-11,1.0451
2007-07-12,1.0546
2007-07-13,1.0527
2007-07-16,1.0417
2007-07-17,1.0512
2007-07-18,1.0618
2007-07-19,1.0735
2007-07-20,1.0787
2007-07-23,1.0782
2007-07-24,1.0678
2007-07-25,1.0815
2007-07-26,1.0903
2007-07-27,1.0734
2007-07-30,1.0726
2007-07-31,1.0713
2007-08-01,1.0829
2007-08-02,1.0773
2007-08-03,1.0954
2007-08-06,1.1138
2007-08-07,1.1184
2007-08-08,1.1155
2007-08-09,1.1197
2007-08-10,1.1297
2007-08-13,1.134
2007-08-14,1.1523
2007-08-15,1.1449
2007-08-16,1.1413
2007-08-17,1.0963
2007-08-20,1.1095
2007-08-21,1.1113
2007-08-22,1.1148
2007-08-23,1.1213
2007-08-24,1.1305
2007-08-27,1.1305
2007-08-28,1.1168
2007-08-29,1.1155
2007-08-30,1.1074
2007-08-31,1.1035
2007-09-04,1.1014
2007-09-05,1.1225
2007-09-06,1.1065
2007-09-07,1.1047
2007-09-10,1.1125
2007-09-11,1.132
2007-09-12,1.1327
2007-09-13,1.137
2007-09-14,1.137
2007-09-17,1.139
2007-09-18,1.1933
2007-09-19,1.2206
2007-09-20,1.2273
2007-09-21,1.2379
2007-09-24,1.2225
2007-09-25,1.2369
2007-09-26,1.2418
2007-09-27,1.2101
2007-09-28,1.2143
2007-10-01,1.2073
2007-10-02,1.2568
2007-10-03,1.2524
2007-10-04,1.2674
2007-10-05,1.2603
2007-10-08,1.2689
2007-10-09,1.2856
2007-10-10,1.2605
2007-10-11,1.2604
2007-10-12,1.2874
2007-10-15,1.3006
2007-10-16,1.2285
2007-10-17,1.2152
2007-10-18,1.2195
2007-10-19,1.1833
2007-10-22,1.1847
2007-10-23,1.1825
2007-10-24,1.1775
2007-10-25,1.1755
2007-10-26,1.1588
2007-10-29,1.1613
2007-10-30,1.166
2007-10-31,1.1684
2007-11-01,1.1651
2007-11-02,1.1898
2007-11-05,1.1536
2007-11-06,1.1689
2007-11-07,1.1763
2007-11-08,1.1825
2007-11-09,1.1865
2007-11-12,1.1876
2007-11-13,1.187
2007-11-14,1.2027
2007-11-15,1.2079
2007-11-16,1.2092
2007-11-19,1.2178
2007-11-20,1.1897
2007-11-21,1.2055
2007-11-23,1.2021
2007-11-26,1.2156
2007-11-27,1.2033
2007-11-28,1.1984
2007-11-29,1.229
2007-11-30,1.2279
2007-12-03,1.2347
2007-12-04,1.2365
2007-12-05,1.2395
2007-12-06,1.2417
2007-12-07,1.2347
2007-12-10,1.2347
2007-12-11,1.2591
2007-12-12,1.266
2007-12-13,1.2766
2007-12-14,1.2709
2007-12-17,1.2686
2007-12-18,1.2732
2007-12-19,1.2757
2007-12-20,1.278
2007-12-21,1.2728
2007-12-24,1.2728
2007-12-26,1.2728
2007-12-27,1.2728
2007-12-28,1.2728
2007-12-31,1.2728
2008-01-02,1.2728
2008-01-03,1.2578
2008-01-04,1.2782
2008-01-07,1.2563
2008-01-08,1.2471
2008-01-09,1.2773
2008-01-10,1.2901
2008-01-11,1.2938
2008-01-14,1.2944
2008-01-15,1.3007
2008-01-16,1.3168
2008-01-17,1.2986
2008-01-18,1.2865
2008-01-22,1.2712
2008-01-23,1.2731
2008-01-24,1.2662
2008-01-25,1.2671
2008-01-28,1.2585
2008-01-29,1.2736
2008-01-30,1.278
2008-01-31,1.2942
2008-02-01,1.2471
2008-02-04,1.3245
2008-02-05,1.3517
2008-02-06,1.3587
2008-02-07,1.3616
2008-02-08,1.363
2008-02-11,1.3812
2008-02-12,1.3992
2008-02-13,1.4016
2008-02-14,1.4114
2008-02-15,1.439
2008-02-19,1.4097
2008-02-20,1.4649
2008-02-21,1.4622
2008-02-22,1.4732
2008-02-25,1.5011
2008-02-26,1.5248
2008-02-27,1.5037
2008-02-28,1.5269
2008-02-29,1.5436
2008-03-03,1.5245
2008-03-04,1.5534
2008-03-05,1.545
2008-03-06,1.5276
2008-03-07,1.474
2008-03-10,1.4186
2008-03-11,1.4153
2008-03-12,1.4265
2008-03-13,1.4471
2008-03-14,1.4877
2008-03-17,1.4426
2008-03-18,1.3035
2008-03-19,1.2962
2008-03-20,1.2698
2008-03-24,1.2698
2008-03-25,1.2266
2008-03-26,1.2503
2008-03-27,1.2608
2008-03-28,1.2527
2008-03-31,1.2414
2008-04-01,1.2188
2008-04-02,1.2327
2008-04-03,1.2376
2008-04-04,1.2535
2008-04-07,1.2611
2008-04-08,1.2752
2008-04-09,1.2746
2008-04-10,1.2976
2008-04-11,1.2832
2008-04-14,1.263
2008-04-15,1.2625
2008-04-16,1.2886
2008-04-17,1.2965
2008-04-18,1.337
2008-04-21,1.2993
2008-04-22,1.2709
2008-04-23,1.289
2008-04-24,1.2942
2008-04-25,1.2659
2008-04-28,1.2549
2008-04-29,1.2823
2008-04-30,1.2835
2008-05-01,1.291
2008-05-02,1.291
2008-05-05,1.291
2008-05-06,1.2754
2008-05-07,1.2853
2008-05-08,1.2767
2008-05-09,1.2928
2008-05-12,1.2928
2008-05-13,1.2928
2008-05-14,1.3094
2008-05-15,1.3095
2008-05-16,1.306
2008-05-19,1.3122
2008-05-20,1.3036
2008-05-21,1.3025
2008-05-22,1.3403
2008-05-23,1.307
2008-05-27,1.2845
2008-05-28,1.2762
2008-05-29,1.2912
2008-05-30,1.3957
2008-06-02,1.2895
2008-06-03,1.3117
2008-06-04,1.2784
2008-06-05,1.2832
2008-06-06,1.304
2008-06-09,1.304
2008-06-10,1.2589
2008-06-11,1.3016
2008-06-12,1.2929
2008-06-13,1.292
2008-06-16,1.2892
2008-06-17,1.3146
2008-06-18,1.3288
2008-06-19,1.3206
2008-06-20,1.326
2008-06-23,1.3644
2008-06-24,1.3708
2008-06-25,1.3905
2008-06-26,1.4126
2008-06-27,1.4375
2008-06-30,1.4416
2008-07-01,1.4542
2008-07-02,1.4658
2008-07-03,1.4675
2008-07-07,1.4485
2008-07-08,1.375
2008-07-09,1.3488
2008-07-10,1.3371
2008-07-11,1.3517
2008-07-14,1.359
2008-07-15,1.3586
2008-07-16,1.3461
2008-07-17,1.3454
2008-07-18,1.3288
2008-07-21,1.3131
2008-07-22,1.3102
2008-07-23,1.3115
2008-07-24,1.2944
2008-07-25,1.2915
2008-07-28,1.306
2008-07-29,1.306
2008-07-30,1.3022
2008-07-31,1.3155
2008-08-01,1.2915
2008-08-04,1.3304
2008-08-05,1.3124
2008-08-06,1.3327
2008-08-07,1.3347
2008-08-08,1.3525
2008-08-11,1.3252
2008-08-12,1.32
2008-08-13,1.3327
2008-08-14,1.3065
2008-08-15,1.3057
2008-08-18,1.2869
2008-08-19,1.2951
2008-08-20,1.3044
2008-08-21,1.3216
2008-08-22,1.345
2008-08-25,1.345
2008-08-26,1.3365
2008-08-27,1.3617
2008-08-28,1.3909
2008-08-29,1.3844
2008-09-02,1.3726
2008-09-03,1.3579
2008-09-04,1.3608
2008-09-05,1.3751
2008-09-08,1.3619
2008-09-09,1.3524
2008-09-10,1.3275
2008-09-11,1.3235
2008-09-12,1.3029
2008-09-15,1.3082
2008-09-16,1.3001
2008-09-17,1.2641
2008-09-18,1.2559
2008-09-19,1.2431
2008-09-22,1.2567
2008-09-23,1.2803
2008-09-24,1.2837
2008-09-25,1.2865
2008-09-26,1.2941
2008-09-29,1.2746
2008-09-30,1.2546
2008-10-01,1.2388
2008-10-02,1.2251
2008-10-03,1.1966
2008-10-06,1.1658
2008-10-07,1.1103
2008-10-08,1.1322
2008-10-09,1.1024
2008-10-10,1.1194
2008-10-13,1.106
2008-10-14,1.1392
2008-10-15,1.1544
2008-10-16,1.0978
2008-10-17,1.0878
2008-10-20,1.1007
2008-10-21,1.1006
2008-10-22,1.0927
2008-10-23,1.0809
2008-10-24,1.0582
2008-10-27,1.0373
2008-10-28,1.0221
2008-10-29,1.0432
2008-10-30,1.079
2008-10-31,1.0643
2008-11-03,1.0221
2008-11-04,1.0881
2008-11-05,1.1191
2008-11-06,1.1327
2008-11-07,1.0946
2008-11-10,1.0847
2008-11-11,1.1
2008-11-12,1.0912
2008-11-13,1.0865
2008-11-14,1.0764
2008-11-17,1.0772
2008-11-18,1.0717
2008-11-19,1.0688
2008-11-20,1.0827
2008-11-21,1.0409
2008-11-24,1.0376
2008-11-25,1.0624
2008-11-26,1.0677
2008-11-28,1.1068
2008-12-01,1.1068
2008-12-02,1.0589
2008-12-03,1.0515
2008-12-04,1.042
2008-12-05,1.0101
2008-12-08,0.9823
2008-12-09,1.0223
2008-12-10,1.0229
2008-12-11,1.038
2008-12-12,1.0565
2008-12-15,1.0506
2008-12-16,1.05
2008-12-17,1.0455
2008-12-18,1.0599
2008-12-19,1.0599
2008-12-22,1.0409
2008-12-23,1.0184
2008-12-24,1.0184
2008-12-26,1.0184
2008-12-29,1.0184
2008-12-30,1.0105
2008-12-31,1.0105
2009-01-02,1.0105
2009-01-05,1.0105
2009-01-06,1.0219
2009-01-07,1.0219
2009-01-08,1.0761
2009-01-09,1.0697
2009-01-12,1.1002
2009-01-13,1.0822
2009-01-14,1.0758
2009-01-15,1.0793
2009-01-16,1.0704
2009-01-20,1.0884
2009-01-21,1.0843
2009-01-22,1.0843
2009-01-23,1.1121
2009-01-26,1.1166
2009-01-27,1.1313
2009-01-28,1.138
2009-01-29,1.1495
2009-01-30,1.146
2009-02-02,1.133
2009-02-03,1.1295
2009-02-04,1.1263
2009-02-05,1.1084
2009-02-06,1.1122
2009-02-09,1.1233
2009-02-10,1.1411
2009-02-11,1.1191
2009-02-12,1.0929
2009-02-13,1.0588
2009-02-17,1.0618
2009-02-18,1.0435
2009-02-19,1.0336
2009-02-20,1.0392
2009-02-23,1.03
2009-02-24,1.0538
2009-02-25,1.0548
2009-02-26,1.0548
2009-02-27,1.0548
2009-03-02,1.0412
2009-03-03,1.011
2009-03-04,1.0002
2009-03-05,1.007
2009-03-06,1.007
2009-03-09,1.0039
2009-03-10,0.9841
2009-03-11,0.9818
2009-03-12,0.9916
2009-03-13,1.0064
2009-03-16,1.0206
2009-03-17,1.0241
2009-03-18,1.0241
2009-03-19,1.0405
2009-03-20,1.0531
2009-03-23,1.0618
2009-03-24,1.0672
2009-03-25,1.0652
2009-03-26,1.0652
2009-03-27,1.07
2009-03-30,1.0567
2009-03-31,1.0354
2009-04-01,1.0704
2009-04-02,1.0469
2009-04-03,1.0663
2009-04-06,1.0738
2009-04-07,1.0675
2009-04-08,1.0675
2009-04-09,1.0754
2009-04-13,1.0754
2009-04-14,1.0754
2009-04-15,1.0647
2009-04-16,1.0658
2009-04-17,1.0591
2009-04-20,1.0385
2009-04-21,1.0286
2009-04-22,1.0355
2009-04-23,1.0527
2009-04-24,1.0716
2009-04-27,1.0797
2009-04-28,1.0571
2009-04-29,1.0517
2009-04-30,1.0522
2009-05-01,1.0477
2009-05-04,1.0477
2009-05-05,1.0846
2009-05-06,1.1221
2009-05-07,1.13
2009-05-08,1.132
2009-05-11,1.1494
2009-05-12,1.1743
2009-05-13,1.1802
2009-05-14,1.1606
2009-05-15,1.1625
2009-05-18,1.1665
2009-05-19,1.1755
2009-05-20,1.199
2009-05-21,1.2087
2009-05-22,1.2087
2009-05-26,1.2307
2009-05-27,1.2342
2009-05-28,1.2447
2009-05-29,1.2488
2009-06-01,1.2549
2009-06-02,1.2944
2009-06-03,1.2955
2009-06-04,1.2711
2009-06-05,1.2636
2009-06-08,1.2291
2009-06-09,1.1844
2009-06-10,1.2012
2009-06-11,1.186
2009-06-12,1.1878
2009-06-15,1.1762
2009-06-16,1.1164
2009-06-17,1.1152
2009-06-18,1.0859
2009-06-19,1.0859
2009-06-22,1.0806
2009-06-23,1.0799
2009-06-24,1.0785
2009-06-25,1.087
2009-06-26,1.086
2009-06-29,1.086
2009-06-30,1.0965
2009-07-01,1.0895
2009-07-02,1.0878
2009-07-06,1.0709
2009-07-07,1.0586
2009-07-08,1.054
2009-07-09,1.0429
2009-07-10,1.047
2009-07-13,1.0331
2009-07-14,1.033
2009-07-15,1.0467
2009-07-16,1.0609
2009-07-17,1.0505
2009-07-20,1.0681
2009-07-21,1.0841
2009-07-22,1.0934
2009-07-23,1.083
2009-07-24,1.1093
2009-07-27,1.1175
2009-07-28,1.1175
2009-07-29,1.1065
2009-07-30,1.1009
2009-07-31,1.1201
2009-08-03,1.1377
2009-08-04,1.181
2009-08-05,1.1909
2009-08-06,1.1941
2009-08-07,1.2157
2009-08-10,1.2382
2009-08-11,1.2382
2009-08-12,1.2358
2009-08-13,1.2365
2009-08-14,1.2141
2009-08-17,1.1929
2009-08-18,1.1619
2009-08-19,1.1453
2009-08-20,1.1482
2009-08-21,1.1381
2009-08-24,1.134
2009-08-25,1.1227
2009-08-26,1.1082
2009-08-27,1.1198
2009-08-28,1.1053
2009-08-31,1.113
2009-09-01,1.1084
2009-09-02,1.0962
2009-09-03,1.0956
2009-09-04,1.0941
2009-09-08,1.1182
2009-09-09,1.1258
2009-09-10,1.1325
2009-09-11,1.1215
2009-09-14,1.1464
2009-09-15,1.1847
2009-09-16,1.2112
2009-09-17,1.2132
2009-09-18,1.2237
2009-09-21,1.2265
2009-09-22,1.225
2009-09-23,1.2355
2009-09-24,1.2233
2009-09-25,1.1786
2009-09-28,1.1525
2009-09-29,1.1487
2009-09-30,1.1371
2009-10-01,1.1493
2009-10-02,1.1507
2009-10-05,1.1661
2009-10-06,1.1742
2009-10-07,1.2009
2009-10-08,1.2174
2009-10-09,1.2502
2009-10-12,1.2457
2009-10-13,1.2576
2009-10-14,1.2573
2009-10-15,1.2675
2009-10-16,1.2571
2009-10-19,1.2848
2009-10-20,1.2848
2009-10-21,1.2925
2009-10-22,1.3124
2009-10-23,1.3055
2009-10-26,1.3055
2009-10-27,1.2518
2009-10-28,1.2512
2009-10-29,1.2283
2009-10-30,1.2362
2009-11-02,1.2369
2009-11-03,1.2737
2009-11-04,1.2902
2009-11-05,1.2993
2009-11-06,1.3084
2009-11-09,1.28
2009-11-10,1.2933
2009-11-11,1.2445
2009-11-12,1.2316
2009-11-13,1.2113
2009-11-16,1.2059
2009-11-17,1.2059
2009-11-18,1.2482
2009-11-19,1.2662
2009-11-20,1.2418
2009-11-23,1.2331
2009-11-24,1.2488
2009-11-25,1.2493
2009-11-27,1.2493
2009-11-30,1.2651
2009-12-01,1.3054
2009-12-02,1.3211
2009-12-03,1.3292
2009-12-04,1.3383
2009-12-07,1.3097
2009-12-08,1.3356
2009-12-09,1.3439
2009-12-10,1.3276
2009-12-11,1.3235
2009-12-14,1.3165
2009-12-15,1.3472
2009-12-16,1.3604
2009-12-17,1.3675
2009-12-18,1.3542
2009-12-21,1.3493
2009-12-22,1.3614
2009-12-23,1.3299
2009-12-24,1.3205
2009-12-28,1.3205
2009-12-29,1.2816
2009-12-30,1.2771
2009-12-31,1.2726
2010-01-04,1.2726
2010-01-05,1.3135
2010-01-06,1.3228
2010-01-07,1.3303
2010-01-08,1.3297
2010-01-11,1.3592
2010-01-12,1.3568
2010-01-13,1.3479
2010-01-14,1.3606
2010-01-15,1.3575
2010-01-19,1.3197
2010-01-20,1.3235
2010-01-21,1.3059
2010-01-22,1.3061
2010-01-25,1.3066
2010-01-26,1.3096
2010-01-27,1.2968
2010-01-28,1.2677
2010-01-29,1.2495
2010-02-01,1.2374
2010-02-02,1.2356
2010-02-03,1.2525
2010-02-04,1.2437
2010-02-05,1.2392
2010-02-08,1.2194
2010-02-09,1.2228
2010-02-10,1.2286
2010-02-11,1.2369
2010-02-12,1.2449
2010-02-16,1.2578
2010-02-17,1.2741
2010-02-18,1.2716
2010-02-19,1.289
2010-02-22,1.2907
2010-02-23,1.2455
2010-02-24,1.2378
2010-02-25,1.2396
2010-02-26,1.2128
2010-03-01,1.2291
2010-03-02,1.2177
2010-03-03,1.239
2010-03-04,1.2387
2010-03-05,1.2265
2010-03-08,1.2243
2010-03-09,1.2321
2010-03-10,1.2413
2010-03-11,1.2476
2010-03-12,1.2558
2010-03-15,1.2547
2010-03-16,1.2305
2010-03-17,1.245
2010-03-18,1.2506
2010-03-19,1.2796
2010-03-22,1.2662
2010-03-23,1.266
2010-03-24,1.2826
2010-03-25,1.289
2010-03-26,1.3035
2010-03-29,1.3018
2010-03-30,1.3141
2010-03-31,1.3164
2010-04-01,1.3055
2010-04-05,1.3055
2010-04-06,1.3055
2010-04-07,1.3182
2010-04-08,1.3094
2010-04-09,1.2821
2010-04-12,1.2648
2010-04-13,1.2589
2010-04-14,1.2472
2010-04-15,1.2438
2010-04-16,1.2375
2010-04-19,1.2257
2010-04-20,1.2222
2010-04-21,1.2233
2010-04-22,1.2268
2010-04-23,1.2395
2010-04-26,1.246
2010-04-27,1.2547
2010-04-28,1.2285
2010-04-29,1.2582
2010-04-30,1.2694
2010-05-03,1.2773
2010-05-04,1.3072
2010-05-05,1.3044
2010-05-06,1.2973
2010-05-07,1.2673
2010-05-10,1.2663
2010-05-11,1.2676
2010-05-12,1.2809
2010-05-13,1.2962
2010-05-14,1.2962
2010-05-17,1.2829
2010-05-18,1.2579
2010-05-19,1.2713
2010-05-20,1.2592
2010-05-21,1.2534
2010-05-24,1.2553
2010-05-25,1.2527
2010-05-26,1.2523
2010-05-27,1.272
2010-05-28,1.2731
2010-06-01,1.2753
2010-06-02,1.2861
2010-06-03,1.2942
2010-06-04,1.288
2010-06-07,1.2725
2010-06-08,1.2725
2010-06-09,1.2725
2010-06-10,1.2801
2010-06-11,1.3084
2010-06-14,1.3814
2010-06-15,1.4118
2010-06-16,1.4659
2010-06-17,1.516
2010-06-18,1.4945
2010-06-21,1.5108
2010-06-22,1.5331
2010-06-23,1.5192
2010-06-24,1.5169
2010-06-25,1.59
2010-06-28,1.6016
2010-06-29,1.5952
2010-06-30,1.5429
2010-07-01,1.5585
2010-07-02,1.5872
2010-07-06,1.5535
2010-07-07,1.5024
2010-07-08,1.5248
2010-07-09,1.5398
2010-07-12,1.5498
2010-07-13,1.5572
2010-07-14,1.5875
2010-07-15,1.5767
2010-07-16,1.6018
2010-07-19,1.5948
2010-07-20,1.5725
2010-07-21,1.5361
2010-07-22,1.5152
2010-07-23,1.5454
2010-07-26,1.5753
2010-07-27,1.5806
2010-07-28,1.5689
2010-07-29,1.5689
2010-07-30,1.6241
2010-08-02,1.667
2010-08-03,1.6432
2010-08-04,1.5917
2010-08-05,1.598
2010-08-06,1.6015
2010-08-09,1.5857
2010-08-10,1.5906
2010-08-11,1.6086
2010-08-12,1.6097
2010-08-13,1.6455
2010-08-16,1.6619
2010-08-17,1.6703
2010-08-18,1.6658
2010-08-19,1.6528
2010-08-20,1.6643
2010-08-23,1.707
2010-08-24,1.6995
2010-08-25,1.5789
2010-08-26,1.5425
2010-08-27,1.593
2010-08-30,1.6473
2010-08-31,1.6841
2010-09-01,1.6639
2010-09-02,1.6935
2010-09-03,1.7175
2010-09-07,1.7323
2010-09-08,1.7523
2010-09-09,1.8035
2010-09-10,1.7721
2010-09-13,1.7686
2010-09-14,1.7642
2010-09-15,1.8079
2010-09-16,1.7977
2010-09-17,1.7977
2010-09-20,1.7598
2010-09-21,1.719
2010-09-22,1.7063
2010-09-23,1.7261
2010-09-24,1.7139
2010-09-27,1.7151
2010-09-28,1.7585
2010-09-29,1.7812
2010-09-30,1.7644
2010-10-01,1.7607
2010-10-04,1.7399
2010-10-05,1.6301
2010-10-06,1.6374
2010-10-07,1.641
2010-10-08,1.6372
2010-10-11,1.6721
2010-10-12,1.6683
2010-10-13,1.7116
2010-10-14,1.7271
2010-10-15,1.7387
2010-10-18,1.7324
2010-10-19,1.7285
2010-10-20,1.7489
2010-10-21,1.7956
2010-10-22,1.8436
2010-10-25,1.8547
2010-10-26,1.8737
2010-10-27,1.8729
2010-10-28,1.8686
2010-10-29,1.8357
2010-11-01,1.8718
2010-11-02,1.8455
2010-11-03,1.8513
2010-11-04,1.8479
2010-11-05,1.9199
2010-11-08,1.9163
2010-11-09,1.9402
2010-11-10,2.0196
2010-11-11,1.9832
2010-11-12,1.942
2010-11-15,1.8685
2010-11-16,1.8992
2010-11-17,1.8535
2010-11-18,1.8511
2010-11-19,1.9265
2010-11-22,1.9315
2010-11-23,1.9432
2010-11-24,1.281
2010-11-26,1.9387
2010-11-29,1.8722
2010-11-30,1.8772
2010-12-01,1.8726
2010-12-02,1.8799
2010-12-03,1.8909
2010-12-06,1.9031
2010-12-07,1.9315
2010-12-08,1.9419
2010-12-09,1.9159
2010-12-10,1.9019
2010-12-13,1.9298
2010-12-14,2.0355
2010-12-15,2.0271
2010-12-16,2.034
2010-12-17,2.0266
2010-12-20,2.0759
2010-12-21,2.0852
2010-12-22,2.1693
2010-12-23,2.1693
2010-12-27,2.1736
2010-12-28,2.1736
2010-12-29,2.1736
2010-12-30,2.1736
2010-12-31,2.1736
2011-01-03,2.1736
2011-01-04,2.2015
2011-01-05,2.1445
2011-01-06,2.1433
2011-01-07,2.155
2011-01-10,2.1364
2011-01-11,2.1416
2011-01-12,2.1747
2011-01-13,2.2321
2011-01-14,2.1602
2011-01-18,2.1799
2011-01-19,2.1909
2011-01-20,2.1665
2011-01-21,2.1602
2011-01-24,2.235
2011-01-25,2.2275
2011-01-26,2.1718
2011-01-27,2.2386
2011-01-28,2.2374
2011-01-31,2.3129
2011-02-01,2.3146
2011-02-02,2.3617
2011-02-03,2.3732
2011-02-04,2.3848
2011-02-07,2.3662
2011-02-08,2.3743
2011-02-09,2.354
2011-02-10,2.4103
2011-02-11,2.4289
2011-02-14,2.4015
2011-02-15,2.4625
2011-02-16,2.4643
2011-02-17,2.4747
2011-02-18,2.4455
2011-02-22,2.5722
2011-02-23,2.6129
2011-02-24,2.5671
2011-02-25,2.5288
2011-02-28,2.5589
2011-03-01,2.5938
2011-03-02,2.5624
2011-03-03,2.5636
2011-03-04,2.5942
2011-03-07,2.6017
2011-03-08,2.6755
2011-03-09,2.7259
2011-03-10,2.8079
2011-03-11,2.69
2011-03-14,2.6197
2011-03-15,2.6249
2011-03-16,2.5277
2011-03-17,2.5625
2011-03-18,2.6256
2011-03-21,2.6602
2011-03-22,2.6716
2011-03-23,2.628
2011-03-24,2.5914
2011-03-25,2.5535
2011-03-28,2.5913
2011-03-29,2.557
2011-03-30,2.557
2011-03-31,2.5425
2011-04-01,2.5365
2011-04-04,2.4978
2011-04-05,2.4741
2011-04-06,2.564
2011-04-07,2.5489
2011-04-08,2.6229
2011-04-11,2.6377
2011-04-12,2.6377
2011-04-13,2.6406
2011-04-14,2.7093
2011-04-15,2.7282
2011-04-18,2.7818
2011-04-19,2.7681
2011-04-20,2.8322
2011-04-21,2.8907
2011-04-25,2.8827
2011-04-26,2.8447
2011-04-27,2.8844
2011-04-28,2.8747
2011-04-29,2.8747
2011-05-02,2.9194
2011-05-03,2.9675
2011-05-04,2.9584
2011-05-05,2.8507
2011-05-06,2.8069
2011-05-09,2.8142
2011-05-10,2.807
2011-05-11,2.7637
2011-05-12,2.6827
2011-05-13,2.6747
2011-05-16,2.6483
2011-05-17,2.5869
2011-05-18,2.6029
2011-05-19,2.6993
2011-05-20,2.6467
2011-05-23,2.5375
2011-05-24,2.5675
2011-05-25,2.5622
2011-05-26,2.6024
2011-05-27,2.5915
2011-05-31,2.5755
2011-06-01,2.5849
2011-06-02,2.5038
2011-06-03,2.5606
2011-06-06,2.6323
2011-06-07,2.5411
2011-06-08,2.5754
2011-06-09,2.5546
2011-06-10,2.5886
2011-06-13,2.5596
2011-06-14,2.5925
2011-06-15,2.5863
2011-06-16,2.5515
2011-06-17,2.5082
2011-06-20,2.4301
2011-06-21,2.3724
2011-06-22,2.361
2011-06-23,2.3747
2011-06-24,2.3829
2011-06-27,2.4093
2011-06-28,2.4269
2011-06-29,2.4977
2011-06-30,2.5009
2011-07-01,2.619
2011-07-05,2.6034
2011-07-06,2.597
2011-07-07,2.5918
2011-07-08,2.6059
2011-07-11,2.5501
2011-07-12,2.4969
2011-07-13,2.4971
2011-07-14,2.5561
2011-07-15,2.5016
2011-07-18,2.4545
2011-07-19,2.4014
2011-07-20,2.3734
2011-07-21,2.3664
2011-07-22,2.3345
2011-07-25,2.3338
2011-07-26,2.358
2011-07-27,2.3797
2011-07-28,2.3421
2011-07-29,2.3232
2011-08-01,2.3297
2011-08-02,2.3406
2011-08-03,2.3635
2011-08-04,2.3512
2011-08-05,2.2971
2011-08-08,2.3094
2011-08-09,2.2885
2011-08-10,2.2959
2011-08-11,2.3085
2011-08-12,2.3598
2011-08-15,2.3564
2011-08-16,2.403
2011-08-17,2.4641
2011-08-18,2.5754
2011-08-19,2.582
2011-08-22,2.6079
2011-08-23,2.6025
2011-08-24,2.6334
2011-08-25,2.6543
2011-08-26,2.6636
2011-08-29,2.6968
2011-08-30,2.7483
2011-08-31,2.7689
2011-09-01,2.7908
2011-09-02,2.8175
2011-09-06,2.7932
2011-09-07,2.7359
2011-09-08,2.7676
2011-09-09,2.7747
2011-09-12,2.6353
2011-09-13,2.6588
2011-09-14,2.6525
2011-09-15,2.6175
2011-09-16,2.5825
2011-09-19,2.5754
2011-09-20,2.5761
2011-09-21,2.5543
2011-09-22,2.4828
2011-09-23,2.3766
2011-09-26,2.2906
2011-09-27,2.3307
2011-09-28,2.3728
2011-09-29,2.2981
2011-09-30,2.2759
2011-10-03,2.2614
2011-10-04,2.2666
2011-10-05,2.2616
2011-10-06,2.2568
2011-10-07,2.3255
2011-10-10,2.2729
2011-10-11,2.2719
2011-10-12,2.2462
2011-10-13,2.285
2011-10-14,2.3741
2011-10-17,2.4146
2011-10-18,2.3443
2011-10-19,2.339
2011-10-20,2.3761
2011-10-21,2.3358
2011-10-24,2.4612
2011-10-25,2.5151
2011-10-26,2.3943
2011-10-27,2.3893
2011-10-28,2.3842
2011-10-31,2.3821
2011-11-01,2.3025
2011-11-02,2.2725
2011-11-03,2.2941
2011-11-04,2.3175
2011-11-07,2.3531
2011-11-08,2.3771
2011-11-09,2.3676
2011-11-10,2.3539
2011-11-11,2.378
2011-11-14,2.4125
2011-11-15,2.371
2011-11-16,2.4332
2011-11-17,2.4051
2011-11-18,2.3724
2011-11-21,2.3872
2011-11-22,2.3906
2011-11-23,2.3949
2011-11-25,2.3877
2011-11-28,2.3715
2011-11-29,2.3286
2011-11-30,2.3304
2011-12-01,2.399
2011-12-02,2.401
2011-12-05,2.3623
2011-12-06,2.413
2011-12-07,2.3966
2011-12-08,2.3379
2011-12-09,2.3188
2011-12-12,2.3302
2011-12-13,2.2712
2011-12-14,2.2864
2011-12-15,2.2316
2011-12-16,2.228
2011-12-19,2.2084
2011-12-20,2.233
2011-12-21,2.2779
2011-12-22,2.2471
2011-12-23,2.2421
2011-12-27,2.2421
2011-12-28,2.2421
2011-12-29,2.2421
2011-12-30,2.2421
2012-01-03,2.2766
2012-01-04,2.3256
2012-01-05,2.3159
2012-01-06,2.2535
2012-01-09,2.252
2012-01-10,2.2656
2012-01-11,2.2979
2012-01-12,2.379
2012-01-13,2.3772
2012-01-17,2.2959
2012-01-18,2.2964
2012-01-19,2.2952
2012-01-20,2.3092
2012-01-23,2.309
2012-01-24,2.25
2012-01-25,2.2569
2012-01-26,2.2296
2012-01-27,2.2477
2012-01-30,2.2336
2012-01-31,2.2204
2012-02-01,2.2091
2012-02-02,2.2023
2012-02-03,2.2096
2012-02-06,2.2203
2012-02-07,2.2393
2012-02-08,2.2725
2012-02-09,2.2617
2012-02-10,2.2375
2012-02-13,2.2294
2012-02-14,2.2025
2012-02-15,2.1271
2012-02-16,2.0744
2012-02-17,2.0628
2012-02-21,2.0819
2012-02-22,2.1221
2012-02-23,2.0926
2012-02-24,2.0951
2012-02-27,2.1003
2012-02-28,2.1111
2012-02-29,2.1165
2012-03-01,2.0995
2012-03-02,2.1004
2012-03-05,2.0891
2012-03-06,2.0863
2012-03-07,2.0156
2012-03-08,1.9545
2012-03-09,1.9643
2012-03-12,1.9449
2012-03-13,1.9159
2012-03-14,1.9321
2012-03-15,1.9135
2012-03-16,1.9257
2012-03-19,1.8988
2012-03-20,1.9088
2012-03-21,1.9084
2012-03-22,1.9007
2012-03-23,1.7624
2012-03-26,1.7768
2012-03-27,1.7811
2012-03-28,1.8999
2012-03-29,1.8811
2012-03-30,1.8176
2012-04-02,1.8695
2012-04-03,1.901
2012-04-04,1.8635
2012-04-05,1.8746
2012-04-09,1.8746
2012-04-10,1.7947
2012-04-11,1.8074
2012-04-12,1.8228
2012-04-13,1.8414
2012-04-16,1.8151
2012-04-17,1.7617
2012-04-18,1.7559
2012-04-19,1.7509
2012-04-20,1.7595
2012-04-23,1.7957
2012-04-24,1.797
2012-04-25,1.8439
2012-04-26,1.7935
2012-04-27,1.7685
2012-04-30,1.7666
2012-05-01,1.7898
2012-05-02,1.8385
2012-05-03,1.8291
2012-05-04,1.7676
2012-05-07,1.7676
2012-05-08,1.7581
2012-05-09,1.7587
2012-05-10,1.7491
2012-05-11,1.7912
2012-05-14,1.7787
2012-05-15,1.7759
2012-05-16,1.7911
2012-05-17,1.7761
2012-05-18,1.7863
2012-05-21,1.7826
2012-05-22,1.7483
2012-05-23,1.7398
2012-05-24,1.6714
2012-05-25,1.6751
2012-05-29,1.6661
2012-05-30,1.6561
2012-05-31,1.6258
2012-06-01,1.6053
2012-06-04,1.6053
2012-06-05,1.5761
2012-06-06,1.5655
2012-06-07,1.5597
2012-06-08,1.5594
2012-06-11,1.5454
2012-06-12,1.5459
2012-06-13,1.5357
2012-06-14,1.5241
2012-06-15,1.494
2012-06-18,1.498
2012-06-19,1.5034
2012-06-20,1.5683
2012-06-21,1.5185
2012-06-22,1.5648
2012-06-25,1.5326
2012-06-26,1.5691
2012-06-27,1.646
2012-06-28,1.6274
2012-06-29,1.6185
2012-07-02,1.6699
2012-07-03,1.7067
2012-07-05,1.7645
2012-07-06,1.7788
2012-07-09,1.734
2012-07-10,1.7616
2012-07-11,1.7938
2012-07-12,1.8091
2012-07-13,1.772
2012-07-16,1.8048
2012-07-17,1.7928
2012-07-18,1.7671
2012-07-19,1.7702
2012-07-20,1.8294
2012-07-23,1.8264
2012-07-24,1.8014
2012-07-25,1.7366
2012-07-26,1.7135
2012-07-27,1.6995
2012-07-30,1.7046
2012-07-31,1.7061
2012-08-01,1.6767
2012-08-02,1.6651
2012-08-03,1.6553
2012-08-06,1.6659
2012-08-07,1.6932
2012-08-08,1.667
2012-08-09,1.6449
2012-08-10,1.6057
2012-08-13,1.5994
2012-08-14,1.5788
2012-08-15,1.5723
2012-08-16,1.5608
2012-08-17,1.5348
2012-08-20,1.5437
2012-08-21,1.5589
2012-08-22,1.5585
2012-08-23,1.5356
2012-08-24,1.5521
2012-08-27,1.577
2012-08-28,1.6205
2012-08-29,1.6233
2012-08-30,1.6204
2012-08-31,1.5907
2012-09-04,1.5937
2012-09-05,1.5982
2012-09-06,1.5617
2012-09-07,1.5466
2012-09-10,1.573
2012-09-11,1.6575
2012-09-12,1.7045
2012-09-13,1.7106
2012-09-14,1.7154
2012-09-17,1.7367
2012-09-18,1.7117
2012-09-19,1.729
2012-09-20,1.7002
2012-09-21,1.6533
2012-09-24,1.6915
2012-09-25,1.6792
2012-09-26,1.6945
2012-09-27,1.6587
2012-09-28,1.6994
2012-10-01,1.6906
2012-10-02,1.7188
2012-10-03,1.7811
2012-10-04,1.7844
2012-10-05,1.7102
2012-10-08,1.6497
2012-10-09,1.6558
2012-10-10,1.6268
2012-10-11,1.6096
2012-10-12,1.585
2012-10-15,1.5953
2012-10-16,1.5823
2012-10-17,1.5934
2012-10-18,1.5826
2012-10-19,1.5467
2012-10-22,1.5688
2012-10-23,1.5991
2012-10-24,1.5694
2012-10-25,1.5612
2012-10-26,1.5659
2012-10-29,1.5659
2012-10-30,1.5694
2012-10-31,1.5525
2012-11-01,1.5278
2012-11-02,1.5179
2012-11-05,1.5316
2012-11-06,1.4975
2012-11-07,1.4935
2012-11-08,1.5139
2012-11-09,1.5138
2012-11-12,1.4952
2012-11-13,1.5239
2012-11-14,1.4668
2012-11-15,1.4737
2012-11-16,1.4748
2012-11-19,1.4699
2012-11-20,1.5099
2012-11-21,1.4636
2012-11-23,1.4698
2012-11-26,1.4462
2012-11-27,1.4307
2012-11-28,1.431
2012-11-29,1.4733
2012-11-30,1.4923
2012-12-03,1.4563
2012-12-04,1.4395
2012-12-05,1.4142
2012-12-06,1.4185
2012-12-07,1.4393
2012-12-10,1.4529
2012-12-11,1.4071
2012-12-12,1.4264
2012-12-13,1.4026
2012-12-14,1.3759
2012-12-17,1.3677
2012-12-18,1.3921
2012-12-19,1.3779
2012-12-20,1.3961
2012-12-21,1.3781
2012-12-24,1.3781
2012-12-26,1.3781
2012-12-27,1.3781
2012-12-28,1.3781
2012-12-31,1.3781
2013-01-02,1.3939
2013-01-03,1.4467
2013-01-04,1.4192
2013-01-07,1.4191
2013-01-08,1.4451
2013-01-09,1.439
2013-01-10,1.4433
2013-01-11,1.4437
2013-01-14,1.4781
2013-01-15,1.4926
2013-01-16,1.4866
2013-01-17,1.483
2013-01-18,1.4993
2013-01-22,1.4996
2013-01-23,1.4346
2013-01-24,1.4512
2013-01-25,1.4143
2013-01-28,1.4206
2013-01-29,1.4242
2013-01-30,1.4415
2013-01-31,1.4242
2013-02-01,1.4233
2013-02-04,1.4248
2013-02-05,1.3964
2013-02-06,1.3956
2013-02-07,1.3793
2013-02-08,1.3668
2013-02-11,1.3685
2013-02-12,1.3632
2013-02-13,1.3695
2013-02-14,1.3548
2013-02-15,1.3441
2013-02-19,1.3373
2013-02-20,1.319
2013-02-21,1.3549
2013-02-22,1.3538
2013-02-25,1.3734
2013-02-26,1.3734
2013-02-27,1.3644
2013-02-28,1.3739
2013-03-01,1.3718
2013-03-04,1.3695
2013-03-05,1.4061
2013-03-06,1.349
2013-03-07,1.3549
2013-03-08,1.3681
2013-03-11,1.3733
2013-03-12,1.3766
2013-03-13,1.3629
2013-03-14,1.3436
2013-03-15,1.335
2013-03-18,1.316
2013-03-19,1.2873
2013-03-20,1.2872
2013-03-21,1.2881
2013-03-22,1.2939
2013-03-25,1.3017
2013-03-26,1.3158
2013-03-27,1.3323
2013-03-28,1.3237
2013-04-01,1.3237
2013-04-02,1.3458
2013-04-03,1.3235
2013-04-04,1.3514
2013-04-05,1.3526
2013-04-08,1.3597
2013-04-09,1.3275
2013-04-10,1.3199
2013-04-11,1.3243
2013-04-12,1.327
2013-04-15,1.3116
2013-04-16,1.2979
2013-04-17,1.3057
2013-04-18,1.3087
2013-04-19,1.3445
2013-04-22,1.3634
2013-04-23,1.3652
2013-04-24,1.3179
2013-04-25,1.3288
2013-04-26,1.3201
2013-04-29,1.2971
2013-04-30,1.2869
2013-05-01,1.2928
2013-05-02,1.2903
2013-05-03,1.3366
2013-05-06,1.3467
2013-05-07,1.3518
2013-05-08,1.3603
2013-05-09,1.3679
2013-05-10,1.4052
2013-05-13,1.3656
2013-05-14,1.3798
2013-05-15,1.3676
2013-05-16,1.3329
2013-05-17,1.3202
2013-05-20,1.308
2013-05-21,1.3004
2013-05-22,1.278
2013-05-23,1.2482
2013-05-24,1.2515
2013-05-28,1.2284
2013-05-29,1.221
2013-05-30,1.2303
2013-05-31,1.2142
2013-06-03,1.2329
2013-06-04,1.2527
2013-06-05,1.2422
2013-06-06,1.236
2013-06-07,1.2527
2013-06-10,1.2342
2013-06-11,1.2498
2013-06-12,1.2376
2013-06-13,1.2008
2013-06-14,1.2022
2013-06-17,1.1904
2013-06-18,1.1891
2013-06-19,1.1843
2013-06-20,1.1982
2013-06-21,1.1528
2013-06-24,1.161
2013-06-25,1.165
2013-06-26,1.1582
2013-06-27,1.1475
2013-06-28,1.1777
2013-07-01,1.1692
2013-07-02,1.1757
2013-07-03,1.2063
2013-07-05,1.1745
2013-07-08,1.1734
2013-07-09,1.1974
2013-07-10,1.1802
2013-07-11,1.462
2013-07-12,1.1962
2013-07-15,1.1588
2013-07-16,1.1946
2013-07-17,1.2116
2013-07-18,1.2373
2013-07-19,1.2494
2013-07-22,1.2071
2013-07-23,1.2135
2013-07-24,1.223
2013-07-25,1.1862
2013-07-26,1.2072
2013-07-29,1.192
2013-07-30,1.1855
2013-07-31,1.1856
2013-08-01,1.1662
2013-08-02,1.1435
2013-08-05,1.1669
2013-08-06,1.1835
2013-08-07,1.1651
2013-08-08,1.1923
2013-08-09,1.1994
2013-08-12,1.4865
2013-08-13,1.2254
2013-08-14,1.1923
2013-08-15,1.2197
2013-08-16,1.2144
2013-08-19,1.2026
2013-08-20,1.4468
2013-08-21,1.1488
2013-08-22,1.1357
2013-08-23,1.1276
2013-08-26,1.1426
2013-08-27,1.1374
2013-08-28,1.1227
2013-08-29,1.1401
2013-08-30,1.1263
2013-09-03,1.1144
2013-09-04,1.1251
2013-09-05,1.1211
2013-09-06,1.1163
2013-09-09,1.128
2013-09-10,1.1298
2013-09-11,1.1249
2013-09-12,1.1553
2013-09-13,1.1523
2013-09-16,1.1481
2013-09-17,1.1465
2013-09-18,1.1067
2013-09-19,1.1066
2013-09-20,1.1111
2013-09-23,1.1119
2013-09-24,1.1344
2013-09-25,1.1439
2013-09-26,1.1448
2013-09-27,1.1251
2013-09-30,1.1063
2013-10-01,1.1049
2013-10-02,1.1034
2013-10-03,1.1102
2013-10-04,1.1145
2013-10-07,1.1091
2013-10-08,1.105
2013-10-09,1.1106
2013-10-10,1.1137
2013-10-11,1.1132
2013-10-14,1.1285
2013-10-15,1.1339
2013-10-16,1.131
2013-10-17,1.1241
2013-10-18,1.1121
2013-10-21,1.1129
2013-10-22,1.0946
2013-10-23,1.0956
2013-10-24,1.0759
2013-10-25,1.0745
2013-10-28,1.0663
2013-10-29,1.049
2013-10-30,1.0452
2013-10-31,1.0466
2013-11-01,1.027
2013-11-04,1.0309
2013-11-05,1.0157
2013-11-06,1.0115
2013-11-07,0.9971
2013-11-08,1.0141
2013-11-11,1.0216
2013-11-12,1.0176
2013-11-13,1.0334
2013-11-14,1.0085
2013-11-15,1.0046
2013-11-18,1.0329
2013-11-19,1.0382
2013-11-20,1.0424
2013-11-21,1.0449
2013-11-22,1.0535
2013-11-25,1.0222
2013-11-26,1.0248
2013-11-27,1.0321
2013-11-29,1.0227
2013-12-02,1.061
2013-12-03,1.0464
2013-12-04,1.0497
2013-12-05,1.0358
2013-12-06,1.0126
2013-12-09,1.0157
2013-12-10,1.012
2013-12-11,1.0533
2013-12-12,1.0505
2013-12-13,1.0603
2013-12-16,1.093
2013-12-17,1.0984
2013-12-18,1.0843
2013-12-19,1.0999
2013-12-20,1.0961
2013-12-23,1.0961
2013-12-24,1.0961
2013-12-26,1.0961
2013-12-27,1.0961
2013-12-30,1.0961
2013-12-31,1.0961
2014-01-02,1.0764
2014-01-03,1.0764
2014-01-06,1.1211
2014-01-07,1.1648
2014-01-08,1.1357
2014-01-09,1.1684
2014-01-10,1.1567
2014-01-13,1.1564
2014-01-14,1.1493
2014-01-15,1.15
2014-01-16,1.1268
2014-01-17,1.1378
2014-01-21,1.1411
2014-01-22,1.1277
2014-01-23,1.1194
2014-01-24,1.1264
2014-01-27,1.1195
2014-01-28,1.1213
2014-01-29,1.1209
2014-01-30,1.1436
2014-01-31,1.1709
2014-02-03,1.2188
2014-02-04,1.3233
2014-02-05,1.322
2014-02-06,1.3922
2014-02-07,1.3492
2014-02-10,1.3246
2014-02-11,1.3264
2014-02-12,1.3348
2014-02-13,1.3645
2014-02-14,1.3629
2014-02-18,1.3664
2014-02-19,1.4765
2014-02-20,1.636
2014-02-21,1.6209
2014-02-24,1.6364
2014-02-25,1.7052
2014-02-26,1.6946
2014-02-27,1.6929
2014-02-28,1.7186
2014-03-03,1.7364
2014-03-04,1.8457
2014-03-05,1.7973
2014-03-06,1.9173
2014-03-07,1.8811
2014-03-10,1.9051
2014-03-11,1.9656
2014-03-12,1.9907
2014-03-13,1.9852
2014-03-14,1.9977
2014-03-17,1.9204
2014-03-18,1.8521
2014-03-19,1.8518
2014-03-20,1.8021
2014-03-21,1.6943
2014-03-24,1.6595
2014-03-25,1.7147
2014-03-26,1.7069
2014-03-27,1.712
2014-03-28,1.7217
2014-03-31,1.7643
2014-04-01,1.7376
2014-04-02,1.7135
2014-04-03,1.6896
2014-04-04,1.6992
2014-04-07,1.7876
2014-04-08,1.8761
2014-04-09,1.9117
2014-04-10,1.9117
2014-04-11,1.9961
2014-04-14,1.964
2014-04-15,1.9926
2014-04-16,1.9069
2014-04-17,1.8222
2014-04-21,1.8222
2014-04-22,1.8651
2014-04-23,1.967
2014-04-24,2.0301
2014-04-25,2.0283
2014-04-28,2.0069
2014-04-29,1.952
2014-04-30,2.0004
2014-05-01,1.9858
2014-05-02,1.9598
2014-05-05,1.9598
2014-05-06,1.9908
2014-05-07,1.9665
2014-05-08,1.9582
2014-05-09,1.9076
2014-05-12,1.7674
2014-05-13,1.798
2014-05-14,1.7906
2014-05-15,1.7605
2014-05-16,1.8805
2014-05-19,1.7857
2014-05-20,1.776
2014-05-21,1.7879
2014-05-22,1.7615
2014-05-23,1.7592
2014-05-26,1.819
2014-05-27,2.0512
2014-05-28,1.7373
2014-05-29,1.687
2014-05-30,1.7369
2014-06-02,1.7201
2014-06-03,1.6679
2014-06-04,1.6472
2014-06-05,1.6413
2014-06-06,1.6306
2014-06-09,1.6367
2014-06-10,1.5745
2014-06-11,1.6208
2014-06-12,1.6688
2014-06-13,1.6728
2014-06-16,1.6796
2014-06-17,1.6693
2014-06-18,1.6291
2014-06-19,1.6229
2014-06-20,1.6116
2014-06-23,1.6682
2014-06-24,1.6758
2014-06-25,1.6589
2014-06-26,1.7207
2014-06-27,1.7092
2014-06-30,1.6562
2014-07-01,1.6495
2014-07-02,1.6251
2014-07-03,1.6345
2014-07-07,1.6269
2014-07-08,1.6213
2014-07-09,1.6372
2014-07-10,1.6375
2014-07-11,1.5477
2014-07-14,1.5477
2014-07-15,1.567
2014-07-16,1.543
2014-07-17,1.5499
2014-07-18,1.5688
2014-07-21,1.628
2014-07-22,1.6495
2014-07-23,1.6211
2014-07-24,1.6906
2014-07-25,1.7286
2014-07-28,1.7395
2014-07-29,1.7457
2014-07-30,1.7484
2014-07-31,1.7658
2014-08-01,1.8872
2014-08-04,1.8854
2014-08-05,1.8311
2014-08-06,1.8408
2014-08-07,1.8469
2014-08-08,1.7823
2014-08-11,1.7575
2014-08-12,1.8335
2014-08-13,1.7913
2014-08-14,1.8087
2014-08-15,1.7812
2014-08-18,1.8446
2014-08-19,1.8489
2014-08-20,1.7859
2014-08-21,1.8025
2014-08-22,1.8133
2014-08-25,1.8133
2014-08-26,1.8039
2014-08-27,1.8854
2014-08-28,1.9037
2014-08-29,1.9085
2014-09-02,1.9553
2014-09-03,2.028
2014-09-04,1.9605
2014-09-05,1.9667
2014-09-08,1.9025
2014-09-09,1.8663
2014-09-10,1.8531
2014-09-11,1.7679
2014-09-12,1.7746
2014-09-15,1.7653
2014-09-16,1.7394
2014-09-17,1.7692
2014-09-18,1.7606
2014-09-19,1.7343
2014-09-22,1.7107
2014-09-23,1.7188
2014-09-24,1.7407
2014-09-25,1.8137
2014-09-26,1.7458
2014-09-29,1.7953
2014-09-30,1.8368
2014-10-01,1.8684
2014-10-02,1.93
2014-10-03,2.0086
2014-10-06,2.001
2014-10-07,2.115
2014-10-08,2.0792
2014-10-09,2.0689
2014-10-10,2.1347
2014-10-13,2.1117
2014-10-14,2.1077
2014-10-15,2.1222
2014-10-16,2.0889
2014-10-17,2.0848
2014-10-20,2.025
2014-10-21,1.9145
2014-10-22,1.9018
2014-10-23,1.8518
2014-10-24,1.8519
2014-10-27,1.8247
2014-10-28,1.8249
2014-10-29,1.8394
2014-10-30,1.8221
2014-10-31,1.7972
2014-11-03,1.8148
2014-11-04,1.7943
2014-11-05,1.8134
2014-11-06,1.7918
2014-11-07,1.7755
2014-11-10,1.7633
2014-11-11,1.764
2014-11-12,1.7929
2014-11-13,1.7819
2014-11-14,1.8263
2014-11-17,1.8508
2014-11-18,1.8273
2014-11-19,1.8312
2014-11-20,1.8952
2014-11-21,1.8162
2014-11-24,1.8134
2014-11-25,1.8313
2014-11-26,1.8491
2014-11-28,1.8438
2014-12-01,1.7825
2014-12-02,1.7809
2014-12-03,1.7427
2014-12-04,1.7433
2014-12-05,1.7276
2014-12-08,1.7074
2014-12-09,1.6878
2014-12-10,1.7041
2014-12-11,1.6932
2014-12-12,1.6728
2014-12-15,1.6528
2014-12-16,1.6772
2014-12-17,1.676
2014-12-18,1.6329
2014-12-19,1.6487
2014-12-22,1.6722
2014-12-23,1.6471
2014-12-24,1.6471
2014-12-26,1.6471
2014-12-29,1.6471
2014-12-30,1.6471
2014-12-31,1.6471
2015-01-02,1.6471
2015-01-05,1.5408
2015-01-06,1.6047
2015-01-07,1.6706
2015-01-08,1.6792
2015-01-09,1.7166
2015-01-12,1.7404
2015-01-13,1.7224
2015-01-14,1.7058
2015-01-15,1.7439
2015-01-16,1.6439
2015-01-20,1.6493
2015-01-21,1.5893
2015-01-22,1.5667
2015-01-23,1.5522
2015-01-26,1.5726
2015-01-27,1.5679
2015-01-28,1.6151
2015-01-29,1.6222
2015-01-30,1.554
2015-02-02,1.5632
2015-02-03,1.5749
2015-02-04,1.5668
2015-02-05,1.607
2015-02-06,1.5994
2015-02-09,1.6238
2015-02-10,1.6285
2015-02-11,1.5663
2015-02-12,1.5588
2015-02-13,1.6036
2015-02-17,1.597
2015-02-18,1.5188
2015-02-19,1.5025
2015-02-20,1.4614
2015-02-23,1.455
2015-02-24,1.4227
2015-02-25,1.4229
2015-02-26,1.3774
2015-02-27,1.3485
2015-03-02,1.352
2015-03-03,1.3264
2015-03-04,1.2649
2015-03-05,1.3117
2015-03-06,1.2922
2015-03-09,1.3351
2015-03-10,1.3211
2015-03-11,1.3048
2015-03-12,1.2782
2015-03-13,1.2751
2015-03-16,1.2535
2015-03-17,1.3473
2015-03-18,1.3528
2015-03-19,1.3506
2015-03-20,1.409
2015-03-23,1.4138
2015-03-24,1.3996
2015-03-25,1.3581
2015-03-26,1.385
2015-03-27,1.3904
2015-03-30,1.3685
2015-03-31,1.3239
2015-04-01,1.3181
2015-04-02,1.3454
2015-04-06,1.3454
2015-04-07,1.4244
2015-04-08,1.4079
2015-04-09,1.3425
2015-04-10,1.3561
2015-04-13,1.3427
2015-04-14,1.3403
2015-04-15,1.3271
2015-04-16,1.3401
2015-04-17,1.3745
2015-04-20,1.3771
2015-04-21,1.373
2015-04-22,1.3922
2015-04-23,1.4071
2015-04-24,1.3847
2015-04-27,1.3876
2015-04-28,1.3287
2015-04-29,1.3512
2015-04-30,1.3523
2015-05-01,1.3746
2015-05-04,1.3398
2015-05-05,1.3247
2015-05-06,1.3137
2015-05-07,1.2749
2015-05-08,1.2889
2015-05-11,1.3126
2015-05-12,1.316
2015-05-13,1.3253
2015-05-14,1.3192
2015-05-15,1.3325
2015-05-18,1.3584
2015-05-19,1.4
2015-05-20,1.3848
2015-05-21,1.3345
2015-05-22,1.2812
2015-05-26,1.2507
2015-05-27,1.245
2015-05-28,1.2515
2015-05-29,1.2615
2015-06-01,1.298
2015-06-02,1.327
2015-06-03,1.343
2015-06-04,1.357
2015-06-05,1.351
2015-06-08,1.3655
2015-06-09,1.3955
2015-06-10,1.3855
2015-06-11,1.3445
2015-06-12,1.344
2015-06-15,1.303
2015-06-16,1.32
2015-06-17,1.294
2015-06-18,1.3195
2015-06-19,1.301
2015-06-22,1.325
2015-06-23,1.297
2015-06-24,1.351
2015-06-25,1.351
2015-06-26,1.3345
2015-06-29,1.324
2015-06-30,1.324
2015-07-01,1.27
2015-07-02,1.274
2015-07-06,1.2515
2015-07-07,1.247
2015-07-08,1.2495
2015-07-09,1.2525
2015-07-10,1.2625
2015-07-13,1.288
2015-07-14,1.32
2015-07-15,1.2975
2015-07-16,1.2885
2015-07-17,1.284
2015-07-20,1.2745
2015-07-21,1.2595
2015-07-22,1.2505
2015-07-23,1.2155
2015-07-24,1.2225
2015-07-27,1.204
2015-07-28,1.2025
2015-07-29,1.2215
2015-07-30,1.249
2015-07-31,1.2525
2015-08-03,1.2395
2015-08-04,1.249
2015-08-05,1.259
2015-08-06,1.2425
2015-08-07,1.278
2015-08-10,1.3655
2015-08-11,1.4035
2015-08-12,1.3525
2015-08-13,1.406
2015-08-14,1.4115
2015-08-17,1.3855
2015-08-18,1.3905
2015-08-19,1.348
2015-08-20,1.3245
2015-08-21,1.2645
2015-08-24,1.217
2015-08-25,1.2055
2015-08-26,1.222
2015-08-27,1.2455
2015-08-28,1.2405
2015-08-31,1.243
2015-09-01,1.208
2015-09-02,1.1835
2015-09-03,1.1955
2015-09-04,1.1915
2015-09-08,1.21
2015-09-09,1.211
2015-09-10,1.164
2015-09-11,1.1655
2015-09-14,1.202
2015-09-15,1.187
2015-09-16,1.181
2015-09-17,1.1855
2015-09-18,1.1835
2015-09-21,1.1725
2015-09-22,1.1545
2015-09-23,1.162
2015-09-24,1.183
2015-09-25,1.227
2015-09-28,1.1915
2015-09-29,1.2085
2015-09-30,1.2135
2015-10-01,1.2075
2015-10-02,1.243
2015-10-05,1.2755
2015-10-06,1.281
2015-10-07,1.2605
2015-10-08,1.2845
2015-10-09,1.316
2015-10-12,1.345
2015-10-13,1.3435
2015-10-14,1.3465
2015-10-15,1.337
2015-10-16,1.2585
2015-10-19,1.239
2015-10-20,1.2475
2015-10-21,1.21
2015-10-22,1.1985
2015-10-23,1.1845
2015-10-26,1.173
2015-10-27,1.173
2015-10-28,1.191
2015-10-29,1.203
2015-10-30,1.2095
2015-11-02,1.188
2015-11-03,1.2025
2015-11-04,1.205
2015-11-05,1.209
2015-11-06,1.1775
2015-11-09,1.2135
2015-11-10,1.197
2015-11-11,1.2015
2015-11-12,1.1875
2015-11-13,1.158
2015-11-16,1.182
2015-11-17,1.1825
2015-11-18,1.1575
2015-11-19,1.222
2015-11-20,1.244
2015-11-23,1.2245
2015-11-24,1.245
2015-11-25,1.2555
2015-11-27,1.236
2015-11-30,1.1965
2015-12-01,1.199
2015-12-02,1.2045
2015-12-03,1.2485
2015-12-04,1.2695
2015-12-07,1.2605
2015-12-08,1.252
2015-12-09,1.268
2015-12-10,1.2635
2015-12-11,1.212
2015-12-14,1.199
2015-12-15,1.199
2015-12-16,1.1925
2015-12-17,1.183
2015-12-18,1.19
2015-12-21,1.175
2015-12-22,1.1915
2015-12-23,1.2095
2015-12-24,1.197
2015-12-28,1.1915
2015-12-29,1.2145
2015-12-30,1.2365
2015-12-31,1.267
2016-01-04,1.239
2016-01-05,1.23
2016-01-06,1.1995
2016-01-07,1.1845
2016-01-08,1.19
2016-01-11,1.1445
2016-01-12,1.1435
2016-01-13,1.148
2016-01-14,1.159
2016-01-15,1.149
2016-01-19,1.1565
2016-01-20,1.116
2016-01-21,1.144
2016-01-22,1.16
2016-01-25,1.1645
2016-01-26,1.167
2016-01-27,1.182
2016-01-28,1.1915
2016-01-29,1.1635
2016-02-01,1.1775
2016-02-02,1.1985
2016-02-03,1.2155
2016-02-04,1.232
2016-02-05,1.204
2016-02-08,1.1575
2016-02-09,1.1685
2016-02-10,1.1685
2016-02-11,1.15
2016-02-12,1.175
2016-02-16,1.17
2016-02-17,1.166
2016-02-18,1.161
2016-02-19,1.1655
2016-02-22,1.206
2016-02-23,1.1925
2016-02-24,1.17
2016-02-25,1.1615
2016-02-26,1.152
2016-02-29,1.1505
2016-03-01,1.1475
2016-03-02,1.1555
2016-03-03,1.1785
2016-03-04,1.2105
2016-03-07,1.209
2016-03-08,1.217
2016-03-09,1.2235
2016-03-10,1.2215
2016-03-11,1.258
2016-03-14,1.272
2016-03-15,1.257
2016-03-16,1.2905
2016-03-17,1.3255
2016-03-18,1.343
2016-03-21,1.3155
2016-03-22,1.3465
2016-03-23,1.311
2016-03-24,1.2755
2016-03-28,1.2855
2016-03-29,1.2745
2016-03-30,1.27
2016-03-31,1.2745
2016-04-01,1.2725
2016-04-04,1.228
2016-04-05,1.209
2016-04-06,1.215
2016-04-07,1.2195
2016-04-08,1.2255
2016-04-11,1.2525
2016-04-12,1.263
2016-04-13,1.236
2016-04-14,1.251
2016-04-15,1.2485
2016-04-18,1.2595
2016-04-19,1.279
2016-04-20,1.287
2016-04-21,1.241
2016-04-22,1.2335
2016-04-25,1.2355
2016-04-26,1.2575
2016-04-27,1.215
2016-04-28,1.2095
2016-04-29,1.215
2016-05-02,1.1965
2016-05-03,1.1925
2016-05-04,1.197
2016-05-05,1.215
2016-05-06,1.245
2016-05-09,1.2645
2016-05-10,1.2875
2016-05-11,1.2975
2016-05-12,1.3005
2016-05-13,1.301
2016-05-16,1.336
2016-05-17,1.327
2016-05-18,1.301
2016-05-19,1.2395
2016-05-20,1.247
2016-05-23,1.2215
2016-05-24,1.218
2016-05-25,1.214
2016-05-26,1.215
2016-05-27,1.213
2016-05-31,1.2155
2016-06-01,1.219
2016-06-02,1.23
2016-06-03,1.271
2016-06-06,1.317
2016-06-07,1.322
2016-06-08,1.4165
2016-06-09,1.3585
2016-06-10,1.3885
2016-06-13,1.393
2016-06-14,1.3705
2016-06-15,1.401
2016-06-16,1.4145
2016-06-17,1.4285
2016-06-20,1.413
2016-06-21,1.4095
2016-06-22,1.397
2016-06-23,1.429
2016-06-24,1.3715
2016-06-27,1.3605
2016-06-28,1.406
2016-06-29,1.4445
2016-06-30,1.4565
2016-07-01,1.464
2016-07-05,1.4555
2016-07-06,1.433
2016-07-07,1.418
2016-07-08,1.441
2016-07-11,1.493
2016-07-12,1.474
2016-07-13,1.4765
2016-07-14,1.5215
2016-07-15,1.4755
2016-07-18,1.4945
2016-07-19,1.4655
2016-07-20,1.47
2016-07-21,1.4685
2016-07-22,1.419
2016-07-25,1.411
2016-07-26,1.416
2016-07-27,1.412
2016-07-28,1.4215
2016-07-29,1.462
2016-08-01,1.4345
2016-08-02,1.4125
2016-08-03,1.404
2016-08-04,1.421
2016-08-05,1.4615
2016-08-08,1.448
2016-08-09,1.4475
2016-08-10,1.4235
2016-08-11,1.4115
2016-08-12,1.4035
2016-08-15,1.4055
2016-08-16,1.4075
2016-08-17,1.381
2016-08-18,1.4145
2016-08-19,1.416
2016-08-22,1.464
2016-08-23,1.4725
2016-08-24,1.431
2016-08-25,1.4445
2016-08-26,1.4485
2016-08-29,1.451
2016-08-30,1.4605
2016-08-31,1.4705
2016-09-01,1.514
2016-09-02,1.514
2016-09-06,1.5375
2016-09-07,1.551
2016-09-08,1.549
2016-09-09,1.5115
2016-09-12,1.509
2016-09-13,1.484
2016-09-14,1.489
2016-09-15,1.489
2016-09-16,1.484
2016-09-19,1.528
2016-09-20,1.568
2016-09-21,1.5655
2016-09-22,1.5525
2016-09-23,1.514
2016-09-26,1.5355
2016-09-27,1.537
2016-09-28,1.531
2016-09-29,1.5015
2016-09-30,1.5155
2016-10-03,1.4755
2016-10-04,1.4745
2016-10-05,1.482
2016-10-06,1.464
2016-10-07,1.48
2016-10-10,1.5285
2016-10-11,1.508
2016-10-12,1.521
2016-10-13,1.527
2016-10-14,1.554
2016-10-17,1.571
2016-10-18,1.5875
2016-10-19,1.5785
2016-10-20,1.559
2016-10-21,1.561
2016-10-24,1.579
2016-10-25,1.645
2016-10-26,1.637
2016-10-27,1.648
2016-10-28,1.655
2016-10-31,1.6415
2016-11-01,1.6145
2016-11-02,1.629
2016-11-03,1.6565
2016-11-04,1.7135
2016-11-07,1.7435
2016-11-08,1.712
2016-11-09,1.738
2016-11-10,1.6565
2016-11-11,1.631
2016-11-14,1.6545
2016-11-15,1.653
2016-11-16,1.644
2016-11-17,1.6295
2016-11-18,1.621
2016-11-21,1.633
2016-11-22,1.6185
2016-11-23,1.577
2016-11-25,1.554
2016-11-28,1.5665
2016-11-29,1.5305
2016-11-30,1.506
2016-12-01,1.449
2016-12-02,1.458
2016-12-05,1.445
2016-12-06,1.42
2016-12-07,1.417
2016-12-08,1.414
2016-12-09,1.3935
2016-12-12,1.42
2016-12-13,1.4285
2016-12-14,1.4415
2016-12-15,1.422
2016-12-16,1.4245
2016-12-19,1.4425
2016-12-20,1.4385
2016-12-21,1.4455
2016-12-22,1.391
2016-12-23,1.3615
2016-12-27,1.342
2016-12-28,1.335
2016-12-29,1.3545
2016-12-30,1.3705
2017-01-03,1.374
2017-01-04,1.418
2017-01-05,1.4375
2017-01-06,1.4285
2017-01-09,1.442
2017-01-10,1.477
2017-01-11,1.49
2017-01-12,1.496
2017-01-13,1.493
2017-01-17,1.499
2017-01-18,1.492
2017-01-19,1.5075
2017-01-20,1.532
2017-01-23,1.554
2017-01-24,1.5235
2017-01-25,1.529
2017-01-26,1.5145
2017-01-27,1.524
2017-01-30,1.5115
2017-01-31,1.4955
2017-02-01,1.5015
2017-02-02,1.485
2017-02-03,1.487
2017-02-06,1.4655
2017-02-07,1.4505
2017-02-08,1.453
2017-02-09,1.476
2017-02-10,1.4815
2017-02-13,1.4655
2017-02-14,1.4595
2017-02-15,1.4695
2017-02-16,1.484
2017-02-17,1.4955
2017-02-21,1.5185
2017-02-22,1.509
2017-02-23,1.4995
2017-02-24,1.4625
2017-02-27,1.411
2017-02-28,1.426
2017-03-01,1.448
2017-03-02,1.4435
2017-03-03,1.433
2017-03-06,1.4145
2017-03-07,1.407
2017-03-08,1.4175
2017-03-09,1.4045
2017-03-10,1.4135
2017-03-13,1.4235
2017-03-14,1.4125
2017-03-15,1.409
2017-03-16,1.4145
2017-03-17,1.4205
2017-03-20,1.4525
2017-03-21,1.4475
2017-03-22,1.417
2017-03-23,1.405
2017-03-24,1.376
2017-03-27,1.392
2017-03-28,1.3885
2017-03-29,1.393
2017-03-30,1.393
2017-03-31,1.393
2017-04-03,1.3785
2017-04-04,1.3775
2017-04-05,1.373
2017-04-06,1.3775
2017-04-07,1.424
2017-04-10,1.4215
2017-04-11,1.424
2017-04-12,1.406
2017-04-13,1.4125
2017-04-17,1.435
2017-04-18,1.4555
2017-04-19,1.4065
2017-04-20,1.343
2017-04-21,1.329
2017-04-24,1.319
2017-04-25,1.324
2017-04-26,1.307
2017-04-27,1.295
2017-04-28,1.334
2017-05-01,1.3585
2017-05-02,1.3625
2017-05-03,1.3745
2017-05-04,1.3495
2017-05-05,1.357
2017-05-08,1.369
2017-05-09,1.3515
2017-05-10,1.3665
2017-05-11,1.3425
2017-05-12,1.3495
2017-05-15,1.3345
2017-05-16,1.3145
2017-05-17,1.344
2017-05-18,1.2965
2017-05-19,1.321
2017-05-22,1.306
2017-05-23,1.3025
2017-05-24,1.2855
2017-05-25,1.293
2017-05-26,1.312
2017-05-30,1.321
2017-05-31,1.2935
2017-06-01,1.277
2017-06-02,1.2555
2017-06-05,1.2845
2017-06-06,1.2555
2017-06-07,1.2575
2017-06-08,1.2635
2017-06-09,1.2885
2017-06-12,1.298
2017-06-13,1.2865
2017-06-14,1.2775
2017-06-15,1.2805
2017-06-16,1.2595
2017-06-19,1.266
2017-06-20,1.246
2017-06-21,1.2205
2017-06-22,1.165
2017-06-23,1.23
2017-06-26,1.245
2017-06-27,1.253
2017-06-28,1.244
2017-06-29,1.2635
2017-06-30,1.257
2017-07-03,1.277
2017-07-05,1.3
2017-07-06,1.291
2017-07-07,1.289
2017-07-10,1.286
2017-07-11,1.269
2017-07-12,1.276
2017-07-13,1.312
2017-07-14,1.337
2017-07-17,1.3355
2017-07-18,1.349
2017-07-19,1.358
2017-07-20,1.35
2017-07-21,1.3655
2017-07-24,1.3255
2017-07-25,1.306
2017-07-26,1.348
2017-07-27,1.3595
2017-07-28,1.3785
2017-07-31,1.3925
2017-08-01,1.3785
2017-08-02,1.4035
2017-08-03,1.402
2017-08-04,1.4015
2017-08-07,1.4205
2017-08-08,1.463
2017-08-09,1.4615
2017-08-10,1.42
2017-08-11,1.4385
2017-08-14,1.405
2017-08-15,1.3555
2017-08-16,1.345
2017-08-17,1.3205
2017-08-18,1.317
2017-08-21,1.3015
2017-08-22,1.291
2017-08-23,1.287
2017-08-24,1.279
2017-08-25,1.314
2017-08-28,1.3135
2017-08-29,1.2865
2017-08-30,1.282
2017-08-31,1.2935
2017-09-01,1.2905
2017-09-04,1.2905
2017-09-05,1.2785
2017-09-06,1.279
2017-09-07,1.2915
2017-09-08,1.3065
2017-09-11,1.3185
2017-09-12,1.3505
2017-09-13,1.3785
2017-09-14,1.3765
2017-09-15,1.414
2017-09-18,1.4035
2017-09-19,1.3535
2017-09-20,1.3655
2017-09-21,1.35
2017-09-22,1.3445
2017-09-25,1.3155
2017-09-26,1.3225
2017-09-27,1.2935
2017-09-28,1.285
2017-09-29,1.2805
2017-10-02,1.272
2017-10-03,1.2545
2017-10-04,1.2515
2017-10-05,1.272
2017-10-06,1.3
2017-10-09,1.3095
2017-10-10,1.31
2017-10-11,1.268
2017-10-12,1.2635
2017-10-13,1.2645
2017-10-16,1.2375
2017-10-17,1.2415
2017-10-18,1.243
2017-10-19,1.2685
2017-10-20,1.2525
2017-10-23,1.2435
2017-10-24,1.232
2017-10-25,1.241
2017-10-26,1.2455
2017-10-27,1.266
2017-10-30,1.259
2017-10-31,1.251
2017-11-01,1.2295
2017-11-02,1.264
2017-11-03,1.2395
2017-11-06,1.2555
2017-11-07,1.247
2017-11-08,1.2575
2017-11-09,1.264
2017-11-10,1.2755
2017-11-13,1.276
2017-11-14,1.2705
2017-11-15,1.2675
2017-11-16,1.267
2017-11-17,1.238
2017-11-20,1.229
2017-11-21,1.2385
2017-11-22,1.2455
2017-11-24,1.248
2017-11-27,1.2608
2017-11-28,1.2841
2017-11-29,1.3116
2017-11-30,1.2806
2017-12-01,1.2955
2017-12-04,1.285
2017-12-05,1.274
2017-12-06,1.261
2017-12-07,1.229
2017-12-08,1.226
2017-12-11,1.2
2017-12-12,1.1845
2017-12-13,1.201
2017-12-14,1.203
2017-12-15,1.2075
2017-12-18,1.219
2017-12-19,1.2175
2017-12-20,1.2315
2017-12-21,1.2225
2017-12-22,1.204
2017-12-26,1.222
2017-12-27,1.245
2017-12-28,1.248
2017-12-29,1.262
2018-01-02,1.302
2018-01-03,1.286
2018-01-04,1.2955
2018-01-05,1.2845
2018-01-08,1.2515
2018-01-09,1.2515
2018-01-10,1.2395
2018-01-11,1.228
2018-01-12,1.2225
2018-01-16,1.2045
2018-01-17,1.231
2018-01-18,1.211
2018-01-19,1.2125
2018-01-22,1.2255
2018-01-23,1.2095
2018-01-24,1.225
2018-01-25,1.2365
2018-01-26,1.2515
2018-01-29,1.2495
2018-01-30,1.223
2018-01-31,1.2185
2018-02-01,1.214
2018-02-02,1.204
2018-02-05,1.198
2018-02-06,1.2285
2018-02-07,1.233
2018-02-08,1.2285
2018-02-09,1.2185
2018-02-12,1.214
2018-02-13,1.2275
2018-02-14,1.228
2018-02-15,1.2175
2018-02-16,1.1795
2018-02-20,1.182
2018-02-21,1.1695
2018-02-22,1.196
2018-02-23,1.1976
2018-02-26,1.2106
2018-02-27,1.2064
2018-02-28,1.2181
2018-03-01,1.2395
2018-03-02,1.222
2018-03-05,1.211
2018-03-06,1.2125
2018-03-07,1.2075
2018-03-08,1.203
2018-03-09,1.2015
2018-03-12,1.1945
2018-03-13,1.2155
2018-03-14,1.2105
2018-03-15,1.1875
2018-03-16,1.1805
2018-03-19,1.1935
2018-03-20,1.1895
2018-03-21,1.1885
2018-03-22,1.19
2018-03-23,1.172
2018-03-26,1.1815
2018-03-27,1.1895
2018-03-28,1.1775
2018-03-29,1.1815
2018-04-02,1.164
2018-04-03,1.166
2018-04-04,1.169
2018-04-05,1.1755
2018-04-06,1.1745
2018-04-09,1.1865
2018-04-10,1.176
2018-04-11,1.1815
2018-04-12,1.179
2018-04-13,1.173
2018-04-16,1.1425
2018-04-17,1.1355
2018-04-18,1.149
2018-04-19,1.1425
2018-04-20,1.1575
2018-04-23,1.17
2018-04-24,1.185
2018-04-25,1.1724
2018-04-26,1.1842
2018-04-27,1.2158
2018-04-30,1.2237
2018-05-01,1.248
2018-05-02,1.2375
2018-05-03,1.2435
2018-05-04,1.226
2018-05-07,1.2075
2018-05-08,1.196
2018-05-09,1.1875
2018-05-10,1.1955
2018-05-11,1.194
2018-05-14,1.176
2018-05-15,1.1695
2018-05-16,1.173
2018-05-17,1.179
2018-05-18,1.18
2018-05-21,1.202
2018-05-22,1.2085
2018-05-23,1.1935
2018-05-24,1.2055
2018-05-25,1.204
2018-05-29,1.2025
2018-05-30,1.203
2018-05-31,1.237
2018-06-01,1.2275
2018-06-04,1.215
2018-06-05,1.1945
2018-06-06,1.1825
2018-06-07,1.157
2018-06-08,1.1725
2018-06-11,1.171
2018-06-12,1.1735
2018-06-13,1.1635
2018-06-14,1.157
2018-06-15,1.152
2018-06-18,1.1445
2018-06-19,1.141
2018-06-20,1.1365
2018-06-21,1.126
2018-06-22,1.1385
2018-06-25,1.1415
2018-06-26,1.1538
2018-06-27,1.1556
2018-06-28,1.1431
2018-06-29,1.1438
2018-07-02,1.1165
2018-07-03,1.119
2018-07-05,1.0915
2018-07-06,1.141
2018-07-09,1.1505
2018-07-10,1.148
2018-07-11,1.1205
2018-07-12,1.1155
2018-07-13,1.099
2018-07-16,1.103
2018-07-17,1.0925
2018-07-18,1.0815
2018-07-19,1.088
2018-07-20,1.1065
2018-07-23,1.1165
2018-07-24,1.1095
2018-07-25,1.11
2018-07-26,1.0955
2018-07-27,1.1045
2018-07-30,1.114
2018-07-31,1.099
2018-08-01,1.0805
2018-08-02,1.067
2018-08-03,1.0775
2018-08-06,1.0875
2018-08-07,1.0905
2018-08-08,1.0785
2018-08-09,1.0765
2018-08-10,1.07
2018-08-13,1.0625
2018-08-14,1.0505
2018-08-15,1.024
2018-08-16,1.017
2018-08-17,1.012
2018-08-20,0.9725
2018-08-21,0.9795
2018-08-22,0.964
2018-08-23,0.972
2018-08-24,1.0055
2018-08-27,1.0185
2018-08-28,1.0001
2018-08-29,1.0035
2018-08-30,1.0117
2018-08-31,1.0106
2018-09-04,1.0145
2018-09-05,1.038
2018-09-06,1.022
2018-09-07,1.0245
2018-09-10,1.0125
2018-09-11,1.0045
2018-09-12,1.021
2018-09-13,1.0065
2018-09-14,0.997
2018-09-17,0.973
2018-09-18,0.9585
2018-09-19,0.967
2018-09-20,0.9975
2018-09-21,0.999
2018-09-24,0.985
2018-09-25,0.971
2018-09-26,0.9775
2018-09-27,0.993
2018-09-28,1.0245
2018-10-01,1.022
2018-10-02,1.0765
2018-10-03,1.066
2018-10-04,1.0695
2018-10-05,1.0895
2018-10-08,1.1185
2018-10-09,1.1315
2018-10-10,1.119
2018-10-11,1.129
2018-10-12,1.1655
2018-10-15,1.1935
2018-10-16,1.1765
2018-10-17,1.2255
2018-10-18,1.2205
2018-10-19,1.221
2018-10-22,1.1765
2018-10-23,1.211
2018-10-24,1.2025
2018-10-25,1.2115
2018-10-26,1.1965
2018-10-29,1.1425
2018-10-30,1.124
2018-10-31,1.127
2018-11-01,1.178
2018-11-02,1.2005
2018-11-05,1.171
2018-11-06,1.1325
2018-11-07,1.156
2018-11-08,1.1665
2018-11-09,1.1385
2018-11-12,1.1015
2018-11-13,1.092
2018-11-14,1.1265
2018-11-15,1.1005
2018-11-16,1.126
2018-11-19,1.1235
2018-11-20,1.1065
2018-11-21,1.103
2018-11-23,1.0715
2018-11-26,1.07
2018-11-27,1.1026
2018-11-28,1.1162
2018-11-29,1.1078
2018-11-30,1.0669
2018-12-03,1.078
2018-12-04,1.069
2018-12-05,1.0595
2018-12-06,1.0595
2018-12-07,1.041
2018-12-10,1.0515
2018-12-11,1.0235
2018-12-12,1.0305
2018-12-13,1.041
2018-12-14,1.0225
2018-12-17,1.001
2018-12-18,0.994
2018-12-19,1.0085
2018-12-20,1.025
2018-12-21,0.997
2018-12-24,1.022
2018-12-26,1.039
2018-12-27,1.0175
2018-12-28,1.0095
2018-12-31,1.0185
2019-01-02,0.995
2019-01-03,1.0215
2019-01-04,1.016
2019-01-07,1.0275
2019-01-08,1.0505
2019-01-09,1.053
2019-01-10,1.0425
2019-01-11,1.0385
2019-01-14,1.0275
2019-01-15,1.013
2019-01-16,1.024
2019-01-17,1.024
2019-01-18,1.0495
2019-01-22,1.0335
2019-01-23,1.034
2019-01-24,1.053
2019-01-25,1.068
2019-01-28,1.0265
2019-01-29,1.026
2019-01-30,1.021
2019-01-31,1.059
2019-02-01,1.037
2019-02-04,1.056
2019-02-05,1.0485
2019-02-06,1.055
2019-02-07,1.043
2019-02-08,1.026
2019-02-11,1.002
2019-02-12,1.0045
2019-02-13,0.989
2019-02-14,0.9785
2019-02-15,0.9795
2019-02-19,0.972
2019-02-20,0.9755
2019-02-21,0.961
2019-02-22,0.9645
2019-02-25,0.9709
2019-02-26,0.9485
2019-02-27,0.9765
2019-02-28,0.978
2019-03-01,1.002
2019-03-04,0.9735
2019-03-05,0.9965
2019-03-06,0.987
2019-03-07,0.9685
2019-03-08,0.985
2019-03-11,0.972
2019-03-12,0.96
2019-03-13,0.9765
2019-03-14,0.9715
2019-03-15,0.978
2019-03-18,0.9685
2019-03-19,0.9665
2019-03-20,0.9475
2019-03-21,0.948
2019-03-22,0.939
2019-03-25,0.9425
2019-03-26,0.9535
2019-03-27,0.9385
2019-03-28,0.94
2019-03-29,0.945
2019-04-01,0.921
2019-04-02,0.9165
2019-04-03,0.9535
2019-04-04,0.953
2019-04-05,0.932
2019-04-08,0.9295
2019-04-09,0.9365
2019-04-10,0.9425
2019-04-11,0.9025
2019-04-12,0.904
2019-04-15,0.914
2019-04-16,0.905
2019-04-17,0.8705
2019-04-18,0.902
2019-04-22,0.911
2019-04-23,0.915
2019-04-24,0.9045
2019-04-25,0.9231
2019-04-26,0.9326
2019-04-29,0.9213
2019-04-30,0.9289
2019-05-01,0.911
2019-05-02,0.9155
2019-05-03,0.906
2019-05-06,0.9015
2019-05-07,0.88
2019-05-08,0.8855
2019-05-09,0.9085
2019-05-10,0.908
2019-05-13,0.896
2019-05-14,0.9095
2019-05-15,0.913
2019-05-16,0.9165
2019-05-17,0.89
2019-05-20,0.899
2019-05-21,0.929
2019-05-22,0.9175
2019-05-23,0.935
2019-05-24,0.933
2019-05-27,0.933
2019-05-28,0.9605
2019-05-29,0.995
2019-05-30,1.0235
2019-05-31,1.046
2019-06-03,1.0375
2019-06-04,1.0565
2019-06-05,0.991
2019-06-06,1.0205
2019-06-07,1.0095
2019-06-10,0.986
2019-06-11,0.97
2019-06-12,0.9905
2019-06-13,0.9735
2019-06-14,0.96
2019-06-17,0.9605
2019-06-18,0.943
2019-06-19,0.9625
2019-06-20,1.0105
2019-06-21,0.998
2019-06-24,1.02
2019-06-25,1.0665
2019-06-26,1.0536
2019-06-27,1.0624
2019-06-28,1.0921
2019-07-01,1.1135
2019-07-02,1.0965
2019-07-03,1.1365
2019-07-04,1.1365
2019-07-05,1.111
2019-07-08,1.064
2019-07-09,1.0745
2019-07-10,1.059
2019-07-11,1.0695
2019-07-12,1.0665
2019-07-15,1.1025
2019-07-16,1.0555
2019-07-17,1.074
2019-07-18,1.086
2019-07-19,1.073
2019-07-22,1.051
2019-07-23,1.023
2019-07-24,1.01
2019-07-25,1.0065
2019-07-26,0.9975
2019-07-29,1.0115
2019-07-30,0.995
2019-07-31,0.9965
2019-08-01,0.9725
2019-08-02,0.9815
2019-08-05,0.9565
2019-08-06,0.9705
2019-08-07,0.969
2019-08-08,0.974
2019-08-09,0.973
2019-08-12,0.9375
2019-08-13,0.9635
2019-08-14,0.9445
2019-08-15,0.9455
2019-08-16,0.9285
2019-08-19,0.9115
2019-08-20,0.9145
2019-08-21,0.9285
2019-08-22,0.935
2019-08-23,0.926
2019-08-26,0.9415
2019-08-27,0.9447
2019-08-28,0.9554
2019-08-29,0.9391
2019-08-30,0.962
2019-09-02,0.9685
2019-09-03,0.9555
2019-09-04,0.966
2019-09-05,0.954
2019-09-06,0.9705
2019-09-09,0.9825
2019-09-10,1.016
2019-09-11,1.034
2019-09-12,1.036
2019-09-13,1.0275
2019-09-16,1.043
2019-09-17,1.0035
2019-09-18,1.0035
2019-09-19,0.9835
2019-09-20,0.984
2019-09-23,0.99
2019-09-24,0.9915
2019-09-25,1.0095
2019-09-26,1.0085
2019-09-27,1.009
2019-09-30,1.0115
2019-10-01,1.0135
2019-10-02,1.006
2019-10-03,1.0205
2019-10-04,0.99
2019-10-07,0.97
2019-10-08,0.957
2019-10-09,0.9545
2019-10-10,0.935
2019-10-11,0.937
2019-10-14,0.9485
2019-10-15,0.9445
2019-10-16,0.9355
2019-10-17,0.929
2019-10-18,0.957
2019-10-21,0.9635
2019-10-22,0.989
2019-10-23,0.9775
2019-10-24,0.9645
2019-10-25,0.9945
2019-10-28,1.005
2019-10-29,0.9895
2019-10-30,0.9935
2019-10-31,1.0195
2019-11-01,1.04
2019-11-04,1.0365
2019-11-05,1.058
2019-11-06,1.08
2019-11-07,1.091
2019-11-08,1.0945
2019-11-11,1.06
2019-11-12,1.056
2019-11-13,1.0795
2019-11-14,1.0805
2019-11-15,1.0615
2019-11-18,1.0555
2019-11-19,1.027
2019-11-20,1.097
2019-11-21,1.1525
2019-11-22,1.146
2019-11-25,1.178
2019-11-26,1.1593
2019-11-27,1.1776
2019-11-28,1.1799
2019-11-29,1.1895
2019-12-02,1.22
2019-12-03,1.238
2019-12-04,1.2125
2019-12-05,1.2485
2019-12-06,1.248
2019-12-09,1.284
2019-12-10,1.333
2019-12-11,1.352
2019-12-12,1.3725
2019-12-13,1.309
2019-12-16,1.3895
2019-12-17,1.337
2019-12-18,1.332
2019-12-19,1.272
2019-12-20,1.307
2019-12-23,1.253
2019-12-24,1.294
2019-12-26,1.273
2019-12-27,1.325
2019-12-30,1.3215
2019-12-31,1.297
2020-01-02,1.271
2020-01-03,1.2635
2020-01-06,1.2215
2020-01-07,1.224
2020-01-08,1.1915
2020-01-09,1.1735
2020-01-10,1.1895
2020-01-13,1.1455
2020-01-14,1.149
2020-01-15,1.143
2020-01-16,1.1295
2020-01-17,1.1215
2020-01-20,1.1215
2020-01-21,1.1105
2020-01-22,1.11
2020-01-23,1.126
2020-01-24,1.1015
2020-01-27,1.066
2020-01-28,1.0505
2020-01-29,1.0205
2020-01-30,1.015
2020-01-31,1.0265
2020-02-03,0.979
2020-02-04,0.9815
2020-02-05,0.9775
2020-02-06,0.9815
2020-02-07,0.9835
2020-02-10,1.003
2020-02-11,1.005
2020-02-12,1.0065
2020-02-13,1.0445
2020-02-14,1.091
2020-02-17,1.091
2020-02-18,1.0655
2020-02-19,1.068
2020-02-20,1.036
2020-02-21,1.0885
2020-02-24,1.059
2020-02-25,1.0738
2020-02-26,1.0972
2020-02-27,1.0913
2020-02-28,1.111
2020-03-02,1.156
2020-03-03,1.222
2020-03-04,1.184
2020-03-05,1.1135
2020-03-06,1.074
2020-03-09,1.092
2020-03-10,1.1435
2020-03-11,1.1205
2020-03-12,1.0885
2020-03-13,1.0675
2020-03-16,1.039
2020-03-17,1.026
2020-03-18,1.083
2020-03-19,1.127
2020-03-20,1.197
2020-03-23,1.2125
2020-03-24,1.256
2020-03-25,1.2995
2020-03-26,1.2465
2020-03-27,1.1585
2020-03-30,1.193
2020-03-31,1.1955
2020-04-01,1.16
2020-04-02,1.1935
2020-04-03,1.149
2020-04-06,1.1665
2020-04-07,1.199
2020-04-08,1.198
2020-04-09,1.186
2020-04-13,1.1975
2020-04-14,1.172
2020-04-15,1.202
2020-04-16,1.186
2020-04-17,1.1605
2020-04-20,1.1365
2020-04-21,1.0965
2020-04-22,1.106
2020-04-23,1.1105
2020-04-24,1.052
2020-04-27,1.0492
2020-04-28,1.0646
2020-04-29,1.0464
2020-04-30,1.0597
2020-05-01,1.061
2020-05-04,1.072
2020-05-05,1.1065
2020-05-06,1.106
2020-05-07,1.09
2020-05-08,1.1165
2020-05-11,1.1075
2020-05-12,1.0735
2020-05-13,1.0505
2020-05-14,1.067
2020-05-15,1.0685
2020-05-18,1.0775
2020-05-19,1.0705
2020-05-20,1.0565
2020-05-21,1.0475
2020-05-22,1.036
2020-05-25,1.036
2020-05-26,1.051
2020-05-27,1.025
2020-05-28,0.991
2020-05-29,0.963
2020-06-01,0.983
2020-06-02,0.982
2020-06-03,0.991
2020-06-04,0.9815
2020-06-05,0.989
2020-06-08,0.989
2020-06-09,0.978
2020-06-10,0.9675
2020-06-11,0.96
2020-06-12,0.952
2020-06-15,0.94
2020-06-16,0.9365
2020-06-17,0.9625
2020-06-18,0.946
2020-06-19,0.9375
2020-06-22,0.9595
2020-06-23,0.9625
2020-06-24,0.9665
2020-06-25,0.9504
2020-06-26,0.9605
2020-06-29,0.9952
2020-06-30,1.0081
2020-07-01,1.04
2020-07-02,1.032
2020-07-06,0.9815
2020-07-07,1.003
2020-07-08,1.0
2020-07-09,0.9875
2020-07-10,0.974
2020-07-13,0.9865
2020-07-14,0.9795
2020-07-15,0.972
2020-07-16,0.9835
2020-07-17,1.023
2020-07-20,0.9975
2020-07-21,1.0175
2020-07-22,1.0835
2020-07-23,1.075
2020-07-24,1.084
2020-07-27,1.104
2020-07-28,1.0965
2020-07-29,1.116
2020-07-30,1.1535
2020-07-31,1.1895
2020-08-03,1.179
2020-08-04,1.2105
2020-08-05,1.2155
2020-08-06,1.17
2020-08-07,1.1545
2020-08-10,1.126
2020-08-11,1.1135
2020-08-12,1.1205
2020-08-13,1.162
2020-08-14,1.147
2020-08-17,1.1555
2020-08-18,1.193
2020-08-19,1.1845
2020-08-20,1.1855
2020-08-21,1.201
2020-08-24,1.2025
2020-08-25,1.232
2020-08-26,1.2266
2020-08-27,1.2271
2020-08-28,1.2665
2020-08-31,1.292
2020-09-01,1.314
2020-09-02,1.313
2020-09-03,1.312
2020-09-04,1.34
2020-09-07,1.34
2020-09-08,1.321
2020-09-09,1.2885
2020-09-10,1.317
2020-09-11,1.3245
2020-09-14,1.2305
2020-09-15,1.218
2020-09-16,1.1985
2020-09-17,1.18
2020-09-18,1.135
2020-09-21,1.12
2020-09-22,1.1065
2020-09-23,1.105
2020-09-24,1.1115
2020-09-25,1.1365
2020-09-28,1.0955
2020-09-29,1.0955
2020-09-30,1.1095
2020-10-01,1.0705
2020-10-02,1.0895
2020-10-05,1.072
2020-10-06,1.0765
2020-10-07,1.096
2020-10-08,1.1025
2020-10-09,1.1155
2020-10-12,1.0915
2020-10-13,1.101
2020-10-14,1.096
2020-10-15,1.095
2020-10-16,1.0725
2020-10-19,1.0605
2020-10-20,1.049
2020-10-21,1.0415
2020-10-22,1.067
2020-10-23,1.056
2020-10-26,1.0665
2020-10-27,1.0695
2020-10-28,1.05
2020-10-29,1.046
2020-10-30,1.044
2020-11-02,1.028
2020-11-03,1.0345
2020-11-04,1.03
2020-11-05,1.0595
2020-11-06,1.0695
2020-11-09,1.0685
2020-11-10,1.073
2020-11-11,1.091
2020-11-12,1.101
2020-11-13,1.0925
2020-11-16,1.1565
2020-11-17,1.162
2020-11-18,1.1975
2020-11-19,1.2065
2020-11-20,1.155
2020-11-23,1.1445
2020-11-24,1.1315
2020-11-25,1.1503
2020-11-26,1.1556
2020-11-27,1.232
2020-11-30,1.2278
2020-12-01,1.1845
2020-12-02,1.191
2020-12-03,1.2005
2020-12-04,1.1755
2020-12-07,1.191
2020-12-08,1.1925
2020-12-09,1.1705
2020-12-10,1.2105
2020-12-11,1.216
2020-12-14,1.2615
2020-12-15,1.2465
2020-12-16,1.266
2020-12-17,1.266
2020-12-18,1.2525
2020-12-21,1.243
2020-12-22,1.242
2020-12-23,1.2455
2020-12-24,1.2595
2020-12-28,1.2335
2020-12-29,1.254
2020-12-30,1.254
2020-12-31,1.2825
2021-01-04,1.2615
2021-01-05,1.251
2021-01-06,1.209
2021-01-07,1.211
2021-01-08,1.237
2021-01-11,1.2145
2021-01-12,1.214
2021-01-13,1.2525
2021-01-14,1.2735
2021-01-15,1.2815
2021-01-18,1.2815
2021-01-19,1.2715
2021-01-20,1.252
2021-01-21,1.2645
2021-01-22,1.2405
2021-01-25,1.2325
2021-01-26,1.245
2021-01-27,1.255
2021-01-28,1.24
2021-01-29,1.2295
2021-02-01,1.2535
2021-02-02,1.234
2021-02-03,1.2395
2021-02-04,1.2405
2021-02-05,1.245
2021-02-08,1.241
2021-02-09,1.2295
2021-02-10,1.211
2021-02-11,1.212
2021-02-12,1.2115
2021-02-15,1.2115
2021-02-16,1.2435
2021-02-17,1.257
2021-02-18,1.276
2021-02-19,1.275
2021-02-22,1.3345
2021-02-23,1.3714
2021-02-24,1.3629
2021-02-25,1.3971
2021-02-26,1.3737
2021-03-01,1.358
2021-03-02,1.3385
2021-03-03,1.328
2021-03-04,1.3215
2021-03-05,1.2885
2021-03-08,1.2915
2021-03-09,1.304
2021-03-10,1.3085
2021-03-11,1.3235
2021-03-12,1.33
2021-03-15,1.321
2021-03-16,1.345
2021-03-17,1.3355
2021-03-18,1.2995
2021-03-19,1.29
2021-03-22,1.301
2021-03-23,1.276
2021-03-24,1.265
2021-03-25,1.266
2021-03-26,1.285
2021-03-29,1.2705
2021-03-30,1.226
2021-03-31,1.235
2021-04-01,1.216
2021-04-05,1.221
2021-04-06,1.2685
2021-04-07,1.2675
2021-04-08,1.2785
2021-04-09,1.2725
2021-04-12,1.281
2021-04-13,1.3005
2021-04-14,1.321
2021-04-15,1.327
2021-04-16,1.2915
2021-04-19,1.2985
2021-04-20,1.3245
2021-04-21,1.322
2021-04-22,1.343
2021-04-23,1.3685
2021-04-26,1.4175
2021-04-27,1.4466
2021-04-28,1.4492
2021-04-29,1.4236
2021-04-30,1.4115
2021-05-03,1.4025
2021-05-04,1.4035
2021-05-05,1.4985
2021-05-06,1.543
2021-05-07,1.529
2021-05-10,1.4805
2021-05-11,1.501
2021-05-12,1.465
2021-05-13,1.464
2021-05-14,1.45
2021-05-17,1.4575
2021-05-18,1.528
2021-05-19,1.5095
2021-05-20,1.5095
2021-05-21,1.501
2021-05-24,1.49
2021-05-25,1.505
2021-05-26,1.557
2021-05-27,1.5535
2021-05-28,1.6235
2021-05-31,1.6235
2021-06-01,1.6105
2021-06-02,1.6115
2021-06-03,1.576
2021-06-04,1.6165
2021-06-07,1.6015
2021-06-08,1.577
2021-06-09,1.572
2021-06-10,1.587
2021-06-11,1.5745
2021-06-14,1.541
2021-06-15,1.512
2021-06-16,1.5335
2021-06-17,1.4955
2021-06-18,1.499
2021-06-21,1.5235
2021-06-22,1.5125
2021-06-23,1.5315
2021-06-24,1.524
2021-06-25,1.5736
2021-06-28,1.6243
2021-06-29,1.6
2021-06-30,1.5967
2021-07-01,1.564
2021-07-02,1.5305
2021-07-05,1.5305
2021-07-06,1.481
2021-07-07,1.4995
2021-07-08,1.5225
2021-07-09,1.515
2021-07-12,1.54
2021-07-13,1.5225
2021-07-14,1.566
2021-07-15,1.5705
2021-07-16,1.6135
2021-07-19,1.564
2021-07-20,1.668
2021-07-21,1.76
2021-07-22,1.9365
2021-07-23,1.89
2021-07-26,2.078
2021-07-27,2.0175
2021-07-28,2.0045
2021-07-29,1.965
2021-07-30,1.7955
2021-08-02,1.728
2021-08-03,1.7485
2021-08-04,1.7565
2021-08-05,1.769
2021-08-06,1.76
2021-08-09,1.7935
2021-08-10,1.82
2021-08-11,1.8385
2021-08-12,1.8655
2021-08-13,1.8275
2021-08-16,1.832
2021-08-17,1.7895
2021-08-18,1.797
2021-08-19,1.782
2021-08-20,1.7825
2021-08-23,1.7995
2021-08-24,1.833
2021-08-25,1.8405
2021-08-26,1.8612
2021-08-27,1.9058
2021-08-30,1.989
2021-08-31,1.9541
2021-09-01,1.9565
2021-09-02,1.9435
2021-09-03,1.93
2021-09-06,1.93
2021-09-07,1.9395
2021-09-08,1.902
2021-09-09,1.8745
2021-09-10,1.8805
2021-09-13,1.868
2021-09-14,1.8545
2021-09-15,1.8735
2021-09-16,1.8815
2021-09-17,1.864
2021-09-20,1.826
2021-09-21,1.8335
2021-09-22,1.8485
2021-09-23,1.906
2021-09-24,1.9435
2021-09-27,1.9365
2021-09-28,1.986
2021-09-29,1.934
2021-09-30,1.94
2021-10-01,2.0405
2021-10-04,2.0035
2021-10-05,1.919
2021-10-06,1.9345
2021-10-07,1.979
2021-10-08,2.0135
2021-10-11,2.0425
2021-10-12,2.1315
2021-10-13,2.0865
2021-10-14,2.0925
2021-10-15,2.034
2021-10-18,2.016
2021-10-19,2.0425
2021-10-20,2.0555
2021-10-21,2.033
2021-10-22,1.9985
2021-10-25,2.0255
2021-10-26,2.081
2021-10-27,2.0135
2021-10-28,1.9995
2021-10-29,2.0395
2021-11-01,2.087
2021-11-02,2.0805
2021-11-03,2.093
2021-11-04,2.086
2021-11-05,2.0355
2021-11-08,1.9965
2021-11-09,2.059
2021-11-10,2.04
2021-11-11,2.109
2021-11-12,2.197
2021-11-15,2.2275
2021-11-16,2.2205
2021-11-17,2.326
2021-11-18,2.2895
2021-11-19,2.333
2021-11-22,2.3135
2021-11-23,2.4255
2021-11-24,2.463
2021-11-25,2.4612
2021-11-26,2.4349
2021-11-29,2.3334
2021-11-30,2.3249
2021-12-01,2.3325
2021-12-02,2.366
2021-12-03,2.4335
2021-12-06,2.4985
2021-12-07,2.433
2021-12-08,2.442
2021-12-09,2.402
2021-12-10,2.326
2021-12-13,2.367
2021-12-14,2.3715
2021-12-15,2.373
2021-12-16,2.3685
2021-12-17,2.3475
2021-12-20,2.241
2021-12-21,2.2825
2021-12-22,2.3355
2021-12-23,2.312
2021-12-24,2.312
2021-12-27,2.2705
2021-12-28,2.256
2021-12-29,2.289
2021-12-30,2.2885
2021-12-31,2.261
2022-01-03,2.233
2022-01-04,2.3175
2022-01-05,2.3175
2022-01-06,2.317
2022-01-07,2.3845
2022-01-10,2.349
2022-01-11,2.3705
2022-01-12,2.4085
2022-01-13,2.37
2022-01-14,2.3965
2022-01-17,2.3965
2022-01-18,2.396
2022-01-19,2.4445
2022-01-20,2.4365
2022-01-21,2.379
2022-01-24,2.3295
2022-01-25,2.379
2022-01-26,2.389
2022-01-27,2.3205
2022-01-28,2.359
2022-01-31,2.351
2022-02-01,2.367
2022-02-02,2.388
2022-02-03,2.439
2022-02-04,2.4185
2022-02-07,2.4165
2022-02-08,2.4895
2022-02-09,2.5835
2022-02-10,2.552
2022-02-11,2.5165
2022-02-14,2.4755
2022-02-15,2.5185
2022-02-16,2.5225
2022-02-17,2.515
2022-02-18,2.4685
2022-02-21,2.4685
2022-02-22,2.4845
2022-02-23,2.4839
2022-02-24,2.3877
2022-02-25,2.3921
2022-02-28,2.3317
2022-03-01,2.36
2022-03-02,2.292
2022-03-03,2.229
2022-03-04,2.2425
2022-03-07,2.2425
2022-03-08,2.329
2022-03-09,2.293
2022-03-10,2.242
2022-03-11,2.2195
2022-03-14,2.188
2022-03-15,2.1115
2022-03-16,2.175
2022-03-17,2.161
2022-03-18,2.2005
2022-03-21,2.2465
2022-03-22,2.2505
2022-03-23,2.253
2022-03-24,2.2185
2022-03-25,2.2185
2022-03-28,2.1455
2022-03-29,2.157
2022-03-30,2.2185
2022-03-31,2.264
2022-04-01,2.284
2022-04-04,2.306
2022-04-05,2.313
2022-04-06,2.276
2022-04-07,2.2615
2022-04-08,2.3165
2022-04-11,2.366
2022-04-12,2.336
2022-04-13,2.2505
2022-04-14,2.236
2022-04-18,2.235
2022-04-19,2.213
2022-04-20,2.188
2022-04-21,2.2815
2022-04-22,2.273
2022-04-25,2.208
2022-04-26,2.2135
2022-04-27,2.1579
2022-04-28,2.1772
2022-04-29,2.2219
2022-05-02,2.159
2022-05-03,2.1795
2022-05-04,2.208
2022-05-05,2.1725
2022-05-06,2.1045
2022-05-09,2.061
2022-05-10,2.038
2022-05-11,2.199
2022-05-12,2.153
2022-05-13,2.139
2022-05-16,2.248
2022-05-17,2.272
2022-05-18,2.176
2022-05-19,2.187
2022-05-20,2.1585
2022-05-23,2.1575
2022-05-24,2.1365
2022-05-25,2.1705
2022-05-26,2.266
2022-05-27,2.2945
2022-05-30,2.2945
2022-05-31,2.3125
2022-06-01,2.3945
2022-06-02,2.3825
2022-06-03,2.324
2022-06-06,2.3755
2022-06-07,2.3215
2022-06-08,2.3185
2022-06-09,2.3465
2022-06-10,2.289
2022-06-13,2.2335
2022-06-14,2.2695
2022-06-15,2.285
2022-06-16,2.3195
2022-06-17,2.2765
2022-06-20,2.2765
2022-06-21,2.331
2022-06-22,2.386
2022-06-23,2.3245
2022-06-24,2.266
2022-06-27,2.268
2022-06-28,2.2478
2022-06-29,2.2279
2022-06-30,2.328
2022-07-01,2.3381
2022-07-04,2.279
2022-07-05,2.2792
2022-07-06,2.2487
2022-07-07,2.2186
2022-07-08,2.259
2022-07-11,2.1988
2022-07-12,2.2286
2022-07-13,2.0891
2022-07-14,2.0991
2022-07-15,2.0987
2022-07-18,2.0996
2022-07-19,2.16
2022-07-20,2.17
2022-07-21,2.16
2022-07-22,2.06
2022-07-25,2.09
2022-07-26,2.13
2022-07-27,2.17
2022-07-28,2.19
2022-07-29,2.18
2022-08-01,2.13
2022-08-02,2.09
2022-08-03,2.15
2022-08-04,2.2
2022-08-05,2.09
2022-08-08,2.12
2022-08-09,2.13
2022-08-10,2.21
2022-08-11,2.24
2022-08-12,2.28
2022-08-15,2.26
2022-08-16,2.19
2022-08-17,2.18
2022-08-18,2.15
2022-08-19,2.16
2022-08-22,2.22
2022-08-23,2.32
2022-08-24,2.42
2022-08-25,2.43
2022-08-26,2.43
2022-08-29,2.41
2022-08-30,2.39
2022-08-31,2.4
2022-09-01,2.37
2022-09-02,2.32
2022-09-05,2.32
2022-09-06,2.34
2022-09-07,2.27
2022-09-08,2.26
2022-09-09,2.3
2022-09-12,2.28
2022-09-13,2.22
2022-09-14,2.17
2022-09-15,2.19
2022-09-16,2.16
2022-09-19,2.16
2022-09-20,2.16
2022-09-21,2.21
2022-09-22,2.24
2022-09-23,2.2
2022-09-26,2.22
2022-09-27,2.24
2022-09-28,2.28
2022-09-29,2.26
2022-09-30,2.21
2022-10-03,2.16
2022-10-04,2.18
2022-10-05,2.25
2022-10-06,2.17
2022-10-07,2.17
2022-10-10,2.17
2022-10-11,2.17
2022-10-12,2.09
2022-10-13,2.02
2022-10-14,1.97
2022-10-17,1.96
2022-10-18,1.95
2022-10-19,1.91
2022-10-20,1.88
2022-10-21,1.89
2022-10-24,1.92
2022-10-25,1.84
2022-10-26,1.8
2022-10-27,1.78
2022-10-28,1.72
2022-10-31,1.77
2022-11-01,1.75
2022-11-02,1.82
2022-11-03,1.73
2022-11-04,1.76
2022-11-07,1.72
2022-11-08,1.66
2022-11-09,1.65
2022-11-10,1.7
2022-11-11,1.69
2022-11-14,1.66
2022-11-15,1.58
2022-11-16,1.55
2022-11-17,1.52
2022-11-18,1.52
2022-11-21,1.58
2022-11-22,1.62
2022-11-23,1.6
2022-11-24,1.6
2022-11-25,1.62
2022-11-28,1.61
2022-11-29,1.61
2022-11-30,1.68
2022-12-01,1.7
2022-12-02,1.61
2022-12-05,1.61
2022-12-06,1.61
2022-12-07,1.61
2022-12-08,1.57
2022-12-09,1.57
2022-12-12,1.55
2022-12-13,1.65
2022-12-14,1.69
2022-12-15,1.69
2022-12-16,1.69
2022-12-19,1.69
2022-12-20,1.69
2022-12-21,1.69
2022-12-22,1.69
2022-12-23,1.72
2022-12-26,1.72
2022-12-27,1.67
2022-12-28,1.74
2022-12-29,1.7
2022-12-30,1.67
2023-01-02,1.67
2023-01-03,1.66
2023-01-04,1.61
2023-01-05,1.6
2023-01-06,1.58
2023-01-09,1.57
2023-01-10,1.49
2023-01-11,1.43
2023-01-12,1.5
2023-01-13,1.51
2023-01-16,1.51
2023-01-17,1.51
2023-01-18,1.54
2023-01-19,1.55
2023-01-20,1.54
2023-01-23,1.59
2023-01-24,1.6015
2023-01-25,1.627
2023-01-26,1.6709
2023-01-27,1.6908
2023-01-30,1.7053
2023-01-31,1.8129
2023-02-01,1.7671
2023-02-02,1.7827
2023-02-03,1.7378
2023-02-06,1.7621
2023-02-07,1.7705
2023-02-08,1.7608
2023-02-09,1.7428
2023-02-10,1.7461
2023-02-13,1.7727
2023-02-14,1.8179
2023-02-15,1.7678
2023-02-16,1.8038
2023-02-17,1.8567
2023-02-20,1.8567
2023-02-21,1.9039
2023-02-22,1.9264
2023-02-23,1.8966
2023-02-24,1.8698
2023-02-27,1.8635
2023-02-28,1.8477
2023-03-01,1.8353
2023-03-02,1.807
2023-03-03,1.7782
2023-03-06,1.7959
2023-03-07,1.8183
2023-03-08,1.7623
2023-03-09,1.7496
2023-03-10,1.768
2023-03-13,1.7839
2023-03-14,1.7511
2023-03-15,1.7244
2023-03-16,1.7899
2023-03-17,1.7601
2023-03-20,1.7766
2023-03-21,1.7943
2023-03-22,1.7669
2023-03-23,1.7399
2023-03-24,1.7861
2023-03-27,1.7579
2023-03-28,1.7336
2023-03-29,1.6926
2023-03-30,1.6931
2023-03-31,1.6971
2023-04-03,1.7475
2023-04-04,1.7442
2023-04-05,1.7903
2023-04-06,1.8241
2023-04-07,1.8241
2023-04-10,1.8076
2023-04-11,1.8736
2023-04-12,1.8818
2023-04-13,1.9535
2023-04-14,1.929
2023-04-17,1.9868
2023-04-18,2.0127
2023-04-19,1.989
2023-04-20,1.9392
2023-04-21,1.9114
2023-04-28,1.8512
2023-05-01,1.8417
2023-05-02,1.856
2023-05-03,1.8358
2023-05-04,1.8284
2023-05-05,1.8703
2023-05-08,1.8337
2023-05-09,1.8578
2023-05-10,1.8457
2023-05-11,1.8137
2023-05-12,1.8141
2023-05-15,1.8681
2023-05-16,1.8505
2023-05-17,1.8508
2023-05-18,1.8475
2023-05-19,1.8925
2023-05-22,1.877
2023-05-23,1.8627
2023-05-24,1.862
2023-05-25,1.8445
2023-05-26,1.8445
2023-05-29,1.8445
2023-05-30,1.7539
2023-05-31,1.7648
2023-06-01,1.8169
2023-06-02,1.7841
2023-06-05,1.803
2023-06-06,1.812
2023-06-07,1.8271
2023-06-08,1.917
2023-06-09,1.8794
2023-06-12,1.8199
2023-06-13,1.7857
2023-06-14,1.7959
2023-06-15,1.833
2023-06-16,1.8134
2023-06-19,1.8134
2023-06-20,1.7619
2023-06-21,1.7174
2023-06-22,1.696
2023-06-23,1.6404
2023-06-26,1.6415
2023-06-27,1.6577
2023-06-28,1.61
2023-06-29,1.6159
2023-06-30,1.587
2023-07-03,1.6018
2023-07-04,1.6018
2023-07-05,1.5791
2023-07-06,1.6011
2023-07-07,1.5937
2023-07-10,1.5985
2023-07-11,1.571
2023-07-12,1.5711
2023-07-13,1.5795
2023-07-14,1.5918
2023-07-17,1.5483
2023-07-18,1.5563
2023-07-19,1.5567
2023-07-20,1.5849
2023-07-21,1.6053
2023-07-24,1.6306
2023-07-25,1.6176
2023-07-26,1.6337
2023-07-27,1.6104
2023-07-28,1.5839
2023-07-31,1.6537
2023-08-01,1.6458
2023-08-02,1.6618
2023-08-03,1.634
2023-08-04,1.6078
2023-08-07,1.625
2023-08-08,1.6072
2023-08-09,1.5955
2023-08-10,1.5897
2023-08-11,1.57
2023-08-14,1.5171
2023-08-15,1.5137
2023-08-16,1.5003
2023-08-17,1.4784
2023-08-18,1.5023
2023-08-21,1.5027
2023-08-22,1.5069
2023-08-23,1.5392
2023-08-24,1.5363
2023-08-25,1.5184
2023-08-28,1.5275
2023-08-29,1.5308
2023-08-30,1.5512
2023-08-31,1.5431
2023-09-01,1.516
2023-09-04,1.516
2023-09-05,1.5348
2023-09-06,1.5315
2023-09-07,1.504
2023-09-08,1.481
2023-09-11,1.5278
2023-09-12,1.5249
2023-09-13,1.5168
2023-09-14,1.5384
2023-09-15,1.5923
2023-09-18,1.6066
2023-09-19,1.6122
2023-09-20,1.5872
2023-09-21,1.5517
2023-09-22,1.5033
2023-09-25,1.484
2023-09-26,1.5033
2023-09-27,1.4894
2023-09-28,1.4719
2023-09-29,1.4544
2023-10-02,1.4922
2023-10-03,1.4897
2023-10-04,1.4636
2023-10-05,1.4543
2023-10-06,1.4601
2023-10-09,1.4668
2023-10-10,1.477
2023-10-11,1.4813
2023-10-12,1.4935
2023-10-13,1.5494
2023-10-16,1.5425
2023-10-17,1.5655
2023-10-18,1.5775
2023-10-19,1.6208
2023-10-20,1.6456
2023-10-23,1.6541
2023-10-24,1.6766
2023-10-25,1.6104
2023-10-26,1.6089
2023-10-27,1.5985
2023-10-30,1.5822
2023-10-31,1.6453
2023-11-01,1.5948
2023-11-02,1.637
2023-11-03,1.6918
2023-11-06,1.7189
2023-11-07,1.6994
2023-11-08,1.7262
2023-11-09,1.7419
2023-11-10,1.692
2023-11-13,1.737
2023-11-14,1.7166
2023-11-15,1.7615
2023-11-16,1.7119
2023-11-17,1.6694
2023-11-20,1.7003
2023-11-24,1.6793
2023-11-27,1.6775
2023-11-28,1.6943
2023-11-29,1.7209
2023-11-30,1.7239
2023-12-01,1.8511
2023-12-04,1.8328
2023-12-05,1.7993
2023-12-06,1.8276
2023-12-07,1.7802
2023-12-08,1.7726
2023-12-11,1.8346
2023-12-12,1.8562
2023-12-13,1.8828
2023-12-14,1.8898
2023-12-15,1.8903
2023-12-18,1.9257
2023-12-19,2.0165
2023-12-20,1.9049
2023-12-21,1.9218
2023-12-22,1.9218
2023-12-25,1.9218
2023-12-26,1.9218
2023-12-27,1.9596
2023-12-28,1.9611
2023-12-29,1.9611
2024-01-01,1.9611
2024-01-02,1.8957
2024-01-03,1.8527
2024-01-04,1.8473
2024-01-05,1.8103
2024-01-08,1.8215
2024-01-09,1.8351
2024-01-10,1.7973
2024-01-11,1.8127
2024-01-12,1.7832
2024-01-15,1.7832
2024-01-16,1.829
2024-01-17,1.7727
2024-01-18,1.7961
2024-01-19,1.822
2024-01-22,1.8897
2024-01-23,1.857
2024-01-24,1.8641
2024-01-25,1.8478
2024-01-26,1.8958
2024-01-29,1.8737
2024-01-30,1.9213
2024-01-31,1.9125
2024-02-01,1.9415
2024-02-02,1.9115
2024-02-05,1.887
2024-02-06,1.882
2024-02-07,1.904
2024-02-08,1.9
2024-02-09,1.9605
2024-02-12,1.949
2024-02-13,1.925
2024-02-14,1.88
2024-02-15,1.9025
2024-02-16,1.904
2024-02-19,1.904
2024-02-20,1.9795
2024-02-21,1.986
2024-02-22,1.938
2024-02-23,1.9075
2024-02-26,1.9
2024-02-27,1.9245
2024-02-28,1.934
2024-02-29,1.9585
2024-03-01,1.92
2024-03-04,1.994
2024-03-05,1.958
2024-03-06,1.949
2024-03-07,1.9445
2024-03-08,1.91
2024-03-11,1.9435
2024-03-12,1.954
2024-03-13,1.9165
2024-03-14,1.9135
2024-03-15,1.9135
2024-03-18,1.8175
2024-03-19,1.8305
2024-03-20,1.824
2024-03-21,1.857
2024-03-22,1.8505
2024-03-25,1.8565
2024-03-26,1.8805
2024-03-27,1.9065
2024-03-28,1.8845
2024-03-29,1.8845
2024-04-01,1.918
2024-04-02,1.9735
2024-04-03,2.036
2024-04-04,2.0675
2024-04-05,2.135
2024-04-08,2.111
2024-04-09,2.1355
2024-04-10,2.1465
2024-04-11,2.1465
2024-04-12,2.2035
2024-04-15,2.2465
2024-04-16,2.3155
2024-04-17,2.3675
2024-04-18,2.4795
2024-04-19,2.3985
2024-04-22,2.414
2024-04-23,2.3165
2024-04-24,2.2465
2024-04-25,2.276
2024-04-26,2.309
2024-04-29,2.325
2024-04-30,2.1775
2024-05-01,2.2
2024-05-02,2.18
2024-05-03,2.075
2024-05-06,2.01
2024-05-07,1.966
2024-05-08,2.002
2024-05-09,2.054
2024-05-10,2.054
2024-05-13,2.0
2024-05-14,1.99
2024-05-15,2.023
2024-05-16,2.023
2024-05-17,2.023
2024-05-20,2.023
2024-05-21,2.1815
2024-05-22,2.204
2024-05-23,2.158
2024-05-24,2.1825
2024-05-27,2.1825
2024-05-28,2.296
2024-05-29,2.298
2024-05-30,2.337
2024-05-31,2.208
2024-06-03,2.2625
2024-06-04,2.3135
2024-06-05,2.32
2024-06-06,2.32
2024-06-07,2.332
2024-06-10,2.221
2024-06-11,2.1885
2024-06-12,2.237
2024-06-13,2.257
2024-06-14,2.2615
2024-06-17,2.2605
2024-06-18,2.2645
2024-06-19,2.2645
2024-06-20,2.315
2024-06-21,2.2695
2024-06-24,2.2695
2024-06-25,2.31
2024-06-26,2.2615
2024-06-27,2.2935
2024-06-28,2.29
2024-07-01,2.2435
2024-07-02,2.2435
2024-07-03,2.2805
2024-07-04,2.2805
2024-07-05,2.2805
2024-07-08,2.367
2024-07-09,2.367
2024-07-10,2.481
2024-07-11,2.471
2024-07-12,2.471
2024-07-15,2.485
2024-07-16,2.485
2024-07-17,2.485
2024-07-18,2.485
2024-07-19,2.3835
2024-07-22,2.4305
2024-07-23,2.389
2024-07-24,2.307
2024-07-25,2.3265
2024-07-26,2.306
2024-07-29,2.301
2024-07-30,2.305
2024-07-31,2.305
2024-08-01,2.2695
2024-08-02,2.2995
2024-08-05,2.275
2024-08-06,2.275
2024-08-07,2.36
2024-08-08,2.4565
2024-08-09,2.3295
2024-08-12,2.422
2024-08-13,2.422
2024-08-14,2.3265
2024-08-15,2.396
2024-08-16,2.396
2024-08-19,2.454
2024-08-20,2.465
2024-08-21,2.5095
2024-08-22,2.472
2024-08-23,2.506
2024-08-26,2.506
2024-08-27,2.6025
2024-08-28,2.6025
2024-08-29,2.507
2024-08-30,2.555
2024-09-02,2.555
2024-09-03,2.4665
2024-09-04,2.461
2024-09-05,2.461
2024-09-06,2.4
2024-09-09,2.4
2024-09-10,2.4
2024-09-11,2.4785
2024-09-12,2.4785
2024-09-13,2.6175
2024-09-16,2.6175
2024-09-17,2.6505
2024-09-18,2.657
2024-09-19,2.626
2024-09-20,2.524
2024-09-23,2.6335
2024-09-24,2.6335
2024-09-25,2.6635
2024-09-26,2.6865
2024-09-27,2.6935
2024-09-30,2.6935
2024-10-01,2.721
2024-10-02,2.564
2024-10-03,2.5425
2024-10-04,2.55
2024-10-07,2.55
2024-10-08,2.4685
2024-10-09,2.4915
2024-10-10,2.4915
2024-10-11,2.525
2024-10-14,2.614
2024-10-15,2.563
2024-10-16,2.563
2024-10-17,2.5705
2024-10-18,2.5365
2024-10-21,2.521
2024-10-22,2.521
2024-10-23,2.519
2024-10-24,2.447
2024-10-25,2.447
2024-10-28,0.0
2024-10-29,2.4805
2024-10-30,2.495
2024-10-31,2.4605
2024-11-01,2.426
2024-11-04,2.458
2024-11-05,2.51
2024-11-06,2.494
2024-11-07,2.5875
2024-11-08,2.539
2024-11-11,2.563
2024-11-12,2.563
2024-11-13,2.726
2024-11-14,2.785
2024-11-15,2.833
2024-11-18,2.8205
2024-11-19,2.8205
2024-11-20,2.871
2024-11-21,2.9785
2024-11-22,3.055
2024-11-25,3.055
2024-11-26,3.12
2024-11-27,3.288
2024-11-28,3.288
2024-11-29,3.2605
2024-12-02,2.9765
2024-12-03,3.0345
2024-12-04,3.058
2024-12-05,3.1245
2024-12-06,3.1245
2024-12-09,3.1245
2024-12-10,3.3565
2024-12-11,3.4735
2024-12-12,3.1706
2024-12-13,3.1706
2024-12-16,3.2417
2024-12-17,3.2661
2024-12-18,3.2661
2024-12-19,3.3398
2024-12-20,3.2332
2024-12-23,3.2573
2024-12-24,3.294
2024-12-25,3.2956
2024-12-26,3.2267
2024-12-27,3.2176
2024-12-30,3.1866
2024-12-31,3.2049
2025-01-01,3.2083
2025-01-02,3.2083
2025-01-03,3.246
2025-01-06,3.1866
2025-01-07,3.1984
2025-01-08,3.1984
2025-01-09,3.2063
2025-01-10,3.2493
2025-01-13,3.2543
2025-01-14,3.2543
2025-01-15,3.3058
2025-01-16,3.3058
2025-01-17,3.2719
2025-01-20,3.2719
2025-01-21,3.2877
2025-01-22,3.4275
2025-01-23,3.4514
2025-01-24,3.4666
2025-01-27,3.5093
2025-01-28,3.5093
2025-01-29,3.5773
2025-01-30,3.6459
2025-01-31,3.7764
2025-02-03,3.8449
2025-02-04,3.8353
2025-02-05,3.9993
2025-02-06,4.1176
2025-02-07,4.1176
2025-02-10,4.3173
2025-02-11,4.3004
2025-02-12,4.3004
2025-02-13,4.3356
2025-02-14,4.1968
2025-02-17,4.1968
2025-02-18,4.2224
2025-02-19,4.2219
2025-02-20,3.9713
2025-02-21,3.9534
2025-02-24,3.9534
2025-02-25,3.7722
2025-02-26,3.749
2025-02-27,3.7693
2025-02-28,3.7693
2025-03-03,3.8885
2025-03-04,4.053
2025-03-05,4.1333
2025-03-06,4.1333
2025-03-07,3.925
2025-03-10,3.8692
2025-03-11,3.9728
2025-03-12,3.9082
2025-03-13,3.8905
2025-03-14,3.8104
2025-03-17,3.8104
2025-03-18,3.8662
2025-03-19,3.9066
2025-03-20,3.9066
2025-03-21,3.898
2025-03-24,3.9387
2025-03-25,3.9833
2025-03-26,3.9833
2025-03-27,3.7899
2025-03-28,3.796
2025-03-31,3.796
2025-04-01,3.8941
2025-04-02,3.8941
2025-04-03,3.8635
2025-04-04,3.6663
2025-04-07,3.4032
2025-04-08,3.4032
2025-04-09,3.5304
2025-04-10,3.4315
2025-04-11,3.6002
2025-04-14,3.6145
2025-04-15,3.6834
2025-04-16,3.7686
2025-04-17,3.7629
2025-04-18,3.7677
2025-04-21,3.6686
2025-04-22,3.7919
2025-04-23,3.8603
2025-04-24,3.8603
2025-04-25,4.0586
2025-04-28,4.1492
2025-04-29,4.0683
2025-04-30,4.0683
2025-05-01,4.0683
2025-05-02,3.9021
2025-05-05,3.9637
2025-05-06,3.9963
2025-05-07,3.9504
2025-05-08,3.9652
2025-05-09,3.9652
2025-05-12,3.8246
2025-05-13,3.8246
2025-05-14,3.7422
2025-05-15,3.8281
2025-05-16,3.7459
2025-05-19,3.7498
2025-05-20,3.6896
2025-05-21,3.6866
2025-05-22,3.61
2025-05-23,3.61
2025-05-26,3.5983
2025-05-27,3.6006
2025-05-28,3.5156
2025-05-29,3.4194
2025-05-30,3.4194
2025-06-02,3.4318
2025-06-03,3.3985
2025-06-04,3.4546
2025-06-05,3.5783
2025-06-06,3.5747
2025-06-09,3.5494
2025-06-10,3.5494
2025-06-11,3.4964
2025-06-12,3.4629
2025-06-13,3.4629
2025-06-16,3.45
2025-06-17,3.348
2025-06-18,3.1713
2025-06-19,3.1713
2025-06-20,3.1868
2025-06-23,3.2786
2025-06-24,3.2786
2025-06-25,3.1694
2025-06-26,3.0614
2025-06-27,3.0733
2025-06-30,3.0733
2025-07-01,3.0351
2025-07-02,2.9489
2025-07-03,2.9561
2025-07-04,2.888
2025-07-07,2.888
2025-07-08,2.7868
2025-07-09,2.8511
2025-07-10,2.8601
2025-07-11,2.88
2025-07-14,2.8872
2025-07-15,3.0609
2025-07-16,3.0106
2025-07-17,3.1085
2025-07-18,3.1278
2025-07-21,3.0527
2025-07-22,2.9188
2025-07-23,2.9576
2025-07-24,2.996
2025-07-25,3.0491
2025-07-28,2.9765
2025-07-29,3.0086
2025-07-30,2.9741
2025-07-31,2.9265
2025-08-01,2.9459
2025-08-04,2.8991
2025-08-05,2.8991
2025-08-06,2.9773
2025-08-07,2.9446
2025-08-08,2.9713
2025-08-11,3.1982
2025-08-12,3.1982
2025-08-13,3.1571
2025-08-14,3.1893
2025-08-15,3.2594
2025-08-18,3.4355
2025-08-19,3.4467
2025-08-20,3.5873
2025-08-21,3.7613
2025-08-22,3.7613
2025-08-25,3.8865
2025-08-26,3.9213
2025-08-27,3.8037
2025-08-28,3.9295
2025-08-29,3.8527
2025-09-01,3.9301
2025-09-02,3.9807
2025-09-03,3.8401
2025-09-04,3.8401
2025-09-05,3.8494
2025-09-08,3.9012
2025-09-09,3.9541
2025-09-10,3.9229
2025-09-11,3.9744
2025-09-12,3.973
2025-09-15,4.2706
2025-09-16,4.2706
2025-09-17,4.1384
2025-09-18,3.8213
2025-09-19,3.8039
2025-09-22,3.653
2025-09-23,3.6827
2025-09-24,3.5203
2025-09-25,3.6843
2025-09-26,3.7121
2025-09-29,3.7885
2025-09-30,3.717
2025-10-01,3.7393
2025-10-02,3.8448
2025-10-03,3.797
2025-10-06,3.8835
2025-10-07,3.8146
2025-10-08,3.7491
2025-10-09,3.7705
2025-10-10,3.7705
2025-10-13,3.7393
2025-10-14,3.9997
2025-10-15,3.9997
2025-10-16,3.902
2025-10-17,3.9227
2025-10-20,3.969
2025-10-21,4.0527
2025-10-22,4.146
2025-10-23,4.2368
2025-10-24,4.0974
2025-10-27,4.0005
2025-10-28,3.8866
2025-10-29,3.9147
2025-10-30,3.921
2025-10-31,3.9279
2025-11-03,4.088
2025-11-04,4.0517
2025-11-05,4.1579
2025-11-06,3.9623
2025-11-07,4.1151
2025-11-10,4.1591
2025-11-11,4.2361
2025-11-12,4.0165
2025-11-13,3.9919
2025-11-14,4.0114
2025-11-17,4.0341
2025-11-18,4.0187
2025-11-19,4.0605
2025-11-20,4.0581
2025-11-21,4.0314
2025-11-24,4.0831
2025-11-25,4.1241
2025-11-26,4.1147
2025-11-27,4.116
2025-11-28,4.1011
2025-12-01,4.1238
2025-12-02,4.0385
2025-12-03,4.0357
2025-12-04,4.1014
2025-12-05,4.0434
2025-12-08,3.9691
2025-12-09,3.9392
2025-12-10,3.9248
2025-12-11,4.0175
2025-12-12,3.973
2025-12-15,3.8525
2025-12-16,3.7588
2025-12-17,3.4707
2025-12-18,3.4476
2025-12-19,3.4102
2025-12-22,3.4823
2025-12-23,3.4657
2025-12-24,3.4497
2025-12-25,3.451
2025-12-26,3.4836
2025-12-29,3.5115
2025-12-30,3.5051
2025-12-31,3.4844
2026-01-01,3.4845
2026-01-02,3.5511
2026-01-05,3.5894
2026-01-06,3.7208
2026-01-07,3.7434
2026-01-08,3.7249
2026-01-09,3.5594
2026-01-12,3.5578
2026-01-13,3.6061
2026-01-14,3.5566
2026-01-15,3.5857
2026-01-16,3.5482
2026-01-19,3.552
2026-01-20,3.4556
2026-01-21,3.4698
2026-01-22,3.4788
2026-01-23,3.5153
2026-01-26,3.5686
2026-01-27,3.696
2026-01-28,3.5103
2026-01-29,3.4492
2026-01-30,3.3337
2026-02-02,3.3536
2026-02-03,3.1538
2026-02-04,3.0984
2026-02-05,3.0765
2026-02-06,2.94
2026-02-09,2.9907
2026-02-10,2.939
2026-02-11,2.9238
2026-02-12,2.9895
2026-02-13,2.9638
2026-02-16,2.9623
2026-02-17,2.8355
2026-02-18,2.8506
2026-02-19,2.8562
2026-02-20,2.8515
2026-02-23,2.781
2026-02-24,2.8408
2026-02-25,2.8426
2026-02-26,2.8126
2026-02-27,2.8001
2026-03-02,2.8384
2026-03-03,2.826
2026-03-04,290.7
2026-03-05,2.9502
2026-03-06,2.9071
