Date,Value
1986-01-02,2.37
1986-01-03,2.365
1986-01-06,2.375
1986-01-07,2.38
1986-01-08,2.37
1986-01-09,2.37
1986-01-10,2.37
1986-01-13,2.3425
1986-01-14,2.36
1986-01-15,2.385
1986-01-16,2.37
1986-01-17,2.37
1986-01-20,2.385
1986-01-21,2.375
1986-01-22,2.385
1986-01-23,2.38
1986-01-24,2.325
1986-01-27,2.32
1986-01-28,2.37
1986-01-29,2.375
1986-01-30,2.36
1986-01-31,2.36
1986-02-03,2.36
1986-02-04,2.36
1986-02-05,2.38
1986-02-06,2.35
1986-02-07,2.35
1986-02-10,2.36
1986-02-11,2.3425
1986-02-12,2.335
1986-02-13,2.32
1986-02-14,2.335
1986-02-18,2.355
1986-02-19,2.345
1986-02-20,2.335
1986-02-21,2.345
1986-02-24,2.34
1986-02-25,2.32
1986-02-26,2.29
1986-02-27,2.275
1986-02-28,2.225
1986-03-03,2.255
1986-03-04,2.21
1986-03-05,2.225
1986-03-06,2.26
1986-03-07,2.265
1986-03-10,2.275
1986-03-11,2.265
1986-03-12,2.255
1986-03-13,2.295
1986-03-14,2.315
1986-03-17,2.315
1986-03-18,2.315
1986-03-19,2.325
1986-03-20,2.315
1986-03-21,2.3
1986-03-24,2.31
1986-03-25,2.315
1986-03-26,2.34
1986-03-27,2.32
1986-03-31,2.335
1986-04-01,2.365
1986-04-02,2.325
1986-04-03,2.305
1986-04-04,2.305
1986-04-07,2.325
1986-04-08,2.315
1986-04-09,2.29
1986-04-10,2.29
1986-04-11,2.3
1986-04-14,2.3
1986-04-15,2.285
1986-04-16,2.275
1986-04-17,2.295
1986-04-18,2.28
1986-04-21,2.275
1986-04-22,2.315
1986-04-23,2.33
1986-04-24,2.305
1986-04-25,2.3
1986-04-28,2.305
1986-04-29,2.305
1986-04-30,2.35
1986-05-01,2.325
1986-05-02,2.315
1986-05-05,2.35
1986-05-06,2.37
1986-05-07,2.385
1986-05-08,2.4
1986-05-09,2.425
1986-05-12,2.39
1986-05-13,2.44
1986-05-14,2.445
1986-05-15,2.43
1986-05-16,2.415
1986-05-19,2.435
1986-05-20,2.45
1986-05-21,2.46
1986-05-22,2.435
1986-05-23,2.435
1986-05-27,2.455
1986-05-28,2.485
1986-05-29,2.465
1986-05-30,2.475
1986-06-02,2.49
1986-06-03,2.46
1986-06-04,2.49
1986-06-05,2.475
1986-06-06,2.495
1986-06-09,2.485
1986-06-10,2.475
1986-06-11,2.46
1986-06-12,2.42
1986-06-13,2.42
1986-06-16,2.425
1986-06-17,2.44
1986-06-18,2.455
1986-06-19,2.46
1986-06-20,2.445
1986-06-23,2.425
1986-06-24,2.36
1986-06-25,2.3
1986-06-26,2.255
1986-06-27,2.255
1986-06-30,2.14
1986-07-01,1.99
1986-07-02,2.02
1986-07-03,1.955
1986-07-07,1.87
1986-07-08,1.89
1986-07-09,1.925
1986-07-10,1.905
1986-07-11,1.925
1986-07-14,1.935
1986-07-15,1.98
1986-07-16,1.985
1986-07-17,1.95
1986-07-18,1.92
1986-07-21,1.915
1986-07-22,1.905
1986-07-23,1.95
1986-07-24,2.0
1986-07-25,1.99
1986-07-28,1.985
1986-07-29,1.885
1986-07-30,1.79
1986-07-31,1.7
1986-08-01,1.655
1986-08-04,1.62
1986-08-05,1.585
1986-08-06,1.57
1986-08-07,1.565
1986-08-08,1.57
1986-08-11,1.58
1986-08-12,1.55
1986-08-13,1.58
1986-08-14,1.6
1986-08-15,1.55
1986-08-18,1.535
1986-08-19,1.515
1986-08-20,1.495
1986-08-21,1.5
1986-08-22,1.485
1986-08-25,1.445
1986-08-26,1.4
1986-08-27,1.415
1986-08-28,1.39
1986-08-29,1.38
1986-09-02,1.35
1986-09-03,1.37
1986-09-04,1.37
1986-09-05,1.345
1986-09-08,1.37
1986-09-09,1.36
1986-09-10,1.3
1986-09-11,1.3
1986-09-12,1.3
1986-09-15,1.285
1986-09-16,1.265
1986-09-17,1.28
1986-09-18,1.3
1986-09-19,1.305
1986-09-22,1.31
1986-09-23,1.38
1986-09-24,1.395
1986-09-25,1.37
1986-09-26,1.39
1986-09-29,1.46
1986-09-30,1.445
1986-10-01,1.45
1986-10-02,1.41
1986-10-03,1.38
1986-10-06,1.3
1986-10-07,1.23
1986-10-08,1.26
1986-10-09,1.25
1986-10-10,1.27
1986-10-13,1.265
1986-10-14,1.255
1986-10-15,1.225
1986-10-16,1.22
1986-10-17,1.235
1986-10-20,1.26
1986-10-21,1.3
1986-10-22,1.345
1986-10-23,1.325
1986-10-24,1.395
1986-10-27,1.42
1986-10-28,1.43
1986-10-29,1.425
1986-10-30,1.475
1986-10-31,1.465
1986-11-03,1.495
1986-11-04,1.525
1986-11-05,1.53
1986-11-06,1.52
1986-11-07,1.53
1986-11-10,1.52
1986-11-11,1.51
1986-11-12,1.58
1986-11-13,1.575
1986-11-14,1.555
1986-11-17,1.53
1986-11-18,1.53
1986-11-19,1.57
1986-11-20,1.58
1986-11-21,1.58
1986-11-24,1.56
1986-11-25,1.57
1986-11-26,1.59
1986-11-28,1.59
1986-12-01,1.62
1986-12-02,1.63
1986-12-03,1.6
1986-12-04,1.59
1986-12-05,1.58
1986-12-08,1.59
1986-12-09,1.585
1986-12-10,1.585
1986-12-11,1.545
1986-12-12,1.525
1986-12-15,1.525
1986-12-16,1.52
1986-12-17,1.51
1986-12-18,1.5
1986-12-19,1.465
1986-12-22,1.46
1986-12-23,1.445
1986-12-24,1.445
1986-12-26,1.465
1986-12-29,1.42
1986-12-30,1.415
1986-12-31,1.42
1987-01-02,1.405
1987-01-05,1.365
1987-01-06,1.355
1987-01-07,1.395
1987-01-08,1.395
1987-01-09,1.43
1987-01-12,1.46
1987-01-13,1.43
1987-01-14,1.46
1987-01-15,1.45
1987-01-16,1.465
1987-01-19,1.465
1987-01-20,1.47
1987-01-21,1.47
1987-01-22,1.455
1987-01-23,1.465
1987-01-26,1.46
1987-01-27,1.455
1987-01-28,1.435
1987-01-29,1.44
1987-01-30,1.44
1987-02-02,1.465
1987-02-03,1.465
1987-02-04,1.46
1987-02-05,1.43
1987-02-06,1.425
1987-02-09,1.415
1987-02-10,1.41
1987-02-11,1.365
1987-02-12,1.305
1987-02-13,1.3
1987-02-17,1.31
1987-02-18,1.31
1987-02-19,1.335
1987-02-20,1.375
1987-02-23,1.365
1987-02-24,1.37
1987-02-25,1.345
1987-02-26,1.355
1987-02-27,1.38
1987-03-02,1.415
1987-03-03,1.39
1987-03-04,1.405
1987-03-05,1.415
1987-03-06,1.43
1987-03-09,1.455
1987-03-10,1.425
1987-03-11,1.425
1987-03-12,1.435
1987-03-13,1.46
1987-03-16,1.465
1987-03-17,1.495
1987-03-18,1.485
1987-03-19,1.485
1987-03-20,1.475
1987-03-23,1.5
1987-03-24,1.535
1987-03-25,1.555
1987-03-26,1.53
1987-03-27,1.5
1987-03-30,1.5
1987-03-31,1.475
1987-04-01,1.455
1987-04-02,1.435
1987-04-03,1.425
1987-04-06,1.435
1987-04-07,1.46
1987-04-08,1.49
1987-04-09,1.51
1987-04-10,1.52
1987-04-13,1.535
1987-04-14,1.575
1987-04-15,1.54
1987-04-16,1.56
1987-04-20,1.605
1987-04-21,1.615
1987-04-22,1.61
1987-04-23,1.635
1987-04-24,1.635
1987-04-27,1.62
1987-04-28,1.635
1987-04-29,1.67
1987-04-30,1.7
1987-05-01,1.695
1987-05-04,1.73
1987-05-05,1.735
1987-05-06,1.755
1987-05-07,1.76
1987-05-08,1.78
1987-05-11,1.82
1987-05-12,1.765
1987-05-13,1.75
1987-05-14,1.785
1987-05-15,1.78
1987-05-18,1.665
1987-05-19,1.705
1987-05-20,1.695
1987-05-21,1.74
1987-05-22,1.76
1987-05-26,1.76
1987-05-27,1.78
1987-05-28,1.775
1987-05-29,1.75
1987-06-01,1.725
1987-06-02,1.76
1987-06-03,1.775
1987-06-04,1.74
1987-06-05,1.76
1987-06-08,1.745
1987-06-09,1.74
1987-06-10,1.705
1987-06-11,1.71
1987-06-12,1.75
1987-06-15,1.805
1987-06-16,1.855
1987-06-17,1.8
1987-06-18,1.755
1987-06-19,1.77
1987-06-22,1.675
1987-06-23,1.74
1987-06-24,1.79
1987-06-25,1.74
1987-06-26,1.735
1987-06-29,1.675
1987-06-30,1.7
1987-07-01,1.64
1987-07-02,1.64
1987-07-06,1.61
1987-07-07,1.65
1987-07-08,1.575
1987-07-09,1.585
1987-07-10,1.595
1987-07-13,1.57
1987-07-14,1.555
1987-07-15,1.59
1987-07-16,1.58
1987-07-17,1.565
1987-07-20,1.62
1987-07-21,1.585
1987-07-22,1.61
1987-07-23,1.595
1987-07-24,1.595
1987-07-27,1.585
1987-07-28,1.62
1987-07-29,1.57
1987-07-30,1.57
1987-07-31,1.58
1987-08-03,1.53
1987-08-04,1.455
1987-08-05,1.45
1987-08-06,1.415
1987-08-07,1.4
1987-08-10,1.41
1987-08-11,1.39
1987-08-12,1.41
1987-08-13,1.43
1987-08-14,1.46
1987-08-17,1.435
1987-08-18,1.46
1987-08-19,1.51
1987-08-20,1.495
1987-08-21,1.485
1987-08-24,1.485
1987-08-25,1.47
1987-08-26,1.5
1987-08-27,1.495
1987-08-28,1.485
1987-08-31,1.485
1987-09-01,1.465
1987-09-02,1.465
1987-09-03,1.45
1987-09-04,1.46
1987-09-08,1.475
1987-09-09,1.495
1987-09-10,1.505
1987-09-11,1.485
1987-09-14,1.525
1987-09-15,1.535
1987-09-16,1.58
1987-09-17,1.57
1987-09-18,1.565
1987-09-21,1.525
1987-09-22,1.5
1987-09-23,1.5
1987-09-24,1.485
1987-09-25,1.49
1987-09-28,1.525
1987-09-29,1.57
1987-09-30,1.56
1987-10-01,1.61
1987-10-02,1.62
1987-10-05,1.615
1987-10-06,1.585
1987-10-07,1.575
1987-10-08,1.59
1987-10-09,1.57
1987-10-12,1.565
1987-10-13,1.605
1987-10-14,1.63
1987-10-15,1.63
1987-10-16,1.63
1987-10-19,1.55
1987-10-20,1.66
1987-10-21,1.69
1987-10-22,1.685
1987-10-23,1.68
1987-10-26,1.69
1987-10-27,1.705
1987-10-28,1.7
1987-10-29,1.685
1987-10-30,1.685
1987-11-02,1.67
1987-11-03,1.655
1987-11-04,1.66
1987-11-05,1.6975
1987-11-06,1.67
1987-11-09,1.69
1987-11-10,1.705
1987-11-11,1.705
1987-11-12,1.71
1987-11-13,1.725
1987-11-16,1.735
1987-11-17,1.765
1987-11-18,1.765
1987-11-19,1.775
1987-11-20,1.78
1987-11-23,1.785
1987-11-24,1.795
1987-11-25,1.815
1987-11-27,1.835
1987-11-30,1.825
1987-12-01,1.82
1987-12-02,1.81
1987-12-03,1.825
1987-12-04,1.79
1987-12-07,1.8
1987-12-08,1.79
1987-12-09,1.825
1987-12-10,1.82
1987-12-11,1.815
1987-12-14,1.805
1987-12-15,1.82
1987-12-16,1.745
1987-12-17,1.75
1987-12-18,1.75
1987-12-21,1.75
1987-12-22,1.775
1987-12-23,1.78
1987-12-24,1.78
1987-12-28,1.76
1987-12-29,1.755
1987-12-30,1.74
1987-12-31,1.74
1988-01-04,1.745
1988-01-05,1.75
1988-01-06,1.79
1988-01-07,1.795
1988-01-08,1.795
1988-01-11,1.815
1988-01-12,1.8
1988-01-13,1.825
1988-01-14,1.825
1988-01-15,1.85
1988-01-18,1.885
1988-01-19,1.88
1988-01-20,1.875
1988-01-21,1.865
1988-01-22,1.88
1988-01-25,1.9
1988-01-26,1.91
1988-01-27,1.905
1988-01-28,1.86
1988-01-29,1.845
1988-02-01,1.86
1988-02-02,1.86
1988-02-03,1.87
1988-02-04,1.895
1988-02-05,1.895
1988-02-08,1.905
1988-02-09,1.915
1988-02-10,1.91
1988-02-11,1.91
1988-02-12,1.895
1988-02-16,1.855
1988-02-17,1.9
1988-02-18,1.895
1988-02-19,1.9
1988-02-22,1.89
1988-02-23,1.855
1988-02-24,1.875
1988-02-25,1.88
1988-02-26,1.905
1988-02-29,1.925
1988-03-01,1.93
1988-03-02,1.925
1988-03-03,1.92
1988-03-04,1.91
1988-03-07,1.935
1988-03-08,1.935
1988-03-09,1.91
1988-03-10,1.895
1988-03-11,1.88
1988-03-14,1.9
1988-03-15,1.89
1988-03-16,1.89
1988-03-17,1.91
1988-03-18,1.905
1988-03-21,1.925
1988-03-22,1.915
1988-03-23,1.92
1988-03-24,1.925
1988-03-25,1.95
1988-03-28,1.955
1988-03-29,1.95
1988-03-30,1.93
1988-03-31,1.935
1988-04-04,1.92
1988-04-05,1.915
1988-04-06,1.91
1988-04-07,1.915
1988-04-08,1.93
1988-04-11,1.92
1988-04-12,1.92
1988-04-13,1.915
1988-04-14,1.91
1988-04-15,1.9
1988-04-18,1.925
1988-04-19,1.94
1988-04-20,1.93
1988-04-21,1.915
1988-04-22,1.91
1988-04-25,1.91
1988-04-26,1.925
1988-04-27,1.93
1988-04-28,1.92
1988-04-29,1.955
1988-05-02,1.98
1988-05-03,1.975
1988-05-04,1.975
1988-05-05,1.955
1988-05-06,1.945
1988-05-09,1.9325
1988-05-10,1.935
1988-05-11,1.9
1988-05-12,1.885
1988-05-13,1.89
1988-05-16,1.98
1988-05-17,1.985
1988-05-18,1.99
1988-05-19,2.005
1988-05-20,2.045
1988-05-23,1.975
1988-05-24,2.03
1988-05-25,1.995
1988-05-26,1.97
1988-05-27,2.02
1988-05-31,2.085
1988-06-01,2.05
1988-06-02,2.095
1988-06-03,2.185
1988-06-06,2.26
1988-06-07,2.385
1988-06-08,2.33
1988-06-09,2.365
1988-06-10,2.41
1988-06-13,2.41
1988-06-14,2.505
1988-06-15,2.585
1988-06-16,2.73
1988-06-17,2.845
1988-06-20,3.005
1988-06-21,3.14
1988-06-22,3.21
1988-06-23,3.15
1988-06-24,3.125
1988-06-27,3.23
1988-06-28,3.025
1988-06-29,2.75
1988-06-30,2.98
1988-07-01,3.135
1988-07-05,3.195
1988-07-06,3.175
1988-07-07,2.945
1988-07-08,2.9
1988-07-11,2.695
1988-07-12,2.87
1988-07-13,3.06
1988-07-14,3.15
1988-07-15,3.155
1988-07-18,2.8
1988-07-19,2.825
1988-07-20,2.835
1988-07-21,2.905
1988-07-22,2.855
1988-07-25,2.73
1988-07-26,2.52
1988-07-27,2.53
1988-07-28,2.385
1988-07-29,2.505
1988-08-01,2.67
1988-08-02,2.79
1988-08-03,2.755
1988-08-04,2.83
1988-08-05,2.845
1988-08-08,2.7
1988-08-09,2.78
1988-08-10,2.805
1988-08-11,2.77
1988-08-12,2.665
1988-08-15,2.79
1988-08-16,2.68
1988-08-17,2.675
1988-08-18,2.73
1988-08-19,2.725
1988-08-22,2.6
1988-08-23,2.59
1988-08-24,2.695
1988-08-25,2.66
1988-08-26,2.635
1988-08-29,2.6
1988-08-30,2.65
1988-08-31,2.7
1988-09-01,2.73
1988-09-02,2.75
1988-09-06,2.795
1988-09-07,2.77
1988-09-08,2.76
1988-09-09,2.725
1988-09-12,2.675
1988-09-13,2.74
1988-09-14,2.75
1988-09-15,2.705
1988-09-16,2.665
1988-09-19,2.605
1988-09-20,2.635
1988-09-21,2.645
1988-09-22,2.68
1988-09-23,2.625
1988-09-26,2.585
1988-09-27,2.645
1988-09-28,2.645
1988-09-29,2.675
1988-09-30,2.67
1988-10-03,2.71
1988-10-04,2.76
1988-10-05,2.74
1988-10-06,2.79
1988-10-07,2.75
1988-10-10,2.735
1988-10-11,2.755
1988-10-12,2.755
1988-10-13,2.77
1988-10-14,2.74
1988-10-17,2.75
1988-10-18,2.735
1988-10-19,2.725
1988-10-20,2.685
1988-10-21,2.655
1988-10-24,2.595
1988-10-25,2.57
1988-10-26,2.625
1988-10-27,2.555
1988-10-28,2.6
1988-10-31,2.645
1988-11-01,2.675
1988-11-02,2.685
1988-11-03,2.645
1988-11-04,2.6
1988-11-07,2.615
1988-11-08,2.63
1988-11-09,2.62
1988-11-10,2.59
1988-11-11,2.59
1988-11-14,2.565
1988-11-15,2.5
1988-11-16,2.49
1988-11-17,2.44
1988-11-18,2.43
1988-11-21,2.465
1988-11-22,2.495
1988-11-23,2.495
1988-11-25,2.51
1988-11-28,2.435
1988-11-29,2.445
1988-11-30,2.49
1988-12-01,2.47
1988-12-02,2.49
1988-12-05,2.45
1988-12-06,2.49
1988-12-07,2.495
1988-12-08,2.51
1988-12-09,2.53
1988-12-12,2.545
1988-12-13,2.57
1988-12-14,2.605
1988-12-15,2.605
1988-12-16,2.635
1988-12-19,2.63
1988-12-20,2.59
1988-12-21,2.65
1988-12-22,2.64
1988-12-23,2.66
1988-12-27,2.67
1988-12-28,2.66
1988-12-29,2.645
1988-12-30,2.67
1989-01-03,2.65
1989-01-04,2.675
1989-01-05,2.71
1989-01-06,2.725
1989-01-09,2.735
1989-01-10,2.725
1989-01-11,2.7
1989-01-12,2.69
1989-01-13,2.66
1989-01-16,2.515
1989-01-17,2.515
1989-01-18,2.54
1989-01-19,2.53
1989-01-20,2.535
1989-01-23,2.555
1989-01-24,2.585
1989-01-25,2.565
1989-01-26,2.595
1989-01-27,2.6
1989-01-30,2.59
1989-01-31,2.625
1989-02-01,2.615
1989-02-02,2.615
1989-02-03,2.605
1989-02-06,2.54
1989-02-07,2.555
1989-02-08,2.53
1989-02-09,2.55
1989-02-10,2.56
1989-02-13,2.56
1989-02-14,2.6
1989-02-15,2.62
1989-02-16,2.585
1989-02-17,2.6
1989-02-21,2.62
1989-02-22,2.66
1989-02-23,2.64
1989-02-24,2.64
1989-02-27,2.62
1989-02-28,2.655
1989-03-01,2.645
1989-03-02,2.675
1989-03-03,2.695
1989-03-06,2.7
1989-03-07,2.675
1989-03-08,2.65
1989-03-09,2.67
1989-03-10,2.645
1989-03-13,2.66
1989-03-14,2.675
1989-03-15,2.675
1989-03-16,2.675
1989-03-17,2.68
1989-03-20,2.7
1989-03-21,2.655
1989-03-22,2.645
1989-03-23,2.635
1989-03-27,2.575
1989-03-28,2.6
1989-03-29,2.595
1989-03-30,2.525
1989-03-31,2.525
1989-04-03,2.455
1989-04-04,2.485
1989-04-05,2.515
1989-04-06,2.53
1989-04-07,2.545
1989-04-10,2.55
1989-04-11,2.545
1989-04-12,2.57
1989-04-13,2.58
1989-04-14,2.6
1989-04-17,2.66
1989-04-18,2.64
1989-04-19,2.62
1989-04-20,2.62
1989-04-21,2.645
1989-04-24,2.575
1989-04-25,2.54
1989-04-26,2.555
1989-04-27,2.585
1989-04-28,2.58
1989-05-01,2.63
1989-05-02,2.63
1989-05-03,2.65
1989-05-04,2.64
1989-05-05,2.67
1989-05-08,2.655
1989-05-09,2.65
1989-05-10,2.67
1989-05-11,2.645
1989-05-12,2.66
1989-05-15,2.675
1989-05-16,2.64
1989-05-17,2.63
1989-05-18,2.64
1989-05-19,2.66
1989-05-22,2.605
1989-05-23,2.595
1989-05-24,2.57
1989-05-25,2.605
1989-05-26,2.595
1989-05-30,2.575
1989-05-31,2.57
1989-06-01,2.56
1989-06-02,2.58
1989-06-05,2.6
1989-06-06,2.555
1989-06-07,2.52
1989-06-08,2.485
1989-06-09,2.475
1989-06-12,2.455
1989-06-13,2.455
1989-06-14,2.5
1989-06-15,2.505
1989-06-16,2.54
1989-06-19,2.62
1989-06-20,2.56
1989-06-21,2.55
1989-06-22,2.54
1989-06-23,2.54
1989-06-26,2.5
1989-06-27,2.565
1989-06-28,2.58
1989-06-29,2.57
1989-06-30,2.605
1989-07-03,2.64
1989-07-05,2.74
1989-07-06,2.695
1989-07-07,2.64
1989-07-10,2.53
1989-07-11,2.49
1989-07-12,2.475
1989-07-13,2.475
1989-07-14,2.49
1989-07-17,2.375
1989-07-18,2.355
1989-07-19,2.405
1989-07-20,2.4
1989-07-21,2.4
1989-07-24,2.31
1989-07-25,2.305
1989-07-26,2.325
1989-07-27,2.365
1989-07-28,2.325
1989-07-31,2.25
1989-08-01,2.26
1989-08-02,2.235
1989-08-03,2.19
1989-08-04,2.215
1989-08-07,2.25
1989-08-08,2.25
1989-08-09,2.255
1989-08-10,2.29
1989-08-11,2.335
1989-08-14,2.255
1989-08-15,2.34
1989-08-16,2.335
1989-08-17,2.365
1989-08-18,2.34
1989-08-21,2.345
1989-08-22,2.38
1989-08-23,2.365
1989-08-24,2.325
1989-08-25,2.325
1989-08-28,2.315
1989-08-29,2.315
1989-08-30,2.315
1989-08-31,2.335
1989-09-01,2.325
1989-09-05,2.325
1989-09-06,2.375
1989-09-07,2.39
1989-09-08,2.405
1989-09-11,2.405
1989-09-12,2.38
1989-09-13,2.34
1989-09-14,2.35
1989-09-15,2.32
1989-09-18,2.285
1989-09-19,2.245
1989-09-20,2.27
1989-09-21,2.27
1989-09-22,2.26
1989-09-25,2.235
1989-09-26,2.2
1989-09-27,2.155
1989-09-28,2.19
1989-09-29,2.18
1989-10-02,2.245
1989-10-03,2.24
1989-10-04,2.23
1989-10-05,2.255
1989-10-06,2.245
1989-10-09,2.215
1989-10-10,2.205
1989-10-11,2.225
1989-10-12,2.235
1989-10-13,2.23
1989-10-16,2.235
1989-10-17,2.265
1989-10-18,2.255
1989-10-19,2.325
1989-10-20,2.3
1989-10-23,2.285
1989-10-24,2.245
1989-10-25,2.305
1989-10-26,2.32
1989-10-27,2.26
1989-10-30,2.275
1989-10-31,2.215
1989-11-01,2.26
1989-11-02,2.31
1989-11-03,2.28
1989-11-06,2.265
1989-11-07,2.27
1989-11-08,2.285
1989-11-09,2.26
1989-11-10,2.29
1989-11-13,2.29
1989-11-14,2.315
1989-11-15,2.32
1989-11-16,2.325
1989-11-17,2.33
1989-11-20,2.305
1989-11-21,2.315
1989-11-22,2.325
1989-11-24,2.325
1989-11-27,2.28
1989-11-28,2.29
1989-11-29,2.29
1989-11-30,2.325
1989-12-01,2.28
1989-12-04,2.265
1989-12-05,2.295
1989-12-06,2.315
1989-12-07,2.3
1989-12-08,2.31
1989-12-11,2.295
1989-12-12,2.295
1989-12-13,2.295
1989-12-14,2.305
1989-12-15,2.315
1989-12-18,2.285
1989-12-19,2.3
1989-12-20,2.28
1989-12-21,2.285
1989-12-22,2.285
1989-12-26,2.295
1989-12-27,2.285
1989-12-28,2.29
1989-12-29,2.29
1990-01-02,2.28
1990-01-03,2.28
1990-01-04,2.275
1990-01-05,2.29
1990-01-08,2.29
1990-01-09,2.29
1990-01-10,2.275
1990-01-11,2.27
1990-01-12,2.305
1990-01-15,2.32
1990-01-16,2.3
1990-01-17,2.29
1990-01-18,2.3
1990-01-19,2.295
1990-01-22,2.3
1990-01-23,2.3
1990-01-24,2.315
1990-01-25,2.295
1990-01-26,2.295
1990-01-29,2.32
1990-01-30,2.3
1990-01-31,2.315
1990-02-01,2.315
1990-02-02,2.3
1990-02-05,2.3
1990-02-06,2.305
1990-02-07,2.335
1990-02-08,2.32
1990-02-09,2.325
1990-02-12,2.355
1990-02-13,2.345
1990-02-14,2.36
1990-02-15,2.365
1990-02-16,2.35
1990-02-20,2.345
1990-02-21,2.37
1990-02-22,2.38
1990-02-23,2.39
1990-02-26,2.4
1990-02-27,2.385
1990-02-28,2.41
1990-03-01,2.41
1990-03-02,2.405
1990-03-05,2.4
1990-03-06,2.4
1990-03-07,2.385
1990-03-08,2.38
1990-03-09,2.4
1990-03-12,2.44
1990-03-13,2.405
1990-03-14,2.41
1990-03-15,2.43
1990-03-16,2.43
1990-03-19,2.47
1990-03-20,2.49
1990-03-21,2.475
1990-03-22,2.485
1990-03-23,2.485
1990-03-26,2.505
1990-03-27,2.515
1990-03-28,2.5
1990-03-29,2.505
1990-03-30,2.51
1990-04-02,2.535
1990-04-03,2.56
1990-04-04,2.575
1990-04-05,2.595
1990-04-06,2.59
1990-04-09,2.59
1990-04-10,2.63
1990-04-11,2.615
1990-04-12,2.595
1990-04-16,2.635
1990-04-17,2.65
1990-04-18,2.65
1990-04-19,2.695
1990-04-20,2.685
1990-04-23,2.685
1990-04-24,2.675
1990-04-25,2.715
1990-04-26,2.715
1990-04-27,2.7
1990-04-30,2.71
1990-05-01,2.73
1990-05-02,2.775
1990-05-03,2.76
1990-05-04,2.78
1990-05-07,2.81
1990-05-08,2.79
1990-05-09,2.81
1990-05-10,2.82
1990-05-11,2.765
1990-05-14,2.745
1990-05-15,2.745
1990-05-16,2.715
1990-05-17,2.735
1990-05-18,2.71
1990-05-21,2.66
1990-05-22,2.65
1990-05-23,2.655
1990-05-24,2.7
1990-05-25,2.74
1990-05-29,2.74
1990-05-30,2.69
1990-05-31,2.685
1990-06-01,2.67
1990-06-04,2.64
1990-06-05,2.69
1990-06-06,2.72
1990-06-07,2.77
1990-06-08,2.76
1990-06-11,2.815
1990-06-12,2.825
1990-06-13,2.815
1990-06-14,2.795
1990-06-15,2.755
1990-06-18,2.75
1990-06-19,2.78
1990-06-20,2.76
1990-06-21,2.765
1990-06-22,2.74
1990-06-25,2.77
1990-06-26,2.77
1990-06-27,2.78
1990-06-28,2.835
1990-06-29,2.85
1990-07-02,2.845
1990-07-03,2.84
1990-07-05,2.755
1990-07-06,2.68
1990-07-09,2.7
1990-07-10,2.735
1990-07-11,2.71
1990-07-12,2.665
1990-07-13,2.69
1990-07-16,2.64
1990-07-17,2.625
1990-07-18,2.605
1990-07-19,2.625
1990-07-20,2.585
1990-07-23,2.66
1990-07-24,2.63
1990-07-25,2.635
1990-07-26,2.66
1990-07-27,2.64
1990-07-30,2.63
1990-07-31,2.625
1990-08-01,2.585
1990-08-02,2.56
1990-08-03,2.545
1990-08-06,2.555
1990-08-07,2.555
1990-08-08,2.525
1990-08-09,2.56
1990-08-10,2.415
1990-08-13,2.47
1990-08-14,2.48
1990-08-15,2.51
1990-08-16,2.53
1990-08-17,2.54
1990-08-20,2.55
1990-08-21,2.53
1990-08-22,2.53
1990-08-23,2.595
1990-08-24,2.59
1990-08-27,2.545
1990-08-28,2.56
1990-08-29,2.525
1990-08-30,2.465
1990-08-31,2.46
1990-09-04,2.46
1990-09-05,2.45
1990-09-06,2.425
1990-09-07,2.365
1990-09-10,2.36
1990-09-11,2.35
1990-09-12,2.255
1990-09-13,2.2
1990-09-14,2.18
1990-09-17,2.175
1990-09-18,2.165
1990-09-19,2.16
1990-09-20,2.18
1990-09-21,2.2
1990-09-24,2.215
1990-09-25,2.18
1990-09-26,2.17
1990-09-27,2.155
1990-09-28,2.155
1990-10-01,2.105
1990-10-02,2.13
1990-10-03,2.17
1990-10-04,2.19
1990-10-05,2.17
1990-10-08,2.225
1990-10-09,2.235
1990-10-10,2.25
1990-10-11,2.225
1990-10-12,2.185
1990-10-15,2.145
1990-10-16,2.145
1990-10-17,2.17
1990-10-18,2.17
1990-10-19,2.165
1990-10-22,2.175
1990-10-23,2.195
1990-10-24,2.205
1990-10-25,2.185
1990-10-26,2.165
1990-10-29,2.17
1990-10-30,2.2
1990-10-31,2.175
1990-11-01,2.185
1990-11-02,2.19
1990-11-05,2.195
1990-11-06,2.2
1990-11-07,2.215
1990-11-08,2.23
1990-11-09,2.215
1990-11-12,2.24
1990-11-13,2.235
1990-11-14,2.16
1990-11-15,2.145
1990-11-16,2.19
1990-11-19,2.22
1990-11-20,2.155
1990-11-21,2.145
1990-11-23,2.18
1990-11-26,2.16
1990-11-27,2.155
1990-11-28,2.2
1990-11-29,2.24
1990-11-30,2.24
1990-12-03,2.285
1990-12-04,2.28
1990-12-05,2.28
1990-12-06,2.265
1990-12-07,2.27
1990-12-10,2.28
1990-12-11,2.285
1990-12-12,2.29
1990-12-13,2.255
1990-12-14,2.255
1990-12-17,2.295
1990-12-18,2.285
1990-12-19,2.255
1990-12-20,2.26
1990-12-21,2.255
1990-12-24,2.245
1990-12-26,2.265
1990-12-27,2.245
1990-12-28,2.245
1990-12-31,2.235
1991-01-02,2.245
1991-01-03,2.245
1991-01-04,2.265
1991-01-07,2.29
1991-01-08,2.28
1991-01-09,2.275
1991-01-10,2.285
1991-01-11,2.265
1991-01-14,2.285
1991-01-15,2.29
1991-01-16,2.32
1991-01-17,2.34
1991-01-18,2.345
1991-01-21,2.33
1991-01-22,2.325
1991-01-23,2.32
1991-01-24,2.34
1991-01-25,2.365
1991-01-28,2.375
1991-01-29,2.385
1991-01-30,2.365
1991-01-31,2.37
1991-02-01,2.37
1991-02-04,2.37
1991-02-05,2.365
1991-02-06,2.35
1991-02-07,2.34
1991-02-08,2.35
1991-02-11,2.335
1991-02-12,2.325
1991-02-13,2.355
1991-02-14,2.355
1991-02-15,2.36
1991-02-19,2.37
1991-02-20,2.37
1991-02-21,2.375
1991-02-22,2.365
1991-02-25,2.39
1991-02-26,2.375
1991-02-27,2.375
1991-02-28,2.395
1991-03-01,2.415
1991-03-04,2.435
1991-03-05,2.445
1991-03-06,2.455
1991-03-07,2.455
1991-03-08,2.46
1991-03-11,2.445
1991-03-12,2.48
1991-03-13,2.48
1991-03-14,2.475
1991-03-15,2.4
1991-03-18,2.405
1991-03-19,2.44
1991-03-20,2.445
1991-03-21,2.46
1991-03-22,2.475
1991-03-25,2.465
1991-03-26,2.445
1991-03-27,2.445
1991-03-28,2.46
1991-04-01,2.505
1991-04-02,2.505
1991-04-03,2.51
1991-04-04,2.495
1991-04-05,2.53
1991-04-08,2.535
1991-04-09,2.48
1991-04-10,2.525
1991-04-11,2.53
1991-04-12,2.54
1991-04-15,2.51
1991-04-16,2.51
1991-04-17,2.485
1991-04-18,2.485
1991-04-19,2.52
1991-04-22,2.49
1991-04-23,2.51
1991-04-24,2.495
1991-04-25,2.515
1991-04-26,2.485
1991-04-29,2.455
1991-04-30,2.435
1991-05-01,2.415
1991-05-02,2.415
1991-05-03,2.435
1991-05-06,2.46
1991-05-07,2.435
1991-05-08,2.405
1991-05-09,2.41
1991-05-10,2.38
1991-05-13,2.365
1991-05-14,2.39
1991-05-15,2.365
1991-05-16,2.38
1991-05-17,2.385
1991-05-20,2.395
1991-05-21,2.43
1991-05-22,2.415
1991-05-23,2.43
1991-05-24,2.42
1991-05-28,2.4
1991-05-29,2.385
1991-05-30,2.375
1991-05-31,2.395
1991-06-03,2.435
1991-06-04,2.405
1991-06-05,2.395
1991-06-06,2.375
1991-06-07,2.395
1991-06-10,2.325
1991-06-11,2.305
1991-06-12,2.325
1991-06-13,2.36
1991-06-14,2.365
1991-06-17,2.33
1991-06-18,2.33
1991-06-19,2.36
1991-06-20,2.34
1991-06-21,2.295
1991-06-24,2.33
1991-06-25,2.33
1991-06-26,2.32
1991-06-27,2.265
1991-06-28,2.205
1991-07-01,2.265
1991-07-02,2.26
1991-07-03,2.29
1991-07-05,2.255
1991-07-08,2.21
1991-07-09,2.205
1991-07-10,2.235
1991-07-11,2.225
1991-07-12,2.245
1991-07-15,2.285
1991-07-16,2.39
1991-07-17,2.385
1991-07-18,2.305
1991-07-19,2.285
1991-07-22,2.37
1991-07-23,2.435
1991-07-24,2.43
1991-07-25,2.425
1991-07-26,2.45
1991-07-29,2.48
1991-07-30,2.45
1991-07-31,2.51
1991-08-01,2.54
1991-08-02,2.55
1991-08-05,2.42
1991-08-06,2.455
1991-08-07,2.425
1991-08-08,2.455
1991-08-09,2.48
1991-08-12,2.515
1991-08-13,2.5
1991-08-14,2.42
1991-08-15,2.445
1991-08-16,2.455
1991-08-19,2.33
1991-08-20,2.315
1991-08-21,2.425
1991-08-22,2.485
1991-08-23,2.48
1991-08-26,2.48
1991-08-27,2.47
1991-08-28,2.445
1991-08-29,2.445
1991-08-30,2.445
1991-09-03,2.44
1991-09-04,2.45
1991-09-05,2.43
1991-09-06,2.41
1991-09-09,2.39
1991-09-10,2.385
1991-09-11,2.415
1991-09-12,2.44
1991-09-13,2.415
1991-09-16,2.445
1991-09-17,2.425
1991-09-18,2.45
1991-09-19,2.39
1991-09-20,2.34
1991-09-23,2.335
1991-09-24,2.335
1991-09-25,2.335
1991-09-26,2.29
1991-09-27,2.3
1991-09-30,2.325
1991-10-01,2.41
1991-10-02,2.415
1991-10-03,2.395
1991-10-04,2.41
1991-10-07,2.415
1991-10-08,2.395
1991-10-09,2.395
1991-10-10,2.27
1991-10-11,2.39
1991-10-14,2.375
1991-10-15,2.345
1991-10-16,2.375
1991-10-17,2.395
1991-10-18,2.42
1991-10-21,2.395
1991-10-22,2.465
1991-10-23,2.44
1991-10-24,2.44
1991-10-25,2.42
1991-10-28,2.445
1991-10-29,2.475
1991-10-30,2.46
1991-10-31,2.475
1991-11-01,2.515
1991-11-04,2.495
1991-11-05,2.465
1991-11-06,2.44
1991-11-07,2.41
1991-11-08,2.415
1991-11-11,2.4
1991-11-12,2.405
1991-11-13,2.435
1991-11-14,2.415
1991-11-15,2.375
1991-11-18,2.395
1991-11-19,2.37
1991-11-20,2.395
1991-11-21,2.395
1991-11-22,2.39
1991-11-25,2.38
1991-11-26,2.38
1991-11-27,2.375
1991-11-29,2.37
1991-12-02,2.395
1991-12-03,2.38
1991-12-04,2.39
1991-12-05,2.39
1991-12-06,2.365
1991-12-09,2.375
1991-12-10,2.38
1991-12-11,2.375
1991-12-12,2.395
1991-12-13,2.44
1991-12-16,2.44
1991-12-17,2.43
1991-12-18,2.45
1991-12-19,2.435
1991-12-20,2.435
1991-12-23,2.455
1991-12-24,2.44
1991-12-26,2.45
1991-12-27,2.445
1991-12-30,2.42
1991-12-31,2.415
1992-01-02,2.415
1992-01-03,2.405
1992-01-06,2.415
1992-01-07,2.415
1992-01-08,2.44
1992-01-09,2.44
1992-01-10,2.44
1992-01-13,2.47
1992-01-14,2.49
1992-01-15,2.51
1992-01-16,2.48
1992-01-17,2.485
1992-01-20,2.51
1992-01-21,2.49
1992-01-22,2.515
1992-01-23,2.52
1992-01-24,2.55
1992-01-27,2.535
1992-01-28,2.555
1992-01-29,2.545
1992-01-30,2.55
1992-01-31,2.565
1992-02-03,2.6
1992-02-04,2.605
1992-02-05,2.59
1992-02-06,2.57
1992-02-07,2.57
1992-02-10,2.615
1992-02-11,2.54
1992-02-12,2.565
1992-02-13,2.55
1992-02-14,2.545
1992-02-18,2.56
1992-02-19,2.58
1992-02-20,2.595
1992-02-21,2.58
1992-02-24,2.585
1992-02-25,2.58
1992-02-26,2.57
1992-02-27,2.575
1992-02-28,2.61
1992-03-02,2.62
1992-03-03,2.62
1992-03-04,2.64
1992-03-05,2.65
1992-03-06,2.665
1992-03-09,2.7
1992-03-10,2.675
1992-03-11,2.67
1992-03-12,2.655
1992-03-13,2.63
1992-03-16,2.61
1992-03-17,2.615
1992-03-18,2.635
1992-03-19,2.63
1992-03-20,2.63
1992-03-23,2.64
1992-03-24,2.64
1992-03-25,2.63
1992-03-26,2.645
1992-03-27,2.635
1992-03-30,2.605
1992-03-31,2.585
1992-04-01,2.545
1992-04-02,2.535
1992-04-03,2.545
1992-04-06,2.565
1992-04-07,2.53
1992-04-08,2.485
1992-04-09,2.49
1992-04-10,2.495
1992-04-13,2.495
1992-04-14,2.495
1992-04-15,2.5
1992-04-16,2.51
1992-04-20,2.53
1992-04-21,2.535
1992-04-22,2.485
1992-04-23,2.495
1992-04-24,2.46
1992-04-27,2.445
1992-04-28,2.435
1992-04-29,2.42
1992-04-30,2.415
1992-05-01,2.46
1992-05-04,2.52
1992-05-05,2.51
1992-05-06,2.525
1992-05-07,2.555
1992-05-08,2.54
1992-05-11,2.51
1992-05-12,2.525
1992-05-13,2.54
1992-05-14,2.555
1992-05-15,2.545
1992-05-18,2.555
1992-05-19,2.48
1992-05-20,2.475
1992-05-21,2.455
1992-05-22,2.465
1992-05-26,2.5
1992-05-27,2.52
1992-05-28,2.505
1992-05-29,2.535
1992-06-01,2.52
1992-06-02,2.56
1992-06-03,2.56
1992-06-04,2.565
1992-06-05,2.525
1992-06-08,2.575
1992-06-09,2.58
1992-06-10,2.58
1992-06-11,2.56
1992-06-12,2.535
1992-06-15,2.4
1992-06-16,2.455
1992-06-17,2.47
1992-06-18,2.455
1992-06-19,2.48
1992-06-22,2.45
1992-06-23,2.49
1992-06-24,2.47
1992-06-25,2.495
1992-06-26,2.51
1992-06-29,2.485
1992-06-30,2.465
1992-07-01,2.515
1992-07-02,2.485
1992-07-06,2.41
1992-07-07,2.43
1992-07-08,2.415
1992-07-09,2.4
1992-07-10,2.39
1992-07-13,2.36
1992-07-14,2.33
1992-07-15,2.31
1992-07-16,2.295
1992-07-17,2.28
1992-07-20,2.255
1992-07-21,2.255
1992-07-22,2.245
1992-07-23,2.22
1992-07-24,2.195
1992-07-27,2.205
1992-07-28,2.22
1992-07-29,2.22
1992-07-30,2.195
1992-07-31,2.18
1992-08-03,2.175
1992-08-04,2.17
1992-08-05,2.16
1992-08-06,2.115
1992-08-07,2.11
1992-08-10,2.125
1992-08-11,2.155
1992-08-12,2.12
1992-08-13,2.15
1992-08-14,2.17
1992-08-17,2.205
1992-08-18,2.17
1992-08-19,2.16
1992-08-20,2.18
1992-08-21,2.22
1992-08-24,2.245
1992-08-25,2.245
1992-08-26,2.215
1992-08-27,2.205
1992-08-28,2.17
1992-08-31,2.17
1992-09-01,2.205
1992-09-02,2.205
1992-09-03,2.22
1992-09-04,2.225
1992-09-08,2.245
1992-09-09,2.2
1992-09-10,2.15
1992-09-11,2.145
1992-09-14,2.13
1992-09-15,2.165
1992-09-16,2.145
1992-09-17,2.125
1992-09-18,2.11
1992-09-21,2.115
1992-09-22,2.115
1992-09-23,2.095
1992-09-24,2.115
1992-09-25,2.12
1992-09-28,2.09
1992-09-29,2.085
1992-09-30,2.08
1992-10-01,2.07
1992-10-02,2.03
1992-10-05,2.0
1992-10-06,2.01
1992-10-07,2.015
1992-10-08,1.985
1992-10-09,1.97
1992-10-12,1.97
1992-10-13,1.97
1992-10-14,1.97
1992-10-15,1.96
1992-10-16,1.945
1992-10-19,1.92
1992-10-20,1.955
1992-10-21,1.925
1992-10-22,1.92
1992-10-23,1.9
1992-10-26,1.88
1992-10-27,1.865
1992-10-28,1.865
1992-10-29,1.895
1992-10-30,1.92
1992-11-02,1.945
1992-11-03,1.99
1992-11-04,1.955
1992-11-05,1.945
1992-11-06,1.96
1992-11-09,1.95
1992-11-10,1.935
1992-11-11,1.975
1992-11-12,2.0
1992-11-13,2.03
1992-11-16,2.01
1992-11-17,2.065
1992-11-18,2.075
1992-11-19,2.1
1992-11-20,2.075
1992-11-23,2.125
1992-11-24,2.095
1992-11-25,2.09
1992-11-27,2.075
1992-11-30,2.055
1992-12-01,2.035
1992-12-02,2.04
1992-12-03,2.08
1992-12-04,2.08
1992-12-07,2.05
1992-12-08,2.035
1992-12-09,2.045
1992-12-10,2.05
1992-12-11,2.05
1992-12-14,2.08
1992-12-15,2.075
1992-12-16,2.075
1992-12-17,2.065
1992-12-18,2.045
1992-12-21,2.045
1992-12-22,2.045
1992-12-23,2.055
1992-12-24,2.055
1992-12-28,2.04
1992-12-29,2.025
1992-12-30,2.03
1992-12-31,2.03
1993-01-04,2.03
1993-01-05,2.045
1993-01-06,2.07
1993-01-07,2.08
1993-01-08,2.08
1993-01-11,2.075
1993-01-12,2.07
1993-01-13,2.075
1993-01-14,2.06
1993-01-15,2.055
1993-01-18,2.075
1993-01-19,2.095
1993-01-20,2.075
1993-01-21,2.07
1993-01-22,2.06
1993-01-25,2.055
1993-01-26,2.05
1993-01-27,2.055
1993-01-28,2.05
1993-01-29,2.03
1993-02-01,2.02
1993-02-02,2.015
1993-02-03,2.015
1993-02-04,2.005
1993-02-05,2.01
1993-02-08,2.015
1993-02-09,2.04
1993-02-10,2.045
1993-02-11,2.05
1993-02-12,2.05
1993-02-16,2.065
1993-02-17,2.06
1993-02-18,2.08
1993-02-19,2.09
1993-02-22,2.07
1993-02-23,2.085
1993-02-24,2.095
1993-02-25,2.085
1993-02-26,2.08
1993-03-01,2.11
1993-03-02,2.11
1993-03-03,2.11
1993-03-04,2.115
1993-03-05,2.115
1993-03-08,2.125
1993-03-09,2.125
1993-03-10,2.135
1993-03-11,2.125
1993-03-12,2.12
1993-03-15,2.135
1993-03-16,2.145
1993-03-17,2.155
1993-03-18,2.165
1993-03-19,2.175
1993-03-22,2.1525
1993-03-23,2.185
1993-03-24,2.195
1993-03-25,2.19
1993-03-26,2.2
1993-03-29,2.215
1993-03-30,2.22
1993-03-31,2.235
1993-04-01,2.23
1993-04-02,2.24
1993-04-05,2.23
1993-04-06,2.23
1993-04-07,2.26
1993-04-08,2.255
1993-04-12,2.275
1993-04-13,2.26
1993-04-14,2.24
1993-04-15,2.25
1993-04-16,2.21
1993-04-19,2.225
1993-04-20,2.255
1993-04-21,2.235
1993-04-22,2.2
1993-04-23,2.2
1993-04-26,2.205
1993-04-27,2.19
1993-04-28,2.195
1993-04-29,2.2
1993-04-30,2.23
1993-05-03,2.245
1993-05-04,2.22
1993-05-05,2.22
1993-05-06,2.22
1993-05-07,2.23
1993-05-10,2.195
1993-05-11,2.215
1993-05-12,2.23
1993-05-13,2.25
1993-05-14,2.205
1993-05-17,2.18
1993-05-18,2.21
1993-05-19,2.175
1993-05-20,2.195
1993-05-21,2.195
1993-05-24,2.17
1993-05-25,2.16
1993-05-26,2.17
1993-05-27,2.16
1993-05-28,2.16
1993-06-01,2.11
1993-06-02,2.105
1993-06-03,2.1
1993-06-04,2.1
1993-06-07,2.12
1993-06-08,2.11
1993-06-09,2.1
1993-06-10,2.09
1993-06-11,2.055
1993-06-14,2.035
1993-06-15,2.025
1993-06-16,2.03
1993-06-17,2.035
1993-06-18,2.055
1993-06-21,2.065
1993-06-22,2.075
1993-06-23,2.085
1993-06-24,2.105
1993-06-25,2.1
1993-06-28,2.115
1993-06-29,2.105
1993-06-30,2.13
1993-07-01,2.215
1993-07-02,2.235
1993-07-06,2.33
1993-07-07,2.31
1993-07-08,2.255
1993-07-09,2.24
1993-07-12,2.195
1993-07-13,2.185
1993-07-14,2.22
1993-07-15,2.21
1993-07-16,2.26
1993-07-19,2.28
1993-07-20,2.27
1993-07-21,2.26
1993-07-22,2.28
1993-07-23,2.295
1993-07-26,2.28
1993-07-27,2.295
1993-07-28,2.25
1993-07-29,2.26
1993-07-30,2.225
1993-08-02,2.285
1993-08-03,2.29
1993-08-04,2.28
1993-08-05,2.25
1993-08-06,2.27
1993-08-09,2.235
1993-08-10,2.26
1993-08-11,2.29
1993-08-12,2.24
1993-08-13,2.26
1993-08-16,2.235
1993-08-17,2.265
1993-08-18,2.245
1993-08-19,2.255
1993-08-20,2.24
1993-08-23,2.265
1993-08-24,2.26
1993-08-25,2.25
1993-08-26,2.215
1993-08-27,2.235
1993-08-30,2.235
1993-08-31,2.21
1993-09-01,2.17
1993-09-02,2.175
1993-09-03,2.195
1993-09-07,2.165
1993-09-08,2.175
1993-09-09,2.19
1993-09-10,2.18
1993-09-13,2.22
1993-09-14,2.2
1993-09-15,2.215
1993-09-16,2.205
1993-09-17,2.245
1993-09-20,2.24
1993-09-21,2.22
1993-09-22,2.25
1993-09-23,2.3
1993-09-24,2.295
1993-09-27,2.265
1993-09-28,2.225
1993-09-29,2.205
1993-09-30,2.255
1993-10-01,2.21
1993-10-04,2.16
1993-10-05,2.155
1993-10-06,2.175
1993-10-07,2.21
1993-10-08,2.205
1993-10-11,2.235
1993-10-12,2.235
1993-10-13,2.275
1993-10-14,2.275
1993-10-15,2.27
1993-10-18,2.31
1993-10-19,2.315
1993-10-20,2.325
1993-10-21,2.36
1993-10-22,2.325
1993-10-25,2.33
1993-10-26,2.325
1993-10-27,2.32
1993-10-28,2.31
1993-10-29,2.35
1993-11-01,2.39
1993-11-02,2.42
1993-11-03,2.425
1993-11-04,2.47
1993-11-05,2.49
1993-11-08,2.465
1993-11-09,2.475
1993-11-10,2.615
1993-11-11,2.645
1993-11-12,2.655
1993-11-15,2.685
1993-11-16,2.705
1993-11-17,2.75
1993-11-18,2.755
1993-11-19,2.745
1993-11-22,2.72
1993-11-23,2.72
1993-11-24,2.73
1993-11-26,2.77
1993-11-29,2.765
1993-11-30,2.725
1993-12-01,2.725
1993-12-02,2.78
1993-12-03,2.77
1993-12-06,2.775
1993-12-07,2.805
1993-12-08,2.81
1993-12-09,2.78
1993-12-10,2.77
1993-12-13,2.75
1993-12-14,2.78
1993-12-15,2.77
1993-12-16,2.785
1993-12-17,2.8
1993-12-20,2.81
1993-12-21,2.82
1993-12-22,2.84
1993-12-23,2.835
1993-12-27,2.865
1993-12-28,2.87
1993-12-29,2.88
1993-12-30,2.905
1993-12-31,2.905
1994-01-03,2.91
1994-01-04,2.89
1994-01-05,2.89
1994-01-06,2.915
1994-01-07,2.93
1994-01-10,2.87
1994-01-11,2.915
1994-01-12,2.895
1994-01-13,2.945
1994-01-14,2.95
1994-01-17,2.93
1994-01-18,2.88
1994-01-19,2.83
1994-01-20,2.855
1994-01-21,2.86
1994-01-24,2.88
1994-01-25,2.885
1994-01-26,2.895
1994-01-27,2.855
1994-01-28,2.805
1994-01-31,2.805
1994-02-01,2.805
1994-02-02,2.825
1994-02-03,2.81
1994-02-04,2.78
1994-02-07,2.81
1994-02-08,2.815
1994-02-09,2.86
1994-02-10,2.86
1994-02-11,2.9
1994-02-14,2.89
1994-02-15,2.845
1994-02-16,2.865
1994-02-17,2.8
1994-02-18,2.81
1994-02-22,2.81
1994-02-23,2.8
1994-02-24,2.795
1994-02-25,2.775
1994-02-28,2.815
1994-03-01,2.82
1994-03-02,2.8
1994-03-03,2.75
1994-03-04,2.75
1994-03-07,2.765
1994-03-08,2.72
1994-03-09,2.73
1994-03-10,2.715
1994-03-11,2.72
1994-03-14,2.77
1994-03-15,2.745
1994-03-16,2.76
1994-03-17,2.76
1994-03-18,2.77
1994-03-21,2.77
1994-03-22,2.745
1994-03-23,2.76
1994-03-24,2.775
1994-03-25,2.755
1994-03-28,2.78
1994-03-29,2.78
1994-03-30,2.76
1994-03-31,2.67
1994-04-04,2.64
1994-04-05,2.675
1994-04-06,2.69
1994-04-07,2.665
1994-04-08,2.66
1994-04-11,2.615
1994-04-12,2.625
1994-04-13,2.63
1994-04-14,2.58
1994-04-15,2.585
1994-04-18,2.55
1994-04-19,2.535
1994-04-20,2.545
1994-04-21,2.57
1994-04-22,2.55
1994-04-25,2.54
1994-04-26,2.555
1994-04-28,2.595
1994-04-29,2.645
1994-05-02,2.645
1994-05-03,2.575
1994-05-04,2.595
1994-05-05,2.505
1994-05-06,2.52
1994-05-09,2.48
1994-05-10,2.485
1994-05-11,2.5
1994-05-12,2.525
1994-05-13,2.525
1994-05-16,2.585
1994-05-17,2.59
1994-05-18,2.61
1994-05-19,2.605
1994-05-20,2.615
1994-05-23,2.655
1994-05-24,2.575
1994-05-25,2.59
1994-05-26,2.565
1994-05-27,2.59
1994-05-31,2.71
1994-06-01,2.73
1994-06-02,2.73
1994-06-03,2.655
1994-06-06,2.585
1994-06-07,2.61
1994-06-08,2.645
1994-06-09,2.65
1994-06-10,2.67
1994-06-13,2.68
1994-06-14,2.69
1994-06-15,2.73
1994-06-16,2.745
1994-06-17,2.76
1994-06-20,2.585
1994-06-21,2.605
1994-06-22,2.54
1994-06-23,2.515
1994-06-24,2.49
1994-06-27,2.42
1994-06-28,2.515
1994-06-29,2.4
1994-06-30,2.43
1994-07-01,2.4
1994-07-05,2.28
1994-07-06,2.28
1994-07-07,2.285
1994-07-08,2.3
1994-07-11,2.27
1994-07-12,2.23
1994-07-13,2.25
1994-07-14,2.225
1994-07-15,2.2
1994-07-18,2.225
1994-07-19,2.15
1994-07-20,2.095
1994-07-21,2.06
1994-07-22,2.075
1994-07-25,2.1
1994-07-26,2.13
1994-07-27,2.11
1994-07-28,2.105
1994-07-29,2.115
1994-08-01,2.105
1994-08-02,2.11
1994-08-03,2.08
1994-08-04,2.075
1994-08-05,2.095
1994-08-08,2.11
1994-08-09,2.1
1994-08-10,2.105
1994-08-11,2.115
1994-08-12,2.1
1994-08-15,2.1
1994-08-16,2.12
1994-08-17,2.145
1994-08-18,2.145
1994-08-19,2.155
1994-08-22,2.155
1994-08-23,2.165
1994-08-24,2.185
1994-08-25,2.175
1994-08-26,2.155
1994-08-29,2.14
1994-08-30,2.125
1994-08-31,2.135
1994-09-01,2.135
1994-09-02,2.15
1994-09-06,2.185
1994-09-07,2.215
1994-09-08,2.19
1994-09-09,2.175
1994-09-12,2.165
1994-09-13,2.165
1994-09-14,2.12
1994-09-15,2.07
1994-09-16,2.15
1994-09-19,2.015
1994-09-20,2.025
1994-09-21,2.045
1994-09-22,2.01
1994-09-23,2.005
1994-09-26,2.005
1994-09-27,1.98
1994-09-28,1.96
1994-09-29,1.955
1994-09-30,1.975
1994-10-03,2.0
1994-10-04,2.0
1994-10-05,1.995
1994-10-06,1.95
1994-10-07,1.925
1994-10-10,1.98
1994-10-11,1.98
1994-10-12,1.92
1994-10-13,1.925
1994-10-14,1.925
1994-10-17,1.905
1994-10-18,1.895
1994-10-19,1.89
1994-10-20,1.89
1994-10-21,1.86
1994-10-24,1.885
1994-10-25,1.845
1994-10-26,1.875
1994-10-27,1.93
1994-10-28,1.925
1994-10-31,1.925
1994-11-01,1.91
1994-11-02,1.965
1994-11-03,1.975
1994-11-04,1.99
1994-11-07,2.01
1994-11-08,2.015
1994-11-09,2.025
1994-11-10,2.05
1994-11-11,2.02
1994-11-14,2.02
1994-11-15,2.035
1994-11-16,2.05
1994-11-17,2.085
1994-11-18,2.085
1994-11-21,2.085
1994-11-22,2.07
1994-11-23,2.055
1994-11-25,2.06
1994-11-28,2.075
1994-11-29,2.065
1994-11-30,2.095
1994-12-01,2.1
1994-12-02,2.115
1994-12-05,2.11
1994-12-06,2.115
1994-12-07,2.14
1994-12-08,2.145
1994-12-09,2.17
1994-12-12,2.18
1994-12-13,2.17
1994-12-14,2.14
1994-12-15,2.155
1994-12-16,2.18
1994-12-19,2.155
1994-12-20,2.175
1994-12-21,2.185
1994-12-22,2.175
1994-12-23,2.195
1994-12-27,2.205
1994-12-28,2.215
1994-12-29,2.195
1994-12-30,2.19
1995-01-03,2.165
1995-01-04,2.17
1995-01-05,2.195
1995-01-06,2.21
1995-01-09,2.225
1995-01-10,2.215
1995-01-11,2.22
1995-01-12,2.23
1995-01-13,2.23
1995-01-16,2.24
1995-01-17,2.255
1995-01-18,2.23
1995-01-19,2.235
1995-01-20,2.225
1995-01-23,2.22
1995-01-24,2.225
1995-01-25,2.215
1995-01-26,2.225
1995-01-27,2.23
1995-01-30,2.21
1995-01-31,2.215
1995-02-01,2.245
1995-02-02,2.255
1995-02-03,2.255
1995-02-06,2.28
1995-02-07,2.2625
1995-02-08,2.24
1995-02-09,2.26
1995-02-10,2.27
1995-02-13,2.25
1995-02-14,2.275
1995-02-15,2.27
1995-02-16,2.26
1995-02-17,2.26
1995-02-21,2.255
1995-02-22,2.265
1995-02-23,2.275
1995-02-24,2.28
1995-02-27,2.28
1995-02-28,2.29
1995-03-01,2.3
1995-03-02,2.31
1995-03-03,2.29
1995-03-06,2.325
1995-03-07,2.325
1995-03-08,2.325
1995-03-09,2.335
1995-03-10,2.355
1995-03-13,2.355
1995-03-14,2.37
1995-03-15,2.38
1995-03-16,2.355
1995-03-17,2.36
1995-03-20,2.355
1995-03-21,2.355
1995-03-22,2.36
1995-03-23,2.38
1995-03-24,2.375
1995-03-27,2.39
1995-03-28,2.4
1995-03-29,2.4
1995-03-30,2.395
1995-03-31,2.405
1995-04-03,2.43
1995-04-04,2.42
1995-04-05,2.405
1995-04-06,2.4
1995-04-07,2.41
1995-04-10,2.425
1995-04-11,2.44
1995-04-12,2.42
1995-04-13,2.4
1995-04-17,2.38
1995-04-18,2.37
1995-04-19,2.36
1995-04-20,2.39
1995-04-21,2.4
1995-04-24,2.415
1995-04-25,2.44
1995-04-26,2.445
1995-04-27,2.42
1995-04-28,2.43
1995-05-01,2.47
1995-05-02,2.48
1995-05-03,2.465
1995-05-04,2.47
1995-05-05,2.45
1995-05-08,2.465
1995-05-09,2.47
1995-05-10,2.485
1995-05-11,2.48
1995-05-12,2.485
1995-05-15,2.455
1995-05-16,2.465
1995-05-17,2.485
1995-05-18,2.495
1995-05-19,2.46
1995-05-22,2.51
1995-05-23,2.56
1995-05-24,2.55
1995-05-25,2.54
1995-05-26,2.59
1995-05-30,2.555
1995-05-31,2.545
1995-06-01,2.59
1995-06-02,2.62
1995-06-05,2.585
1995-06-06,2.57
1995-06-07,2.555
1995-06-08,2.61
1995-06-09,2.6
1995-06-12,2.595
1995-06-13,2.635
1995-06-14,2.685
1995-06-15,2.71
1995-06-16,2.7
1995-06-19,2.76
1995-06-20,2.74
1995-06-21,2.75
1995-06-22,2.735
1995-06-23,2.73
1995-06-26,2.605
1995-06-27,2.585
1995-06-28,2.645
1995-06-29,2.625
1995-06-30,2.695
1995-07-03,2.73
1995-07-05,2.74
1995-07-06,2.74
1995-07-07,2.72
1995-07-10,2.715
1995-07-11,2.755
1995-07-12,2.79
1995-07-13,2.785
1995-07-14,2.8
1995-07-17,2.85
1995-07-18,2.85
1995-07-19,2.85
1995-07-20,2.805
1995-07-21,2.85
1995-07-24,2.845
1995-07-25,2.87
1995-07-26,2.85
1995-07-27,2.805
1995-07-28,2.79
1995-07-31,2.7
1995-08-01,2.72
1995-08-02,2.67
1995-08-03,2.675
1995-08-04,2.63
1995-08-07,2.59
1995-08-08,2.64
1995-08-09,2.62
1995-08-10,2.61
1995-08-11,2.62
1995-08-14,2.65
1995-08-15,2.65
1995-08-16,2.65
1995-08-17,2.645
1995-08-18,2.66
1995-08-21,2.7
1995-08-22,2.715
1995-08-23,2.71
1995-08-24,2.74
1995-08-25,2.765
1995-08-28,2.78
1995-08-29,2.74
1995-08-30,2.735
1995-08-31,2.76
1995-09-01,2.765
1995-09-05,2.745
1995-09-06,2.725
1995-09-07,2.75
1995-09-08,2.755
1995-09-11,2.735
1995-09-12,2.78
1995-09-13,2.78
1995-09-14,2.78
1995-09-15,2.815
1995-09-18,2.92
1995-09-19,2.885
1995-09-20,2.875
1995-09-21,2.885
1995-09-22,2.875
1995-09-25,2.85
1995-09-26,2.85
1995-09-27,2.865
1995-09-28,2.89
1995-09-29,2.93
1995-10-02,2.955
1995-10-03,2.925
1995-10-04,2.92
1995-10-05,2.94
1995-10-06,2.965
1995-10-09,2.99
1995-10-10,3.035
1995-10-11,3.085
1995-10-12,3.065
1995-10-13,3.125
1995-10-16,3.15
1995-10-17,3.13
1995-10-18,3.15
1995-10-19,3.215
1995-10-20,3.225
1995-10-23,3.215
1995-10-24,3.215
1995-10-25,3.215
1995-10-26,3.23
1995-10-27,3.225
1995-10-30,3.24
1995-10-31,3.28
1995-11-01,3.315
1995-11-02,3.325
1995-11-03,3.275
1995-11-06,3.285
1995-11-07,3.255
1995-11-08,3.245
1995-11-09,3.2
1995-11-10,3.21
1995-11-13,3.18
1995-11-14,3.145
1995-11-15,3.135
1995-11-16,3.165
1995-11-17,3.21
1995-11-20,3.19
1995-11-21,3.175
1995-11-22,3.2
1995-11-24,3.235
1995-11-27,3.205
1995-11-28,3.205
1995-11-29,3.24
1995-11-30,3.2525
1995-12-01,3.255
1995-12-04,3.23
1995-12-05,3.275
1995-12-06,3.3
1995-12-07,3.275
1995-12-08,3.305
1995-12-11,3.335
1995-12-12,3.33
1995-12-13,3.34
1995-12-14,3.34
1995-12-15,3.33
1995-12-18,3.355
1995-12-19,3.385
1995-12-20,3.365
1995-12-21,3.36
1995-12-22,3.42
1995-12-26,3.47
1995-12-27,3.445
1995-12-28,3.49
1995-12-29,3.56
1996-01-02,3.615
1996-01-03,3.62
1996-01-04,3.58
1996-01-05,3.545
1996-01-08,3.475
1996-01-09,3.535
1996-01-10,3.485
1996-01-11,3.45
1996-01-12,3.505
1996-01-15,3.53
1996-01-16,3.425
1996-01-17,3.405
1996-01-18,3.45
1996-01-19,3.51
1996-01-22,3.49
1996-01-23,3.525
1996-01-24,3.51
1996-01-25,3.49
1996-01-26,3.505
1996-01-29,3.58
1996-01-30,3.64
1996-01-31,3.635
1996-02-01,3.61
1996-02-02,3.61
1996-02-05,3.55
1996-02-06,3.585
1996-02-07,3.555
1996-02-08,3.55
1996-02-09,3.595
1996-02-12,3.62
1996-02-13,3.68
1996-02-14,3.75
1996-02-15,3.755
1996-02-16,3.775
1996-02-20,3.78
1996-02-21,3.755
1996-02-22,3.73
1996-02-23,3.78
1996-02-26,3.835
1996-02-27,3.845
1996-02-28,3.87
1996-02-29,3.88
1996-03-01,3.865
1996-03-04,3.83
1996-03-05,3.805
1996-03-06,3.815
1996-03-07,3.88
1996-03-08,3.88
1996-03-11,3.9
1996-03-12,3.87
1996-03-13,3.905
1996-03-14,3.92
1996-03-15,3.84
1996-03-18,3.885
1996-03-19,3.88
1996-03-20,3.915
1996-03-21,3.925
1996-03-22,3.945
1996-03-25,3.985
1996-03-26,4.015
1996-03-27,4.05
1996-03-28,4.045
1996-03-29,4.13
1996-04-01,4.155
1996-04-02,4.13
1996-04-03,4.215
1996-04-04,4.25
1996-04-08,4.33
1996-04-09,4.315
1996-04-10,4.405
1996-04-11,4.41
1996-04-12,4.48
1996-04-15,4.525
1996-04-16,4.4
1996-04-17,4.425
1996-04-18,4.52
1996-04-19,4.49
1996-04-22,4.6
1996-04-23,4.7
1996-04-24,4.76
1996-04-25,4.88
1996-04-26,4.875
1996-04-29,4.57
1996-04-30,4.44
1996-05-01,4.665
1996-05-02,4.585
1996-05-03,4.54
1996-05-06,4.58
1996-05-07,4.69
1996-05-08,4.815
1996-05-09,4.89
1996-05-10,4.875
1996-05-13,4.985
1996-05-14,4.945
1996-05-15,4.95
1996-05-16,5.075
1996-05-17,5.125
1996-05-20,5.09
1996-05-21,5.075
1996-05-22,4.905
1996-05-23,4.98
1996-05-24,4.945
1996-05-28,4.845
1996-05-29,4.7
1996-05-30,4.785
1996-05-31,4.84
1996-06-03,4.715
1996-06-04,4.54
1996-06-05,4.45
1996-06-06,4.5625
1996-06-07,4.68
1996-06-10,4.805
1996-06-11,4.805
1996-06-12,4.87
1996-06-13,4.865
1996-06-14,4.72
1996-06-17,4.67
1996-06-18,4.79
1996-06-19,4.795
1996-06-20,4.795
1996-06-21,4.75
1996-06-24,4.725
1996-06-25,4.755
1996-06-26,4.79
1996-06-27,4.76
1996-06-28,4.915
1996-07-01,5.105
1996-07-02,5.065
1996-07-03,5.095
1996-07-05,5.07
1996-07-08,5.075
1996-07-09,5.12
1996-07-10,5.145
1996-07-11,5.25
1996-07-12,5.215
1996-07-15,5.125
1996-07-16,4.81
1996-07-17,4.575
1996-07-18,4.245
1996-07-19,4.225
1996-07-22,4.12
1996-07-23,4.25
1996-07-24,4.27
1996-07-25,4.215
1996-07-26,4.235
1996-07-29,4.35
1996-07-30,4.415
1996-07-31,4.415
1996-08-01,4.49
1996-08-02,4.465
1996-08-05,4.365
1996-08-06,4.395
1996-08-07,4.41
1996-08-08,4.565
1996-08-09,4.735
1996-08-12,4.875
1996-08-13,4.93
1996-08-14,4.875
1996-08-15,4.86
1996-08-16,4.785
1996-08-19,4.76
1996-08-20,4.585
1996-08-21,4.57
1996-08-22,4.54
1996-08-23,4.375
1996-08-26,4.22
1996-08-27,4.03
1996-08-28,3.94
1996-08-29,3.855
1996-08-30,3.845
1996-09-03,3.775
1996-09-04,3.705
1996-09-05,3.805
1996-09-06,3.76
1996-09-09,3.69
1996-09-10,3.66
1996-09-11,3.51
1996-09-12,3.54
1996-09-13,3.315
1996-09-16,3.245
1996-09-17,3.24
1996-09-18,3.26
1996-09-19,3.22
1996-09-20,3.24
1996-09-23,3.205
1996-09-24,3.185
1996-09-25,3.225
1996-09-26,3.15
1996-09-27,3.085
1996-09-30,2.97
1996-10-01,2.935
1996-10-02,2.91
1996-10-03,2.9
1996-10-04,2.865
1996-10-07,2.915
1996-10-08,2.945
1996-10-09,2.91
1996-10-10,2.885
1996-10-11,2.82
1996-10-14,2.835
1996-10-15,2.84
1996-10-16,2.81
1996-10-17,2.815
1996-10-18,2.795
1996-10-21,2.77
1996-10-22,2.79
1996-10-23,2.825
1996-10-24,2.76
1996-10-25,2.715
1996-10-28,2.7
1996-10-29,2.68
1996-10-30,2.625
1996-10-31,2.585
1996-11-01,2.545
1996-11-04,2.535
1996-11-05,2.51
1996-11-06,2.535
1996-11-07,2.59
1996-11-08,2.63
1996-11-11,2.635
1996-11-12,2.64
1996-11-13,2.69
1996-11-14,2.67
1996-11-15,2.65
1996-11-18,2.625
1996-11-19,2.61
1996-11-20,2.66
1996-11-21,2.68
1996-11-22,2.675
1996-11-25,2.71
1996-11-26,2.685
1996-11-27,2.68
1996-11-29,2.66
1996-12-02,2.615
1996-12-03,2.59
1996-12-04,2.605
1996-12-05,2.64
1996-12-06,2.63
1996-12-09,2.61
1996-12-10,2.61
1996-12-11,2.62
1996-12-12,2.62
1996-12-13,2.615
1996-12-16,2.615
1996-12-17,2.615
1996-12-18,2.61
1996-12-19,2.625
1996-12-20,2.63
1996-12-23,2.625
1996-12-24,2.625
1996-12-26,2.63
1996-12-27,2.61
1996-12-30,2.55
1996-12-31,2.55
1997-01-02,2.545
1997-01-03,2.525
1997-01-06,2.525
1997-01-07,2.54
1997-01-08,2.545
1997-01-09,2.53
1997-01-10,2.585
1997-01-13,2.6
1997-01-14,2.63
1997-01-15,2.665
1997-01-16,2.66
1997-01-17,2.655
1997-01-20,2.64
1997-01-21,2.645
1997-01-22,2.64
1997-01-23,2.635
1997-01-24,2.665
1997-01-27,2.68
1997-01-28,2.67
1997-01-29,2.67
1997-01-30,2.66
1997-01-31,2.625
1997-02-03,2.615
1997-02-04,2.62
1997-02-05,2.64
1997-02-06,2.61
1997-02-07,2.635
1997-02-10,2.645
1997-02-11,2.655
1997-02-12,2.655
1997-02-13,2.66
1997-02-14,2.645
1997-02-18,2.725
1997-02-19,2.725
1997-02-20,2.755
1997-02-21,2.805
1997-02-24,2.775
1997-02-25,2.82
1997-02-26,2.815
1997-02-27,2.835
1997-02-28,2.83
1997-03-03,2.88
1997-03-04,2.885
1997-03-05,2.86
1997-03-06,2.92
1997-03-07,2.9
1997-03-10,2.955
1997-03-11,2.915
1997-03-12,2.815
1997-03-13,2.85
1997-03-14,2.905
1997-03-17,2.925
1997-03-18,2.875
1997-03-19,2.905
1997-03-20,2.915
1997-03-21,2.87
1997-03-24,2.86
1997-03-25,2.9
1997-03-26,2.935
1997-03-27,2.965
1997-03-31,2.98
1997-04-01,2.995
1997-04-02,2.955
1997-04-03,2.87
1997-04-04,2.795
1997-04-07,2.87
1997-04-08,2.85
1997-04-09,2.86
1997-04-10,2.9
1997-04-11,2.855
1997-04-14,2.895
1997-04-15,2.885
1997-04-16,2.835
1997-04-17,2.835
1997-04-18,2.885
1997-04-21,2.875
1997-04-22,2.895
1997-04-23,2.875
1997-04-24,2.82
1997-04-25,2.815
1997-04-28,2.805
1997-04-29,2.815
1997-04-30,2.84
1997-05-01,2.88
1997-05-02,2.84
1997-05-05,2.82
1997-05-06,2.77
1997-05-07,2.775
1997-05-08,2.765
1997-05-09,2.8
1997-05-12,2.75
1997-05-13,2.825
1997-05-14,2.76
1997-05-15,2.755
1997-05-16,2.775
1997-05-19,2.785
1997-05-20,2.705
1997-05-21,2.71
1997-05-22,2.66
1997-05-23,2.63
1997-05-27,2.57
1997-05-28,2.63
1997-05-29,2.635
1997-05-30,2.65
1997-06-02,2.68
1997-06-03,2.715
1997-06-04,2.655
1997-06-05,2.68
1997-06-06,2.685
1997-06-09,2.68
1997-06-10,2.66
1997-06-11,2.67
1997-06-12,2.65
1997-06-13,2.655
1997-06-16,2.625
1997-06-17,2.63
1997-06-18,2.595
1997-06-19,2.5725
1997-06-20,2.555
1997-06-23,2.505
1997-06-24,2.5
1997-06-25,2.45
1997-06-26,2.405
1997-06-27,2.37
1997-06-30,2.385
1997-07-01,2.325
1997-07-02,2.345
1997-07-03,2.325
1997-07-07,2.29
1997-07-08,2.295
1997-07-09,2.36
1997-07-10,2.345
1997-07-11,2.385
1997-07-14,2.435
1997-07-15,2.57
1997-07-16,2.51
1997-07-17,2.485
1997-07-18,2.535
1997-07-21,2.465
1997-07-22,2.48
1997-07-23,2.48
1997-07-24,2.445
1997-07-25,2.44
1997-07-28,2.5
1997-07-29,2.56
1997-07-30,2.565
1997-07-31,2.58
1997-08-01,2.61
1997-08-04,2.57
1997-08-05,2.48
1997-08-06,2.53
1997-08-07,2.45
1997-08-08,2.48
1997-08-11,2.47
1997-08-12,2.59
1997-08-13,2.605
1997-08-14,2.61
1997-08-15,2.565
1997-08-18,2.6
1997-08-19,2.61
1997-08-20,2.6
1997-08-21,2.725
1997-08-22,2.695
1997-08-25,2.71
1997-08-26,2.62
1997-08-27,2.665
1997-08-28,2.655
1997-08-29,2.65
1997-09-02,2.695
1997-09-03,2.705
1997-09-04,2.69
1997-09-05,2.63
1997-09-08,2.635
1997-09-09,2.67
1997-09-10,2.69
1997-09-11,2.72
1997-09-12,2.655
1997-09-15,2.675
1997-09-16,2.615
1997-09-17,2.625
1997-09-18,2.625
1997-09-19,2.625
1997-09-22,2.54
1997-09-23,2.555
1997-09-24,2.525
1997-09-25,2.515
1997-09-26,2.485
1997-09-29,2.445
1997-09-30,2.44
1997-10-01,2.435
1997-10-02,2.445
1997-10-03,2.51
1997-10-06,2.53
1997-10-07,2.64
1997-10-08,2.68
1997-10-09,2.7
1997-10-10,2.73
1997-10-13,2.745
1997-10-14,2.69
1997-10-15,2.735
1997-10-16,2.705
1997-10-17,2.65
1997-10-20,2.65
1997-10-21,2.695
1997-10-22,2.77
1997-10-23,2.73
1997-10-24,2.745
1997-10-27,2.725
1997-10-28,2.705
1997-10-29,2.69
1997-10-30,2.685
1997-10-31,2.7
1997-11-03,2.76
1997-11-04,2.71
1997-11-05,2.7
1997-11-06,2.755
1997-11-07,2.76
1997-11-10,2.685
1997-11-11,2.7
1997-11-12,2.685
1997-11-13,2.67
1997-11-14,2.65
1997-11-17,2.73
1997-11-18,2.715
1997-11-19,2.685
1997-11-20,2.675
1997-11-21,2.7
1997-11-24,2.69
1997-11-25,2.66
1997-11-26,2.69
1997-11-28,2.675
1997-12-01,2.69
1997-12-02,2.665
1997-12-03,2.665
1997-12-04,2.625
1997-12-05,2.65
1997-12-08,2.695
1997-12-09,2.67
1997-12-10,2.66
1997-12-11,2.625
1997-12-12,2.585
1997-12-15,2.57
1997-12-16,2.56
1997-12-17,2.585
1997-12-18,2.535
1997-12-19,2.515
1997-12-22,2.49
1997-12-23,2.525
1997-12-24,2.545
1997-12-26,2.545
1997-12-29,2.555
1997-12-30,2.555
1997-12-31,2.54
1998-01-02,2.515
1998-01-05,2.55
1998-01-06,2.52
1998-01-07,2.535
1998-01-08,2.485
1998-01-09,2.515
1998-01-12,2.495
1998-01-13,2.61
1998-01-14,2.635
1998-01-15,2.66
1998-01-16,2.65
1998-01-20,2.66
1998-01-21,2.645
1998-01-22,2.64
1998-01-23,2.64
1998-01-26,2.68
1998-01-27,2.64
1998-01-28,2.65
1998-01-29,2.63
1998-01-30,2.615
1998-02-02,2.63
1998-02-03,2.615
1998-02-04,2.6
1998-02-05,2.595
1998-02-06,2.575
1998-02-09,2.58
1998-02-10,2.6
1998-02-11,2.55
1998-02-12,2.58
1998-02-13,2.585
1998-02-17,2.565
1998-02-18,2.58
1998-02-19,2.595
1998-02-20,2.595
1998-02-23,2.575
1998-02-24,2.555
1998-02-25,2.565
1998-02-26,2.545
1998-02-27,2.53
1998-03-02,2.58
1998-03-03,2.57
1998-03-04,2.59
1998-03-05,2.6
1998-03-06,2.62
1998-03-09,2.64
1998-03-10,2.66
1998-03-11,2.68
1998-03-12,2.685
1998-03-13,2.615
1998-03-16,2.595
1998-03-17,2.6
1998-03-18,2.61
1998-03-19,2.58
1998-03-20,2.535
1998-03-23,2.56
1998-03-24,2.55
1998-03-25,2.54
1998-03-26,2.51
1998-03-27,2.515
1998-03-30,2.555
1998-03-31,2.485
1998-04-01,2.45
1998-04-02,2.475
1998-04-03,2.445
1998-04-06,2.39
1998-04-07,2.38
1998-04-08,2.39
1998-04-09,2.405
1998-04-13,2.365
1998-04-14,2.38
1998-04-15,2.435
1998-04-16,2.42
1998-04-17,2.42
1998-04-20,2.395
1998-04-21,2.42
1998-04-22,2.385
1998-04-23,2.425
1998-04-24,2.435
1998-04-27,2.39
1998-04-28,2.395
1998-04-29,2.38
1998-04-30,2.39
1998-05-01,2.38
1998-05-04,2.405
1998-05-05,2.44
1998-05-06,2.47
1998-05-07,2.46
1998-05-08,2.425
1998-05-11,2.355
1998-05-12,2.34
1998-05-13,2.385
1998-05-14,2.375
1998-05-15,2.34
1998-05-18,2.37
1998-05-19,2.35
1998-05-20,2.38
1998-05-21,2.38
1998-05-22,2.395
1998-05-26,2.315
1998-05-27,2.285
1998-05-28,2.3
1998-05-29,2.3
1998-06-01,2.295
1998-06-02,2.305
1998-06-03,2.28
1998-06-04,2.3
1998-06-05,2.27
1998-06-08,2.215
1998-06-09,2.215
1998-06-10,2.215
1998-06-11,2.215
1998-06-12,2.25
1998-06-15,2.21
1998-06-16,2.255
1998-06-17,2.31
1998-06-18,2.315
1998-06-19,2.36
1998-06-22,2.34
1998-06-23,2.385
1998-06-24,2.42
1998-06-25,2.375
1998-06-26,2.345
1998-06-29,2.195
1998-06-30,2.305
1998-07-01,2.25
1998-07-02,2.23
1998-07-06,2.205
1998-07-07,2.275
1998-07-08,2.315
1998-07-09,2.27
1998-07-10,2.2
1998-07-13,2.26
1998-07-14,2.175
1998-07-15,2.15
1998-07-16,2.16
1998-07-17,2.215
1998-07-20,2.16
1998-07-21,2.15
1998-07-22,2.12
1998-07-23,2.11
1998-07-24,2.095
1998-07-27,2.075
1998-07-28,2.05
1998-07-29,2.01
1998-07-30,2.005
1998-07-31,1.98
1998-08-03,1.92
1998-08-04,1.935
1998-08-05,1.915
1998-08-06,1.905
1998-08-07,1.915
1998-08-10,1.95
1998-08-11,1.945
1998-08-12,1.905
1998-08-13,1.885
1998-08-14,1.875
1998-08-17,1.895
1998-08-18,1.9
1998-08-19,1.9
1998-08-20,1.865
1998-08-21,1.835
1998-08-24,1.855
1998-08-25,1.815
1998-08-26,1.755
1998-08-27,1.73
1998-08-28,1.68
1998-08-31,1.665
1998-09-01,1.71
1998-09-02,1.73
1998-09-03,1.765
1998-09-04,1.765
1998-09-08,1.81
1998-09-09,1.79
1998-09-10,1.81
1998-09-11,1.765
1998-09-14,1.765
1998-09-15,1.785
1998-09-16,1.76
1998-09-17,1.745
1998-09-18,1.725
1998-09-21,1.725
1998-09-22,1.75
1998-09-23,1.755
1998-09-24,1.8
1998-09-25,1.815
1998-09-28,1.825
1998-09-29,1.835
1998-09-30,1.835
1998-10-01,1.78
1998-10-02,1.785
1998-10-05,1.82
1998-10-06,1.85
1998-10-07,1.915
1998-10-08,1.905
1998-10-09,1.95
1998-10-12,1.925
1998-10-13,2.02
1998-10-14,2.04
1998-10-15,2.04
1998-10-16,2.025
1998-10-19,1.995
1998-10-20,1.955
1998-10-21,1.96
1998-10-22,1.995
1998-10-23,1.945
1998-10-26,1.935
1998-10-27,1.94
1998-10-28,1.955
1998-10-29,1.975
1998-10-30,1.99
1998-11-02,1.99
1998-11-03,2.0
1998-11-04,2.015
1998-11-05,2.05
1998-11-06,2.05
1998-11-09,2.05
1998-11-10,2.1
1998-11-11,2.14
1998-11-12,2.145
1998-11-13,2.1
1998-11-16,2.105
1998-11-17,2.1
1998-11-18,2.12
1998-11-19,2.11
1998-11-20,2.12
1998-11-23,2.09
1998-11-24,2.115
1998-11-25,2.105
1998-11-27,2.12
1998-11-30,2.135
1998-12-01,2.125
1998-12-02,2.115
1998-12-03,2.095
1998-12-04,2.075
1998-12-07,2.095
1998-12-08,2.085
1998-12-09,2.075
1998-12-10,2.085
1998-12-11,2.1
1998-12-14,2.095
1998-12-15,2.11
1998-12-16,2.11
1998-12-17,2.08
1998-12-18,2.05
1998-12-21,2.045
1998-12-22,2.05
1998-12-23,2.065
1998-12-24,2.065
1998-12-28,2.075
1998-12-29,2.06
1998-12-30,1.995
1998-12-31,1.995
1999-01-04,2.035
1999-01-05,2.06
1999-01-06,2.115
1999-01-07,2.065
1999-01-08,2.09
1999-01-11,2.075
1999-01-12,2.045
1999-01-13,2.045
1999-01-14,2.05
1999-01-15,2.05
1999-01-19,2.05
1999-01-20,2.07
1999-01-21,2.07
1999-01-22,2.075
1999-01-25,2.07
1999-01-26,2.075
1999-01-27,2.08
1999-01-28,2.075
1999-01-29,2.055
1999-02-01,2.085
1999-02-02,2.095
1999-02-03,2.06
1999-02-04,2.08
1999-02-05,2.085
1999-02-08,2.07
1999-02-09,2.08
1999-02-10,2.105
1999-02-11,2.055
1999-02-12,2.045
1999-02-16,2.045
1999-02-17,2.04
1999-02-18,2.05
1999-02-19,2.05
1999-02-22,2.045
1999-02-23,2.06
1999-02-24,1.985
1999-02-25,1.975
1999-02-26,1.945
1999-03-01,1.955
1999-03-02,2.0
1999-03-03,1.995
1999-03-04,2.01
1999-03-05,2.0
1999-03-08,2.065
1999-03-09,2.075
1999-03-10,2.095
1999-03-11,2.11
1999-03-12,2.09
1999-03-15,2.07
1999-03-16,2.11
1999-03-17,2.11
1999-03-18,2.085
1999-03-19,2.135
1999-03-22,2.15
1999-03-23,2.115
1999-03-24,2.115
1999-03-25,2.145
1999-03-26,2.17
1999-03-29,2.175
1999-03-30,2.18
1999-03-31,2.1
1999-04-01,2.075
1999-04-05,2.055
1999-04-06,2.025
1999-04-07,2.05
1999-04-08,2.03
1999-04-09,2.05
1999-04-12,2.01
1999-04-13,2.035
1999-04-14,2.045
1999-04-15,2.07
1999-04-16,2.05
1999-04-19,2.08
1999-04-20,2.11
1999-04-21,2.11
1999-04-22,2.065
1999-04-23,2.07
1999-04-26,2.03
1999-04-27,2.035
1999-04-28,2.025
1999-04-29,2.015
1999-04-30,2.02
1999-05-03,2.04
1999-05-04,2.06
1999-05-05,2.045
1999-05-06,2.02
1999-05-07,2.01
1999-05-10,2.05
1999-05-11,2.04
1999-05-12,2.055
1999-05-13,2.065
1999-05-14,2.05
1999-05-17,2.075
1999-05-18,2.05
1999-05-19,2.03
1999-05-20,2.02
1999-05-21,2.01
1999-05-24,1.945
1999-05-25,1.975
1999-05-26,1.975
1999-05-27,2.005
1999-05-28,2.02
1999-06-01,1.99
1999-06-02,1.99
1999-06-03,2.055
1999-06-04,2.035
1999-06-07,2.04
1999-06-08,2.045
1999-06-09,2.02
1999-06-10,2.01
1999-06-11,1.98
1999-06-14,1.995
1999-06-15,1.95
1999-06-16,1.98
1999-06-17,1.985
1999-06-18,2.015
1999-06-21,1.995
1999-06-22,1.975
1999-06-23,1.985
1999-06-24,1.96
1999-06-25,1.965
1999-06-28,1.92
1999-06-29,1.895
1999-06-30,1.9
1999-07-01,1.815
1999-07-02,1.785
1999-07-06,1.67
1999-07-07,1.675
1999-07-08,1.635
1999-07-09,1.6
1999-07-12,1.605
1999-07-13,1.585
1999-07-14,1.625
1999-07-15,1.64
1999-07-16,1.58
1999-07-19,1.52
1999-07-20,1.645
1999-07-21,1.71
1999-07-22,1.715
1999-07-23,1.795
1999-07-26,1.725
1999-07-27,1.65
1999-07-28,1.645
1999-07-29,1.7
1999-07-30,1.73
1999-08-02,1.84
1999-08-03,1.875
1999-08-04,1.93
1999-08-05,1.915
1999-08-06,1.925
1999-08-09,1.93
1999-08-10,1.975
1999-08-11,1.9
1999-08-12,1.77
1999-08-13,1.775
1999-08-16,1.885
1999-08-17,1.86
1999-08-18,1.845
1999-08-19,1.83
1999-08-20,1.79
1999-08-23,1.79
1999-08-24,1.78
1999-08-25,1.815
1999-08-26,1.79
1999-08-27,1.745
1999-08-30,1.745
1999-08-31,1.785
1999-09-01,1.835
1999-09-02,1.87
1999-09-03,1.9
1999-09-07,1.905
1999-09-08,1.8525
1999-09-09,1.86
1999-09-10,1.85
1999-09-13,1.83
1999-09-14,1.81
1999-09-15,1.77
1999-09-16,1.775
1999-09-17,1.745
1999-09-20,1.745
1999-09-21,1.755
1999-09-22,1.75
1999-09-23,1.745
1999-09-24,1.75
1999-09-27,1.79
1999-09-28,1.825
1999-09-29,1.83
1999-09-30,1.76
1999-10-01,1.725
1999-10-04,1.73
1999-10-05,1.71
1999-10-06,1.71
1999-10-07,1.72
1999-10-08,1.675
1999-10-11,1.675
1999-10-12,1.69
1999-10-13,1.695
1999-10-14,1.71
1999-10-15,1.7
1999-10-18,1.73
1999-10-19,1.72
1999-10-20,1.72
1999-10-21,1.71
1999-10-22,1.72
1999-10-25,1.745
1999-10-26,1.77
1999-10-27,1.76
1999-10-28,1.755
1999-10-29,1.77
1999-11-01,1.785
1999-11-02,1.78
1999-11-03,1.805
1999-11-04,1.855
1999-11-05,1.865
1999-11-08,1.875
1999-11-09,1.84
1999-11-10,1.79
1999-11-11,1.8
1999-11-12,1.8
1999-11-15,1.835
1999-11-16,1.835
1999-11-17,1.82
1999-11-18,1.805
1999-11-19,1.805
1999-11-22,1.825
1999-11-23,1.845
1999-11-24,1.835
1999-11-26,1.835
1999-11-29,1.81
1999-11-30,1.795
1999-12-01,1.825
1999-12-02,1.825
1999-12-03,1.82
1999-12-06,1.85
1999-12-07,1.84
1999-12-08,1.815
1999-12-09,1.785
1999-12-10,1.795
1999-12-13,1.785
1999-12-14,1.82
1999-12-15,1.83
1999-12-16,1.835
1999-12-17,1.835
1999-12-20,1.845
1999-12-21,1.84
1999-12-22,1.85
1999-12-23,1.865
1999-12-27,1.865
1999-12-28,1.885
1999-12-29,1.88
1999-12-30,1.885
1999-12-31,1.885
2000-01-03,1.845
2000-01-04,1.875
2000-01-05,1.87
2000-01-06,1.875
2000-01-07,1.9
2000-01-10,1.9
2000-01-11,1.885
2000-01-12,1.92
2000-01-13,1.96
2000-01-14,1.945
2000-01-18,1.955
2000-01-19,1.985
2000-01-20,1.99
2000-01-21,2.01
2000-01-24,2.045
2000-01-25,2.045
2000-01-26,1.975
2000-01-27,2.01
2000-01-28,1.995
2000-01-31,1.975
2000-02-01,2.01
2000-02-02,2.01
2000-02-03,2.005
2000-02-04,2.005
2000-02-07,2.02
2000-02-08,2.025
2000-02-09,2.055
2000-02-10,2.08
2000-02-11,2.055
2000-02-14,2.045
2000-02-15,2.055
2000-02-16,2.055
2000-02-17,2.055
2000-02-18,2.03
2000-02-22,2.03
2000-02-23,1.99
2000-02-24,2.005
2000-02-25,1.975
2000-02-28,1.98
2000-02-29,2.015
2000-03-01,2.02
2000-03-02,2.02
2000-03-03,2.035
2000-03-06,2.065
2000-03-07,2.035
2000-03-08,2.05
2000-03-09,2.045
2000-03-10,2.06
2000-03-13,2.095
2000-03-14,2.14
2000-03-15,2.12
2000-03-16,2.105
2000-03-17,2.15
2000-03-20,2.105
2000-03-21,2.07
2000-03-22,2.1
2000-03-23,2.065
2000-03-24,2.085
2000-03-27,2.08
2000-03-28,2.005
2000-03-29,2.04
2000-03-30,2.105
2000-03-31,2.135
2000-04-03,2.115
2000-04-04,2.105
2000-04-05,2.105
2000-04-06,2.07
2000-04-07,2.09
2000-04-10,2.075
2000-04-11,2.045
2000-04-12,2.07
2000-04-13,2.09
2000-04-14,2.075
2000-04-17,2.055
2000-04-18,2.07
2000-04-19,2.115
2000-04-20,2.1
2000-04-24,2.105
2000-04-25,2.145
2000-04-26,2.12
2000-04-27,2.095
2000-04-28,2.095
2000-05-01,2.185
2000-05-02,2.195
2000-05-03,2.225
2000-05-04,2.225
2000-05-05,2.205
2000-05-08,2.135
2000-05-09,2.14
2000-05-10,2.195
2000-05-11,2.205
2000-05-12,2.215
2000-05-15,2.145
2000-05-16,2.115
2000-05-17,2.115
2000-05-18,2.14
2000-05-19,2.165
2000-05-22,2.165
2000-05-23,2.13
2000-05-24,2.105
2000-05-25,2.065
2000-05-26,2.095
2000-05-30,2.005
2000-05-31,2.01
2000-06-01,2.01
2000-06-02,2.05
2000-06-05,2.005
2000-06-06,2.02
2000-06-07,1.96
2000-06-08,1.94
2000-06-09,1.94
2000-06-12,1.975
2000-06-13,1.835
2000-06-14,1.745
2000-06-15,1.81
2000-06-16,1.825
2000-06-19,1.815
2000-06-20,1.785
2000-06-21,1.79
2000-06-22,1.775
2000-06-23,1.745
2000-06-26,1.69
2000-06-27,1.715
2000-06-28,1.68
2000-06-29,1.7
2000-06-30,1.62
2000-07-03,1.57
2000-07-05,1.595
2000-07-06,1.565
2000-07-07,1.59
2000-07-10,1.57
2000-07-11,1.57
2000-07-12,1.585
2000-07-13,1.575
2000-07-14,1.535
2000-07-17,1.505
2000-07-18,1.51
2000-07-19,1.515
2000-07-20,1.535
2000-07-21,1.54
2000-07-24,1.495
2000-07-25,1.475
2000-07-26,1.465
2000-07-27,1.47
2000-07-28,1.455
2000-07-31,1.465
2000-08-01,1.47
2000-08-02,1.475
2000-08-03,1.465
2000-08-04,1.455
2000-08-07,1.455
2000-08-08,1.47
2000-08-09,1.46
2000-08-10,1.455
2000-08-11,1.45
2000-08-14,1.47
2000-08-15,1.47
2000-08-16,1.495
2000-08-17,1.495
2000-08-18,1.48
2000-08-21,1.485
2000-08-22,1.48
2000-08-23,1.48
2000-08-24,1.5
2000-08-25,1.515
2000-08-28,1.545
2000-08-29,1.59
2000-08-30,1.555
2000-08-31,1.59
2000-09-01,1.565
2000-09-05,1.59
2000-09-06,1.565
2000-09-07,1.555
2000-09-08,1.585
2000-09-11,1.605
2000-09-12,1.605
2000-09-13,1.58
2000-09-14,1.565
2000-09-15,1.54
2000-09-18,1.54
2000-09-19,1.51
2000-09-20,1.52
2000-09-21,1.56
2000-09-22,1.605
2000-09-25,1.585
2000-09-26,1.59
2000-09-27,1.6
2000-09-28,1.625
2000-09-29,1.645
2000-10-02,1.665
2000-10-03,1.7
2000-10-04,1.75
2000-10-05,1.735
2000-10-06,1.73
2000-10-09,1.745
2000-10-10,1.775
2000-10-11,1.79
2000-10-12,1.825
2000-10-13,1.845
2000-10-16,1.84
2000-10-17,1.845
2000-10-18,1.835
2000-10-19,1.865
2000-10-20,1.835
2000-10-23,1.825
2000-10-24,1.84
2000-10-25,1.845
2000-10-26,1.84
2000-10-27,1.84
2000-10-30,1.84
2000-10-31,1.885
2000-11-01,1.885
2000-11-02,1.945
2000-11-03,1.96
2000-11-06,1.98
2000-11-07,1.98
2000-11-08,1.975
2000-11-09,1.975
2000-11-10,1.97
2000-11-13,1.955
2000-11-14,1.94
2000-11-15,1.93
2000-11-16,1.955
2000-11-17,1.975
2000-11-20,1.98
2000-11-21,1.98
2000-11-22,1.97
2000-11-24,1.97
2000-11-27,1.985
2000-11-28,1.96
2000-11-29,1.94
2000-11-30,1.97
2000-12-01,1.985
2000-12-04,1.97
2000-12-05,1.97
2000-12-06,1.96
2000-12-07,1.925
2000-12-08,1.965
2000-12-11,1.955
2000-12-12,1.945
2000-12-13,1.945
2000-12-14,1.975
2000-12-15,1.975
2000-12-18,2.015
2000-12-19,2.05
2000-12-20,2.05
2000-12-21,2.065
2000-12-22,2.075
2000-12-26,2.075
2000-12-27,2.095
2000-12-28,2.095
2000-12-29,2.105
2001-01-02,2.07
2001-01-03,2.095
2001-01-04,2.095
2001-01-05,2.04
2001-01-08,2.045
2001-01-09,2.07
2001-01-10,2.085
2001-01-11,2.025
2001-01-12,1.985
2001-01-16,1.955
2001-01-17,1.965
2001-01-18,1.96
2001-01-19,1.93
2001-01-22,1.935
2001-01-23,1.94
2001-01-24,1.955
2001-01-25,1.935
2001-01-26,1.895
2001-01-29,1.875
2001-01-30,1.885
2001-01-31,1.895
2001-02-01,1.92
2001-02-02,1.94
2001-02-05,1.935
2001-02-06,1.97
2001-02-07,1.95
2001-02-08,1.92
2001-02-09,1.925
2001-02-12,1.93
2001-02-13,1.94
2001-02-14,1.97
2001-02-15,1.97
2001-02-16,1.96
2001-02-20,1.965
2001-02-21,1.965
2001-02-22,1.96
2001-02-23,1.95
2001-02-26,1.96
2001-02-27,1.975
2001-02-28,2.005
2001-03-01,2.0
2001-03-02,2.005
2001-03-05,2.01
2001-03-06,2.0
2001-03-07,1.98
2001-03-08,1.98
2001-03-09,1.98
2001-03-12,1.99
2001-03-13,1.985
2001-03-14,1.945
2001-03-15,1.87
2001-03-16,1.84
2001-03-19,1.855
2001-03-20,1.88
2001-03-21,1.865
2001-03-22,1.83
2001-03-23,1.835
2001-03-26,1.88
2001-03-27,1.9
2001-03-28,1.885
2001-03-29,1.87
2001-03-30,1.83
2001-04-02,1.88
2001-04-03,1.9
2001-04-04,1.92
2001-04-05,1.92
2001-04-06,1.905
2001-04-09,1.91
2001-04-10,1.895
2001-04-11,1.915
2001-04-12,1.93
2001-04-16,1.94
2001-04-17,1.91
2001-04-18,1.91
2001-04-19,1.865
2001-04-20,1.84
2001-04-23,1.795
2001-04-24,1.78
2001-04-25,1.79
2001-04-26,1.835
2001-04-27,1.79
2001-04-30,1.825
2001-05-01,1.825
2001-05-02,1.835
2001-05-03,1.84
2001-05-04,1.855
2001-05-07,1.83
2001-05-08,1.81
2001-05-09,1.82
2001-05-10,1.75
2001-05-11,1.745
2001-05-14,1.805
2001-05-15,1.8
2001-05-16,1.8
2001-05-17,1.795
2001-05-18,1.785
2001-05-21,1.745
2001-05-22,1.705
2001-05-23,1.715
2001-05-24,1.735
2001-05-25,1.72
2001-05-29,1.71
2001-05-30,1.72
2001-05-31,1.75
2001-06-01,1.795
2001-06-04,1.775
2001-06-05,1.775
2001-06-06,1.815
2001-06-07,1.81
2001-06-08,1.79
2001-06-11,1.79
2001-06-12,1.775
2001-06-13,1.785
2001-06-14,1.775
2001-06-15,1.73
2001-06-18,1.735
2001-06-19,1.76
2001-06-20,1.74
2001-06-21,1.725
2001-06-22,1.715
2001-06-25,1.69
2001-06-26,1.7
2001-06-27,1.735
2001-06-28,1.74
2001-06-29,1.74
2001-07-02,1.76
2001-07-03,1.795
2001-07-05,1.84
2001-07-06,1.85
2001-07-09,1.89
2001-07-10,1.935
2001-07-11,2.005
2001-07-12,2.075
2001-07-13,1.98
2001-07-16,1.91
2001-07-17,1.99
2001-07-18,1.915
2001-07-19,1.92
2001-07-20,1.845
2001-07-23,1.85
2001-07-24,1.915
2001-07-25,1.96
2001-07-26,1.955
2001-07-27,1.985
2001-07-30,1.96
2001-07-31,1.985
2001-08-01,1.945
2001-08-02,1.93
2001-08-03,1.92
2001-08-06,1.94
2001-08-07,1.985
2001-08-08,1.985
2001-08-09,2.015
2001-08-10,2.04
2001-08-13,2.065
2001-08-14,2.055
2001-08-15,2.015
2001-08-16,2.01
2001-08-17,1.995
2001-08-20,1.96
2001-08-21,1.985
2001-08-22,1.985
2001-08-23,2.04
2001-08-24,2.0
2001-08-27,2.015
2001-08-28,2.015
2001-08-29,2.015
2001-08-30,2.025
2001-08-31,2.01
2001-09-04,2.0
2001-09-05,1.995
2001-09-06,1.935
2001-09-07,1.995
2001-09-10,2.01
2001-09-11,2.01
2001-09-12,2.01
2001-09-13,2.03
2001-09-14,1.985
2001-09-17,1.965
2001-09-18,1.93
2001-09-19,1.9
2001-09-20,1.895
2001-09-21,1.905
2001-09-24,1.885
2001-09-25,1.88
2001-09-26,1.895
2001-09-27,1.89
2001-09-28,1.875
2001-10-01,1.85
2001-10-02,1.835
2001-10-03,1.865
2001-10-04,1.86
2001-10-05,1.875
2001-10-08,1.89
2001-10-09,1.87
2001-10-10,1.87
2001-10-11,1.865
2001-10-12,1.815
2001-10-15,1.795
2001-10-16,1.82
2001-10-17,1.835
2001-10-18,1.81
2001-10-19,1.81
2001-10-22,1.795
2001-10-23,1.795
2001-10-24,1.83
2001-10-25,1.825
2001-10-26,1.81
2001-10-29,1.81
2001-10-30,1.835
2001-10-31,1.84
2001-11-01,1.825
2001-11-02,1.805
2001-11-05,1.845
2001-11-06,1.845
2001-11-07,1.85
2001-11-08,1.865
2001-11-09,1.895
2001-11-12,1.9
2001-11-13,1.89
2001-11-14,1.905
2001-11-15,1.905
2001-11-16,1.925
2001-11-19,1.96
2001-11-20,1.96
2001-11-21,1.96
2001-11-23,1.96
2001-11-26,1.915
2001-11-27,1.95
2001-11-28,1.91
2001-11-29,1.91
2001-11-30,1.97
2001-12-03,1.98
2001-12-04,2.0
2001-12-05,1.985
2001-12-06,1.955
2001-12-07,1.98
2001-12-10,2.02
2001-12-11,2.01
2001-12-12,1.975
2001-12-13,1.98
2001-12-14,1.985
2001-12-17,1.975
2001-12-18,1.975
2001-12-19,1.98
2001-12-20,1.96
2001-12-21,1.955
2001-12-24,1.99
2001-12-26,1.915
2001-12-27,1.925
2001-12-28,1.935
2001-12-31,1.925
2002-01-02,1.93
2002-01-03,1.95
2002-01-04,1.95
2002-01-07,1.965
2002-01-08,1.975
2002-01-09,1.945
2002-01-10,1.935
2002-01-11,1.975
2002-01-14,1.95
2002-01-15,1.965
2002-01-16,1.99
2002-01-17,1.96
2002-01-18,1.95
2002-01-22,1.935
2002-01-23,1.935
2002-01-24,1.94
2002-01-25,1.935
2002-01-28,1.92
2002-01-29,1.91
2002-01-30,1.915
2002-01-31,1.92
2002-02-01,1.91
2002-02-04,1.91
2002-02-05,1.925
2002-02-06,1.905
2002-02-07,1.905
2002-02-08,1.91
2002-02-11,1.91
2002-02-12,1.93
2002-02-13,1.95
2002-02-14,1.95
2002-02-15,1.925
2002-02-19,1.93
2002-02-20,1.96
2002-02-21,1.965
2002-02-22,1.93
2002-02-25,1.895
2002-02-26,1.89
2002-02-27,1.89
2002-02-28,1.91
2002-03-01,1.91
2002-03-04,1.91
2002-03-05,1.93
2002-03-06,1.92
2002-03-07,1.92
2002-03-08,1.925
2002-03-11,1.935
2002-03-12,1.95
2002-03-13,1.925
2002-03-14,1.935
2002-03-15,1.925
2002-03-18,1.92
2002-03-19,1.92
2002-03-20,1.925
2002-03-21,1.925
2002-03-22,1.91
2002-03-25,1.9
2002-03-26,1.915
2002-03-27,1.925
2002-03-28,1.905
2002-04-01,1.92
2002-04-02,1.91
2002-04-03,1.89
2002-04-04,1.895
2002-04-05,1.89
2002-04-08,1.905
2002-04-09,1.9
2002-04-10,1.895
2002-04-11,1.885
2002-04-12,1.875
2002-04-15,1.855
2002-04-16,1.875
2002-04-17,1.895
2002-04-18,1.885
2002-04-19,1.89
2002-04-22,1.895
2002-04-23,1.895
2002-04-24,1.885
2002-04-25,1.875
2002-04-26,1.865
2002-04-29,1.84
2002-04-30,1.855
2002-05-01,1.88
2002-05-02,1.865
2002-05-03,1.865
2002-05-06,1.875
2002-05-07,1.925
2002-05-08,1.92
2002-05-09,1.93
2002-05-10,1.935
2002-05-13,2.015
2002-05-14,2.03
2002-05-15,2.03
2002-05-16,2.0
2002-05-17,1.97
2002-05-20,1.985
2002-05-21,1.995
2002-05-22,1.97
2002-05-23,1.97
2002-05-24,1.935
2002-05-28,1.965
2002-05-29,2.005
2002-05-30,2.015
2002-05-31,2.03
2002-06-03,1.99
2002-06-04,1.99
2002-06-05,2.005
2002-06-06,2.0
2002-06-07,1.975
2002-06-10,1.97
2002-06-11,1.955
2002-06-12,1.985
2002-06-13,2.035
2002-06-14,2.015
2002-06-17,2.005
2002-06-18,2.0
2002-06-19,2.025
2002-06-20,2.03
2002-06-21,2.02
2002-06-24,2.09
2002-06-25,2.115
2002-06-26,2.135
2002-06-27,2.175
2002-06-28,2.17
2002-07-01,2.25
2002-07-02,2.195
2002-07-03,2.15
2002-07-05,2.21
2002-07-08,2.14
2002-07-09,2.175
2002-07-10,2.135
2002-07-11,2.085
2002-07-12,2.07
2002-07-15,2.115
2002-07-16,2.205
2002-07-17,2.175
2002-07-18,2.185
2002-07-19,2.205
2002-07-22,2.32
2002-07-23,2.285
2002-07-24,2.35
2002-07-25,2.32
2002-07-26,2.31
2002-07-29,2.195
2002-07-30,2.235
2002-07-31,2.365
2002-08-01,2.375
2002-08-02,2.42
2002-08-05,2.425
2002-08-06,2.395
2002-08-07,2.39
2002-08-08,2.355
2002-08-09,2.395
2002-08-12,2.485
2002-08-13,2.555
2002-08-14,2.625
2002-08-15,2.615
2002-08-16,2.605
2002-08-19,2.555
2002-08-20,2.51
2002-08-21,2.53
2002-08-22,2.53
2002-08-23,2.545
2002-08-26,2.555
2002-08-27,2.54
2002-08-28,2.53
2002-08-29,2.5
2002-08-30,2.53
2002-09-03,2.58
2002-09-04,2.63
2002-09-05,2.65
2002-09-06,2.67
2002-09-09,2.735
2002-09-10,2.715
2002-09-11,2.785
2002-09-12,2.675
2002-09-13,2.61
2002-09-16,2.615
2002-09-17,2.615
2002-09-18,2.565
2002-09-19,2.525
2002-09-20,2.355
2002-09-23,2.395
2002-09-24,2.46
2002-09-25,2.445
2002-09-26,2.46
2002-09-27,2.45
2002-09-30,2.36
2002-10-01,2.41
2002-10-02,2.44
2002-10-03,2.42
2002-10-04,2.455
2002-10-07,2.485
2002-10-08,2.45
2002-10-09,2.44
2002-10-10,2.39
2002-10-11,2.325
2002-10-14,2.35
2002-10-15,2.4
2002-10-16,2.42
2002-10-17,2.46
2002-10-18,2.44
2002-10-21,2.42
2002-10-22,2.4
2002-10-23,2.385
2002-10-24,2.38
2002-10-25,2.395
2002-10-28,2.37
2002-10-29,2.4
2002-10-30,2.37
2002-10-31,2.395
2002-11-01,2.375
2002-11-04,2.365
2002-11-05,2.34
2002-11-06,2.345
2002-11-07,2.325
2002-11-08,2.305
2002-11-11,2.3
2002-11-12,2.325
2002-11-13,2.35
2002-11-14,2.37
2002-11-15,2.37
2002-11-18,2.37
2002-11-19,2.4
2002-11-20,2.4
2002-11-21,2.39
2002-11-22,2.4
2002-11-25,2.36
2002-11-26,2.35
2002-11-27,2.335
2002-11-29,2.335
2002-12-02,2.34
2002-12-03,2.32
2002-12-04,2.32
2002-12-05,2.275
2002-12-06,2.325
2002-12-09,2.29
2002-12-10,2.305
2002-12-11,2.335
2002-12-12,2.31
2002-12-13,2.325
2002-12-16,2.315
2002-12-17,2.31
2002-12-18,2.33
2002-12-19,2.32
2002-12-20,2.315
2002-12-23,2.35
2002-12-24,2.35
2002-12-26,2.35
2002-12-27,2.32
2002-12-30,2.28
2002-12-31,2.295
2003-01-02,2.32
2003-01-03,2.3
2003-01-06,2.3
2003-01-07,2.34
2003-01-08,2.39
2003-01-09,2.37
2003-01-10,2.28
2003-01-13,2.23
2003-01-14,2.22
2003-01-15,2.225
2003-01-16,2.225
2003-01-17,2.235
2003-01-21,2.24
2003-01-22,2.25
2003-01-23,2.265
2003-01-24,2.265
2003-01-27,2.235
2003-01-28,2.315
2003-01-29,2.295
2003-01-30,2.29
2003-01-31,2.315
2003-02-03,2.335
2003-02-04,2.345
2003-02-05,2.315
2003-02-06,2.335
2003-02-07,2.335
2003-02-10,2.375
2003-02-11,2.37
2003-02-12,2.355
2003-02-13,2.36
2003-02-14,2.36
2003-02-18,2.35
2003-02-19,2.32
2003-02-20,2.33
2003-02-21,2.295
2003-02-24,2.285
2003-02-25,2.295
2003-02-26,2.295
2003-02-27,2.285
2003-02-28,2.29
2003-03-03,2.31
2003-03-04,2.345
2003-03-05,2.35
2003-03-06,2.36
2003-03-07,2.375
2003-03-10,2.33
2003-03-11,2.33
2003-03-12,2.34
2003-03-13,2.34
2003-03-14,2.295
2003-03-17,2.27
2003-03-18,2.28
2003-03-19,2.3
2003-03-20,2.33
2003-03-21,2.295
2003-03-24,2.265
2003-03-25,2.255
2003-03-26,2.255
2003-03-27,2.265
2003-03-28,2.26
2003-03-31,2.35
2003-04-01,2.37
2003-04-02,2.37
2003-04-03,2.355
2003-04-04,2.355
2003-04-07,2.4
2003-04-08,2.395
2003-04-09,2.385
2003-04-10,2.355
2003-04-11,2.36
2003-04-14,2.36
2003-04-15,2.385
2003-04-16,2.36
2003-04-17,2.38
2003-04-21,2.365
2003-04-22,2.37
2003-04-23,2.375
2003-04-24,2.35
2003-04-25,2.32
2003-04-28,2.295
2003-04-29,2.295
2003-04-30,2.3
2003-05-01,2.305
2003-05-02,2.305
2003-05-05,2.36
2003-05-06,2.365
2003-05-07,2.415
2003-05-08,2.41
2003-05-09,2.49
2003-05-12,2.47
2003-05-13,2.475
2003-05-14,2.455
2003-05-15,2.505
2003-05-16,2.47
2003-05-19,2.39
2003-05-20,2.405
2003-05-21,2.39
2003-05-22,2.36
2003-05-23,2.36
2003-05-27,2.355
2003-05-28,2.345
2003-05-29,2.385
2003-05-30,2.38
2003-06-02,2.37
2003-06-03,2.355
2003-06-04,2.34
2003-06-05,2.32
2003-06-06,2.35
2003-06-09,2.32
2003-06-10,2.355
2003-06-11,2.405
2003-06-12,2.435
2003-06-13,2.315
2003-06-16,2.375
2003-06-17,2.395
2003-06-18,2.42
2003-06-19,2.425
2003-06-20,2.405
2003-06-23,2.38
2003-06-24,2.38
2003-06-25,2.38
2003-06-26,2.32
2003-06-27,2.31
2003-06-30,2.265
2003-07-01,2.265
2003-07-02,2.26
2003-07-03,2.245
2003-07-07,2.225
2003-07-08,2.265
2003-07-09,2.24
2003-07-10,2.18
2003-07-11,2.16
2003-07-14,2.15
2003-07-15,2.1
2003-07-16,2.095
2003-07-17,2.085
2003-07-18,2.075
2003-07-21,2.1
2003-07-22,2.105
2003-07-23,2.06
2003-07-24,2.05
2003-07-25,2.045
2003-07-28,2.075
2003-07-29,2.07
2003-07-30,2.04
2003-07-31,2.02
2003-08-01,2.015
2003-08-04,2.03
2003-08-05,2.04
2003-08-06,2.06
2003-08-07,2.065
2003-08-08,2.07
2003-08-11,2.04
2003-08-12,2.13
2003-08-13,2.125
2003-08-14,2.135
2003-08-15,2.145
2003-08-18,2.235
2003-08-19,2.19
2003-08-20,2.235
2003-08-21,2.205
2003-08-22,2.23
2003-08-25,2.245
2003-08-26,2.26
2003-08-27,2.265
2003-08-28,2.28
2003-08-29,2.3
2003-09-02,2.3
2003-09-03,2.35
2003-09-04,2.395
2003-09-05,2.31
2003-09-08,2.4
2003-09-09,2.315
2003-09-10,2.26
2003-09-11,2.16
2003-09-12,2.105
2003-09-15,2.095
2003-09-16,2.065
2003-09-17,2.045
2003-09-18,2.06
2003-09-19,2.08
2003-09-22,2.095
2003-09-23,2.04
2003-09-24,2.055
2003-09-25,2.065
2003-09-26,2.065
2003-09-29,2.06
2003-09-30,2.005
2003-10-01,2.0
2003-10-02,2.03
2003-10-03,2.06
2003-10-06,2.05
2003-10-07,2.065
2003-10-08,2.055
2003-10-09,2.07
2003-10-10,2.02
2003-10-13,2.03
2003-10-14,2.055
2003-10-15,2.035
2003-10-16,2.02
2003-10-17,2.01
2003-10-20,2.015
2003-10-21,2.025
2003-10-22,2.065
2003-10-23,2.215
2003-10-24,2.2
2003-10-27,2.185
2003-10-28,2.265
2003-10-29,2.33
2003-10-30,2.34
2003-10-31,2.34
2003-11-03,2.27
2003-11-04,2.19
2003-11-05,2.23
2003-11-06,2.22
2003-11-07,2.23
2003-11-10,2.22
2003-11-11,2.235
2003-11-12,2.28
2003-11-13,2.29
2003-11-14,2.29
2003-11-17,2.27
2003-11-18,2.255
2003-11-19,2.21
2003-11-20,2.28
2003-11-21,2.285
2003-11-24,2.28
2003-11-25,2.32
2003-11-26,2.32
2003-11-28,2.355
2003-12-01,2.375
2003-12-02,2.365
2003-12-03,2.405
2003-12-04,2.39
2003-12-05,2.38
2003-12-08,2.36
2003-12-09,2.38
2003-12-10,2.38
2003-12-11,2.41
2003-12-12,2.41
2003-12-15,2.435
2003-12-16,2.415
2003-12-17,2.415
2003-12-18,2.385
2003-12-19,2.39
2003-12-22,2.355
2003-12-23,2.335
2003-12-24,2.26
2003-12-26,2.26
2003-12-29,2.335
2003-12-30,2.335
2003-12-31,2.355
2004-01-02,2.43
2004-01-05,2.43
2004-01-06,2.415
2004-01-07,2.385
2004-01-08,2.4
2004-01-09,2.395
2004-01-12,2.515
2004-01-13,2.525
2004-01-14,2.515
2004-01-15,2.505
2004-01-16,2.545
2004-01-20,2.57
2004-01-21,2.6
2004-01-22,2.6
2004-01-23,2.61
2004-01-26,2.65
2004-01-27,2.595
2004-01-28,2.56
2004-01-29,2.56
2004-01-30,2.625
2004-02-02,2.575
2004-02-03,2.59
2004-02-04,2.575
2004-02-05,2.52
2004-02-06,2.655
2004-02-09,2.71
2004-02-10,2.675
2004-02-11,2.73
2004-02-12,2.705
2004-02-13,2.725
2004-02-17,2.745
2004-02-18,2.71
2004-02-19,2.77
2004-02-20,2.77
2004-02-23,2.785
2004-02-24,2.805
2004-02-25,2.825
2004-02-26,2.875
2004-02-27,2.875
2004-03-01,2.895
2004-03-02,2.805
2004-03-03,2.825
2004-03-04,2.805
2004-03-05,2.815
2004-03-08,2.77
2004-03-09,2.86
2004-03-10,2.825
2004-03-11,2.84
2004-03-12,2.86
2004-03-15,2.925
2004-03-16,2.9
2004-03-17,2.935
2004-03-18,2.945
2004-03-19,2.945
2004-03-22,3.0
2004-03-23,2.97
2004-03-24,2.915
2004-03-25,2.89
2004-03-26,2.985
2004-03-29,2.88
2004-03-30,2.95
2004-03-31,3.025
2004-04-01,3.07
2004-04-02,3.125
2004-04-05,3.11
2004-04-06,3.085
2004-04-07,3.125
2004-04-08,3.145
2004-04-12,3.08
2004-04-13,2.99
2004-04-14,3.03
2004-04-15,2.94
2004-04-16,3.02
2004-04-19,3.0
2004-04-20,2.98
2004-04-21,2.925
2004-04-22,2.925
2004-04-23,2.935
2004-04-26,2.915
2004-04-27,2.94
2004-04-28,2.985
2004-04-29,3.045
2004-04-30,3.065
2004-05-03,3.085
2004-05-04,3.09
2004-05-05,3.065
2004-05-06,2.98
2004-05-07,2.97
2004-05-10,2.85
2004-05-11,2.855
2004-05-12,2.845
2004-05-13,2.84
2004-05-14,2.805
2004-05-17,2.84
2004-05-18,2.805
2004-05-19,2.855
2004-05-20,2.81
2004-05-21,2.79
2004-05-24,2.85
2004-05-25,2.935
2004-05-26,2.905
2004-05-27,2.885
2004-05-28,2.935
2004-06-01,3.12
2004-06-02,3.115
2004-06-03,3.0
2004-06-04,2.96
2004-06-07,2.9725
2004-06-08,2.85
2004-06-09,2.865
2004-06-10,2.75
2004-06-14,2.78
2004-06-15,2.69
2004-06-16,2.705
2004-06-17,2.67
2004-06-18,2.645
2004-06-21,2.63
2004-06-22,2.575
2004-06-23,2.725
2004-06-24,2.655
2004-06-25,2.645
2004-06-28,2.605
2004-06-29,2.58
2004-06-30,2.485
2004-07-01,2.61
2004-07-02,2.48
2004-07-06,2.455
2004-07-07,2.445
2004-07-08,2.39
2004-07-09,2.365
2004-07-12,2.355
2004-07-13,2.34
2004-07-14,2.35
2004-07-15,2.31
2004-07-16,2.27
2004-07-19,2.25
2004-07-20,2.225
2004-07-21,2.145
2004-07-22,2.075
2004-07-23,2.135
2004-07-26,2.12
2004-07-27,2.11
2004-07-28,2.065
2004-07-29,2.06
2004-07-30,2.05
2004-08-02,2.06
2004-08-03,2.07
2004-08-04,2.085
2004-08-05,2.125
2004-08-06,2.1
2004-08-09,2.155
2004-08-10,2.1
2004-08-11,2.1
2004-08-12,2.085
2004-08-13,2.065
2004-08-16,2.155
2004-08-17,2.21
2004-08-18,2.18
2004-08-19,2.22
2004-08-20,2.235
2004-08-23,2.265
2004-08-24,2.25
2004-08-25,2.23
2004-08-26,2.205
2004-08-27,2.17
2004-08-30,2.22
2004-08-31,2.25
2004-09-01,2.305
2004-09-02,2.245
2004-09-03,2.175
2004-09-07,2.145
2004-09-08,2.145
2004-09-09,2.12
2004-09-10,2.04
2004-09-13,2.04
2004-09-14,1.995
2004-09-15,2.01
2004-09-16,1.97
2004-09-17,1.965
2004-09-20,1.91
2004-09-21,1.91
2004-09-22,1.91
2004-09-23,1.82
2004-09-24,1.785
2004-09-27,1.81
2004-09-28,1.805
2004-09-29,1.78
2004-09-30,1.76
2004-10-01,1.775
2004-10-04,1.735
2004-10-05,1.75
2004-10-06,1.78
2004-10-07,1.77
2004-10-08,1.755
2004-10-11,1.755
2004-10-12,1.725
2004-10-13,1.75
2004-10-14,1.765
2004-10-15,1.775
2004-10-18,1.775
2004-10-19,1.81
2004-10-20,1.8
2004-10-21,1.775
2004-10-22,1.72
2004-10-25,1.75
2004-10-26,1.79
2004-10-27,1.8
2004-10-28,1.785
2004-10-29,1.74
2004-11-01,1.72
2004-11-02,1.72
2004-11-03,1.705
2004-11-04,1.695
2004-11-05,1.73
2004-11-08,1.75
2004-11-09,1.75
2004-11-10,1.735
2004-11-11,1.735
2004-11-12,1.81
2004-11-15,1.815
2004-11-16,1.835
2004-11-17,1.875
2004-11-18,1.87
2004-11-19,1.825
2004-11-22,1.83
2004-11-23,1.82
2004-11-24,1.855
2004-11-25,1.9985
2004-11-26,1.855
2004-11-29,1.85
2004-11-30,1.845
2004-12-01,1.835
2004-12-02,1.895
2004-12-03,1.875
2004-12-06,1.91
2004-12-07,1.85
2004-12-08,1.85
2004-12-09,1.845
2004-12-10,1.83
2004-12-13,1.86
2004-12-14,1.86
2004-12-15,1.845
2004-12-16,1.845
2004-12-17,1.855
2004-12-20,1.875
2004-12-21,1.87
2004-12-22,1.865
2004-12-23,1.87
2004-12-24,2.07
2004-12-27,1.89
2004-12-28,1.91
2004-12-29,1.865
2004-12-30,1.885
2004-12-31,1.885
2005-01-03,1.855
2005-01-04,1.865
2005-01-05,1.865
2005-01-06,1.935
2005-01-07,1.91
2005-01-10,1.91
2005-01-11,1.915
2005-01-12,1.85
2005-01-13,1.85
2005-01-14,1.81
2005-01-18,1.805
2005-01-19,1.83
2005-01-20,1.845
2005-01-21,1.835
2005-01-24,1.845
2005-01-25,1.86
2005-01-26,1.86
2005-01-27,1.82
2005-01-28,1.82
2005-01-31,1.835
2005-02-01,1.84
2005-02-02,1.83
2005-02-03,1.78
2005-02-04,1.81
2005-02-07,1.82
2005-02-08,1.81
2005-02-09,1.815
2005-02-10,1.85
2005-02-11,1.845
2005-02-14,1.865
2005-02-15,1.86
2005-02-16,1.83
2005-02-17,1.845
2005-02-18,1.87
2005-02-22,1.935
2005-02-23,1.91
2005-02-24,1.91
2005-02-25,1.965
2005-02-28,1.96
2005-03-01,1.935
2005-03-02,1.96
2005-03-03,1.935
2005-03-04,1.945
2005-03-07,1.91
2005-03-08,1.925
2005-03-09,1.95
2005-03-10,1.99
2005-03-11,2.02
2005-03-14,1.985
2005-03-15,2.055
2005-03-16,2.025
2005-03-17,2.02
2005-03-18,1.99
2005-03-21,1.95
2005-03-22,1.97
2005-03-23,1.92
2005-03-24,1.925
2005-03-28,1.96
2005-03-29,1.99
2005-03-30,1.97
2005-03-31,1.96
2005-04-01,1.97
2005-04-04,1.94
2005-04-05,1.88
2005-04-06,1.9
2005-04-07,1.9
2005-04-08,1.88
2005-04-11,1.91
2005-04-12,1.925
2005-04-13,1.92
2005-04-14,1.93
2005-04-15,1.92
2005-04-18,1.895
2005-04-19,1.97
2005-04-20,1.985
2005-04-21,1.985
2005-04-22,1.98
2005-04-25,1.995
2005-04-26,1.995
2005-04-27,1.955
2005-04-28,1.925
2005-04-29,1.925
2005-05-02,1.885
2005-05-03,1.875
2005-05-04,1.86
2005-05-05,1.88
2005-05-06,1.88
2005-05-09,1.9
2005-05-10,1.89
2005-05-11,1.885
2005-05-12,1.86
2005-05-13,1.855
2005-05-16,1.885
2005-05-17,1.9
2005-05-18,1.945
2005-05-19,1.92
2005-05-20,1.945
2005-05-23,2.025
2005-05-24,1.995
2005-05-25,1.995
2005-05-26,2.03
2005-05-27,2.0
2005-05-31,2.01
2005-06-01,2.035
2005-06-02,1.965
2005-06-03,1.985
2005-06-06,2.0
2005-06-07,1.99
2005-06-08,1.95
2005-06-09,1.95
2005-06-10,1.895
2005-06-13,1.94
2005-06-14,1.94
2005-06-15,2.025
2005-06-16,2.045
2005-06-17,2.08
2005-06-20,2.145
2005-06-21,2.125
2005-06-22,2.115
2005-06-23,2.085
2005-06-24,2.14
2005-06-27,2.035
2005-06-28,2.01
2005-06-29,2.005
2005-06-30,1.96
2005-07-01,2.005
2005-07-05,2.145
2005-07-06,2.16
2005-07-07,2.195
2005-07-08,2.13
2005-07-11,2.145
2005-07-12,2.15
2005-07-13,2.25
2005-07-14,2.3
2005-07-15,2.375
2005-07-18,2.395
2005-07-19,2.3
2005-07-20,2.225
2005-07-21,2.145
2005-07-22,2.145
2005-07-25,2.115
2005-07-26,2.165
2005-07-27,2.18
2005-07-28,2.21
2005-07-29,2.155
2005-08-01,2.115
2005-08-02,2.115
2005-08-03,2.06
2005-08-04,2.045
2005-08-05,2.01
2005-08-08,2.02
2005-08-09,1.995
2005-08-10,2.05
2005-08-11,2.065
2005-08-12,2.0
2005-08-15,1.93
2005-08-16,1.905
2005-08-17,1.935
2005-08-18,1.955
2005-08-19,1.95
2005-08-22,1.975
2005-08-23,1.945
2005-08-24,1.93
2005-08-25,1.89
2005-08-26,1.87
2005-08-29,1.89
2005-08-30,1.875
2005-08-31,1.855
2005-09-01,1.905
2005-09-02,1.87
2005-09-06,1.83
2005-09-07,1.865
2005-09-08,1.83
2005-09-09,1.825
2005-09-12,1.77
2005-09-13,1.75
2005-09-14,1.725
2005-09-15,1.71
2005-09-16,1.69
2005-09-19,1.69
2005-09-20,1.7
2005-09-21,1.7
2005-09-22,1.71
2005-09-23,1.705
2005-09-26,1.675
2005-09-27,1.665
2005-09-28,1.67
2005-09-29,1.665
2005-09-30,1.675
2005-10-03,1.705
2005-10-04,1.67
2005-10-05,1.665
2005-10-06,1.665
2005-10-07,1.65
2005-10-10,1.66
2005-10-11,1.652
2005-10-12,1.685
2005-10-13,1.675
2005-10-14,1.67
2005-10-17,1.67
2005-10-18,1.635
2005-10-19,1.645
2005-10-20,1.665
2005-10-21,1.675
2005-10-24,1.68
2005-10-25,1.67
2005-10-26,1.665
2005-10-27,1.675
2005-10-28,1.675
2005-10-31,1.695
2005-11-01,1.7
2005-11-02,1.7
2005-11-03,1.705
2005-11-04,1.705
2005-11-07,1.705
2005-11-08,1.74
2005-11-09,1.735
2005-11-10,1.73
2005-11-11,1.765
2005-11-14,1.795
2005-11-15,1.78
2005-11-16,1.755
2005-11-17,1.76
2005-11-18,1.755
2005-11-21,1.76
2005-11-22,1.745
2005-11-23,1.76
2005-11-25,1.76
2005-11-28,1.755
2005-11-29,1.74
2005-11-30,1.76
2005-12-01,1.785
2005-12-02,1.78
2005-12-05,1.83
2005-12-06,1.805
2005-12-07,1.79
2005-12-08,1.81
2005-12-09,1.835
2005-12-12,1.885
2005-12-13,1.895
2005-12-14,1.87
2005-12-15,1.83
2005-12-16,1.885
2005-12-19,1.9
2005-12-20,1.94
2005-12-21,1.94
2005-12-22,1.97
2005-12-23,1.98
2005-12-27,1.995
2005-12-28,1.995
2005-12-29,1.95
2005-12-30,2.0
2006-01-03,2.04
2006-01-04,2.02
2006-01-05,1.955
2006-01-06,1.975
2006-01-09,1.945
2006-01-10,1.97
2006-01-11,1.975
2006-01-12,1.97
2006-01-13,1.97
2006-01-17,1.925
2006-01-18,1.905
2006-01-19,1.895
2006-01-20,1.9
2006-01-23,1.935
2006-01-24,1.89
2006-01-25,2.015
2006-01-26,2.015
2006-01-27,2.03
2006-01-30,2.01
2006-01-31,2.03
2006-02-01,2.01
2006-02-02,2.045
2006-02-03,2.075
2006-02-06,2.055
2006-02-07,2.005
2006-02-08,2.035
2006-02-09,2.08
2006-02-10,2.035
2006-02-13,2.035
2006-02-14,2.035
2006-02-15,2.065
2006-02-16,2.08
2006-02-17,2.1
2006-02-21,2.085
2006-02-22,2.06
2006-02-23,2.075
2006-02-24,2.125
2006-02-27,2.115
2006-02-28,2.135
2006-03-01,2.085
2006-03-02,2.125
2006-03-03,2.14
2006-03-06,2.075
2006-03-07,2.055
2006-03-08,2.025
2006-03-09,2.07
2006-03-10,2.095
2006-03-13,2.095
2006-03-14,2.05
2006-03-15,2.03
2006-03-16,2.0
2006-03-17,1.97
2006-03-20,1.945
2006-03-21,2.0
2006-03-22,2.0
2006-03-23,1.98
2006-03-24,1.975
2006-03-27,2.01
2006-03-28,2.01
2006-03-29,2.035
2006-03-30,2.07
2006-03-31,2.155
2006-04-03,2.16
2006-04-04,2.14
2006-04-05,2.16
2006-04-06,2.215
2006-04-07,2.23
2006-04-10,2.215
2006-04-11,2.235
2006-04-12,2.175
2006-04-13,2.165
2006-04-17,2.17
2006-04-18,2.2
2006-04-19,2.195
2006-04-20,2.175
2006-04-21,2.175
2006-04-24,2.15
2006-04-25,2.145
2006-04-26,2.16
2006-04-27,2.155
2006-04-28,2.215
2006-05-01,2.22
2006-05-02,2.17
2006-05-03,2.165
2006-05-04,2.125
2006-05-05,2.145
2006-05-08,2.11
2006-05-09,2.12
2006-05-10,2.15
2006-05-11,2.19
2006-05-12,2.26
2006-05-15,2.31
2006-05-16,2.305
2006-05-17,2.345
2006-05-18,2.32
2006-05-19,2.24
2006-05-22,2.275
2006-05-23,2.23
2006-05-24,2.195
2006-05-25,2.23
2006-05-26,2.24
2006-05-30,2.25
2006-05-31,2.225
2006-06-01,2.26
2006-06-02,2.31
2006-06-05,2.25
2006-06-06,2.225
2006-06-07,2.235
2006-06-08,2.19
2006-06-09,2.165
2006-06-12,2.215
2006-06-13,2.185
2006-06-14,2.145
2006-06-15,2.125
2006-06-16,2.17
2006-06-19,2.09
2006-06-20,2.085
2006-06-21,2.13
2006-06-22,2.095
2006-06-23,2.08
2006-06-26,2.04
2006-06-27,2.06
2006-06-28,2.075
2006-06-29,2.1
2006-06-30,2.155
2006-07-03,2.23
2006-07-05,2.19
2006-07-06,2.245
2006-07-07,2.205
2006-07-10,2.285
2006-07-11,2.375
2006-07-12,2.435
2006-07-13,2.335
2006-07-14,2.345
2006-07-17,2.275
2006-07-18,2.21
2006-07-19,2.18
2006-07-20,2.155
2006-07-21,2.1
2006-07-24,2.12
2006-07-25,2.13
2006-07-26,2.09
2006-07-27,2.115
2006-07-28,2.1
2006-07-31,2.13
2006-08-01,2.13
2006-08-02,2.185
2006-08-03,2.18
2006-08-04,2.18
2006-08-07,2.125
2006-08-08,2.09
2006-08-09,2.12
2006-08-10,2.11
2006-08-11,1.98
2006-08-14,1.955
2006-08-15,1.98
2006-08-16,1.985
2006-08-17,1.96
2006-08-18,1.955
2006-08-21,1.985
2006-08-22,1.98
2006-08-23,2.045
2006-08-24,2.085
2006-08-25,2.07
2006-08-28,2.065
2006-08-29,2.05
2006-08-30,2.105
2006-08-31,2.145
2006-09-01,2.13
2006-09-05,2.11
2006-09-06,2.1
2006-09-07,2.155
2006-09-08,2.15
2006-09-11,2.13
2006-09-12,2.09
2006-09-13,2.105
2006-09-14,2.105
2006-09-15,2.175
2006-09-18,2.215
2006-09-19,2.2
2006-09-20,2.235
2006-09-21,2.31
2006-09-22,2.3
2006-09-25,2.3
2006-09-26,2.34
2006-09-27,2.29
2006-09-28,2.39
2006-09-29,2.375
2006-10-02,2.42
2006-10-03,2.38
2006-10-04,2.49
2006-10-05,2.47
2006-10-06,2.47
2006-10-09,2.665
2006-10-10,2.535
2006-10-11,2.625
2006-10-12,2.755
2006-10-13,2.92
2006-10-16,2.96
2006-10-17,3.0
2006-10-18,2.955
2006-10-19,2.955
2006-10-20,2.93
2006-10-23,2.99
2006-10-24,3.05
2006-10-25,3.075
2006-10-26,3.085
2006-10-27,3.145
2006-10-30,3.125
2006-10-31,3.05
2006-11-01,3.175
2006-11-02,3.29
2006-11-03,3.26
2006-11-06,3.325
2006-11-07,3.41
2006-11-08,3.49
2006-11-09,3.395
2006-11-10,3.325
2006-11-13,3.305
2006-11-14,3.45
2006-11-15,3.46
2006-11-16,3.385
2006-11-17,3.42
2006-11-20,3.47
2006-11-21,3.475
2006-11-22,3.505
2006-11-24,3.505
2006-11-27,3.6
2006-11-28,3.68
2006-11-29,3.61
2006-11-30,3.57
2006-12-01,3.57
2006-12-04,3.53
2006-12-05,3.545
2006-12-06,3.44
2006-12-07,3.5
2006-12-08,3.455
2006-12-11,3.495
2006-12-12,3.505
2006-12-13,3.455
2006-12-14,3.485
2006-12-15,3.455
2006-12-18,3.425
2006-12-19,3.505
2006-12-20,3.485
2006-12-21,3.53
2006-12-22,3.59
2006-12-26,3.63
2006-12-27,3.625
2006-12-28,3.64
2006-12-29,3.65
2007-01-02,3.9025
2007-01-03,3.455
2007-01-04,3.4
2007-01-05,3.445
2007-01-08,3.395
2007-01-09,3.33
2007-01-10,3.375
2007-01-11,3.52
2007-01-12,3.7
2007-01-16,3.765
2007-01-17,3.83
2007-01-18,3.85
2007-01-19,3.8
2007-01-22,3.79
2007-01-23,3.85
2007-01-24,3.765
2007-01-25,3.825
2007-01-26,3.81
2007-01-29,3.755
2007-01-30,3.82
2007-01-31,3.8
2007-02-01,3.75
2007-02-02,3.79
2007-02-05,3.79
2007-02-06,3.76
2007-02-07,3.715
2007-02-08,3.8
2007-02-09,3.855
2007-02-12,3.845
2007-02-13,3.845
2007-02-14,3.87
2007-02-15,3.875
2007-02-16,3.96
2007-02-20,3.975
2007-02-21,4.06
2007-02-22,4.125
2007-02-23,4.08
2007-02-26,4.035
2007-02-27,3.89
2007-02-28,4.025
2007-03-01,3.95
2007-03-02,3.885
2007-03-05,3.965
2007-03-06,3.915
2007-03-07,3.95
2007-03-08,3.915
2007-03-09,3.875
2007-03-12,3.77
2007-03-13,3.76
2007-03-14,3.745
2007-03-15,3.66
2007-03-16,3.695
2007-03-19,3.68
2007-03-20,3.75
2007-03-21,3.79
2007-03-22,3.795
2007-03-23,3.73
2007-03-26,3.605
2007-03-27,3.615
2007-03-28,3.575
2007-03-29,3.63
2007-03-30,3.405
2007-04-02,3.25
2007-04-03,3.16
2007-04-04,3.295
2007-04-05,3.36
2007-04-09,3.345
2007-04-10,3.425
2007-04-11,3.345
2007-04-12,3.33
2007-04-13,3.415
2007-04-16,3.375
2007-04-17,3.275
2007-04-18,3.37
2007-04-19,3.445
2007-04-20,3.35
2007-04-23,3.295
2007-04-24,3.4
2007-04-25,3.51
2007-04-26,3.445
2007-04-27,3.435
2007-04-30,3.385
2007-05-01,3.505
2007-05-02,3.57
2007-05-03,3.64
2007-05-04,3.56
2007-05-07,3.54
2007-05-08,3.335
2007-05-09,3.415
2007-05-10,3.31
2007-05-11,3.46
2007-05-14,3.405
2007-05-15,3.48
2007-05-16,3.54
2007-05-17,3.51
2007-05-18,3.49
2007-05-21,3.59
2007-05-22,3.47
2007-05-23,3.46
2007-05-24,3.56
2007-05-25,3.565
2007-05-29,3.475
2007-05-30,3.665
2007-05-31,3.785
2007-06-01,3.765
2007-06-04,3.72
2007-06-05,3.67
2007-06-06,3.62
2007-06-07,3.72
2007-06-08,3.695
2007-06-11,3.835
2007-06-12,3.805
2007-06-13,3.92
2007-06-14,3.98
2007-06-15,4.07
2007-06-18,4.03
2007-06-19,3.83
2007-06-20,3.815
2007-06-21,3.72
2007-06-22,3.55
2007-06-25,3.435
2007-06-26,3.42
2007-06-27,3.295
2007-06-28,3.24
2007-06-29,3.15
2007-07-02,3.16
2007-07-03,3.055
2007-07-05,3.095
2007-07-06,3.2
2007-07-09,3.17
2007-07-10,3.22
2007-07-11,3.2
2007-07-12,3.49
2007-07-13,3.3
2007-07-16,3.07
2007-07-17,3.025
2007-07-18,3.015
2007-07-19,2.935
2007-07-20,2.87
2007-07-23,2.82
2007-07-24,2.83
2007-07-25,2.835
2007-07-26,2.845
2007-07-27,2.885
2007-07-30,2.92
2007-07-31,2.94
2007-08-01,2.885
2007-08-02,2.925
2007-08-03,2.985
2007-08-06,3.0
2007-08-07,3.095
2007-08-08,3.165
2007-08-09,3.09
2007-08-10,3.09
2007-08-13,3.06
2007-08-14,3.055
2007-08-15,3.06
2007-08-16,3.01
2007-08-17,3.08
2007-08-20,3.105
2007-08-21,3.19
2007-08-22,3.28
2007-08-23,3.24
2007-08-24,3.205
2007-08-27,3.135
2007-08-28,3.07
2007-08-29,3.01
2007-08-30,3.005
2007-08-31,2.995
2007-09-04,3.06
2007-09-05,3.04
2007-09-06,2.975
2007-09-07,3.045
2007-09-10,3.035
2007-09-11,2.985
2007-09-12,3.115
2007-09-13,3.015
2007-09-14,3.035
2007-09-17,3.065
2007-09-18,3.065
2007-09-19,3.12
2007-09-20,3.225
2007-09-21,3.305
2007-09-24,3.285
2007-09-25,3.28
2007-09-26,3.34
2007-09-27,3.46
2007-09-28,3.33
2007-10-01,3.29
2007-10-02,3.09
2007-10-03,3.07
2007-10-04,3.05
2007-10-05,3.05
2007-10-08,3.02
2007-10-09,3.065
2007-10-10,3.145
2007-10-11,3.13
2007-10-12,3.205
2007-10-15,3.315
2007-10-16,3.32
2007-10-17,3.295
2007-10-18,3.385
2007-10-19,3.42
2007-10-22,3.36
2007-10-23,3.345
2007-10-24,3.305
2007-10-25,3.415
2007-10-26,3.47
2007-10-29,3.565
2007-10-30,3.535
2007-10-31,3.59
2007-11-01,3.525
2007-11-02,3.615
2007-11-05,3.61
2007-11-06,3.7
2007-11-07,3.68
2007-11-08,3.72
2007-11-09,3.69
2007-11-12,3.62
2007-11-13,3.505
2007-11-14,3.675
2007-11-15,3.58
2007-11-16,3.63
2007-11-19,3.61
2007-11-20,3.645
2007-11-21,3.66
2007-11-23,3.66
2007-11-26,3.715
2007-11-27,3.69
2007-11-28,3.735
2007-11-29,3.71
2007-11-30,3.72
2007-12-03,3.74
2007-12-04,3.815
2007-12-05,3.815
2007-12-06,3.825
2007-12-07,3.875
2007-12-10,3.875
2007-12-11,3.95
2007-12-12,4.045
2007-12-13,4.065
2007-12-14,4.095
2007-12-17,4.1
2007-12-18,4.035
2007-12-19,4.055
2007-12-20,4.085
2007-12-21,4.135
2007-12-24,4.135
2007-12-26,4.235
2007-12-27,4.265
2007-12-28,4.265
2007-12-31,4.255
2008-01-02,4.335
2008-01-03,4.37
2008-01-04,4.38
2008-01-07,4.38
2008-01-08,4.505
2008-01-09,4.485
2008-01-10,4.45
2008-01-11,4.61
2008-01-14,4.745
2008-01-15,4.72
2008-01-16,4.675
2008-01-17,4.665
2008-01-18,4.605
2008-01-22,4.54
2008-01-23,4.36
2008-01-24,4.565
2008-01-25,4.665
2008-01-28,4.705
2008-01-29,4.695
2008-01-30,4.695
2008-01-31,4.695
2008-02-01,4.695
2008-02-04,4.85
2008-02-05,4.825
2008-02-06,4.75
2008-02-07,4.75
2008-02-08,4.83
2008-02-11,4.785
2008-02-12,4.725
2008-02-13,4.715
2008-02-14,4.855
2008-02-15,4.89
2008-02-19,4.935
2008-02-20,4.97
2008-02-21,4.98
2008-02-22,4.955
2008-02-25,5.06
2008-02-26,5.04
2008-02-27,4.995
2008-02-28,5.175
2008-02-29,5.19
2008-03-03,5.28
2008-03-04,5.155
2008-03-05,5.295
2008-03-06,5.3
2008-03-07,5.055
2008-03-10,5.285
2008-03-11,5.34
2008-03-12,5.275
2008-03-13,5.3
2008-03-14,5.21
2008-03-17,4.945
2008-03-18,5.105
2008-03-19,4.89
2008-03-20,4.7
2008-03-24,4.905
2008-03-25,5.1
2008-03-26,5.17
2008-03-27,5.205
2008-03-28,5.26
2008-03-31,5.32
2008-04-01,5.505
2008-04-02,5.615
2008-04-03,5.655
2008-04-04,5.64
2008-04-07,5.56
2008-04-08,5.57
2008-04-09,5.69
2008-04-10,5.58
2008-04-11,5.48
2008-04-14,5.57
2008-04-15,5.7
2008-04-16,5.675
2008-04-17,5.675
2008-04-18,5.63
2008-04-21,5.44
2008-04-22,5.59
2008-04-23,5.54
2008-04-24,5.415
2008-04-25,5.435
2008-04-28,5.66
2008-04-29,5.585
2008-04-30,5.665
2008-05-01,5.725
2008-05-02,5.685
2008-05-05,5.505
2008-05-06,5.625
2008-05-07,5.695
2008-05-08,5.835
2008-05-09,5.84
2008-05-12,5.685
2008-05-13,5.615
2008-05-14,5.505
2008-05-15,5.535
2008-05-16,5.455
2008-05-19,5.42
2008-05-20,5.445
2008-05-21,5.6
2008-05-22,5.49
2008-05-23,5.53
2008-05-27,5.54
2008-05-28,5.49
2008-05-29,5.385
2008-05-30,5.555
2008-06-02,5.715
2008-06-03,5.66
2008-06-04,5.725
2008-06-05,6.025
2008-06-06,6.095
2008-06-09,6.135
2008-06-10,6.305
2008-06-11,6.615
2008-06-12,6.665
2008-06-13,6.845
2008-06-16,6.68
2008-06-17,6.955
2008-06-18,7.015
2008-06-19,6.83
2008-06-20,6.76
2008-06-23,6.79
2008-06-24,6.67
2008-06-25,6.835
2008-06-26,7.1
2008-06-27,7.11
2008-06-30,6.805
2008-07-01,6.745
2008-07-02,7.03
2008-07-03,7.03
2008-07-07,6.545
2008-07-08,6.505
2008-07-09,6.405
2008-07-10,6.335
2008-07-11,6.39
2008-07-14,6.12
2008-07-15,5.945
2008-07-16,6.045
2008-07-17,5.81
2008-07-18,5.6
2008-07-21,5.395
2008-07-22,5.24
2008-07-23,5.215
2008-07-24,5.215
2008-07-25,5.27
2008-07-28,5.32
2008-07-29,5.44
2008-07-30,5.52
2008-07-31,5.375
2008-08-01,5.15
2008-08-04,4.855
2008-08-05,4.75
2008-08-06,4.6
2008-08-07,4.725
2008-08-08,4.5
2008-08-11,4.51
2008-08-12,4.64
2008-08-13,4.94
2008-08-14,5.125
2008-08-15,4.84
2008-08-18,5.07
2008-08-19,5.2
2008-08-20,5.315
2008-08-21,5.545
2008-08-22,5.42
2008-08-25,5.355
2008-08-26,5.33
2008-08-27,5.375
2008-08-28,5.31
2008-08-29,5.345
2008-09-02,5.18
2008-09-03,5.12
2008-09-04,5.145
2008-09-05,4.99
2008-09-08,5.015
2008-09-09,4.96
2008-09-10,4.895
2008-09-11,4.87
2008-09-12,5.155
2008-09-15,5.145
2008-09-16,4.865
2008-09-17,5.095
2008-09-18,4.825
2008-09-19,4.97
2008-09-22,5.17
2008-09-23,5.185
2008-09-24,5.22
2008-09-25,5.17
2008-09-26,4.955
2008-09-29,4.62
2008-09-30,4.41
2008-10-01,4.37
2008-10-02,4.07
2008-10-03,4.07
2008-10-06,3.725
2008-10-07,3.73
2008-10-08,3.835
2008-10-09,3.945
2008-10-10,3.495
2008-10-13,3.685
2008-10-14,3.67
2008-10-15,3.415
2008-10-16,3.37
2008-10-17,3.57
2008-10-20,3.735
2008-10-21,3.725
2008-10-22,3.47
2008-10-23,3.515
2008-10-24,3.33
2008-10-27,3.46
2008-10-28,3.515
2008-10-29,3.825
2008-10-30,3.725
2008-10-31,3.645
2008-11-03,3.655
2008-11-04,3.755
2008-11-05,3.525
2008-11-06,3.405
2008-11-07,3.385
2008-11-10,3.485
2008-11-11,3.41
2008-11-12,3.375
2008-11-13,3.47
2008-11-14,3.5
2008-11-17,3.56
2008-11-18,3.5
2008-11-19,3.49
2008-11-20,3.34
2008-11-21,3.06
2008-11-24,3.215
2008-11-25,3.215
2008-11-26,3.25
2008-11-28,3.215
2008-12-01,3.08
2008-12-02,3.08
2008-12-03,3.095
2008-12-04,2.97
2008-12-05,2.72
2008-12-08,2.91
2008-12-09,2.89
2008-12-10,3.03
2008-12-11,3.175
2008-12-12,3.4
2008-12-15,3.415
2008-12-16,3.605
2008-12-17,3.555
2008-12-18,3.57
2008-12-19,3.515
2008-12-22,3.525
2008-12-23,3.69
2008-12-24,3.68
2008-12-26,3.68
2008-12-29,3.635
2008-12-30,3.755
2008-12-31,3.785
2009-01-02,3.835
2009-01-05,3.815
2009-01-06,3.98
2009-01-07,3.84
2009-01-08,3.76
2009-01-09,3.78
2009-01-12,3.43
2009-01-13,3.315
2009-01-14,3.355
2009-01-15,3.335
2009-01-16,3.61
2009-01-20,3.555
2009-01-21,3.615
2009-01-22,3.59
2009-01-23,3.62
2009-01-26,3.65
2009-01-27,3.5
2009-01-28,3.57
2009-01-29,3.55
2009-01-30,3.53
2009-02-02,3.455
2009-02-03,3.365
2009-02-04,3.375
2009-02-05,3.525
2009-02-06,3.605
2009-02-09,3.605
2009-02-10,3.605
2009-02-11,3.515
2009-02-12,3.48
2009-02-13,3.46
2009-02-17,3.33
2009-02-18,3.325
2009-02-19,3.395
2009-02-20,3.39
2009-02-23,3.41
2009-02-24,3.44
2009-02-25,3.53
2009-02-26,3.515
2009-02-27,3.405
2009-03-02,3.305
2009-03-03,3.31
2009-03-04,3.31
2009-03-05,3.395
2009-03-06,3.425
2009-03-09,3.455
2009-03-10,3.56
2009-03-11,3.465
2009-03-12,3.65
2009-03-13,3.67
2009-03-16,3.69
2009-03-17,3.6
2009-03-18,3.6
2009-03-19,3.74
2009-03-20,3.74
2009-03-23,3.72
2009-03-24,3.7
2009-03-25,3.625
2009-03-26,3.625
2009-03-27,3.682
2009-03-30,3.665
2009-03-31,3.6755
2009-04-01,3.85
2009-04-02,3.825
2009-04-03,3.84
2009-04-06,3.85
2009-04-07,3.765
2009-04-08,3.775
2009-04-09,3.71
2009-04-13,3.69
2009-04-14,3.755
2009-04-15,3.66
2009-04-16,3.68
2009-04-17,3.58
2009-04-20,3.52
2009-04-21,3.57
2009-04-22,3.56
2009-04-23,3.645
2009-04-24,3.61
2009-04-27,3.565
2009-04-28,3.6
2009-04-29,3.79
2009-04-30,3.815
2009-05-01,3.9
2009-05-04,3.815
2009-05-05,3.815
2009-05-06,3.83
2009-05-07,3.885
2009-05-08,3.975
2009-05-11,3.965
2009-05-12,4.02
2009-05-13,4.015
2009-05-14,4.025
2009-05-15,3.92
2009-05-18,3.965
2009-05-19,4.01
2009-05-20,4.04
2009-05-21,4.015
2009-05-22,4.015
2009-05-26,4.06
2009-05-27,4.025
2009-05-28,4.085
2009-05-29,4.16
2009-06-01,4.255
2009-06-02,4.295
2009-06-03,4.125
2009-06-04,4.3
2009-06-05,4.245
2009-06-08,4.165
2009-06-09,4.255
2009-06-10,4.18
2009-06-11,4.23
2009-06-12,4.085
2009-06-15,3.885
2009-06-16,3.875
2009-06-17,3.945
2009-06-18,3.915
2009-06-19,3.915
2009-06-22,3.745
2009-06-23,3.785
2009-06-24,3.765
2009-06-25,3.725
2009-06-26,3.735
2009-06-29,3.735
2009-06-30,3.38
2009-07-01,3.4
2009-07-02,3.295
2009-07-06,3.21
2009-07-07,3.215
2009-07-08,3.2
2009-07-09,3.25
2009-07-10,3.235
2009-07-13,3.295
2009-07-14,3.365
2009-07-15,3.265
2009-07-16,3.145
2009-07-17,3.18
2009-07-20,3.195
2009-07-21,3.09
2009-07-22,3.055
2009-07-23,3.22
2009-07-24,3.11
2009-07-27,3.175
2009-07-28,3.175
2009-07-29,3.165
2009-07-30,3.275
2009-07-31,3.345
2009-08-03,3.515
2009-08-04,3.48
2009-08-05,3.405
2009-08-06,3.405
2009-08-07,3.15
2009-08-10,3.175
2009-08-11,3.175
2009-08-12,3.19
2009-08-13,3.19
2009-08-14,3.14
2009-08-17,3.09
2009-08-18,3.09
2009-08-19,3.14
2009-08-20,3.12
2009-08-21,3.145
2009-08-24,3.245
2009-08-25,3.16
2009-08-26,3.14
2009-08-27,3.165
2009-08-28,3.16
2009-08-31,3.18
2009-09-01,3.075
2009-09-02,3.035
2009-09-03,3.02
2009-09-04,2.915
2009-09-08,2.925
2009-09-09,2.695
2009-09-10,3.005
2009-09-11,3.0505
2009-09-14,3.01
2009-09-15,3.29
2009-09-16,3.195
2009-09-17,3.125
2009-09-18,3.01
2009-09-21,2.99
2009-09-22,3.09
2009-09-23,3.145
2009-09-24,3.21
2009-09-25,3.18
2009-09-28,3.235
2009-09-29,3.245
2009-09-30,3.275
2009-10-01,3.22
2009-10-02,3.155
2009-10-05,3.225
2009-10-06,3.395
2009-10-07,3.42
2009-10-08,3.465
2009-10-09,3.44
2009-10-12,3.63
2009-10-13,3.655
2009-10-14,3.665
2009-10-15,3.545
2009-10-16,3.535
2009-10-19,3.67
2009-10-20,3.67
2009-10-21,3.78
2009-10-22,3.83
2009-10-23,3.755
2009-10-26,3.755
2009-10-27,3.48
2009-10-28,3.46
2009-10-29,3.56
2009-10-30,3.435
2009-11-02,3.6
2009-11-03,3.655
2009-11-04,3.6
2009-11-05,3.5
2009-11-06,3.41
2009-11-09,3.6
2009-11-10,3.675
2009-11-11,3.65
2009-11-12,3.635
2009-11-13,3.62
2009-11-16,3.74
2009-11-17,3.74
2009-11-18,3.695
2009-11-19,3.65
2009-11-20,3.62
2009-11-23,3.58
2009-11-24,3.48
2009-11-25,3.64
2009-11-27,3.64
2009-11-30,3.74
2009-12-01,3.71
2009-12-02,3.63
2009-12-03,3.575
2009-12-04,3.43
2009-12-07,3.385
2009-12-08,3.41
2009-12-09,3.395
2009-12-10,3.485
2009-12-11,3.605
2009-12-14,3.645
2009-12-15,3.635
2009-12-16,3.66
2009-12-17,3.535
2009-12-18,3.54
2009-12-21,3.575
2009-12-22,3.565
2009-12-23,3.625
2009-12-24,3.655
2009-12-28,3.745
2009-12-29,3.765
2009-12-30,3.74
2009-12-31,3.76
2010-01-04,3.83
2010-01-05,3.83
2010-01-06,3.845
2010-01-07,3.815
2010-01-08,3.865
2010-01-11,3.875
2010-01-12,3.53
2010-01-13,3.505
2010-01-14,3.48
2010-01-15,3.39
2010-01-19,3.37
2010-01-20,3.36
2010-01-21,3.4
2010-01-22,3.33
2010-01-25,3.33
2010-01-26,3.3
2010-01-27,3.28
2010-01-28,3.32
2010-01-29,3.285
2010-02-01,3.31
2010-02-02,3.37
2010-02-03,3.245
2010-02-04,3.27
2010-02-05,3.24
2010-02-08,3.295
2010-02-09,3.315
2010-02-10,3.36
2010-02-11,3.38
2010-02-12,3.375
2010-02-16,3.43
2010-02-17,3.365
2010-02-18,3.335
2010-02-19,3.405
2010-02-22,3.515
2010-02-23,3.48
2010-02-24,3.545
2010-02-25,3.515
2010-02-26,3.585
2010-03-01,3.54
2010-03-02,3.515
2010-03-03,3.565
2010-03-04,3.525
2010-03-05,3.445
2010-03-08,3.445
2010-03-09,3.385
2010-03-10,3.36
2010-03-11,3.355
2010-03-12,3.355
2010-03-15,3.345
2010-03-16,3.395
2010-03-17,3.445
2010-03-18,3.47
2010-03-19,3.46
2010-03-22,3.435
2010-03-23,3.35
2010-03-24,3.38
2010-03-25,3.28
2010-03-26,3.32
2010-03-29,3.335
2010-03-30,3.305
2010-03-31,3.215
2010-04-01,3.215
2010-04-05,3.23
2010-04-06,3.235
2010-04-07,3.34
2010-04-08,3.27
2010-04-09,3.27
2010-04-12,3.295
2010-04-13,3.35
2010-04-14,3.4
2010-04-15,3.45
2010-04-16,3.46
2010-04-19,3.315
2010-04-20,3.4
2010-04-21,3.45
2010-04-22,3.47
2010-04-23,3.38
2010-04-26,3.365
2010-04-27,3.31
2010-04-28,3.41
2010-04-29,3.445
2010-04-30,3.505
2010-05-03,3.47
2010-05-04,3.465
2010-05-05,3.5
2010-05-06,3.46
2010-05-07,3.48
2010-05-10,3.46
2010-05-11,3.515
2010-05-12,3.53
2010-05-13,3.48
2010-05-14,3.38
2010-05-17,3.3
2010-05-18,3.335
2010-05-19,3.33
2010-05-20,3.36
2010-05-21,3.43
2010-05-24,3.445
2010-05-25,3.38
2010-05-26,3.455
2010-05-27,3.48
2010-05-28,3.345
2010-06-01,3.295
2010-06-02,3.24
2010-06-03,3.25
2010-06-04,3.18
2010-06-07,3.15
2010-06-08,3.16
2010-06-09,3.17
2010-06-10,3.225
2010-06-11,3.28
2010-06-14,3.315
2010-06-15,3.315
2010-06-16,3.335
2010-06-17,3.34
2010-06-18,3.38
2010-06-21,3.32
2010-06-22,3.29
2010-06-23,3.24
2010-06-24,3.22
2010-06-25,3.19
2010-06-28,3.12
2010-06-29,3.025
2010-06-30,3.32
2010-07-01,3.42
2010-07-02,3.415
2010-07-06,3.375
2010-07-07,3.475
2010-07-08,3.545
2010-07-09,3.53
2010-07-12,3.495
2010-07-13,3.485
2010-07-14,3.555
2010-07-15,3.64
2010-07-16,3.66
2010-07-19,3.53
2010-07-20,3.45
2010-07-21,3.515
2010-07-22,3.485
2010-07-23,3.42
2010-07-26,3.35
2010-07-27,3.345
2010-07-28,3.475
2010-07-29,3.505
2010-07-30,3.65
2010-08-02,3.63
2010-08-03,3.615
2010-08-04,3.72
2010-08-05,3.69
2010-08-06,3.71
2010-08-09,3.695
2010-08-10,3.605
2010-08-11,3.63
2010-08-12,3.73
2010-08-13,3.79
2010-08-16,3.755
2010-08-17,3.81
2010-08-18,3.835
2010-08-19,3.825
2010-08-20,3.89
2010-08-23,3.855
2010-08-24,3.74
2010-08-25,3.74
2010-08-26,3.86
2010-08-27,3.92
2010-08-30,3.96
2010-08-31,3.935
2010-09-01,3.935
2010-09-02,4.025
2010-09-03,4.2
2010-09-07,4.25
2010-09-08,4.195
2010-09-09,4.3
2010-09-10,4.38
2010-09-13,4.42
2010-09-14,4.52
2010-09-15,4.55
2010-09-16,4.565
2010-09-17,4.565
2010-09-20,4.705
2010-09-21,4.675
2010-09-22,4.695
2010-09-23,4.65
2010-09-24,4.89
2010-09-27,4.8
2010-09-28,4.68
2010-09-29,4.75
2010-09-30,4.705
2010-10-01,4.405
2010-10-04,4.48
2010-10-05,4.675
2010-10-06,4.62
2010-10-07,4.71
2010-10-08,4.965
2010-10-11,5.245
2010-10-12,5.475
2010-10-13,5.415
2010-10-14,5.395
2010-10-15,5.355
2010-10-18,5.295
2010-10-19,5.17
2010-10-20,5.455
2010-10-21,5.39
2010-10-22,5.335
2010-10-25,5.415
2010-10-26,5.475
2010-10-27,5.54
2010-10-28,5.57
2010-10-29,5.61
2010-11-01,5.56
2010-11-02,5.55
2010-11-03,5.6
2010-11-04,5.695
2010-11-05,5.675
2010-11-08,5.65
2010-11-09,5.55
2010-11-10,5.45
2010-11-11,5.42
2010-11-12,5.12
2010-11-15,5.33
2010-11-16,5.055
2010-11-17,5.05
2010-11-18,5.225
2010-11-19,5.02
2010-11-22,4.975
2010-11-23,5.105
2010-11-24,5.215
2010-11-26,5.215
2010-11-29,5.245
2010-11-30,5.155
2010-12-01,5.39
2010-12-02,5.31
2010-12-03,5.48
2010-12-06,5.41
2010-12-07,5.3
2010-12-08,5.48
2010-12-09,5.47
2010-12-10,5.47
2010-12-13,5.65
2010-12-14,5.645
2010-12-15,5.615
2010-12-16,5.65
2010-12-17,5.74
2010-12-20,5.77
2010-12-21,5.8
2010-12-22,5.845
2010-12-23,5.845
2010-12-27,5.895
2010-12-28,5.975
2010-12-29,5.985
2010-12-30,5.905
2010-12-31,5.905
2011-01-03,5.975
2011-01-04,5.855
2011-01-05,5.95
2011-01-06,5.775
2011-01-07,5.715
2011-01-10,5.835
2011-01-11,5.835
2011-01-12,6.065
2011-01-13,6.18
2011-01-14,6.295
2011-01-18,6.33
2011-01-19,6.125
2011-01-20,6.255
2011-01-21,6.295
2011-01-24,6.275
2011-01-25,6.165
2011-01-26,6.31
2011-01-27,6.25
2011-01-28,6.18
2011-01-31,6.345
2011-02-01,6.345
2011-02-02,6.345
2011-02-03,6.36
2011-02-04,6.545
2011-02-07,6.5
2011-02-08,6.52
2011-02-09,6.73
2011-02-10,6.745
2011-02-11,6.825
2011-02-14,6.73
2011-02-15,6.65
2011-02-16,6.68
2011-02-17,6.89
2011-02-18,6.77
2011-02-22,6.525
2011-02-23,6.66
2011-02-24,6.625
2011-02-25,6.885
2011-02-28,7.05
2011-03-01,7.045
2011-03-02,6.94
2011-03-03,7.08
2011-03-04,6.975
2011-03-07,6.875
2011-03-08,6.755
2011-03-09,6.71
2011-03-10,6.53
2011-03-11,6.34
2011-03-14,6.36
2011-03-15,6.0
2011-03-16,5.865
2011-03-17,6.185
2011-03-18,6.545
2011-03-21,6.575
2011-03-22,6.605
2011-03-23,6.555
2011-03-24,6.775
2011-03-25,6.655
2011-03-28,6.485
2011-03-29,6.505
2011-03-30,6.505
2011-03-31,6.73
2011-04-01,7.145
2011-04-04,7.385
2011-04-05,7.465
2011-04-06,7.425
2011-04-07,7.385
2011-04-08,7.475
2011-04-11,7.565
2011-04-12,7.36
2011-04-13,7.35
2011-04-14,7.325
2011-04-15,7.21
2011-04-18,7.335
2011-04-19,7.295
2011-04-20,7.155
2011-04-21,7.175
2011-04-25,7.44
2011-04-26,7.475
2011-04-27,7.33
2011-04-28,7.365
2011-04-29,7.35
2011-05-02,7.11
2011-05-03,7.01
2011-05-04,7.075
2011-05-05,6.86
2011-05-06,6.635
2011-05-09,6.865
2011-05-10,6.865
2011-05-11,6.605
2011-05-12,6.645
2011-05-13,6.665
2011-05-16,6.81
2011-05-17,7.05
2011-05-18,7.35
2011-05-19,7.37
2011-05-20,7.485
2011-05-23,7.435
2011-05-24,7.225
2011-05-25,7.345
2011-05-26,7.38
2011-05-27,7.515
2011-05-31,7.415
2011-06-01,7.53
2011-06-02,7.605
2011-06-03,7.48
2011-06-06,7.255
2011-06-07,7.305
2011-06-08,7.585
2011-06-09,7.779
2011-06-10,7.81
2011-06-13,7.775
2011-06-14,7.495
2011-06-15,7.2
2011-06-16,6.975
2011-06-17,6.96
2011-06-20,6.985
2011-06-21,7.065
2011-06-22,6.755
2011-06-23,6.785
2011-06-24,6.68
2011-06-27,6.895
2011-06-28,6.81
2011-06-29,6.695
2011-06-30,6.615
2011-07-01,6.25
2011-07-05,6.445
2011-07-06,6.42
2011-07-07,6.48
2011-07-08,6.665
2011-07-11,6.675
2011-07-12,6.695
2011-07-13,7.13
2011-07-14,7.175
2011-07-15,7.295
2011-07-18,7.25
2011-07-19,7.315
2011-07-20,7.165
2011-07-21,7.17
2011-07-22,7.24
2011-07-25,7.13
2011-07-26,7.24
2011-07-27,7.22
2011-07-28,7.115
2011-07-29,6.95
2011-08-01,7.065
2011-08-02,7.33
2011-08-03,7.285
2011-08-04,7.205
2011-08-05,7.17
2011-08-08,6.945
2011-08-09,7.01
2011-08-10,7.02
2011-08-11,7.21
2011-08-12,7.205
2011-08-15,7.24
2011-08-16,7.29
2011-08-17,7.3
2011-08-18,7.225
2011-08-19,7.245
2011-08-22,7.355
2011-08-23,7.45
2011-08-24,7.42
2011-08-25,7.42
2011-08-26,7.625
2011-08-29,7.63
2011-08-30,7.655
2011-08-31,7.585
2011-09-01,7.265
2011-09-02,7.455
2011-09-06,7.405
2011-09-07,7.34
2011-09-08,7.19
2011-09-09,7.205
2011-09-12,7.3
2011-09-13,7.075
2011-09-14,7.08
2011-09-15,6.84
2011-09-16,6.745
2011-09-19,6.6725
2011-09-20,6.675
2011-09-21,6.665
2011-09-22,6.32
2011-09-23,6.2
2011-09-26,6.28
2011-09-27,6.345
2011-09-28,6.135
2011-09-29,6.17
2011-09-30,5.755
2011-10-03,5.755
2011-10-04,5.74
2011-10-05,5.915
2011-10-06,5.945
2011-10-07,5.9
2011-10-10,5.95
2011-10-11,6.345
2011-10-12,6.305
2011-10-13,6.28
2011-10-14,6.31
2011-10-17,6.32
2011-10-18,6.365
2011-10-19,6.61
2011-10-20,6.425
2011-10-21,6.495
2011-10-24,6.45
2011-10-25,6.445
2011-10-26,6.305
2011-10-27,6.45
2011-10-28,6.49
2011-10-31,6.41
2011-11-01,6.455
2011-11-02,6.39
2011-11-03,6.48
2011-11-04,6.505
2011-11-07,6.485
2011-11-08,6.585
2011-11-09,6.545
2011-11-10,6.44
2011-11-11,6.37
2011-11-14,6.335
2011-11-15,6.455
2011-11-16,6.425
2011-11-17,6.14
2011-11-18,6.09
2011-11-21,5.955
2011-11-22,5.965
2011-11-23,5.85
2011-11-25,5.85
2011-11-28,5.865
2011-11-29,5.93
2011-11-30,5.96
2011-12-01,5.91
2011-12-02,5.84
2011-12-05,5.795
2011-12-06,5.84
2011-12-07,5.8
2011-12-08,5.905
2011-12-09,5.845
2011-12-12,5.855
2011-12-13,5.86
2011-12-14,5.72
2011-12-15,5.795
2011-12-16,5.755
2011-12-19,5.925
2011-12-20,5.975
2011-12-21,6.06
2011-12-22,6.075
2011-12-23,6.085
2011-12-27,6.235
2011-12-28,6.3625
2011-12-29,6.28
2011-12-30,6.465
2012-01-03,6.48
2012-01-04,6.485
2012-01-05,6.335
2012-01-06,6.335
2012-01-09,6.42
2012-01-10,6.425
2012-01-11,6.42
2012-01-12,6.02
2012-01-13,5.9
2012-01-17,5.945
2012-01-18,5.86
2012-01-19,6.03
2012-01-20,6.095
2012-01-23,6.18
2012-01-24,6.29
2012-01-25,6.335
2012-01-26,6.345
2012-01-27,6.495
2012-01-30,6.32
2012-01-31,6.4
2012-02-01,6.41
2012-02-02,6.425
2012-02-03,6.435
2012-02-06,6.44
2012-02-07,6.42
2012-02-08,6.425
2012-02-09,6.675
2012-02-10,6.32
2012-02-13,6.4
2012-02-14,6.365
2012-02-15,6.27
2012-02-16,6.335
2012-02-17,6.425
2012-02-21,6.31
2012-02-22,6.38
2012-02-23,6.395
2012-02-24,6.395
2012-02-27,6.48
2012-02-28,6.57
2012-02-29,6.585
2012-03-01,6.535
2012-03-02,6.545
2012-03-05,6.695
2012-03-06,6.545
2012-03-07,6.395
2012-03-08,6.36
2012-03-09,6.455
2012-03-12,6.595
2012-03-13,6.615
2012-03-14,6.59
2012-03-15,6.65
2012-03-16,6.695
2012-03-19,6.605
2012-03-20,6.445
2012-03-21,6.39
2012-03-22,6.42
2012-03-23,6.44
2012-03-26,6.355
2012-03-27,6.28
2012-03-28,6.175
2012-03-29,6.015
2012-03-30,6.43
2012-04-02,6.55
2012-04-03,6.57
2012-04-04,6.565
2012-04-05,6.585
2012-04-09,6.505
2012-04-10,6.365
2012-04-11,6.375
2012-04-12,6.38
2012-04-13,6.29
2012-04-16,6.255
2012-04-17,6.17
2012-04-18,6.03
2012-04-19,6.215
2012-04-20,6.135
2012-04-23,6.24
2012-04-24,6.195
2012-04-25,6.13
2012-04-26,6.22
2012-04-27,6.43
2012-04-30,6.525
2012-05-01,6.475
2012-05-02,6.295
2012-05-03,6.365
2012-05-04,6.465
2012-05-07,6.465
2012-05-08,6.555
2012-05-09,6.36
2012-05-10,6.16
2012-05-11,6.08
2012-05-14,6.1
2012-05-15,6.235
2012-05-16,6.48
2012-05-17,6.545
2012-05-18,6.645
2012-05-21,6.61
2012-05-22,6.26
2012-05-23,6.295
2012-05-24,6.055
2012-05-25,6.04
2012-05-29,5.88
2012-05-30,5.85
2012-05-31,5.82
2012-06-01,5.795
2012-06-04,5.92
2012-06-05,5.93
2012-06-06,6.135
2012-06-07,6.215
2012-06-08,6.275
2012-06-11,6.215
2012-06-12,6.14
2012-06-13,6.225
2012-06-14,6.14
2012-06-15,6.175
2012-06-18,6.39
2012-06-19,6.52
2012-06-20,6.46
2012-06-21,6.09
2012-06-22,6.15
2012-06-25,6.54
2012-06-26,6.665
2012-06-27,6.69
2012-06-28,6.67
2012-06-29,6.675
2012-07-02,6.925
2012-07-03,7.135
2012-07-05,7.48
2012-07-06,7.34
2012-07-09,7.7
2012-07-10,7.525
2012-07-11,7.365
2012-07-12,7.62
2012-07-13,7.685
2012-07-16,8.03
2012-07-17,8.04
2012-07-18,8.18
2012-07-19,8.29
2012-07-20,8.395
2012-07-23,8.31
2012-07-24,8.075
2012-07-25,8.11
2012-07-26,7.95
2012-07-27,8.12
2012-07-30,8.35
2012-07-31,8.18
2012-08-01,8.13
2012-08-02,8.03
2012-08-03,8.15
2012-08-06,8.085
2012-08-07,8.025
2012-08-08,8.175
2012-08-09,8.245
2012-08-10,8.065
2012-08-13,7.91
2012-08-14,7.915
2012-08-15,8.06
2012-08-16,8.115
2012-08-17,8.13
2012-08-20,8.295
2012-08-21,8.49
2012-08-22,8.48
2012-08-23,8.27
2012-08-24,8.215
2012-08-27,8.12
2012-08-28,8.09
2012-08-29,8.27
2012-08-30,8.18
2012-08-31,8.085
2012-09-04,8.15
2012-09-05,7.995
2012-09-06,8.035
2012-09-07,8.07
2012-09-10,7.905
2012-09-11,7.87
2012-09-12,7.785
2012-09-13,7.81
2012-09-14,7.895
2012-09-17,7.545
2012-09-18,7.465
2012-09-19,7.63
2012-09-20,7.52
2012-09-21,7.525
2012-09-24,7.4825
2012-09-25,7.475
2012-09-26,7.27
2012-09-27,7.185
2012-09-28,7.58
2012-10-01,7.585
2012-10-02,7.58
2012-10-03,7.555
2012-10-04,7.55
2012-10-05,7.46
2012-10-08,7.36
2012-10-09,7.36
2012-10-10,7.31
2012-10-11,7.69
2012-10-12,7.485
2012-10-15,7.335
2012-10-16,7.36
2012-10-17,7.43
2012-10-18,7.58
2012-10-19,7.61
2012-10-22,7.59
2012-10-23,7.55
2012-10-24,7.535
2012-10-25,7.4
2012-10-26,7.35
2012-10-29,7.35
2012-10-30,7.395
2012-10-31,7.54
2012-11-01,7.515
2012-11-02,7.375
2012-11-05,7.35
2012-11-06,7.39
2012-11-07,7.425
2012-11-08,7.395
2012-11-09,7.375
2012-11-12,7.17
2012-11-13,7.22
2012-11-14,7.24
2012-11-15,7.2
2012-11-16,7.26
2012-11-19,7.375
2012-11-20,7.42
2012-11-21,7.395
2012-11-23,7.395
2012-11-26,7.455
2012-11-27,7.61
2012-11-28,7.615
2012-11-29,7.55
2012-11-30,7.49
2012-12-03,7.52
2012-12-04,7.505
2012-12-05,7.57
2012-12-06,7.52
2012-12-07,7.355
2012-12-10,7.305
2012-12-11,7.285
2012-12-12,7.24
2012-12-13,7.215
2012-12-14,7.31
2012-12-17,7.25
2012-12-18,7.2
2012-12-19,7.03
2012-12-20,6.965
2012-12-21,7.02
2012-12-24,7.02
2012-12-26,6.93
2012-12-27,6.925
2012-12-28,6.945
2012-12-31,6.945
2013-01-02,6.925
2013-01-03,6.87
2013-01-04,6.825
2013-01-07,6.85
2013-01-08,6.89
2013-01-09,6.96
2013-01-10,6.99
2013-01-11,7.09
2013-01-14,7.245
2013-01-15,7.31
2013-01-16,7.33
2013-01-17,7.27
2013-01-18,7.3
2013-01-22,7.33
2013-01-23,7.23
2013-01-24,7.28
2013-01-25,7.25
2013-01-28,7.33
2013-01-29,7.355
2013-01-30,7.46
2013-01-31,7.48
2013-02-01,7.43
2013-02-04,7.425
2013-02-05,7.375
2013-02-06,7.32
2013-02-07,7.205
2013-02-08,7.19
2013-02-11,7.2825
2013-02-12,7.2225
2013-02-13,7.205
2013-02-14,7.035
2013-02-15,7.06
2013-02-19,7.035
2013-02-20,7.1
2013-02-21,7.0
2013-02-22,7.005
2013-02-25,7.04
2013-02-26,7.125
2013-02-27,7.135
2013-02-28,7.215
2013-03-01,7.275
2013-03-04,7.225
2013-03-05,7.2575
2013-03-06,7.065
2013-03-07,7.1
2013-03-08,7.22
2013-03-11,7.285
2013-03-12,7.33
2013-03-13,7.285
2013-03-14,7.345
2013-03-15,7.335
2013-03-18,7.365
2013-03-19,7.475
2013-03-20,7.515
2013-03-21,7.5
2013-03-22,7.405
2013-03-25,7.475
2013-03-26,7.455
2013-03-27,7.49
2013-03-28,7.09
2013-04-01,6.57
2013-04-02,6.56
2013-04-03,6.565
2013-04-04,6.455
2013-04-05,6.445
2013-04-08,6.475
2013-04-09,6.58
2013-04-10,6.62
2013-04-11,6.615
2013-04-12,6.67
2013-04-15,6.565
2013-04-16,6.71
2013-04-17,6.685
2013-04-18,6.505
2013-04-19,6.555
2013-04-22,6.495
2013-04-23,6.415
2013-04-24,6.435
2013-04-25,6.495
2013-04-26,6.475
2013-04-29,6.85
2013-04-30,6.75
2013-05-01,6.735
2013-05-02,6.875
2013-05-03,6.885
2013-05-06,6.645
2013-05-07,6.695
2013-05-08,6.62
2013-05-09,6.795
2013-05-10,6.655
2013-05-13,6.845
2013-05-14,6.84
2013-05-15,6.83
2013-05-16,6.73
2013-05-17,6.855
2013-05-20,6.83
2013-05-21,6.725
2013-05-22,6.91
2013-05-23,6.955
2013-05-24,6.89
2013-05-28,7.02
2013-05-29,6.99
2013-05-30,6.89
2013-05-31,6.95
2013-06-03,6.88
2013-06-04,6.935
2013-06-05,6.935
2013-06-06,6.94
2013-06-07,6.965
2013-06-10,6.81
2013-06-11,6.905
2013-06-12,6.835
2013-06-13,6.745
2013-06-14,6.86
2013-06-17,6.995
2013-06-18,7.065
2013-06-19,7.175
2013-06-20,7.09
2013-06-21,6.965
2013-06-24,6.885
2013-06-25,6.91
2013-06-26,7.005
2013-06-27,7.0
2013-06-28,6.975
2013-07-01,6.57
2013-07-02,6.755
2013-07-03,6.765
2013-07-05,6.705
2013-07-08,6.835
2013-07-09,6.93
2013-07-10,7.02
2013-07-11,7.06
2013-07-12,6.83
2013-07-15,6.73
2013-07-16,6.76
2013-07-17,6.765
2013-07-18,6.765
2013-07-19,6.82
2013-07-22,6.83
2013-07-23,6.645
2013-07-24,6.47
2013-07-25,6.12
2013-07-26,5.95
2013-07-29,5.91
2013-07-30,5.96
2013-07-31,6.045
2013-08-01,5.97
2013-08-02,5.815
2013-08-05,5.745
2013-08-06,5.775
2013-08-07,5.78
2013-08-08,5.855
2013-08-09,5.81
2013-08-12,5.885
2013-08-13,5.74
2013-08-14,5.835
2013-08-15,6.035
2013-08-16,5.945
2013-08-19,6.205
2013-08-20,6.105
2013-08-21,6.265
2013-08-22,6.225
2013-08-23,6.305
2013-08-26,6.305
2013-08-27,6.1
2013-08-28,6.09
2013-08-29,5.985
2013-08-30,5.88
2013-09-03,5.745
2013-09-04,5.67
2013-09-05,5.46
2013-09-06,5.465
2013-09-09,5.01
2013-09-10,5.045
2013-09-11,5.04
2013-09-12,4.945
2013-09-13,4.695
2013-09-16,4.6
2013-09-17,4.52
2013-09-18,4.44
2013-09-19,4.5
2013-09-20,4.445
2013-09-23,4.4
2013-09-24,4.355
2013-09-25,4.375
2013-09-26,4.37
2013-09-27,4.34
2013-09-30,4.19
2013-10-01,4.19
2013-10-02,4.19
2013-10-03,4.19
2013-10-04,4.19
2013-10-07,4.19
2013-10-08,4.19
2013-10-09,4.19
2013-10-10,4.19
2013-10-11,4.19
2013-10-14,4.19
2013-10-15,4.19
2013-10-16,4.19
2013-10-17,4.23
2013-10-18,4.21
2013-10-21,4.23
2013-10-22,4.17
2013-10-23,4.285
2013-10-24,4.245
2013-10-25,4.2
2013-10-28,4.18
2013-10-29,4.19
2013-10-30,4.17
2013-10-31,4.15
2013-11-01,4.135
2013-11-04,4.12
2013-11-05,4.105
2013-11-06,4.06
2013-11-07,4.05
2013-11-08,4.145
2013-11-11,4.205
2013-11-12,4.185
2013-11-13,4.165
2013-11-14,4.135
2013-11-15,4.085
2013-11-18,3.985
2013-11-19,4.045
2013-11-20,4.035
2013-11-21,4.115
2013-11-22,4.105
2013-11-25,4.13
2013-11-26,4.09
2013-11-27,4.09
2013-11-29,4.09
2013-12-02,4.065
2013-12-03,4.11
2013-12-04,4.165
2013-12-05,4.165
2013-12-06,4.15
2013-12-09,4.195
2013-12-10,4.175
2013-12-11,4.2
2013-12-12,4.165
2013-12-13,4.05
2013-12-16,4.035
2013-12-17,4.075
2013-12-18,4.09
2013-12-19,4.135
2013-12-20,4.135
2013-12-23,4.195
2013-12-24,4.2
2013-12-26,4.09
2013-12-27,4.105
2013-12-30,4.065
2013-12-31,4.055
2014-01-02,4.06
2014-01-03,4.105
2014-01-06,4.105
2014-01-07,4.105
2014-01-08,4.05
2014-01-09,3.98
2014-01-10,4.175
2014-01-13,4.195
2014-01-14,4.165
2014-01-15,4.105
2014-01-16,4.125
2014-01-17,4.085
2014-01-21,4.095
2014-01-22,4.105
2014-01-23,4.135
2014-01-24,4.175
2014-01-27,4.165
2014-01-28,4.165
2014-01-29,4.125
2014-01-30,4.195
2014-01-31,4.195
2014-02-03,4.215
2014-02-04,4.31
2014-02-05,4.315
2014-02-06,4.29
2014-02-07,4.295
2014-02-10,4.285
2014-02-11,4.275
2014-02-12,4.26
2014-02-13,4.265
2014-02-14,4.23
2014-02-18,4.35
2014-02-19,4.39
2014-02-20,4.41
2014-02-21,4.38
2014-02-24,4.365
2014-02-25,4.405
2014-02-26,4.405
2014-02-27,4.33
2014-02-28,4.44
2014-03-03,4.5
2014-03-04,4.61
2014-03-05,4.59
2014-03-06,4.68
2014-03-07,4.64
2014-03-10,4.57
2014-03-11,4.602
2014-03-12,4.66
2014-03-13,4.625
2014-03-14,4.64
2014-03-17,4.575
2014-03-18,4.64
2014-03-19,4.65
2014-03-20,4.57
2014-03-21,4.575
2014-03-24,4.68
2014-03-25,4.675
2014-03-26,4.655
2014-03-27,4.725
2014-03-28,4.725
2014-03-31,4.825
2014-04-01,4.89
2014-04-02,4.765
2014-04-03,4.81
2014-04-04,4.825
2014-04-07,4.8
2014-04-08,4.88
2014-04-09,4.83
2014-04-10,4.82
2014-04-11,4.795
2014-04-14,4.835
2014-04-15,4.845
2014-04-16,4.785
2014-04-17,4.76
2014-04-21,4.695
2014-04-22,4.775
2014-04-23,4.86
2014-04-24,4.84
2014-04-25,4.885
2014-04-28,4.915
2014-04-29,4.985
2014-04-30,4.965
2014-05-01,4.855
2014-05-02,4.78
2014-05-05,4.86
2014-05-06,4.96
2014-05-07,4.955
2014-05-08,4.97
2014-05-09,4.88
2014-05-12,4.8
2014-05-13,4.845
2014-05-14,4.775
2014-05-15,4.66
2014-05-16,4.655
2014-05-19,4.595
2014-05-20,4.575
2014-05-21,4.565
2014-05-22,4.59
2014-05-23,4.6
2014-05-27,4.535
2014-05-28,4.57
2014-05-29,4.55
2014-05-30,4.52
2014-06-02,4.52
2014-06-03,4.46
2014-06-04,4.44
2014-06-05,4.375
2014-06-06,4.47
2014-06-09,4.415
2014-06-10,4.365
2014-06-11,4.32
2014-06-12,4.35
2014-06-13,4.38
2014-06-16,4.33
2014-06-17,4.31
2014-06-18,4.335
2014-06-19,4.425
2014-06-20,4.455
2014-06-23,4.37
2014-06-24,4.35
2014-06-25,4.335
2014-06-26,4.355
2014-06-27,4.36
2014-06-30,4.13
2014-07-01,4.08
2014-07-02,4.06
2014-07-03,4.02
2014-07-07,3.925
2014-07-08,3.915
2014-07-09,3.845
2014-07-10,3.795
2014-07-11,3.73
2014-07-14,3.73
2014-07-15,3.695
2014-07-16,3.725
2014-07-17,3.735
2014-07-18,3.655
2014-07-21,3.625
2014-07-22,3.57
2014-07-23,3.625
2014-07-24,3.585
2014-07-25,3.58
2014-07-28,3.63
2014-07-29,3.58
2014-07-30,3.52
2014-07-31,3.535
2014-08-01,3.46
2014-08-04,3.525
2014-08-05,3.525
2014-08-06,3.595
2014-08-07,3.57
2014-08-08,3.495
2014-08-11,3.545
2014-08-12,3.56
2014-08-13,3.555
2014-08-14,3.595
2014-08-15,3.635
2014-08-18,3.585
2014-08-19,3.65
2014-08-20,3.63
2014-08-21,3.655
2014-08-22,3.69
2014-08-25,3.63
2014-08-26,3.595
2014-08-27,3.595
2014-08-28,3.68
2014-08-29,3.62
2014-09-02,3.56
2014-09-03,3.495
2014-09-04,3.41
2014-09-05,3.43
2014-09-08,3.34
2014-09-09,3.325
2014-09-10,3.305
2014-09-11,3.26
2014-09-12,3.235
2014-09-15,3.2
2014-09-16,3.19
2014-09-17,3.175
2014-09-18,3.07
2014-09-19,3.03
2014-09-22,2.995
2014-09-23,2.905
2014-09-24,2.935
2014-09-25,2.91
2014-09-26,2.85
2014-09-29,2.865
2014-09-30,2.82
2014-10-01,2.79
2014-10-02,2.81
2014-10-03,2.805
2014-10-06,2.88
2014-10-07,2.98
2014-10-08,3.005
2014-10-09,3.03
2014-10-10,2.94
2014-10-13,2.94
2014-10-14,3.14
2014-10-15,3.08
2014-10-16,3.135
2014-10-17,3.09
2014-10-20,3.09
2014-10-21,3.16
2014-10-22,3.145
2014-10-23,3.2
2014-10-24,3.14
2014-10-27,3.23
2014-10-28,3.265
2014-10-29,3.33
2014-10-30,3.325
2014-10-31,3.395
2014-11-03,3.375
2014-11-04,3.28
2014-11-05,3.37
2014-11-06,3.38
2014-11-07,3.385
2014-11-10,3.4
2014-11-11,3.4
2014-11-12,3.485
2014-11-13,3.56
2014-11-14,3.53
2014-11-17,3.515
2014-11-18,3.465
2014-11-19,3.38
2014-11-20,3.46
2014-11-21,3.49
2014-11-24,3.44
2014-11-25,3.5
2014-11-26,3.555
2014-11-28,3.555
2014-12-01,3.555
2014-12-02,3.525
2014-12-03,3.545
2014-12-04,3.625
2014-12-05,3.675
2014-12-08,3.635
2014-12-09,3.675
2014-12-10,3.68
2014-12-11,3.73
2014-12-12,3.775
2014-12-15,3.825
2014-12-16,3.795
2014-12-17,3.815
2014-12-18,3.845
2014-12-19,3.845
2014-12-22,3.855
2014-12-23,3.875
2014-12-24,3.825
2014-12-26,3.905
2014-12-29,3.88
2014-12-30,3.82
2014-12-31,3.72
2015-01-02,3.705
2015-01-05,3.81
2015-01-06,3.8
2015-01-07,3.71
2015-01-08,3.685
2015-01-09,3.745
2015-01-12,3.8
2015-01-13,3.645
2015-01-14,3.595
2015-01-15,3.615
2015-01-16,3.665
2015-01-20,3.71
2015-01-21,3.7
2015-01-22,3.655
2015-01-23,3.685
2015-01-26,3.655
2015-01-27,3.625
2015-01-28,3.545
2015-01-29,3.53
2015-01-30,3.505
2015-02-02,3.515
2015-02-03,3.66
2015-02-04,3.64
2015-02-05,3.65
2015-02-06,3.66
2015-02-09,3.71
2015-02-10,3.68
2015-02-11,3.67
2015-02-12,3.64
2015-02-13,3.64
2015-02-17,3.71
2015-02-18,3.65
2015-02-19,3.725
2015-02-20,3.675
2015-02-23,3.615
2015-02-24,3.605
2015-02-25,3.585
2015-02-26,3.625
2015-02-27,3.675
2015-03-02,3.645
2015-03-03,3.675
2015-03-04,3.665
2015-03-05,3.675
2015-03-06,3.65
2015-03-09,3.655
2015-03-10,3.645
2015-03-11,3.675
2015-03-12,3.665
2015-03-13,3.585
2015-03-16,3.59
2015-03-17,3.51
2015-03-18,3.55
2015-03-19,3.54
2015-03-20,3.68
2015-03-23,3.74
2015-03-24,3.77
2015-03-25,3.795
2015-03-26,3.755
2015-03-27,3.755
2015-03-30,3.79
2015-03-31,3.575
2015-04-01,3.645
2015-04-02,3.7
2015-04-06,3.68
2015-04-07,3.66
2015-04-08,3.62
2015-04-09,3.61
2015-04-10,3.6
2015-04-13,3.55
2015-04-14,3.58
2015-04-15,3.6
2015-04-16,3.6
2015-04-17,3.64
2015-04-20,3.65
2015-04-21,3.6
2015-04-22,3.6
2015-04-23,3.58
2015-04-24,3.52
2015-04-27,3.48
2015-04-28,3.48
2015-04-29,3.555
2015-04-30,3.5
2015-05-01,3.47
2015-05-04,3.485
2015-05-05,3.505
2015-05-06,3.555
2015-05-07,3.5
2015-05-08,3.525
2015-05-11,3.5
2015-05-12,3.505
2015-05-13,3.52
2015-05-14,3.56
2015-05-15,3.555
2015-05-18,3.575
2015-05-19,3.495
2015-05-20,3.475
2015-05-21,3.525
2015-05-22,3.475
2015-05-26,3.425
2015-05-27,3.495
2015-05-28,3.535
2015-05-29,3.515
2015-06-01,3.5225
2015-06-02,3.59
2015-06-03,3.59
2015-06-04,3.635
2015-06-05,3.605
2015-06-08,3.6525
2015-06-09,3.65
2015-06-10,3.5725
2015-06-11,3.63
2015-06-12,3.5875
2015-06-15,3.5275
2015-06-16,3.5975
2015-06-17,3.6525
2015-06-18,3.635
2015-06-19,3.5875
2015-06-22,3.6425
2015-06-23,3.72
2015-06-24,3.715
2015-06-25,3.8275
2015-06-26,3.925
2015-06-29,3.92
2015-06-30,4.22
2015-07-01,4.225
2015-07-02,4.285
2015-07-06,4.265
2015-07-07,4.2325
2015-07-08,4.245
2015-07-09,4.2875
2015-07-10,4.3475
2015-07-13,4.5175
2015-07-14,4.3875
2015-07-15,4.4025
2015-07-16,4.41
2015-07-17,4.3125
2015-07-20,4.16
2015-07-21,4.175
2015-07-22,4.135
2015-07-23,4.1375
2015-07-24,4.0275
2015-07-27,3.835
2015-07-28,3.855
2015-07-29,3.7825
2015-07-30,3.8375
2015-07-31,3.8125
2015-08-03,3.765
2015-08-04,3.7875
2015-08-05,3.8325
2015-08-06,3.805
2015-08-07,3.8375
2015-08-10,4.01
2015-08-11,3.875
2015-08-12,3.68
2015-08-13,3.7525
2015-08-14,3.755
2015-08-17,3.745
2015-08-18,3.7725
2015-08-19,3.785
2015-08-20,3.825
2015-08-21,3.7725
2015-08-24,3.805
2015-08-25,3.77
2015-08-26,3.7325
2015-08-27,3.75
2015-08-28,3.75
2015-08-31,3.7525
2015-09-01,3.69
2015-09-02,3.675
2015-09-03,3.615
2015-09-04,3.63
2015-09-08,3.6825
2015-09-09,3.69
2015-09-10,3.7425
2015-09-11,3.87
2015-09-14,3.935
2015-09-15,3.905
2015-09-16,3.86
2015-09-17,3.7975
2015-09-18,3.7725
2015-09-21,3.845
2015-09-22,3.805
2015-09-23,3.8325
2015-09-24,3.815
2015-09-25,3.89
2015-09-28,3.8675
2015-09-29,3.89
2015-09-30,3.8775
2015-10-01,3.8875
2015-10-02,3.8925
2015-10-05,3.935
2015-10-06,3.9825
2015-10-07,3.9575
2015-10-08,3.9125
2015-10-09,3.8275
2015-10-12,3.8075
2015-10-13,3.845
2015-10-14,3.79
2015-10-15,3.755
2015-10-16,3.7675
2015-10-19,3.73
2015-10-20,3.7675
2015-10-21,3.8075
2015-10-22,3.7825
2015-10-23,3.7975
2015-10-26,3.845
2015-10-27,3.8
2015-10-28,3.76
2015-10-29,3.8
2015-10-30,3.8225
2015-11-02,3.765
2015-11-03,3.805
2015-11-04,3.805
2015-11-05,3.745
2015-11-06,3.73
2015-11-09,3.6675
2015-11-10,3.59
2015-11-11,3.7
2015-11-12,3.695
2015-11-13,3.655
2015-11-16,3.6675
2015-11-17,3.68
2015-11-18,3.6825
2015-11-19,3.7025
2015-11-20,3.6975
2015-11-23,3.73
2015-11-24,3.695
2015-11-25,3.7275
2015-11-27,3.6725
2015-11-30,3.7225
2015-12-01,3.7375
2015-12-02,3.7025
2015-12-03,3.77
2015-12-04,3.815
2015-12-07,3.73
2015-12-08,3.735
2015-12-09,3.7375
2015-12-10,3.7925
2015-12-11,3.7525
2015-12-14,3.79
2015-12-15,3.7725
2015-12-16,3.6975
2015-12-17,3.7425
2015-12-18,3.745
2015-12-21,3.72
2015-12-22,3.6625
2015-12-23,3.655
2015-12-24,3.645
2015-12-28,3.61
2015-12-29,3.625
2015-12-30,3.59
2015-12-31,3.5875
2016-01-04,3.515
2016-01-05,3.53
2016-01-06,3.5325
2016-01-07,3.53
2016-01-08,3.57
2016-01-11,3.5175
2016-01-12,3.5675
2016-01-13,3.58
2016-01-14,3.58
2016-01-15,3.6325
2016-01-19,3.6775
2016-01-20,3.6875
2016-01-21,3.67
2016-01-22,3.7025
2016-01-25,3.6975
2016-01-26,3.6925
2016-01-27,3.6925
2016-01-28,3.655
2016-01-29,3.72
2016-02-01,3.7125
2016-02-02,3.725
2016-02-03,3.71
2016-02-04,3.685
2016-02-05,3.6575
2016-02-08,3.6225
2016-02-09,3.61
2016-02-10,3.6025
2016-02-11,3.65
2016-02-12,3.635
2016-02-16,3.6775
2016-02-17,3.715
2016-02-18,3.6975
2016-02-19,3.6925
2016-02-22,3.7225
2016-02-23,3.6675
2016-02-24,3.645
2016-02-25,3.605
2016-02-26,3.595
2016-02-29,3.57
2016-03-01,3.5575
2016-03-02,3.5625
2016-03-03,3.565
2016-03-04,3.5825
2016-03-07,3.59
2016-03-08,3.605
2016-03-09,3.595
2016-03-10,3.6275
2016-03-11,3.65
2016-03-14,3.6875
2016-03-15,3.685
2016-03-16,3.6825
2016-03-17,3.685
2016-03-18,3.67
2016-03-21,3.695
2016-03-22,3.7
2016-03-23,3.685
2016-03-24,3.7
2016-03-28,3.705
2016-03-29,3.73
2016-03-30,3.67
2016-03-31,3.515
2016-04-01,3.54
2016-04-04,3.545
2016-04-05,3.5675
2016-04-06,3.58
2016-04-07,3.615
2016-04-08,3.65
2016-04-11,3.5975
2016-04-12,3.655
2016-04-13,3.77
2016-04-14,3.78
2016-04-15,3.82
2016-04-18,3.85
2016-04-19,3.895
2016-04-20,3.9975
2016-04-21,3.8975
2016-04-22,3.755
2016-04-25,3.8175
2016-04-26,3.8725
2016-04-27,3.8475
2016-04-28,3.9125
2016-04-29,3.9175
2016-05-02,3.9175
2016-05-03,3.7975
2016-05-04,3.7675
2016-05-05,3.7375
2016-05-06,3.775
2016-05-09,3.69
2016-05-10,3.81
2016-05-11,3.775
2016-05-12,3.89
2016-05-13,3.9075
2016-05-16,3.94
2016-05-17,3.97
2016-05-18,3.995
2016-05-19,3.9
2016-05-20,3.945
2016-05-23,3.9775
2016-05-24,3.975
2016-05-25,4.0475
2016-05-26,4.0825
2016-05-27,4.1275
2016-05-31,4.0475
2016-06-01,4.1375
2016-06-02,4.1525
2016-06-03,4.1825
2016-06-06,4.2725
2016-06-07,4.2775
2016-06-08,4.3125
2016-06-09,4.265
2016-06-10,4.275
2016-06-13,4.355
2016-06-14,4.4175
2016-06-15,4.34
2016-06-16,4.305
2016-06-17,4.4275
2016-06-20,4.2675
2016-06-21,4.0225
2016-06-22,3.9825
2016-06-23,3.925
2016-06-24,3.89
2016-06-27,3.8925
2016-06-28,3.8875
2016-06-29,3.7775
2016-06-30,3.655
2016-07-01,3.6
2016-07-05,3.5075
2016-07-06,3.415
2016-07-07,3.4175
2016-07-08,3.55
2016-07-11,3.4825
2016-07-12,3.5225
2016-07-13,3.6975
2016-07-14,3.6475
2016-07-15,3.5825
2016-07-18,3.6325
2016-07-19,3.485
2016-07-20,3.4425
2016-07-21,3.4075
2016-07-22,3.4175
2016-07-25,3.4125
2016-07-26,3.395
2016-07-27,3.43
2016-07-28,3.3875
2016-07-29,3.4275
2016-08-01,3.3425
2016-08-02,3.34
2016-08-03,3.35
2016-08-04,3.31
2016-08-05,3.3425
2016-08-08,3.3475
2016-08-09,3.325
2016-08-10,3.33
2016-08-11,3.3175
2016-08-12,3.33
2016-08-15,3.37
2016-08-16,3.3725
2016-08-17,3.3975
2016-08-18,3.42
2016-08-19,3.4375
2016-08-22,3.425
2016-08-23,3.3725
2016-08-24,3.3625
2016-08-25,3.32
2016-08-26,3.25
2016-08-29,3.2075
2016-08-30,3.1575
2016-08-31,3.155
2016-09-01,3.2375
2016-09-02,3.285
2016-09-06,3.285
2016-09-07,3.3325
2016-09-08,3.385
2016-09-09,3.41
2016-09-12,3.395
2016-09-13,3.3
2016-09-14,3.3175
2016-09-15,3.3
2016-09-16,3.37
2016-09-19,3.3725
2016-09-20,3.405
2016-09-21,3.4
2016-09-22,3.3675
2016-09-23,3.365
2016-09-26,3.29
2016-09-27,3.3175
2016-09-28,3.2925
2016-09-29,3.2925
2016-09-30,3.3675
2016-10-03,3.46
2016-10-04,3.4825
2016-10-05,3.4775
2016-10-06,3.405
2016-10-07,3.3975
2016-10-10,3.4325
2016-10-11,3.455
2016-10-12,3.37
2016-10-13,3.495
2016-10-14,3.5425
2016-10-17,3.54
2016-10-18,3.5375
2016-10-19,3.575
2016-10-20,3.51
2016-10-21,3.525
2016-10-24,3.4825
2016-10-25,3.4925
2016-10-26,3.54
2016-10-27,3.575
2016-10-28,3.55
2016-10-31,3.5475
2016-11-01,3.49
2016-11-02,3.4625
2016-11-03,3.48
2016-11-04,3.4875
2016-11-07,3.4625
2016-11-08,3.5425
2016-11-09,3.4075
2016-11-10,3.52
2016-11-11,3.49
2016-11-14,3.4525
2016-11-15,3.4925
2016-11-16,3.465
2016-11-17,3.4975
2016-11-18,3.535
2016-11-21,3.5775
2016-11-22,3.59
2016-11-23,3.5925
2016-11-25,3.5825
2016-11-28,3.5825
2016-11-29,3.49
2016-11-30,3.485
2016-12-01,3.425
2016-12-02,3.4725
2016-12-05,3.5925
2016-12-06,3.605
2016-12-07,3.58
2016-12-08,3.535
2016-12-09,3.595
2016-12-12,3.605
2016-12-13,3.61
2016-12-14,3.62
2016-12-15,3.565
2016-12-16,3.5625
2016-12-19,3.5325
2016-12-20,3.5025
2016-12-21,3.4725
2016-12-22,3.4725
2016-12-23,3.4575
2016-12-27,3.55
2016-12-28,3.4825
2016-12-29,3.4975
2016-12-30,3.52
2017-01-03,3.5575
2017-01-04,3.5975
2017-01-05,3.6125
2017-01-06,3.58
2017-01-09,3.6
2017-01-10,3.5825
2017-01-11,3.5725
2017-01-12,3.5825
2017-01-13,3.585
2017-01-17,3.655
2017-01-18,3.65
2017-01-19,3.6625
2017-01-20,3.6975
2017-01-23,3.695
2017-01-24,3.6325
2017-01-25,3.6625
2017-01-26,3.6375
2017-01-27,3.625
2017-01-30,3.5775
2017-01-31,3.5975
2017-02-01,3.6825
2017-02-02,3.675
2017-02-03,3.6525
2017-02-06,3.6375
2017-02-07,3.685
2017-02-08,3.7075
2017-02-09,3.695
2017-02-10,3.82
2017-02-13,3.8275
2017-02-14,3.8175
2017-02-15,3.86
2017-02-16,3.81
2017-02-17,3.755
2017-02-21,3.765
2017-02-22,3.7825
2017-02-23,3.725
2017-02-24,3.7075
2017-02-27,3.6825
2017-02-28,3.7375
2017-03-01,3.82
2017-03-02,3.795
2017-03-03,3.8075
2017-03-06,3.785
2017-03-07,3.76
2017-03-08,3.7225
2017-03-09,3.67
2017-03-10,3.6425
2017-03-13,3.61
2017-03-14,3.6225
2017-03-15,3.635
2017-03-16,3.66
2017-03-17,3.675
2017-03-20,3.635
2017-03-21,3.6125
2017-03-22,3.5875
2017-03-23,3.5675
2017-03-24,3.5625
2017-03-27,3.5575
2017-03-28,3.5775
2017-03-29,3.585
2017-03-30,3.575
2017-03-31,3.6425
2017-04-03,3.6775
2017-04-04,3.63
2017-04-05,3.6475
2017-04-06,3.6075
2017-04-07,3.595
2017-04-10,3.745
2017-04-11,3.7375
2017-04-12,3.76
2017-04-13,3.78
2017-04-17,3.7325
2017-04-18,3.6825
2017-04-19,3.6825
2017-04-20,3.6425
2017-04-21,3.6375
2017-04-24,3.655
2017-04-25,3.7175
2017-04-26,3.6675
2017-04-27,3.6925
2017-04-28,3.665
2017-05-01,3.775
2017-05-02,3.7225
2017-05-03,3.7475
2017-05-04,3.665
2017-05-05,3.7075
2017-05-08,3.66
2017-05-09,3.665
2017-05-10,3.7375
2017-05-11,3.6925
2017-05-12,3.71
2017-05-15,3.6775
2017-05-16,3.6775
2017-05-17,3.715
2017-05-18,3.66
2017-05-19,3.725
2017-05-22,3.75
2017-05-23,3.695
2017-05-24,3.7125
2017-05-25,3.6925
2017-05-26,3.7425
2017-05-30,3.67
2017-05-31,3.72
2017-06-01,3.705
2017-06-02,3.7275
2017-06-05,3.73
2017-06-06,3.7725
2017-06-07,3.8475
2017-06-08,3.8575
2017-06-09,3.8775
2017-06-12,3.7725
2017-06-13,3.81
2017-06-14,3.77
2017-06-15,3.875
2017-06-16,3.92
2017-06-19,3.8325
2017-06-20,3.78
2017-06-21,3.7675
2017-06-22,3.7075
2017-06-23,3.655
2017-06-26,3.6725
2017-06-27,3.6775
2017-06-28,3.6625
2017-06-29,3.695
2017-06-30,3.81
2017-07-03,3.885
2017-07-05,3.92
2017-07-06,3.905
2017-07-07,3.925
2017-07-10,4.02
2017-07-11,4.0175
2017-07-12,3.855
2017-07-13,3.6975
2017-07-14,3.7625
2017-07-17,3.75
2017-07-18,3.77
2017-07-19,3.825
2017-07-20,3.91
2017-07-21,3.7975
2017-07-24,3.9075
2017-07-25,3.8225
2017-07-26,3.86
2017-07-27,3.8775
2017-07-28,3.88
2017-07-31,3.8475
2017-08-01,3.765
2017-08-02,3.79
2017-08-03,3.7775
2017-08-04,3.81
2017-08-07,3.8675
2017-08-08,3.8375
2017-08-09,3.8625
2017-08-10,3.71
2017-08-11,3.7475
2017-08-14,3.7625
2017-08-15,3.685
2017-08-16,3.665
2017-08-17,3.6425
2017-08-18,3.6575
2017-08-21,3.63
2017-08-22,3.6
2017-08-23,3.5575
2017-08-24,3.5625
2017-08-25,3.535
2017-08-28,3.51
2017-08-29,3.4875
2017-08-30,3.455
2017-08-31,3.5775
2017-09-01,3.5525
2017-09-05,3.585
2017-09-06,3.61
2017-09-07,3.5525
2017-09-08,3.5675
2017-09-11,3.575
2017-09-12,3.515
2017-09-13,3.515
2017-09-14,3.5425
2017-09-15,3.5475
2017-09-18,3.515
2017-09-19,3.4825
2017-09-20,3.5
2017-09-21,3.5025
2017-09-22,3.535
2017-09-25,3.5375
2017-09-26,3.5225
2017-09-27,3.54
2017-09-28,3.525
2017-09-29,3.5525
2017-10-02,3.515
2017-10-03,3.495
2017-10-04,3.4825
2017-10-05,3.495
2017-10-06,3.5
2017-10-09,3.495
2017-10-10,3.4925
2017-10-11,3.46
2017-10-12,3.49
2017-10-13,3.5275
2017-10-16,3.505
2017-10-17,3.5
2017-10-18,3.485
2017-10-19,3.49
2017-10-20,3.445
2017-10-23,3.5125
2017-10-24,3.5275
2017-10-25,3.51
2017-10-26,3.505
2017-10-27,3.4875
2017-10-30,3.4875
2017-10-31,3.4575
2017-11-01,3.4825
2017-11-02,3.505
2017-11-03,3.4825
2017-11-06,3.48
2017-11-07,3.4775
2017-11-08,3.4825
2017-11-09,3.415
2017-11-10,3.435
2017-11-13,3.4225
2017-11-14,3.375
2017-11-15,3.3825
2017-11-16,3.365
2017-11-17,3.43
2017-11-20,3.45
2017-11-21,3.45
2017-11-22,3.4525
2017-11-24,3.4225
2017-11-27,3.4135
2017-11-28,3.4165
2017-11-29,3.477
2017-11-30,3.5295
2017-12-01,3.5875
2017-12-04,3.535
2017-12-05,3.5375
2017-12-06,3.5275
2017-12-07,3.515
2017-12-08,3.5275
2017-12-11,3.49
2017-12-12,3.4775
2017-12-13,3.49
2017-12-14,3.485
2017-12-15,3.475
2017-12-18,3.47
2017-12-19,3.475
2017-12-20,3.4925
2017-12-21,3.5125
2017-12-22,3.52
2017-12-26,3.5275
2017-12-27,3.5375
2017-12-28,3.52
2017-12-29,3.5075
2018-01-02,3.5325
2018-01-03,3.53
2018-01-04,3.51
2018-01-05,3.5125
2018-01-08,3.4725
2018-01-09,3.49
2018-01-10,3.49
2018-01-11,3.4875
2018-01-12,3.4625
2018-01-16,3.4825
2018-01-17,3.53
2018-01-18,3.515
2018-01-19,3.525
2018-01-22,3.52
2018-01-23,3.5125
2018-01-24,3.565
2018-01-25,3.5525
2018-01-26,3.565
2018-01-29,3.5875
2018-01-30,3.615
2018-01-31,3.615
2018-02-01,3.6175
2018-02-02,3.615
2018-02-05,3.5875
2018-02-06,3.635
2018-02-07,3.6525
2018-02-08,3.6575
2018-02-09,3.62
2018-02-12,3.67
2018-02-13,3.6675
2018-02-14,3.6725
2018-02-15,3.6775
2018-02-16,3.675
2018-02-20,3.655
2018-02-21,3.6575
2018-02-22,3.6675
2018-02-23,3.679
2018-02-26,3.72
2018-02-27,3.7575
2018-02-28,3.805
2018-03-01,3.8625
2018-03-02,3.8525
2018-03-05,3.8725
2018-03-06,3.8825
2018-03-07,3.8725
2018-03-08,3.935
2018-03-09,3.905
2018-03-12,3.9075
2018-03-13,3.9175
2018-03-14,3.8875
2018-03-15,3.8675
2018-03-16,3.8275
2018-03-19,3.75
2018-03-20,3.745
2018-03-21,3.75
2018-03-22,3.76
2018-03-23,3.7725
2018-03-26,3.74
2018-03-27,3.74
2018-03-28,3.735
2018-03-29,3.8775
2018-04-02,3.8725
2018-04-03,3.885
2018-04-04,3.81
2018-04-05,3.895
2018-04-06,3.885
2018-04-09,3.9075
2018-04-10,3.8925
2018-04-11,3.87
2018-04-12,3.8875
2018-04-13,3.8625
2018-04-16,3.825
2018-04-17,3.8025
2018-04-18,3.83
2018-04-19,3.82
2018-04-20,3.765
2018-04-23,3.785
2018-04-24,3.8125
2018-04-25,3.8835
2018-04-26,3.897
2018-04-27,3.949
2018-04-30,3.991
2018-05-01,4.0575
2018-05-02,4.05
2018-05-03,4.08
2018-05-04,4.0625
2018-05-07,4.0075
2018-05-08,4.0325
2018-05-09,4.0275
2018-05-10,4.02
2018-05-11,3.965
2018-05-14,3.965
2018-05-15,4.0225
2018-05-16,3.9925
2018-05-17,3.9525
2018-05-18,4.025
2018-05-21,4.0275
2018-05-22,4.0475
2018-05-23,4.085
2018-05-24,4.0425
2018-05-25,4.06
2018-05-29,4.0
2018-05-30,3.935
2018-05-31,3.94
2018-06-01,3.915
2018-06-04,3.8075
2018-06-05,3.8375
2018-06-06,3.7825
2018-06-07,3.7625
2018-06-08,3.7775
2018-06-11,3.6725
2018-06-12,3.775
2018-06-13,3.76
2018-06-14,3.63
2018-06-15,3.6125
2018-06-18,3.56
2018-06-19,3.5375
2018-06-20,3.5425
2018-06-21,3.57
2018-06-22,3.5725
2018-06-25,3.505
2018-06-26,3.5425
2018-06-27,3.562
2018-06-28,3.5055
2018-06-29,3.5765
2018-07-02,3.47
2018-07-03,3.52
2018-07-05,3.5225
2018-07-06,3.6025
2018-07-09,3.54
2018-07-10,3.4775
2018-07-11,3.4
2018-07-12,3.4575
2018-07-13,3.4125
2018-07-16,3.4175
2018-07-17,3.4625
2018-07-18,3.4725
2018-07-19,3.5125
2018-07-20,3.5525
2018-07-23,3.5725
2018-07-24,3.52
2018-07-25,3.5925
2018-07-26,3.615
2018-07-27,3.62
2018-07-30,3.6725
2018-07-31,3.7225
2018-08-01,3.65
2018-08-02,3.6675
2018-08-03,3.6975
2018-08-06,3.71
2018-08-07,3.7075
2018-08-08,3.7125
2018-08-09,3.6925
2018-08-10,3.5775
2018-08-13,3.565
2018-08-14,3.6225
2018-08-15,3.615
2018-08-16,3.6525
2018-08-17,3.6425
2018-08-20,3.62
2018-08-21,3.5975
2018-08-22,3.525
2018-08-23,3.4675
2018-08-24,3.485
2018-08-27,3.4675
2018-08-28,3.4405
2018-08-29,3.4735
2018-08-30,3.503
2018-08-31,3.622
2018-09-04,3.6825
2018-09-05,3.6525
2018-09-06,3.6625
2018-09-07,3.67
2018-09-10,3.6725
2018-09-11,3.6675
2018-09-12,3.525
2018-09-13,3.505
2018-09-14,3.5175
2018-09-17,3.48
2018-09-18,3.4325
2018-09-19,3.4575
2018-09-20,3.525
2018-09-21,3.5725
2018-09-24,3.605
2018-09-25,3.6375
2018-09-26,3.63
2018-09-27,3.6475
2018-09-28,3.5625
2018-10-01,3.6575
2018-10-02,3.675
2018-10-03,3.6475
2018-10-04,3.675
2018-10-05,3.6825
2018-10-08,3.665
2018-10-09,3.645
2018-10-10,3.6275
2018-10-11,3.6925
2018-10-12,3.7375
2018-10-15,3.7825
2018-10-16,3.7525
2018-10-17,3.7425
2018-10-18,3.7075
2018-10-19,3.67
2018-10-22,3.695
2018-10-23,3.7025
2018-10-24,3.6825
2018-10-25,3.61
2018-10-26,3.6775
2018-10-29,3.6675
2018-10-30,3.6475
2018-10-31,3.6325
2018-11-01,3.6675
2018-11-02,3.7125
2018-11-05,3.74
2018-11-06,3.7325
2018-11-07,3.7225
2018-11-08,3.735
2018-11-09,3.6975
2018-11-12,3.7125
2018-11-13,3.665
2018-11-14,3.67
2018-11-15,3.675
2018-11-16,3.6475
2018-11-19,3.6225
2018-11-20,3.6125
2018-11-21,3.6175
2018-11-23,3.59
2018-11-26,3.56
2018-11-27,3.589
2018-11-28,3.656
2018-11-29,3.6805
2018-11-30,3.755
2018-12-03,3.82
2018-12-04,3.8475
2018-12-05,3.8425
2018-12-06,3.8275
2018-12-07,3.855
2018-12-10,3.84
2018-12-11,3.8475
2018-12-12,3.8525
2018-12-13,3.8425
2018-12-14,3.8475
2018-12-17,3.84
2018-12-18,3.855
2018-12-19,3.8175
2018-12-20,3.7525
2018-12-21,3.785
2018-12-24,3.7775
2018-12-26,3.7325
2018-12-27,3.745
2018-12-28,3.755
2018-12-31,3.75
2019-01-02,3.7575
2019-01-03,3.7975
2019-01-04,3.83
2019-01-07,3.8225
2019-01-08,3.8
2019-01-09,3.82
2019-01-10,3.7625
2019-01-11,3.7825
2019-01-14,3.785
2019-01-15,3.7125
2019-01-16,3.74
2019-01-17,3.8
2019-01-18,3.8175
2019-01-22,3.79
2019-01-23,3.7875
2019-01-24,3.77
2019-01-25,3.8025
2019-01-28,3.7975
2019-01-29,3.7725
2019-01-30,3.8125
2019-01-31,3.765
2019-02-01,3.7825
2019-02-04,3.7925
2019-02-05,3.8075
2019-02-06,3.8
2019-02-07,3.765
2019-02-08,3.7425
2019-02-11,3.7275
2019-02-12,3.7825
2019-02-13,3.7875
2019-02-14,3.7475
2019-02-15,3.7475
2019-02-19,3.6975
2019-02-20,3.7075
2019-02-21,3.755
2019-02-22,3.7525
2019-02-25,3.724
2019-02-26,3.7015
2019-02-27,3.6975
2019-02-28,3.69
2019-03-01,3.73
2019-03-04,3.7475
2019-03-05,3.7575
2019-03-06,3.725
2019-03-07,3.6525
2019-03-08,3.6425
2019-03-11,3.62
2019-03-12,3.6575
2019-03-13,3.665
2019-03-14,3.7025
2019-03-15,3.7325
2019-03-18,3.715
2019-03-19,3.7125
2019-03-20,3.715
2019-03-21,3.7625
2019-03-22,3.7825
2019-03-25,3.7975
2019-03-26,3.7725
2019-03-27,3.7375
2019-03-28,3.74
2019-03-29,3.565
2019-04-01,3.6175
2019-04-02,3.615
2019-04-03,3.6275
2019-04-04,3.6525
2019-04-05,3.625
2019-04-08,3.6
2019-04-09,3.6
2019-04-10,3.6175
2019-04-11,3.6
2019-04-12,3.61
2019-04-15,3.6275
2019-04-16,3.59
2019-04-17,3.5825
2019-04-18,3.585
2019-04-22,3.5475
2019-04-23,3.5125
2019-04-24,3.4675
2019-04-25,3.4945
2019-04-26,3.5525
2019-04-29,3.5785
2019-04-30,3.6065
2019-05-01,3.685
2019-05-02,3.705
2019-05-03,3.7075
2019-05-06,3.6425
2019-05-07,3.665
2019-05-08,3.6425
2019-05-09,3.5325
2019-05-10,3.5175
2019-05-13,3.565
2019-05-14,3.6875
2019-05-15,3.695
2019-05-16,3.79
2019-05-17,3.8325
2019-05-20,3.89
2019-05-21,3.9425
2019-05-22,3.945
2019-05-23,3.8975
2019-05-24,4.0425
2019-05-28,4.2025
2019-05-29,4.1875
2019-05-30,4.3625
2019-05-31,4.27
2019-06-03,4.2425
2019-06-04,4.2525
2019-06-05,4.1475
2019-06-06,4.205
2019-06-07,4.1575
2019-06-10,4.1575
2019-06-11,4.2775
2019-06-12,4.3
2019-06-13,4.42
2019-06-14,4.53
2019-06-17,4.5475
2019-06-18,4.4975
2019-06-19,4.41
2019-06-20,4.5
2019-06-21,4.4225
2019-06-24,4.4675
2019-06-25,4.486
2019-06-26,4.4575
2019-06-27,4.4345
2019-06-28,4.2385
2019-07-01,4.155
2019-07-02,4.19
2019-07-03,4.3675
2019-07-05,4.3875
2019-07-08,4.395
2019-07-09,4.325
2019-07-10,4.35
2019-07-11,4.4425
2019-07-12,4.5425
2019-07-15,4.41
2019-07-16,4.3525
2019-07-17,4.36
2019-07-18,4.245
2019-07-19,4.3075
2019-07-22,4.2225
2019-07-23,4.255
2019-07-24,4.24
2019-07-25,4.185
2019-07-26,4.145
2019-07-29,4.17
2019-07-30,4.1125
2019-07-31,4.0025
2019-08-01,3.9275
2019-08-02,3.995
2019-08-05,4.0525
2019-08-06,4.04
2019-08-07,4.065
2019-08-08,4.11
2019-08-09,4.1025
2019-08-12,3.8525
2019-08-13,3.66
2019-08-14,3.59
2019-08-15,3.6075
2019-08-16,3.71
2019-08-19,3.65
2019-08-20,3.595
2019-08-21,3.625
2019-08-22,3.6325
2019-08-23,3.5975
2019-08-26,3.585
2019-08-27,3.5885
2019-08-28,3.6605
2019-08-29,3.6665
2019-08-30,3.674
2019-09-03,3.61
2019-09-04,3.585
2019-09-05,3.5875
2019-09-06,3.555
2019-09-09,3.5425
2019-09-10,3.615
2019-09-11,3.6
2019-09-12,3.6725
2019-09-13,3.6875
2019-09-16,3.74
2019-09-17,3.68
2019-09-18,3.7125
2019-09-19,3.7275
2019-09-20,3.7075
2019-09-23,3.7325
2019-09-24,3.7475
2019-09-25,3.7425
2019-09-26,3.725
2019-09-27,3.715
2019-09-30,3.88
2019-10-01,3.925
2019-10-02,3.8775
2019-10-03,3.8875
2019-10-04,3.8475
2019-10-07,3.87
2019-10-08,3.9575
2019-10-09,3.9425
2019-10-10,3.8025
2019-10-11,3.9775
2019-10-14,3.9775
2019-10-15,3.9325
2019-10-16,3.9175
2019-10-17,3.9475
2019-10-18,3.91
2019-10-21,3.8725
2019-10-22,3.88
2019-10-23,3.8775
2019-10-24,3.8675
2019-10-25,3.8675
2019-10-28,3.84
2019-10-29,3.8625
2019-10-30,3.9075
2019-10-31,3.9
2019-11-01,3.8925
2019-11-04,3.8325
2019-11-05,3.8175
2019-11-06,3.7875
2019-11-07,3.7525
2019-11-08,3.7725
2019-11-11,3.7325
2019-11-12,3.7775
2019-11-13,3.7525
2019-11-14,3.7575
2019-11-15,3.7125
2019-11-18,3.6775
2019-11-19,3.7
2019-11-20,3.6675
2019-11-21,3.685
2019-11-22,3.6875
2019-11-25,3.7255
2019-11-26,3.718
2019-11-27,3.6905
2019-11-29,3.7925
2019-12-02,3.82
2019-12-03,3.8125
2019-12-04,3.785
2019-12-05,3.7675
2019-12-06,3.7675
2019-12-09,3.7575
2019-12-10,3.77
2019-12-11,3.7125
2019-12-12,3.7775
2019-12-13,3.81
2019-12-16,3.88
2019-12-17,3.9
2019-12-18,3.87
2019-12-19,3.865
2019-12-20,3.8775
2019-12-23,3.8875
2019-12-24,3.875
2019-12-26,3.885
2019-12-27,3.9
2019-12-30,3.8825
2019-12-31,3.8775
2020-01-02,3.915
2020-01-03,3.865
2020-01-06,3.8475
2020-01-07,3.845
2020-01-08,3.8425
2020-01-09,3.8325
2020-01-10,3.8575
2020-01-13,3.895
2020-01-14,3.89
2020-01-15,3.875
2020-01-16,3.755
2020-01-17,3.8925
2020-01-21,3.875
2020-01-22,3.8875
2020-01-23,3.9375
2020-01-24,3.8725
2020-01-27,3.805
2020-01-28,3.865
2020-01-29,3.8425
2020-01-30,3.795
2020-01-31,3.8125
2020-02-03,3.7875
2020-02-04,3.8225
2020-02-05,3.8075
2020-02-06,3.7925
2020-02-07,3.835
2020-02-10,3.8175
2020-02-11,3.7975
2020-02-12,3.83
2020-02-13,3.795
2020-02-14,3.7775
2020-02-18,3.83
2020-02-19,3.805
2020-02-20,3.785
2020-02-21,3.77
2020-02-24,3.7225
2020-02-25,3.733
2020-02-26,3.721
2020-02-27,3.666
2020-02-28,3.679
2020-03-02,3.755
2020-03-03,3.8125
2020-03-04,3.85
2020-03-05,3.8175
2020-03-06,3.76
2020-03-09,3.7275
2020-03-10,3.775
2020-03-11,3.745
2020-03-12,3.6575
2020-03-13,3.6575
2020-03-16,3.5475
2020-03-17,3.44
2020-03-18,3.3525
2020-03-19,3.455
2020-03-20,3.4375
2020-03-23,3.435
2020-03-24,3.4725
2020-03-25,3.485
2020-03-26,3.4875
2020-03-27,3.46
2020-03-30,3.4125
2020-03-31,3.4075
2020-04-01,3.3475
2020-04-02,3.335
2020-04-03,3.3075
2020-04-06,3.2775
2020-04-07,3.315
2020-04-08,3.3
2020-04-09,3.3175
2020-04-13,3.315
2020-04-14,3.26
2020-04-15,3.1925
2020-04-16,3.1975
2020-04-17,3.2225
2020-04-20,3.1425
2020-04-21,3.0925
2020-04-22,3.175
2020-04-23,3.1925
2020-04-24,3.1575
2020-04-27,3.0705
2020-04-28,3.0645
2020-04-29,3.105
2020-04-30,3.183
2020-05-01,3.185
2020-05-04,3.155
2020-05-05,3.17
2020-05-06,3.1425
2020-05-07,3.18
2020-05-08,3.1925
2020-05-11,3.185
2020-05-12,3.2225
2020-05-13,3.1825
2020-05-14,3.175
2020-05-15,3.1925
2020-05-18,3.2075
2020-05-19,3.2125
2020-05-20,3.195
2020-05-21,3.1775
2020-05-22,3.18
2020-05-26,3.19
2020-05-27,3.205
2020-05-28,3.275
2020-05-29,3.2575
2020-06-01,3.2325
2020-06-02,3.2425
2020-06-03,3.24
2020-06-04,3.29
2020-06-05,3.3125
2020-06-08,3.3375
2020-06-09,3.275
2020-06-10,3.2625
2020-06-11,3.2975
2020-06-12,3.3
2020-06-15,3.2925
2020-06-16,3.29
2020-06-17,3.3025
2020-06-18,3.31
2020-06-19,3.325
2020-06-22,3.2825
2020-06-23,3.25
2020-06-24,3.2425
2020-06-25,3.179
2020-06-26,3.179
2020-06-29,3.2775
2020-06-30,3.409
2020-07-01,3.505
2020-07-02,3.435
2020-07-06,3.465
2020-07-07,3.435
2020-07-08,3.4625
2020-07-09,3.4875
2020-07-10,3.3725
2020-07-13,3.2875
2020-07-14,3.26
2020-07-15,3.2625
2020-07-16,3.3025
2020-07-17,3.33
2020-07-20,3.2825
2020-07-21,3.2275
2020-07-22,3.275
2020-07-23,3.28
2020-07-24,3.2625
2020-07-27,3.25
2020-07-28,3.2
2020-07-29,3.155
2020-07-30,3.1575
2020-07-31,3.16
2020-08-03,3.175
2020-08-04,3.0825
2020-08-05,3.11
2020-08-06,3.1125
2020-08-07,3.0775
2020-08-10,3.105
2020-08-11,3.115
2020-08-12,3.145
2020-08-13,3.2525
2020-08-14,3.245
2020-08-17,3.31
2020-08-18,3.27
2020-08-19,3.25
2020-08-20,3.245
2020-08-21,3.27
2020-08-24,3.3175
2020-08-25,3.4075
2020-08-26,3.4325
2020-08-27,3.4995
2020-08-28,3.5395
2020-08-31,3.559
2020-09-01,3.58
2020-09-02,3.5875
2020-09-03,3.5375
2020-09-04,3.58
2020-09-08,3.6175
2020-09-09,3.6025
2020-09-10,3.65
2020-09-11,3.685
2020-09-14,3.695
2020-09-15,3.66
2020-09-16,3.7175
2020-09-17,3.7525
2020-09-18,3.785
2020-09-21,3.6975
2020-09-22,3.6925
2020-09-23,3.685
2020-09-24,3.635
2020-09-25,3.6525
2020-09-28,3.6675
2020-09-29,3.6475
2020-09-30,3.79
2020-10-01,3.8275
2020-10-02,3.7975
2020-10-05,3.795
2020-10-06,3.85
2020-10-07,3.8875
2020-10-08,3.87
2020-10-09,3.95
2020-10-12,3.89
2020-10-13,3.9125
2020-10-14,3.965
2020-10-15,4.0375
2020-10-16,4.02
2020-10-19,4.0525
2020-10-20,4.0875
2020-10-21,4.1375
2020-10-22,4.1625
2020-10-23,4.1925
2020-10-26,4.1775
2020-10-27,4.16
2020-10-28,4.015
2020-10-29,3.985
2020-10-30,3.985
2020-11-02,3.975
2020-11-03,4.01
2020-11-04,4.0525
2020-11-05,4.0925
2020-11-06,4.0675
2020-11-09,4.075
2020-11-10,4.23
2020-11-11,4.1725
2020-11-12,4.0825
2020-11-13,4.105
2020-11-16,4.1625
2020-11-17,4.2025
2020-11-18,4.2575
2020-11-19,4.225
2020-11-20,4.2325
2020-11-23,4.265
2020-11-24,4.271
2020-11-25,4.23
2020-11-27,4.3045
2020-11-30,4.2475
2020-12-01,4.2075
2020-12-02,4.2375
2020-12-03,4.265
2020-12-04,4.205
2020-12-07,4.24
2020-12-08,4.1975
2020-12-09,4.2375
2020-12-10,4.2125
2020-12-11,4.235
2020-12-14,4.24
2020-12-15,4.2475
2020-12-16,4.2725
2020-12-17,4.325
2020-12-18,4.375
2020-12-21,4.4
2020-12-22,4.435
2020-12-23,4.4725
2020-12-24,4.51
2020-12-28,4.565
2020-12-29,4.66
2020-12-30,4.745
2020-12-31,4.84
2021-01-04,4.8375
2021-01-05,4.9175
2021-01-06,4.95
2021-01-07,4.94
2021-01-08,4.9625
2021-01-11,4.9225
2021-01-12,5.1725
2021-01-13,5.245
2021-01-14,5.3425
2021-01-15,5.315
2021-01-19,5.26
2021-01-20,5.22
2021-01-21,5.2425
2021-01-22,5.005
2021-01-25,5.115
2021-01-26,5.3225
2021-01-27,5.34
2021-01-28,5.345
2021-01-29,5.47
2021-02-01,5.4925
2021-02-02,5.43
2021-02-03,5.52
2021-02-04,5.5
2021-02-05,5.485
2021-02-08,5.6375
2021-02-09,5.5625
2021-02-10,5.345
2021-02-11,5.41
2021-02-12,5.3875
2021-02-16,5.5225
2021-02-17,5.53
2021-02-18,5.5025
2021-02-19,5.4275
2021-02-22,5.51
2021-02-23,5.535
2021-02-24,5.5835
2021-02-25,5.5175
2021-02-26,5.491
2021-03-01,5.3825
2021-03-02,5.45
2021-03-03,5.3525
2021-03-04,5.325
2021-03-05,5.455
2021-03-08,5.47
2021-03-09,5.4575
2021-03-10,5.34
2021-03-11,5.385
2021-03-12,5.39
2021-03-15,5.495
2021-03-16,5.5425
2021-03-17,5.58
2021-03-18,5.465
2021-03-19,5.5775
2021-03-22,5.49
2021-03-23,5.5125
2021-03-24,5.5325
2021-03-25,5.465
2021-03-26,5.525
2021-03-29,5.4675
2021-03-30,5.3925
2021-03-31,5.6425
2021-04-01,5.5975
2021-04-05,5.5325
2021-04-06,5.5425
2021-04-07,5.605
2021-04-08,5.7975
2021-04-09,5.7725
2021-04-12,5.69
2021-04-13,5.8
2021-04-14,5.94
2021-04-15,5.9
2021-04-16,5.855
2021-04-19,5.92
2021-04-20,6.065
2021-04-21,6.255
2021-04-22,6.505
2021-04-23,6.555
2021-04-26,6.805
2021-04-27,6.873
2021-04-28,6.6935
2021-04-29,6.6975
2021-04-30,6.866
2021-05-03,6.795
2021-05-04,6.9675
2021-05-05,7.085
2021-05-06,7.1875
2021-05-07,7.3225
2021-05-10,7.1175
2021-05-11,7.2225
2021-05-12,7.1475
2021-05-13,6.7475
2021-05-14,6.4375
2021-05-17,6.525
2021-05-18,6.5825
2021-05-19,6.5825
2021-05-20,6.645
2021-05-21,6.595
2021-05-24,6.5725
2021-05-25,6.2025
2021-05-26,6.245
2021-05-27,6.645
2021-05-28,6.5675
2021-06-01,6.8875
2021-06-02,6.75
2021-06-03,6.62
2021-06-04,6.8275
2021-06-07,6.7925
2021-06-08,6.8
2021-06-09,6.9075
2021-06-10,6.99
2021-06-11,6.845
2021-06-14,6.5925
2021-06-15,6.675
2021-06-16,6.73
2021-06-17,6.33
2021-06-18,6.5525
2021-06-21,6.5925
2021-06-22,6.5975
2021-06-23,6.6425
2021-06-24,6.5325
2021-06-25,6.1525
2021-06-28,6.286
2021-06-29,6.1335
2021-06-30,6.234
2021-07-01,6.0175
2021-07-02,5.92
2021-07-05,5.92
2021-07-06,5.52
2021-07-07,5.4275
2021-07-08,5.3675
2021-07-09,5.295
2021-07-12,5.4525
2021-07-13,5.5125
2021-07-14,5.6825
2021-07-15,5.6425
2021-07-16,5.56
2021-07-19,5.56
2021-07-20,5.7175
2021-07-21,5.7175
2021-07-22,5.645
2021-07-23,5.4725
2021-07-26,5.4975
2021-07-27,5.4875
2021-07-28,5.4925
2021-07-29,5.58
2021-07-30,5.47
2021-08-02,5.5875
2021-08-03,5.505
2021-08-04,5.4575
2021-08-05,5.5575
2021-08-06,5.55
2021-08-09,5.5025
2021-08-10,5.4925
2021-08-11,5.5625
2021-08-12,5.67
2021-08-13,5.6825
2021-08-16,5.6475
2021-08-17,5.5825
2021-08-18,5.6175
2021-08-19,5.5
2021-08-20,5.3875
2021-08-23,5.38
2021-08-24,5.445
2021-08-25,5.5125
2021-08-26,5.5235
2021-08-27,5.563
2021-08-30,5.4175
2021-08-31,5.342
2021-09-01,5.2275
2021-09-02,5.255
2021-09-03,5.24
2021-09-06,5.24
2021-09-07,5.1075
2021-09-08,5.1025
2021-09-09,5.1
2021-09-10,5.175
2021-09-13,5.1325
2021-09-14,5.2025
2021-09-15,5.335
2021-09-16,5.295
2021-09-17,5.2725
2021-09-20,5.2175
2021-09-21,5.17
2021-09-22,5.255
2021-09-23,5.2925
2021-09-24,5.2675
2021-09-27,5.395
2021-09-28,5.325
2021-09-29,5.39
2021-09-30,5.3675
2021-10-01,5.415
2021-10-04,5.4075
2021-10-05,5.375
2021-10-06,5.3225
2021-10-07,5.34
2021-10-08,5.305
2021-10-11,5.33
2021-10-12,5.225
2021-10-13,5.1225
2021-10-14,5.1675
2021-10-15,5.2575
2021-10-18,5.3275
2021-10-19,5.3025
2021-10-20,5.3925
2021-10-21,5.3225
2021-10-22,5.38
2021-10-25,5.38
2021-10-26,5.435
2021-10-27,5.5725
2021-10-28,5.6275
2021-10-29,5.6825
2021-11-01,5.79
2021-11-02,5.73
2021-11-03,5.64
2021-11-04,5.5925
2021-11-05,5.53
2021-11-08,5.515
2021-11-09,5.5475
2021-11-10,5.6925
2021-11-11,5.695
2021-11-12,5.7725
2021-11-15,5.765
2021-11-16,5.71
2021-11-17,5.7525
2021-11-18,5.73
2021-11-19,5.7075
2021-11-22,5.7675
2021-11-23,5.805
2021-11-24,5.809
2021-11-26,5.8875
2021-11-29,5.8175
2021-11-30,5.674
2021-12-01,5.715
2021-12-02,5.7675
2021-12-03,5.84
2021-12-06,5.835
2021-12-07,5.86
2021-12-08,5.8725
2021-12-09,5.9175
2021-12-10,5.9
2021-12-13,5.85
2021-12-14,5.9025
2021-12-15,5.8575
2021-12-16,5.9125
2021-12-17,5.9325
2021-12-20,5.91
2021-12-21,5.9825
2021-12-22,6.025
2021-12-23,6.0575
2021-12-24,6.0575
2021-12-26,6.0575
2021-12-27,6.1475
2021-12-28,6.0475
2021-12-29,6.055
2021-12-30,5.96
2021-12-31,5.9325
2022-01-03,5.8925
2022-01-04,6.095
2022-01-05,6.0225
2022-01-06,6.0375
2022-01-07,6.0675
2022-01-10,5.9975
2022-01-11,6.01
2022-01-12,5.99
2022-01-13,5.875
2022-01-14,5.9625
2022-01-18,5.995
2022-01-19,6.105
2022-01-20,6.11
2022-01-21,6.1625
2022-01-24,6.21
2022-01-25,6.2
2022-01-26,6.27
2022-01-27,6.2525
2022-01-28,6.36
2022-01-31,6.26
2022-02-01,6.3475
2022-02-02,6.225
2022-02-03,6.1675
2022-02-04,6.205
2022-02-07,6.3525
2022-02-08,6.3225
2022-02-09,6.4675
2022-02-10,6.4175
2022-02-11,6.51
2022-02-14,6.5575
2022-02-15,6.38
2022-02-16,6.47
2022-02-17,6.5
2022-02-18,6.5425
2022-02-21,6.5425
2022-02-22,6.7475
2022-02-23,6.8325
2022-02-24,6.931
2022-02-25,6.5725
2022-02-28,6.921
2022-03-01,7.2575
2022-03-02,7.25
2022-03-03,7.4775
2022-03-04,7.5425
2022-03-07,7.5075
2022-03-08,7.53
2022-03-09,7.33
2022-03-10,7.5575
2022-03-11,7.625
2022-03-14,7.4825
2022-03-15,7.58
2022-03-16,7.3
2022-03-17,7.545
2022-03-18,7.4175
2022-03-21,7.5625
2022-03-22,7.53
2022-03-23,7.5775
2022-03-24,7.4825
2022-03-25,7.54
2022-03-28,7.485
2022-03-29,7.2625
2022-03-30,7.38
2022-03-31,7.4875
2022-04-01,7.35
2022-04-04,7.505
2022-04-05,7.5975
2022-04-06,7.565
2022-04-07,7.5775
2022-04-08,7.6875
2022-04-11,7.645
2022-04-12,7.7625
2022-04-13,7.835
2022-04-14,7.9025
2022-04-15,7.9025
2022-04-18,8.1325
2022-04-19,8.04
2022-04-20,8.1575
2022-04-21,7.9925
2022-04-22,7.93
2022-04-25,8.0025
2022-04-26,8.029
2022-04-27,8.142
2022-04-28,8.145
2022-04-29,8.1445
2022-05-02,8.035
2022-05-03,7.93
2022-05-04,7.9425
2022-05-05,7.975
2022-05-06,7.8475
2022-05-09,7.72
2022-05-10,7.7525
2022-05-11,7.885
2022-05-12,7.915
2022-05-13,7.8125
2022-05-16,8.095
2022-05-17,8.0075
2022-05-18,7.815
2022-05-19,7.8325
2022-05-20,7.7875
2022-05-23,7.8625
2022-05-24,7.7175
2022-05-25,7.7225
2022-05-26,7.65
2022-05-27,7.7725
2022-05-31,7.535
2022-06-01,7.3125
2022-06-02,7.3025
2022-06-03,7.27
2022-06-06,7.425
2022-06-07,7.57
2022-06-08,7.645
2022-06-09,7.73
2022-06-10,7.7325
2022-06-13,7.6925
2022-06-14,7.6825
2022-06-15,7.74
2022-06-16,7.8825
2022-06-17,7.845
2022-06-20,7.845
2022-06-21,7.6075
2022-06-22,7.68
2022-06-23,7.4675
2022-06-24,7.5025
2022-06-27,7.497
2022-06-28,7.4406
2022-06-29,7.5882
2022-06-30,7.6969
2022-07-01,7.4306
2022-07-02,7.5075
2022-07-03,7.5075
2022-07-04,7.5421
2022-07-05,7.5424
2022-07-06,7.3559
2022-07-07,7.4399
2022-07-08,7.4663
2022-07-09,7.7825
2022-07-10,7.7825
2022-07-11,7.7792
2022-07-12,7.8072
2022-07-13,7.3214
2022-07-14,7.3987
2022-07-15,6.949
2022-07-16,6.0625
2022-07-17,6.0625
2022-07-18,6.0395
2022-07-19,5.9675
2022-07-20,5.9225
2022-07-21,5.7575
2022-07-22,5.6225
2022-07-25,5.8
2022-07-26,5.97
2022-07-27,6.0025
2022-07-28,6.15
2022-07-29,6.185
2022-08-01,6.07
2022-08-02,5.9125
2022-08-03,5.915
2022-08-04,6.0225
2022-08-05,6.09
2022-08-08,6.085
2022-08-09,6.155
2022-08-10,6.2125
2022-08-11,6.2925
2022-08-12,6.365
2022-08-15,6.2675
2022-08-16,6.11
2022-08-17,6.15
2022-08-18,6.1975
2022-08-19,6.27
2022-08-22,6.335
2022-08-23,6.6
2022-08-24,6.6575
2022-08-25,6.575
2022-08-26,6.7025
2022-08-29,6.8375
2022-08-30,6.7975
2022-08-31,6.7375
2022-09-01,6.5825
2022-09-02,6.6825
2022-09-05,6.69
2022-09-06,6.8075
2022-09-07,6.7675
2022-09-08,6.745
2022-09-09,6.975
2022-09-12,7.1225
2022-09-13,7.09
2022-09-14,7.09
2022-09-15,6.775
2022-09-16,6.7925
2022-09-19,6.7825
2022-09-20,6.92
2022-09-21,6.855
2022-09-22,6.8825
2022-09-23,6.75
2022-09-26,6.6625
2022-09-27,6.675
2022-09-28,6.705
2022-09-29,6.695
2022-09-30,6.78
2022-10-03,6.8075
2022-10-04,6.83
2022-10-05,6.84
2022-10-06,6.755
2022-10-07,6.83
2022-10-10,6.9825
2022-10-11,6.93
2022-10-12,6.93
2022-10-13,6.9775
2022-10-14,6.9075
2022-10-17,6.835
2022-10-18,6.81
2022-10-19,6.7825
2022-10-20,6.84
2022-10-21,6.835
2022-10-24,6.815
2022-10-25,6.8625
2022-10-26,6.85
2022-10-27,6.8225
2022-10-28,6.7975
2022-10-31,6.915
2022-11-01,6.9775
2022-11-02,6.875
2022-11-03,6.7925
2022-11-04,6.8025
2022-11-07,6.7575
2022-11-08,6.675
2022-11-09,6.645
2022-11-10,6.5325
2022-11-11,6.575
2022-11-14,6.5725
2022-11-15,6.6675
2022-11-16,6.6525
2022-11-17,6.675
2022-11-18,6.67
2022-11-21,6.595
2022-11-22,6.5675
2022-11-23,6.6325
2022-11-24,6.6325
2022-11-25,6.6725
2022-11-28,6.6875
2022-11-29,6.6575
2022-11-30,6.62
2022-12-01,6.5
2022-12-02,6.355
2022-12-05,6.2875
2022-12-06,6.255
2022-12-07,6.2775
2022-12-08,6.32
2022-12-09,6.34
2022-12-12,6.4125
2022-12-13,6.4375
2022-12-14,6.39
2022-12-15,6.535
2022-12-16,6.535
2022-12-19,6.4725
2022-12-20,6.52
2022-12-21,6.6225
2022-12-22,6.605
2022-12-23,6.66
2022-12-26,6.6625
2022-12-27,6.7475
2022-12-28,6.8275
2022-12-29,6.795
2022-12-30,6.785
2023-01-02,6.785
2023-01-03,6.705
2023-01-04,6.5375
2023-01-05,6.5275
2023-01-06,6.5325
2023-01-09,6.5275
2023-01-10,6.55
2023-01-11,6.56
2023-01-12,6.71
2023-01-13,6.7575
2023-01-16,6.75
2023-01-17,6.8525
2023-01-18,6.8125
2023-01-19,6.7725
2023-01-20,6.77
2023-01-23,6.6625
2023-01-24,6.77
2023-01-25,6.7475
2023-01-26,6.825
2023-01-27,6.835
2023-01-30,6.8375
2023-01-31,6.7975
2023-02-01,6.81
2023-02-02,6.7525
2023-02-03,6.77
2023-02-06,6.79
2023-02-07,6.74
2023-02-08,6.785
2023-02-09,6.7075
2023-02-10,6.8075
2023-02-13,6.85
2023-02-14,6.8225
2023-02-15,6.7625
2023-02-16,6.76
2023-02-17,6.7775
2023-02-20,6.7775
2023-02-21,6.805
2023-02-22,6.74
2023-02-23,6.6025
2023-02-24,6.5
2023-02-27,6.4275
2023-02-28,6.295
2023-03-01,6.405
2023-03-02,6.3775
2023-03-03,6.4775
2023-03-06,6.445
2023-03-07,6.42
2023-03-08,6.345
2023-03-09,6.185
2023-03-10,6.2675
2023-03-13,6.245
2023-03-14,6.275
2023-03-15,6.265
2023-03-16,6.32
2023-03-17,6.3475
2023-03-20,6.33
2023-03-21,6.3
2023-03-22,6.335
2023-03-23,6.3175
2023-03-24,6.445
2023-03-27,6.4725
2023-03-28,6.4725
2023-03-29,6.505
2023-03-30,6.495
2023-03-31,6.585
2023-04-03,6.5775
2023-04-04,6.5375
2023-04-05,6.5275
2023-04-06,6.435
2023-04-07,6.435
2023-04-10,6.54
2023-04-11,6.51
2023-04-12,6.56
2023-04-13,6.5225
2023-04-14,6.6775
2023-04-17,6.765
2023-04-18,6.775
2023-04-19,6.7225
2023-04-20,6.6375
2023-04-21,6.6175
2023-04-24,6.5125
2023-04-25,6.465
2023-04-26,6.415
2023-04-27,6.27
2023-04-28,6.3475
2023-05-01,6.395
2023-05-02,6.38
2023-05-03,6.4525
2023-05-04,6.465
2023-05-05,6.5175
2023-05-08,6.565
2023-05-09,6.4225
2023-05-10,6.455
2023-05-11,6.325
2023-05-12,6.345
2023-05-15,5.925
2023-05-16,5.8125
2023-05-17,5.615
2023-05-18,5.5525
2023-05-19,5.5625
2023-05-22,5.71
2023-05-23,5.775
2023-05-24,5.8725
2023-05-25,5.9075
2023-05-26,6.05
2023-05-29,6.04
2023-05-30,5.94
2023-05-31,5.94
2023-06-01,5.925
2023-06-02,6.0775
2023-06-05,5.975
2023-06-06,6.08
2023-06-07,6.0425
2023-06-08,6.1025
2023-06-09,6.045
2023-06-12,6.1725
2023-06-13,6.125
2023-06-14,6.0775
2023-06-15,6.2325
2023-06-16,6.395
2023-06-19,6.4025
2023-06-20,6.4375
2023-06-21,6.71
2023-06-22,6.605
2023-06-23,6.2975
2023-06-26,6.3725
2023-06-27,6.23
2023-06-28,5.9
2023-06-29,5.81
2023-06-30,5.5625
2023-07-03,5.555
2023-07-04,5.555
2023-07-05,5.4825
2023-07-06,5.6675
2023-07-07,5.6
2023-07-10,5.7075
2023-07-11,5.7175
2023-07-12,5.4975
2023-07-13,5.935
2023-07-14,6.08
2023-07-17,4.9925
2023-07-18,5.2875
2023-07-19,5.455
2023-07-20,5.3725
2023-07-21,5.28
2023-07-24,5.605
2023-07-25,5.575
2023-07-26,5.4025
2023-07-27,5.3325
2023-07-28,5.22
2023-07-31,5.0275
2023-08-01,4.97
2023-08-02,4.8825
2023-08-03,4.8075
2023-08-04,4.8475
2023-08-07,4.8225
2023-08-08,4.8575
2023-08-09,4.81
2023-08-10,4.8325
2023-08-11,4.755
2023-08-14,4.7475
2023-08-15,4.64
2023-08-16,4.695
2023-08-17,4.73
2023-08-18,4.79
2023-08-21,4.6925
2023-08-22,4.665
2023-08-23,4.7625
2023-08-24,4.7225
2023-08-25,4.695
2023-08-28,4.785
2023-08-29,4.695
2023-08-30,4.6175
2023-08-31,4.61
2023-09-01,4.6525
2023-09-04,4.6475
2023-09-05,4.71
2023-09-06,4.715
2023-09-07,4.7075
2023-09-08,4.685
2023-09-11,4.7125
2023-09-12,4.6325
2023-09-13,4.64
2023-09-14,4.625
2023-09-15,4.7525
2023-09-18,4.715
2023-09-19,4.7625
2023-09-20,4.8225
2023-09-21,4.7525
2023-09-22,4.7775
2023-09-25,4.8125
2023-09-26,4.7975
2023-09-27,4.8325
2023-09-28,4.885
2023-09-29,4.76
2023-10-02,4.8875
2023-10-03,4.875
2023-10-04,4.86
2023-10-05,4.975
2023-10-06,4.925
2023-10-09,4.8825
2023-10-10,4.855
2023-10-11,4.88
2023-10-12,4.96
2023-10-13,4.94
2023-10-16,4.9
2023-10-17,4.89
2023-10-18,4.92
2023-10-19,5.05
2023-10-20,4.955
2023-10-23,4.9075
2023-10-24,4.84
2023-10-25,4.8
2023-10-26,4.7925
2023-10-27,4.815
2023-10-30,4.7825
2023-10-31,4.7875
2023-11-01,4.75
2023-11-02,4.7
2023-11-03,4.78
2023-11-06,4.7775
2023-11-07,4.69
2023-11-08,4.75
2023-11-09,4.68
2023-11-10,4.64
2023-11-13,4.7725
2023-11-14,4.7825
2023-11-15,4.7075
2023-11-16,4.7475
2023-11-17,4.68
2023-11-20,4.655
2023-11-24,4.6375
2023-11-27,4.6325
2023-11-28,4.555
2023-11-29,4.515
2023-11-30,4.4975
2023-12-01,4.6175
2023-12-04,4.645
2023-12-05,4.6025
2023-12-06,4.685
2023-12-07,4.6825
2023-12-08,4.6625
2023-12-11,4.605
2023-12-12,4.625
2023-12-13,4.5675
2023-12-14,4.5675
2023-12-15,4.825
2023-12-18,4.77
2023-12-19,4.7275
2023-12-20,4.6975
2023-12-21,4.725
2023-12-22,4.7275
2023-12-25,4.73
2023-12-26,4.8025
2023-12-27,4.765
2023-12-28,4.7425
2023-12-29,4.7075
2024-01-01,4.7125
2024-01-02,4.6375
2024-01-03,4.6525
2024-01-04,4.665
2024-01-05,4.6175
2024-01-08,4.55
2024-01-09,4.5925
2024-01-10,4.595
2024-01-11,4.5775
2024-01-12,4.4875
2024-01-15,4.47
2024-01-16,4.435
2024-01-17,4.4225
2024-01-18,4.44
2024-01-19,4.4525
2024-01-22,4.4575
2024-01-23,4.465
2024-01-24,4.5225
2024-01-25,4.5175
2024-01-26,4.465
2024-01-29,4.4025
2024-01-30,4.4775
2024-01-31,4.4825
2024-02-01,4.4725
2024-02-02,4.4275
2024-02-05,4.4275
2024-02-06,4.3875
2024-02-07,4.3425
2024-02-08,4.3325
2024-02-09,4.305
2024-02-12,4.305
2024-02-13,4.3075
2024-02-14,4.2425
2024-02-15,4.1775
2024-02-16,4.165
2024-02-19,4.165
2024-02-20,4.1875
2024-02-21,4.11
2024-02-22,4.06
2024-02-23,3.9975
2024-02-26,4.07
2024-02-27,4.0825
2024-02-28,4.1325
2024-02-29,4.1575
2024-03-01,4.1225
2024-03-04,4.175
2024-03-05,4.135
2024-03-06,4.18
2024-03-07,4.26
2024-03-08,4.26
2024-03-11,4.2825
2024-03-12,4.29
2024-03-13,4.265
2024-03-14,4.3375
2024-03-15,4.38
2024-03-18,4.36
2024-03-19,4.395
2024-03-20,4.39
2024-03-21,4.4075
2024-03-22,4.395
2024-03-25,4.3775
2024-03-26,4.325
2024-03-27,4.2675
2024-03-28,4.4225
2024-03-29,4.4225
2024-04-01,4.355
2024-04-02,4.265
2024-04-03,4.3175
2024-04-04,4.3525
2024-04-05,4.3375
2024-04-08,4.355
2024-04-09,4.3125
2024-04-10,4.3425
2024-04-11,4.3425
2024-04-12,4.2875
2024-04-15,4.355
2024-04-16,4.315
2024-04-17,4.31
2024-04-18,4.3025
2024-04-19,4.2675
2024-04-22,4.335
2024-04-23,4.4
2024-04-24,4.43
2024-04-25,4.375
2024-04-26,4.4125
2024-04-29,4.4
2024-04-30,4.4075
2024-05-01,4.43
2024-05-02,4.5125
2024-05-03,4.47
2024-05-06,4.57
2024-05-07,4.5375
2024-05-08,4.455
2024-05-09,4.4275
2024-05-10,4.5525
2024-05-13,4.615
2024-05-14,4.5575
2024-05-15,4.63
2024-05-16,4.625
2024-05-17,4.5275
2024-05-20,4.6025
2024-05-21,4.58
2024-05-22,4.61
2024-05-23,4.645
2024-05-24,4.65
2024-05-27,4.65
2024-05-28,4.6325
2024-05-29,4.555
2024-05-30,4.485
2024-05-31,4.4575
2024-06-03,4.43
2024-06-04,4.42
2024-06-05,4.3925
2024-06-06,4.3925
2024-06-07,4.5325
2024-06-10,4.51
2024-06-11,4.4925
2024-06-12,4.5325
2024-06-13,4.5825
2024-06-14,4.485
2024-06-17,4.4375
2024-06-18,4.48
2024-06-19,4.48
2024-06-20,4.3975
2024-06-21,4.3525
2024-06-24,4.3525
2024-06-25,4.2375
2024-06-26,4.19
2024-06-27,4.15
2024-06-28,3.98
2024-07-01,3.9875
2024-07-02,3.9875
2024-07-03,4.0375
2024-07-04,4.0375
2024-07-05,4.12
2024-07-08,3.9825
2024-07-09,3.9975
2024-07-10,4.0575
2024-07-11,4.09
2024-07-12,4.035
2024-07-15,3.8975
2024-07-16,3.96
2024-07-17,3.99
2024-07-18,3.915
2024-07-19,3.915
2024-07-22,4.005
2024-07-23,4.02
2024-07-24,4.0375
2024-07-25,4.065
2024-07-26,3.9475
2024-07-29,3.9675
2024-07-30,3.8775
2024-07-31,3.8775
2024-08-01,3.835
2024-08-02,3.87
2024-08-05,3.9125
2024-08-06,3.9125
2024-08-07,3.8775
2024-08-08,3.7875
2024-08-09,3.77
2024-08-12,3.835
2024-08-13,3.835
2024-08-14,3.775
2024-08-15,3.75
2024-08-16,3.75
2024-08-19,3.7825
2024-08-20,3.755
2024-08-21,3.76
2024-08-22,3.7075
2024-08-23,3.6775
2024-08-26,3.6775
2024-08-27,3.6725
2024-08-28,3.6725
2024-08-29,3.705
2024-08-30,3.785
2024-09-02,3.785
2024-09-03,3.8525
2024-09-04,3.9125
2024-09-05,3.9
2024-09-06,3.83
2024-09-09,3.8425
2024-09-10,3.81
2024-09-11,3.81
2024-09-12,3.875
2024-09-13,4.1375
2024-09-16,4.1025
2024-09-17,4.1225
2024-09-18,4.1225
2024-09-19,4.0575
2024-09-20,4.015
2024-09-23,4.13
2024-09-24,4.13
2024-09-25,4.1175
2024-09-26,4.15
2024-09-27,4.175
2024-09-30,4.175
2024-10-01,4.24
2024-10-02,4.3175
2024-10-03,4.28
2024-10-04,4.2525
2024-10-07,4.2525
2024-10-08,4.265
2024-10-09,4.2125
2024-10-10,4.2125
2024-10-11,4.165
2024-10-14,4.0775
2024-10-15,4.015
2024-10-16,4.015
2024-10-17,4.045
2024-10-18,4.0675
2024-10-21,4.095
2024-10-22,4.095
2024-10-23,4.19
2024-10-24,4.215
2024-10-25,4.215
2024-10-28,0.0
2024-10-29,4.1375
2024-10-30,4.115
2024-10-31,4.1125
2024-11-01,4.1475
2024-11-04,4.1625
2024-11-05,4.185
2024-11-06,4.265
2024-11-07,4.2825
2024-11-08,4.3125
2024-11-11,4.295
2024-11-12,4.295
2024-11-13,4.26
2024-11-14,4.1875
2024-11-15,4.24
2024-11-18,4.2925
2024-11-19,4.2925
2024-11-20,4.2725
2024-11-21,4.27
2024-11-22,4.26
2024-11-25,4.26
2024-11-26,4.195
2024-11-27,4.15
2024-11-28,4.15
2024-11-29,4.2325
2024-12-02,4.2525
2024-12-03,4.235
2024-12-04,4.2225
2024-12-05,4.2575
2024-12-06,4.3125
2024-12-09,4.335
2024-12-10,4.405
2024-12-11,4.395
2024-12-12,4.3275
2024-12-13,4.3275
2024-12-16,4.45
2024-12-17,4.435
2024-12-18,4.435
2024-12-19,4.375
2024-12-20,4.46
2024-12-23,4.4775
2024-12-24,4.485
2024-12-25,4.485
2024-12-26,4.5375
2024-12-27,4.5375
2024-12-30,4.5275
2024-12-31,4.5875
2025-01-01,4.5875
2025-01-02,4.5875
2025-01-03,4.595
2025-01-06,4.5675
2025-01-07,4.5775
2025-01-08,4.5775
2025-01-09,4.54
2025-01-10,4.71
2025-01-13,4.7575
2025-01-14,4.7575
2025-01-15,4.7875
2025-01-16,4.7875
2025-01-17,4.8475
2025-01-20,4.8475
2025-01-21,4.895
2025-01-22,4.8425
2025-01-23,4.8925
2025-01-24,4.8575
2025-01-27,4.8225
2025-01-28,4.8225
2025-01-29,4.8525
2025-01-30,4.9625
2025-01-31,4.8275
2025-02-03,4.88
2025-02-04,4.94
2025-02-05,4.9325
2025-02-06,4.955
2025-02-07,4.875
2025-02-10,4.9175
2025-02-11,4.9175
2025-02-12,4.9075
2025-02-13,4.9325
2025-02-14,4.965
2025-02-17,4.965
2025-02-18,5.02
2025-02-19,4.9775
2025-02-20,4.975
2025-02-21,4.905
2025-02-24,4.98
2025-02-25,4.805
2025-02-26,4.79
2025-02-27,4.64
2025-02-28,4.64
2025-03-03,4.405
2025-03-04,4.37
2025-03-05,4.4125
2025-03-06,4.4125
2025-03-07,4.555
2025-03-10,4.58
2025-03-11,4.6
2025-03-12,4.4925
2025-03-13,4.55
2025-03-14,4.4325
2025-03-17,4.5875
2025-03-18,4.5775
2025-03-19,4.62
2025-03-20,4.62
2025-03-21,4.63
2025-03-24,4.645
2025-03-25,4.585
2025-03-26,4.585
2025-03-27,4.5
2025-03-28,4.53
2025-03-31,4.53
2025-04-01,4.6025
2025-04-02,4.6025
2025-04-03,4.585
2025-04-04,4.605
2025-04-07,4.645
2025-04-08,4.645
2025-04-09,4.735
2025-04-10,4.825
2025-04-11,4.895
2025-04-14,4.8425
2025-04-15,4.8075
2025-04-16,4.8375
2025-04-17,4.825
2025-04-18,4.825
2025-04-21,4.82
2025-04-22,4.75
2025-04-23,4.72
2025-04-24,4.72
2025-04-25,4.7725
2025-04-28,4.7525
2025-04-29,4.7525
2025-04-30,4.67
2025-05-01,4.67
2025-05-02,4.6075
2025-05-05,4.475
2025-05-06,4.48
2025-05-07,4.42
2025-05-08,4.4025
2025-05-09,4.4025
2025-05-12,4.4
2025-05-13,4.4
2025-05-14,4.385
2025-05-15,4.4825
2025-05-16,4.43
2025-05-19,4.47
2025-05-20,4.545
2025-05-21,4.6
2025-05-22,4.6275
2025-05-23,4.6275
2025-05-26,4.59
2025-05-27,4.5825
2025-05-28,4.5075
2025-05-29,4.47
2025-05-30,4.435
2025-06-02,4.3825
2025-06-03,4.3825
2025-06-04,4.38
2025-06-05,4.3825
2025-06-06,4.42
2025-06-09,4.42
2025-06-10,4.39
2025-06-11,4.365
2025-06-12,4.385
2025-06-13,4.385
2025-06-16,4.3425
2025-06-17,4.3075
2025-06-18,4.3275
2025-06-19,4.3275
2025-06-20,4.29
2025-06-23,4.185
2025-06-24,4.185
2025-06-25,4.15
2025-06-26,4.105
2025-06-27,4.175
2025-06-30,4.175
2025-07-01,4.21
2025-07-02,4.2
2025-07-03,4.3025
2025-07-04,4.33
2025-07-07,4.33
2025-07-08,4.2025
2025-07-09,4.1225
2025-07-10,4.1375
2025-07-11,4.0725
2025-07-14,4.0975
2025-07-15,4.1275
2025-07-16,4.0125
2025-07-17,4.0525
2025-07-18,4.02
2025-07-21,4.085
2025-07-22,4.0375
2025-07-23,3.9925
2025-07-24,3.985
2025-07-25,4.0175
2025-07-28,3.995
2025-07-29,3.9375
2025-07-30,3.8925
2025-07-31,3.9175
2025-08-01,3.94
2025-08-04,3.87
2025-08-05,3.87
2025-08-06,3.815
2025-08-07,3.7975
2025-08-08,3.845
2025-08-11,3.85
2025-08-12,3.85
2025-08-13,3.715
2025-08-14,3.74
2025-08-15,3.75
2025-08-18,3.8425
2025-08-19,3.83
2025-08-20,3.795
2025-08-21,3.8725
2025-08-22,3.8725
2025-08-25,3.8825
2025-08-26,3.8925
2025-08-27,3.875
2025-08-28,3.825
2025-08-29,3.855
2025-09-01,3.9825
2025-09-02,3.9825
2025-09-03,3.9775
2025-09-04,3.9775
2025-09-05,3.9975
2025-09-08,3.9775
2025-09-09,4.03
2025-09-10,4.0125
2025-09-11,3.9725
2025-09-12,3.99
2025-09-15,4.2325
2025-09-16,4.2325
2025-09-17,4.295
2025-09-18,4.2675
2025-09-19,4.2375
2025-09-22,4.2425
2025-09-23,4.2175
2025-09-24,4.2625
2025-09-25,4.2425
2025-09-26,4.2575
2025-09-29,4.215
2025-09-30,4.215
2025-10-01,4.155
2025-10-02,4.165
2025-10-03,4.2175
2025-10-06,4.195
2025-10-07,4.2175
2025-10-08,4.1975
2025-10-09,4.22
2025-10-10,4.1825
2025-10-13,4.135
2025-10-14,4.13
2025-10-15,4.13
2025-10-16,4.1675
2025-10-17,4.2175
2025-10-20,4.23
2025-10-21,4.2325
2025-10-22,4.1975
2025-10-23,4.23
2025-10-24,4.28
2025-10-27,4.24
2025-10-28,4.2875
2025-10-29,4.34
2025-10-30,4.3025
2025-10-31,4.31
2025-11-03,4.3425
2025-11-04,4.315
2025-11-05,4.3525
2025-11-06,4.2875
2025-11-07,4.2725
2025-11-10,4.2975
2025-11-11,4.32
2025-11-12,4.3525
2025-11-13,4.415
2025-11-14,4.3025
2025-11-17,4.3475
2025-11-18,4.3675
2025-11-19,4.2975
2025-11-20,4.265
2025-11-21,4.255
2025-11-24,4.2375
2025-11-25,4.235
2025-11-26,4.3175
2025-11-27,4.3175
2025-11-28,4.355
2025-12-01,4.3275
2025-12-02,4.38
2025-12-03,4.315
2025-12-04,4.3775
2025-12-05,4.3675
2025-12-08,4.3625
2025-12-09,4.4075
2025-12-10,4.3475
2025-12-11,4.3525
2025-12-12,4.325
2025-12-15,4.3975
2025-12-16,4.365
2025-12-17,4.405
2025-12-18,4.445
2025-12-19,4.4375
2025-12-22,4.47
2025-12-23,4.4725
2025-12-24,4.505
2025-12-25,4.51
2025-12-26,4.495
2025-12-29,4.425
2025-12-30,4.405
2025-12-31,4.41
2026-01-01,4.4025
2026-01-02,4.37
2026-01-05,4.445
2026-01-06,4.4375
2026-01-07,4.4625
2026-01-08,4.4575
2026-01-09,4.4525
2026-01-12,4.2175
2026-01-13,4.2025
2026-01-14,4.2225
2026-01-15,4.2025
2026-01-16,4.25
2026-01-19,4.25
2026-01-20,4.24
2026-01-21,4.2175
2026-01-22,4.24
2026-01-23,4.3075
2026-01-26,4.285
2026-01-27,4.265
2026-01-28,4.3075
2026-01-29,4.31
2026-01-30,4.2825
2026-02-02,4.2575
2026-02-03,4.285
2026-02-04,4.295
2026-02-05,4.35
2026-02-06,4.3025
2026-02-09,4.2875
2026-02-10,4.2875
2026-02-11,4.275
2026-02-12,4.3125
2026-02-13,4.3175
2026-02-16,4.3175
2026-02-17,4.2625
2026-02-18,4.27
2026-02-19,4.2575
2026-02-20,4.275
2026-02-23,4.275
2026-02-24,4.2775
2026-02-25,4.305
2026-02-26,4.3325
2026-02-27,4.3875
2026-03-02,4.3325
2026-03-03,4.3425
2026-03-04,4.3175
2026-03-05,4.415
2026-03-06,4.4875
