Date,Value
1986-01-02,0.59
1986-01-03,0.59
1986-01-06,0.59
1986-01-07,0.59
1986-01-08,0.59
1986-01-09,0.595
1986-01-10,0.595
1986-01-13,0.595
1986-01-14,0.595
1986-01-15,0.595
1986-01-16,0.595
1986-01-17,0.6
1986-01-20,0.6
1986-01-21,0.6
1986-01-22,0.6
1986-01-23,0.6
1986-01-24,0.6
1986-01-27,0.6
1986-01-28,0.6
1986-01-29,0.6
1986-01-30,0.6
1986-01-31,0.6
1986-02-03,0.6
1986-02-04,0.6
1986-02-05,0.6
1986-02-06,0.6
1986-02-07,0.6
1986-02-10,0.6
1986-02-11,0.6
1986-02-12,0.6
1986-02-13,0.6
1986-02-14,0.6
1986-02-18,0.62
1986-02-19,0.62
1986-02-20,0.62
1986-02-21,0.62
1986-02-24,0.62
1986-02-25,0.62
1986-02-26,0.62
1986-02-27,0.62
1986-02-28,0.62
1986-03-03,0.62
1986-03-04,0.62
1986-03-05,0.62
1986-03-06,0.62
1986-03-07,0.62
1986-03-10,0.62
1986-03-11,0.62
1986-03-12,0.62
1986-03-13,0.625
1986-03-14,0.625
1986-03-17,0.625
1986-03-18,0.625
1986-03-19,0.625
1986-03-20,0.625
1986-03-21,0.625
1986-03-24,0.625
1986-03-25,0.6275
1986-03-26,0.6275
1986-03-27,0.63
1986-03-31,0.63
1986-04-01,0.63
1986-04-02,0.63
1986-04-03,0.63
1986-04-04,0.63
1986-04-07,0.63
1986-04-08,0.63
1986-04-09,0.63
1986-04-10,0.63
1986-04-11,0.6325
1986-04-14,0.6325
1986-04-15,0.635
1986-04-16,0.635
1986-04-17,0.635
1986-04-18,0.635
1986-04-21,0.635
1986-04-22,0.635
1986-04-23,0.635
1986-04-24,0.635
1986-04-25,0.635
1986-04-28,0.635
1986-04-29,0.635
1986-04-30,0.635
1986-05-01,0.64
1986-05-02,0.64
1986-05-05,0.64
1986-05-06,0.64
1986-05-07,0.645
1986-05-08,0.645
1986-05-09,0.645
1986-05-12,0.645
1986-05-13,0.645
1986-05-14,0.65
1986-05-15,0.65
1986-05-16,0.65
1986-05-19,0.65
1986-05-20,0.65
1986-05-21,0.655
1986-05-22,0.655
1986-05-23,0.655
1986-05-27,0.655
1986-05-28,0.655
1986-05-29,0.655
1986-05-30,0.655
1986-06-02,0.655
1986-06-03,0.655
1986-06-04,0.665
1986-06-05,0.655
1986-06-06,0.655
1986-06-09,0.655
1986-06-10,0.655
1986-06-11,0.655
1986-06-12,0.655
1986-06-13,0.655
1986-06-16,0.655
1986-06-17,0.655
1986-06-18,0.655
1986-06-19,0.655
1986-06-20,0.655
1986-06-23,0.655
1986-06-24,0.655
1986-06-25,0.655
1986-06-26,0.655
1986-06-27,0.655
1986-06-30,0.655
1986-07-01,0.655
1986-07-02,0.655
1986-07-03,0.655
1986-07-07,0.655
1986-07-08,0.655
1986-07-09,0.655
1986-07-10,0.655
1986-07-11,0.655
1986-07-14,0.655
1986-07-15,0.655
1986-07-16,0.655
1986-07-17,0.655
1986-07-18,0.655
1986-07-21,0.655
1986-07-22,0.655
1986-07-23,0.655
1986-07-24,0.655
1986-07-25,0.655
1986-07-28,0.655
1986-07-29,0.655
1986-07-30,0.655
1986-07-31,0.655
1986-08-01,0.265
1986-08-04,0.265
1986-08-05,0.265
1986-08-06,0.265
1986-08-07,0.265
1986-08-08,0.265
1986-08-11,0.265
1986-08-12,0.265
1986-08-13,0.265
1986-08-14,0.265
1986-08-15,0.265
1986-08-18,0.265
1986-08-19,0.265
1986-08-20,0.265
1986-08-21,0.265
1986-08-22,0.265
1986-08-25,0.265
1986-08-26,0.265
1986-08-27,0.265
1986-08-28,0.265
1986-08-29,0.275
1986-09-02,0.275
1986-09-03,0.275
1986-09-04,0.285
1986-09-05,0.29
1986-09-08,0.29
1986-09-09,0.33
1986-09-10,0.33
1986-09-11,0.33
1986-09-12,0.33
1986-09-15,0.33
1986-09-16,0.34
1986-09-17,0.34
1986-09-18,0.34
1986-09-19,0.3575
1986-09-22,0.3575
1986-09-23,0.3675
1986-09-24,0.3675
1986-09-25,0.3675
1986-09-26,0.3675
1986-09-29,0.3675
1986-09-30,0.3955
1986-10-01,0.3975
1986-10-02,0.3975
1986-10-03,0.3975
1986-10-06,0.3975
1986-10-07,0.3975
1986-10-08,0.3975
1986-10-09,0.3975
1986-10-10,0.3975
1986-10-13,0.3975
1986-10-14,0.42
1986-10-15,0.42
1986-10-16,0.42
1986-10-17,0.42
1986-10-20,0.42
1986-10-21,0.443
1986-10-22,0.443
1986-10-23,0.443
1986-10-24,0.443
1986-10-27,0.443
1986-10-28,0.443
1986-10-29,0.443
1986-10-30,0.443
1986-10-31,0.433
1986-11-03,0.433
1986-11-04,0.433
1986-11-05,0.433
1986-11-06,0.433
1986-11-07,0.433
1986-11-10,0.433
1986-11-11,0.433
1986-11-12,0.433
1986-11-13,0.433
1986-11-14,0.433
1986-11-17,0.433
1986-11-18,0.433
1986-11-19,0.433
1986-11-20,0.453
1986-11-21,0.453
1986-11-24,0.453
1986-11-25,0.463
1986-11-26,0.463
1986-11-28,0.463
1986-12-01,0.463
1986-12-02,0.483
1986-12-03,0.483
1986-12-04,0.49
1986-12-05,0.49
1986-12-08,0.49
1986-12-09,0.5
1986-12-10,0.5
1986-12-11,0.52
1986-12-12,0.52
1986-12-15,0.52
1986-12-16,0.52
1986-12-17,0.52
1986-12-18,0.52
1986-12-19,0.52
1986-12-22,0.52
1986-12-23,0.53
1986-12-24,0.53
1986-12-26,0.53
1986-12-29,0.53
1986-12-30,0.54
1986-12-31,0.54
1987-01-02,0.54
1987-01-05,0.54
1987-01-06,0.54
1987-01-07,0.54
1987-01-08,0.545
1987-01-09,0.545
1987-01-12,0.545
1987-01-13,0.545
1987-01-14,0.545
1987-01-15,0.545
1987-01-16,0.545
1987-01-19,0.545
1987-01-20,0.545
1987-01-21,0.565
1987-01-22,0.565
1987-01-23,0.565
1987-01-26,0.565
1987-01-27,0.545
1987-01-28,0.545
1987-01-29,0.52
1987-01-30,0.52
1987-02-02,0.52
1987-02-03,0.53
1987-02-04,0.53
1987-02-05,0.53
1987-02-06,0.53
1987-02-09,0.53
1987-02-10,0.53
1987-02-11,0.53
1987-02-12,0.53
1987-02-13,0.53
1987-02-17,0.53
1987-02-18,0.53
1987-02-19,0.525
1987-02-20,0.525
1987-02-23,0.525
1987-02-24,0.525
1987-02-25,0.525
1987-02-26,0.525
1987-02-27,0.525
1987-03-02,0.525
1987-03-03,0.54
1987-03-04,0.54
1987-03-05,0.54
1987-03-06,0.54
1987-03-09,0.54
1987-03-10,0.53
1987-03-11,0.53
1987-03-12,0.525
1987-03-13,0.525
1987-03-16,0.525
1987-03-17,0.53
1987-03-18,0.53
1987-03-19,0.53
1987-03-20,0.53
1987-03-23,0.53
1987-03-24,0.535
1987-03-25,0.535
1987-03-26,0.535
1987-03-27,0.535
1987-03-30,0.535
1987-03-31,0.54
1987-04-01,0.54
1987-04-02,0.545
1987-04-03,0.545
1987-04-06,0.545
1987-04-07,0.54
1987-04-08,0.54
1987-04-09,0.54
1987-04-10,0.54
1987-04-13,0.54
1987-04-14,0.54
1987-04-15,0.56
1987-04-16,0.565
1987-04-20,0.565
1987-04-21,0.565
1987-04-22,0.565
1987-04-23,0.57
1987-04-24,0.57
1987-04-27,0.57
1987-04-28,0.57
1987-04-29,0.57
1987-04-30,0.57
1987-05-01,0.595
1987-05-04,0.595
1987-05-05,0.595
1987-05-06,0.595
1987-05-07,0.595
1987-05-08,0.6
1987-05-11,0.6
1987-05-12,0.63
1987-05-13,0.631
1987-05-14,0.6572
1987-05-15,0.6596
1987-05-18,0.6482
1987-05-19,0.6544
1987-05-20,0.6654
1987-05-21,0.6895
1987-05-22,0.6752
1987-05-26,0.6868
1987-05-27,0.7045
1987-05-28,0.6845
1987-05-29,0.687
1987-06-01,0.6735
1987-06-02,0.666
1987-06-03,0.6745
1987-06-04,0.6945
1987-06-05,0.7
1987-06-08,0.6816
1987-06-09,0.682
1987-06-10,0.679
1987-06-11,0.6965
1987-06-12,0.7163
1987-06-15,0.7325
1987-06-16,0.7132
1987-06-17,0.7
1987-06-18,0.7145
1987-06-19,0.7115
1987-06-22,0.7115
1987-06-23,0.7008
1987-06-24,0.6808
1987-06-25,0.6868
1987-06-26,0.6995
1987-06-29,0.7075
1987-06-30,0.708
1987-07-01,0.7047
1987-07-02,0.7098
1987-07-06,0.7073
1987-07-07,0.7105
1987-07-08,0.7132
1987-07-09,0.6995
1987-07-10,0.7193
1987-07-13,0.71
1987-07-14,0.713
1987-07-15,0.728
1987-07-16,0.7347
1987-07-17,0.7337
1987-07-20,0.7263
1987-07-21,0.7363
1987-07-22,0.7333
1987-07-23,0.7348
1987-07-24,0.7418
1987-07-27,0.741
1987-07-28,0.746
1987-07-29,0.756
1987-07-30,0.7638
1987-07-31,0.763
1987-08-03,0.7655
1987-08-04,0.7527
1987-08-05,0.7565
1987-08-06,0.7558
1987-08-07,0.742
1987-08-10,0.73
1987-08-11,0.7335
1987-08-12,0.7535
1987-08-13,0.7735
1987-08-14,0.7677
1987-08-17,0.7715
1987-08-18,0.7672
1987-08-19,0.7717
1987-08-20,0.7539
1987-08-21,0.7465
1987-08-24,0.7375
1987-08-25,0.731
1987-08-26,0.751
1987-08-27,0.75
1987-08-28,0.7305
1987-08-31,0.7219
1987-09-01,0.7242
1987-09-02,0.7095
1987-09-03,0.7118
1987-09-04,0.713
1987-09-08,0.693
1987-09-09,0.6815
1987-09-10,0.6825
1987-09-11,0.7025
1987-09-14,0.6943
1987-09-15,0.6889
1987-09-16,0.7089
1987-09-17,0.6925
1987-09-18,0.6975
1987-09-21,0.6923
1987-09-22,0.6795
1987-09-23,0.6995
1987-09-24,0.6932
1987-09-25,0.6832
1987-09-28,0.6632
1987-09-29,0.6587
1987-09-30,0.6641
1987-10-01,0.6562
1987-10-02,0.6625
1987-10-05,0.6554
1987-10-06,0.651
1987-10-07,0.6548
1987-10-08,0.6535
1987-10-09,0.6535
1987-10-12,0.6358
1987-10-13,0.6325
1987-10-14,0.6388
1987-10-15,0.6364
1987-10-16,0.6269
1987-10-19,0.6069
1987-10-20,0.6004
1987-10-21,0.6147
1987-10-22,0.605
1987-10-23,0.5958
1987-10-26,0.5958
1987-10-27,0.5838
1987-10-28,0.5936
1987-10-29,0.5988
1987-10-30,0.6188
1987-11-02,0.6347
1987-11-03,0.614
1987-11-04,0.621
1987-11-05,0.6225
1987-11-06,0.62
1987-11-09,0.623
1987-11-10,0.6057
1987-11-11,0.6078
1987-11-12,0.6278
1987-11-13,0.6469
1987-11-16,0.6469
1987-11-17,0.6535
1987-11-18,0.6468
1987-11-19,0.634
1987-11-20,0.621
1987-11-23,0.6317
1987-11-24,0.6473
1987-11-25,0.6473
1987-11-27,0.6525
1987-11-30,0.6362
1987-12-01,0.6162
1987-12-02,0.6206
1987-12-03,0.6006
1987-12-04,0.589
1987-12-07,0.5892
1987-12-08,0.5981
1987-12-09,0.6055
1987-12-10,0.5963
1987-12-11,0.5923
1987-12-14,0.5735
1987-12-15,0.5788
1987-12-16,0.5988
1987-12-17,0.617
1987-12-18,0.6101
1987-12-21,0.6146
1987-12-22,0.6122
1987-12-23,0.6291
1987-12-24,0.642
1987-12-28,0.636
1987-12-29,0.6252
1987-12-30,0.618
1987-12-31,0.618
1988-01-04,0.6148
1988-01-05,0.5993
1988-01-06,0.602
1988-01-07,0.5958
1988-01-08,0.5958
1988-01-11,0.593
1988-01-12,0.5813
1988-01-13,0.5996
1988-01-14,0.5929
1988-01-15,0.5866
1988-01-18,0.5795
1988-01-19,0.5845
1988-01-20,0.5741
1988-01-21,0.5843
1988-01-22,0.5869
1988-01-25,0.576
1988-01-26,0.5578
1988-01-27,0.5653
1988-01-28,0.5555
1988-01-29,0.5565
1988-02-01,0.5608
1988-02-02,0.5618
1988-02-03,0.5565
1988-02-04,0.5748
1988-02-05,0.5754
1988-02-08,0.5725
1988-02-09,0.5652
1988-02-10,0.564
1988-02-11,0.5715
1988-02-12,0.5692
1988-02-16,0.5798
1988-02-17,0.5998
1988-02-18,0.6015
1988-02-19,0.593
1988-02-22,0.573
1988-02-23,0.5568
1988-02-24,0.5612
1988-02-25,0.5775
1988-02-26,0.5819
1988-02-29,0.5853
1988-03-01,0.5895
1988-03-02,0.5956
1988-03-03,0.5933
1988-03-04,0.5971
1988-03-07,0.5872
1988-03-08,0.5877
1988-03-09,0.5863
1988-03-10,0.5935
1988-03-11,0.607
1988-03-14,0.6097
1988-03-15,0.6086
1988-03-16,0.6145
1988-03-17,0.6147
1988-03-18,0.6103
1988-03-21,0.6096
1988-03-22,0.6143
1988-03-23,0.6109
1988-03-24,0.6143
1988-03-25,0.6065
1988-03-28,0.6011
1988-03-29,0.6089
1988-03-30,0.6117
1988-03-31,0.6088
1988-04-04,0.5888
1988-04-05,0.5837
1988-04-06,0.5897
1988-04-07,0.5975
1988-04-08,0.5982
1988-04-11,0.6069
1988-04-12,0.6127
1988-04-13,0.6105
1988-04-14,0.6095
1988-04-15,0.6072
1988-04-18,0.5937
1988-04-19,0.5905
1988-04-20,0.5933
1988-04-21,0.6064
1988-04-22,0.618
1988-04-25,0.616
1988-04-26,0.6169
1988-04-27,0.6251
1988-04-28,0.6063
1988-04-29,0.6078
1988-05-02,0.6043
1988-05-03,0.6027
1988-05-04,0.5978
1988-05-05,0.5967
1988-05-06,0.5923
1988-05-09,0.6065
1988-05-10,0.6046
1988-05-11,0.6039
1988-05-12,0.6198
1988-05-13,0.6265
1988-05-16,0.6441
1988-05-17,0.6362
1988-05-18,0.629
1988-05-19,0.6265
1988-05-20,0.6388
1988-05-23,0.6305
1988-05-24,0.6367
1988-05-25,0.6257
1988-05-26,0.624
1988-05-27,0.6296
1988-05-31,0.6445
1988-06-01,0.6368
1988-06-02,0.6364
1988-06-03,0.6388
1988-06-06,0.6584
1988-06-07,0.653
1988-06-08,0.633
1988-06-09,0.634
1988-06-10,0.6372
1988-06-13,0.6405
1988-06-14,0.6441
1988-06-15,0.6641
1988-06-16,0.6542
1988-06-17,0.649
1988-06-20,0.667
1988-06-21,0.6625
1988-06-22,0.658
1988-06-23,0.638
1988-06-24,0.6305
1988-06-27,0.6545
1988-06-28,0.6305
1988-06-29,0.6105
1988-06-30,0.591
1988-07-01,0.596
1988-07-05,0.5843
1988-07-06,0.6023
1988-07-07,0.5823
1988-07-08,0.5823
1988-07-11,0.5798
1988-07-12,0.5765
1988-07-13,0.5608
1988-07-14,0.5625
1988-07-15,0.5621
1988-07-18,0.5578
1988-07-19,0.5602
1988-07-20,0.565
1988-07-21,0.567
1988-07-22,0.5724
1988-07-25,0.5724
1988-07-26,0.5588
1988-07-27,0.5539
1988-07-28,0.561
1988-07-29,0.5647
1988-08-01,0.5615
1988-08-02,0.5502
1988-08-03,0.5415
1988-08-04,0.587
1988-08-05,0.585
1988-08-08,0.5847
1988-08-09,0.595
1988-08-10,0.6035
1988-08-11,0.5928
1988-08-12,0.5728
1988-08-15,0.5725
1988-08-16,0.569
1988-08-17,0.5752
1988-08-18,0.5689
1988-08-19,0.5675
1988-08-22,0.542
1988-08-23,0.524
1988-08-24,0.5275
1988-08-25,0.5265
1988-08-26,0.5425
1988-08-29,0.5552
1988-08-30,0.5431
1988-08-31,0.5325
1988-09-01,0.5008
1988-09-02,0.5044
1988-09-06,0.505
1988-09-07,0.505
1988-09-08,0.505
1988-09-09,0.515
1988-09-12,0.515
1988-09-13,0.515
1988-09-14,0.515
1988-09-15,0.515
1988-09-16,0.525
1988-09-19,0.52
1988-09-20,0.52
1988-09-21,0.52
1988-09-22,0.52
1988-09-23,0.515
1988-09-26,0.515
1988-09-27,0.51
1988-09-28,0.51
1988-09-29,0.5025
1988-09-30,0.495
1988-10-03,0.495
1988-10-04,0.495
1988-10-05,0.495
1988-10-06,0.495
1988-10-07,0.505
1988-10-10,0.505
1988-10-11,0.505
1988-10-12,0.505
1988-10-13,0.5
1988-10-14,0.51
1988-10-17,0.5125
1988-10-18,0.5125
1988-10-19,0.5125
1988-10-20,0.5125
1988-10-21,0.5225
1988-10-24,0.5225
1988-10-25,0.5275
1988-10-26,0.5275
1988-10-27,0.52
1988-10-28,0.5275
1988-10-31,0.5275
1988-11-01,0.5275
1988-11-02,0.5275
1988-11-03,0.5275
1988-11-04,0.525
1988-11-07,0.525
1988-11-08,0.5225
1988-11-09,0.5225
1988-11-10,0.5225
1988-11-11,0.5225
1988-11-14,0.52
1988-11-15,0.52
1988-11-16,0.5167
1988-11-17,0.5107
1988-11-18,0.4982
1988-11-21,0.4998
1988-11-22,0.5025
1988-11-23,0.5118
1988-11-25,0.522
1988-11-28,0.5273
1988-11-29,0.5244
1988-11-30,0.53
1988-12-01,0.5338
1988-12-02,0.5368
1988-12-05,0.5396
1988-12-06,0.5247
1988-12-07,0.5353
1988-12-08,0.5084
1988-12-09,0.5145
1988-12-12,0.5194
1988-12-13,0.528
1988-12-14,0.5305
1988-12-15,0.5363
1988-12-16,0.5365
1988-12-19,0.538
1988-12-20,0.538
1988-12-21,0.5403
1988-12-22,0.54
1988-12-23,0.54
1988-12-27,0.5294
1988-12-28,0.5268
1988-12-29,0.526
1988-12-30,0.5324
1989-01-03,0.5142
1989-01-04,0.5088
1989-01-05,0.5263
1989-01-06,0.5432
1989-01-09,0.5434
1989-01-10,0.539
1989-01-11,0.5371
1989-01-12,0.5367
1989-01-13,0.539
1989-01-16,0.5405
1989-01-17,0.5449
1989-01-18,0.5423
1989-01-19,0.543
1989-01-20,0.5438
1989-01-23,0.5528
1989-01-24,0.5521
1989-01-25,0.547
1989-01-26,0.5528
1989-01-27,0.5565
1989-01-30,0.5493
1989-01-31,0.5503
1989-02-01,0.5555
1989-02-02,0.5462
1989-02-03,0.5424
1989-02-06,0.5497
1989-02-07,0.5468
1989-02-08,0.5464
1989-02-09,0.5289
1989-02-10,0.5363
1989-02-13,0.5319
1989-02-14,0.5405
1989-02-15,0.5446
1989-02-16,0.5373
1989-02-17,0.5385
1989-02-21,0.5432
1989-02-22,0.5498
1989-02-23,0.545
1989-02-24,0.5398
1989-02-27,0.5415
1989-02-28,0.5379
1989-03-01,0.5363
1989-03-02,0.5354
1989-03-03,0.55
1989-03-06,0.55
1989-03-07,0.55
1989-03-08,0.55
1989-03-09,0.55
1989-03-10,0.555
1989-03-13,0.555
1989-03-14,0.555
1989-03-15,0.56
1989-03-16,0.56
1989-03-17,0.57
1989-03-20,0.57
1989-03-21,0.57
1989-03-22,0.57
1989-03-23,0.57
1989-03-27,0.585
1989-03-28,0.5775
1989-03-29,0.5775
1989-03-30,0.5775
1989-03-31,0.5775
1989-04-03,0.5775
1989-04-04,0.57
1989-04-05,0.57
1989-04-06,0.585
1989-04-07,0.595
1989-04-10,0.595
1989-04-11,0.605
1989-04-12,0.6
1989-04-13,0.6071
1989-04-14,0.6024
1989-04-17,0.6031
1989-04-18,0.6118
1989-04-19,0.6107
1989-04-20,0.6073
1989-04-21,0.6146
1989-04-24,0.6116
1989-04-25,0.6084
1989-04-26,0.6005
1989-04-27,0.5989
1989-04-28,0.5968
1989-05-01,0.599
1989-05-02,0.6098
1989-05-03,0.6225
1989-05-04,0.627
1989-05-05,0.6265
1989-05-08,0.6279
1989-05-09,0.6251
1989-05-10,0.632
1989-05-11,0.6338
1989-05-12,0.6353
1989-05-15,0.6296
1989-05-16,0.6248
1989-05-17,0.6272
1989-05-18,0.6306
1989-05-19,0.6275
1989-05-22,0.6222
1989-05-23,0.6235
1989-05-24,0.6255
1989-05-25,0.624
1989-05-26,0.6282
1989-05-30,0.632
1989-05-31,0.6361
1989-06-01,0.6341
1989-06-02,0.6311
1989-06-05,0.6111
1989-06-06,0.5958
1989-06-07,0.5891
1989-06-08,0.5993
1989-06-09,0.607
1989-06-12,0.627
1989-06-13,0.6449
1989-06-14,0.6509
1989-06-15,0.6269
1989-06-16,0.6296
1989-06-19,0.6191
1989-06-20,0.635
1989-06-21,0.635
1989-06-22,0.64
1989-06-23,0.64
1989-06-26,0.64
1989-06-27,0.64
1989-06-28,0.64
1989-06-29,0.64
1989-06-30,0.6425
1989-07-03,0.6475
1989-07-05,0.6525
1989-07-06,0.6525
1989-07-07,0.6435
1989-07-10,0.6475
1989-07-11,0.6475
1989-07-12,0.6475
1989-07-13,0.655
1989-07-14,0.66
1989-07-17,0.6675
1989-07-18,0.67
1989-07-19,0.67
1989-07-20,0.67
1989-07-21,0.67
1989-07-24,0.67
1989-07-25,0.67
1989-07-26,0.67
1989-07-27,0.68
1989-07-28,0.68
1989-07-31,0.7
1989-08-01,0.7075
1989-08-02,0.7075
1989-08-03,0.7075
1989-08-04,0.7075
1989-08-07,0.7075
1989-08-08,0.6975
1989-08-09,0.7025
1989-08-10,0.7025
1989-08-11,0.7025
1989-08-14,0.7025
1989-08-15,0.6925
1989-08-16,0.68
1989-08-17,0.68
1989-08-18,0.68
1989-08-21,0.68
1989-08-22,0.695
1989-08-23,0.695
1989-08-24,0.695
1989-08-25,0.7
1989-08-28,0.7
1989-08-29,0.7
1989-08-30,0.7
1989-08-31,0.7
1989-09-01,0.7
1989-09-05,0.7
1989-09-06,0.68
1989-09-07,0.6748
1989-09-08,0.674
1989-09-11,0.6717
1989-09-12,0.6677
1989-09-13,0.6877
1989-09-14,0.6924
1989-09-15,0.6895
1989-09-18,0.6899
1989-09-19,0.6881
1989-09-20,0.685
1989-09-21,0.6704
1989-09-22,0.668
1989-09-25,0.677
1989-09-26,0.672
1989-09-27,0.6573
1989-09-28,0.6603
1989-09-29,0.6793
1989-10-02,0.6938
1989-10-03,0.6872
1989-10-04,0.6845
1989-10-05,0.6837
1989-10-06,0.699
1989-10-09,0.6861
1989-10-10,0.6824
1989-10-11,0.6833
1989-10-12,0.6905
1989-10-13,0.6945
1989-10-16,0.6873
1989-10-17,0.6753
1989-10-18,0.6817
1989-10-19,0.6753
1989-10-20,0.679
1989-10-23,0.6802
1989-10-24,0.6813
1989-10-25,0.6872
1989-10-26,0.6893
1989-10-27,0.6833
1989-10-30,0.6893
1989-10-31,0.6998
1989-11-01,0.7007
1989-11-02,0.7013
1989-11-03,0.6987
1989-11-06,0.6902
1989-11-07,0.6895
1989-11-08,0.6915
1989-11-09,0.6934
1989-11-10,0.6742
1989-11-13,0.6646
1989-11-14,0.6667
1989-11-15,0.6703
1989-11-16,0.6654
1989-11-17,0.6659
1989-11-20,0.657
1989-11-21,0.6519
1989-11-22,0.6572
1989-11-24,0.6572
1989-11-27,0.6358
1989-11-28,0.6245
1989-11-29,0.6274
1989-11-30,0.6338
1989-12-01,0.6344
1989-12-04,0.6144
1989-12-05,0.6097
1989-12-06,0.6165
1989-12-07,0.6011
1989-12-08,0.5868
1989-12-11,0.6041
1989-12-12,0.6073
1989-12-13,0.6164
1989-12-14,0.6065
1989-12-15,0.615
1989-12-18,0.6142
1989-12-19,0.6047
1989-12-20,0.5986
1989-12-21,0.6103
1989-12-22,0.6171
1989-12-26,0.6371
1989-12-27,0.6327
1989-12-28,0.6286
1989-12-29,0.6232
1990-01-02,0.6159
1990-01-03,0.6285
1990-01-04,0.611
1990-01-05,0.6006
1990-01-08,0.6015
1990-01-09,0.6038
1990-01-10,0.5923
1990-01-11,0.609
1990-01-12,0.604
1990-01-15,0.6047
1990-01-16,0.601
1990-01-17,0.6115
1990-01-18,0.6075
1990-01-19,0.6127
1990-01-22,0.6096
1990-01-23,0.6104
1990-01-24,0.602
1990-01-25,0.5942
1990-01-26,0.5876
1990-01-29,0.5891
1990-01-30,0.5997
1990-01-31,0.6205
1990-02-01,0.6191
1990-02-02,0.6211
1990-02-05,0.6264
1990-02-06,0.6152
1990-02-07,0.6243
1990-02-08,0.6267
1990-02-09,0.62
1990-02-12,0.6278
1990-02-13,0.6393
1990-02-14,0.6483
1990-02-15,0.6521
1990-02-16,0.6484
1990-02-20,0.6444
1990-02-21,0.6523
1990-02-22,0.6497
1990-02-23,0.6498
1990-02-26,0.6498
1990-02-27,0.6488
1990-02-28,0.6466
1990-03-01,0.6455
1990-03-02,0.6479
1990-03-05,0.6679
1990-03-06,0.667
1990-03-07,0.6677
1990-03-08,0.6812
1990-03-09,0.682
1990-03-12,0.682
1990-03-13,0.6778
1990-03-14,0.674
1990-03-15,0.6724
1990-03-16,0.682
1990-03-19,0.6811
1990-03-20,0.6711
1990-03-21,0.6652
1990-03-22,0.6671
1990-03-23,0.6744
1990-03-26,0.6732
1990-03-27,0.6751
1990-03-28,0.6763
1990-03-29,0.6912
1990-03-30,0.697
1990-04-02,0.7116
1990-04-03,0.7101
1990-04-04,0.7097
1990-04-05,0.7076
1990-04-06,0.7003
1990-04-09,0.7013
1990-04-10,0.7139
1990-04-11,0.7083
1990-04-12,0.7113
1990-04-16,0.7132
1990-04-17,0.713
1990-04-18,0.7025
1990-04-19,0.7048
1990-04-20,0.7155
1990-04-23,0.7283
1990-04-24,0.7247
1990-04-25,0.7236
1990-04-26,0.729
1990-04-27,0.7288
1990-04-30,0.7236
1990-05-01,0.722
1990-05-02,0.729
1990-05-03,0.7323
1990-05-04,0.7226
1990-05-07,0.7282
1990-05-08,0.7312
1990-05-09,0.7397
1990-05-10,0.7438
1990-05-11,0.7436
1990-05-14,0.7392
1990-05-15,0.7415
1990-05-16,0.7424
1990-05-17,0.7515
1990-05-18,0.7513
1990-05-21,0.7713
1990-05-22,0.7677
1990-05-23,0.8002
1990-05-24,0.7979
1990-05-25,0.8028
1990-05-29,0.8228
1990-05-30,0.8138
1990-05-31,0.7842
1990-06-01,0.7952
1990-06-04,0.7956
1990-06-05,0.7984
1990-06-06,0.791
1990-06-07,0.7884
1990-06-08,0.7601
1990-06-11,0.7554
1990-06-12,0.7662
1990-06-13,0.7628
1990-06-14,0.7668
1990-06-15,0.7683
1990-06-18,0.7872
1990-06-19,0.7872
1990-06-20,0.7965
1990-06-21,0.7955
1990-06-22,0.796
1990-06-25,0.8038
1990-06-26,0.8018
1990-06-27,0.797
1990-06-28,0.7967
1990-06-29,0.8023
1990-07-02,0.7956
1990-07-03,0.8205
1990-07-05,0.8474
1990-07-06,0.8474
1990-07-09,0.8274
1990-07-10,0.8083
1990-07-11,0.811
1990-07-12,0.8085
1990-07-13,0.821
1990-07-16,0.8249
1990-07-17,0.8275
1990-07-18,0.8221
1990-07-19,0.815
1990-07-20,0.8123
1990-07-23,0.819
1990-07-24,0.8165
1990-07-25,0.8138
1990-07-26,0.817
1990-07-27,0.8238
1990-07-30,0.8148
1990-07-31,0.8128
1990-08-01,0.8042
1990-08-02,0.8039
1990-08-03,0.814
1990-08-06,0.8161
1990-08-07,0.8199
1990-08-08,0.8158
1990-08-09,0.8026
1990-08-10,0.7985
1990-08-13,0.7785
1990-08-14,0.7535
1990-08-15,0.7335
1990-08-16,0.7335
1990-08-17,0.7314
1990-08-20,0.7423
1990-08-21,0.7498
1990-08-22,0.7562
1990-08-23,0.7592
1990-08-24,0.7732
1990-08-27,0.7655
1990-08-28,0.7533
1990-08-29,0.7576
1990-08-30,0.7508
1990-08-31,0.7433
1990-09-04,0.7413
1990-09-05,0.7448
1990-09-06,0.7198
1990-09-07,0.7016
1990-09-10,0.6908
1990-09-11,0.6867
1990-09-12,0.704
1990-09-13,0.6862
1990-09-14,0.682
1990-09-17,0.691
1990-09-18,0.688
1990-09-19,0.7045
1990-09-20,0.703
1990-09-21,0.6954
1990-09-24,0.6764
1990-09-25,0.6832
1990-09-26,0.6878
1990-09-27,0.6884
1990-09-28,0.6867
1990-10-01,0.6833
1990-10-02,0.691
1990-10-03,0.6878
1990-10-04,0.6769
1990-10-05,0.6855
1990-10-08,0.6951
1990-10-09,0.6918
1990-10-10,0.6921
1990-10-11,0.6929
1990-10-12,0.6908
1990-10-15,0.6883
1990-10-16,0.6951
1990-10-17,0.6932
1990-10-18,0.6896
1990-10-19,0.6848
1990-10-22,0.6987
1990-10-23,0.6943
1990-10-24,0.6833
1990-10-25,0.6872
1990-10-26,0.6851
1990-10-29,0.6979
1990-10-30,0.6917
1990-10-31,0.6928
1990-11-01,0.6829
1990-11-02,0.6848
1990-11-05,0.6648
1990-11-06,0.6533
1990-11-07,0.6717
1990-11-08,0.6737
1990-11-09,0.6657
1990-11-12,0.6589
1990-11-13,0.6737
1990-11-14,0.6749
1990-11-15,0.6765
1990-11-16,0.6713
1990-11-19,0.6765
1990-11-20,0.6726
1990-11-21,0.6778
1990-11-23,0.6793
1990-11-26,0.6785
1990-11-27,0.6753
1990-11-28,0.6741
1990-11-29,0.6643
1990-11-30,0.6743
1990-12-03,0.6701
1990-12-04,0.6713
1990-12-05,0.6688
1990-12-06,0.6752
1990-12-07,0.6768
1990-12-10,0.69
1990-12-11,0.6869
1990-12-12,0.6821
1990-12-13,0.6847
1990-12-14,0.6936
1990-12-17,0.6873
1990-12-18,0.6817
1990-12-19,0.6849
1990-12-20,0.6941
1990-12-21,0.6902
1990-12-24,0.6902
1990-12-26,0.7
1990-12-27,0.6944
1990-12-28,0.7055
1990-12-31,0.7055
1991-01-02,0.6855
1991-01-03,0.6955
1991-01-04,0.6955
1991-01-07,0.6873
1991-01-08,0.6843
1991-01-09,0.6822
1991-01-10,0.6892
1991-01-11,0.6927
1991-01-14,0.691
1991-01-15,0.6907
1991-01-16,0.693
1991-01-17,0.7091
1991-01-18,0.7077
1991-01-21,0.7048
1991-01-22,0.7011
1991-01-23,0.6993
1991-01-24,0.699
1991-01-25,0.7128
1991-01-28,0.7117
1991-01-29,0.7244
1991-01-30,0.7268
1991-01-31,0.7274
1991-02-01,0.7278
1991-02-04,0.7398
1991-02-05,0.7592
1991-02-06,0.7697
1991-02-07,0.7505
1991-02-08,0.7638
1991-02-11,0.754
1991-02-12,0.7589
1991-02-13,0.7588
1991-02-14,0.7653
1991-02-15,0.7833
1991-02-19,0.7971
1991-02-20,0.7865
1991-02-21,0.7894
1991-02-22,0.8219
1991-02-25,0.8189
1991-02-26,0.8034
1991-02-27,0.8087
1991-02-28,0.8218
1991-03-01,0.8313
1991-03-04,0.825
1991-03-05,0.8133
1991-03-06,0.7995
1991-03-07,0.7945
1991-03-08,0.7918
1991-03-11,0.7837
1991-03-12,0.8007
1991-03-13,0.8053
1991-03-14,0.8019
1991-03-15,0.805
1991-03-18,0.7887
1991-03-19,0.7692
1991-03-20,0.7711
1991-03-21,0.7818
1991-03-22,0.7618
1991-03-25,0.7638
1991-03-26,0.7642
1991-03-27,0.7753
1991-03-28,0.7657
1991-04-01,0.7857
1991-04-02,0.7845
1991-04-03,0.7833
1991-04-04,0.7874
1991-04-05,0.8084
1991-04-08,0.8284
1991-04-09,0.841
1991-04-10,0.8345
1991-04-11,0.8213
1991-04-12,0.8399
1991-04-15,0.8335
1991-04-16,0.8183
1991-04-17,0.8244
1991-04-18,0.8256
1991-04-19,0.8301
1991-04-22,0.8297
1991-04-23,0.824
1991-04-24,0.82
1991-04-25,0.8355
1991-04-26,0.8388
1991-04-29,0.8468
1991-04-30,0.8574
1991-05-01,0.8625
1991-05-02,0.8613
1991-05-03,0.8757
1991-05-06,0.8633
1991-05-07,0.8654
1991-05-08,0.8622
1991-05-09,0.8655
1991-05-10,0.8572
1991-05-13,0.8663
1991-05-14,0.8833
1991-05-15,0.8996
1991-05-16,0.8983
1991-05-17,0.903
1991-05-20,0.9205
1991-05-21,0.9186
1991-05-22,0.8986
1991-05-23,0.8786
1991-05-24,0.8852
1991-05-28,0.878
1991-05-29,0.8666
1991-05-30,0.8527
1991-05-31,0.8408
1991-06-03,0.83
1991-06-04,0.8458
1991-06-05,0.8474
1991-06-06,0.8441
1991-06-07,0.8531
1991-06-10,0.8545
1991-06-11,0.8365
1991-06-12,0.8278
1991-06-13,0.8265
1991-06-14,0.8285
1991-06-17,0.839
1991-06-18,0.8255
1991-06-19,0.8225
1991-06-20,0.8394
1991-06-21,0.8312
1991-06-24,0.8112
1991-06-25,0.8157
1991-06-26,0.8133
1991-06-27,0.809
1991-06-28,0.789
1991-07-01,0.769
1991-07-02,0.7665
1991-07-03,0.7708
1991-07-05,0.7708
1991-07-08,0.7653
1991-07-09,0.7453
1991-07-10,0.7409
1991-07-11,0.7452
1991-07-12,0.7441
1991-07-15,0.7266
1991-07-16,0.7376
1991-07-17,0.7523
1991-07-18,0.7455
1991-07-19,0.7413
1991-07-22,0.7467
1991-07-23,0.7498
1991-07-24,0.7332
1991-07-25,0.7308
1991-07-26,0.7315
1991-07-29,0.7222
1991-07-30,0.7244
1991-07-31,0.7227
1991-08-01,0.7355
1991-08-02,0.7414
1991-08-05,0.7381
1991-08-06,0.7395
1991-08-07,0.733
1991-08-08,0.7277
1991-08-09,0.7115
1991-08-12,0.698
1991-08-13,0.678
1991-08-14,0.673
1991-08-15,0.6803
1991-08-16,0.6812
1991-08-19,0.6972
1991-08-20,0.702
1991-08-21,0.692
1991-08-22,0.6894
1991-08-23,0.682
1991-08-26,0.6823
1991-08-27,0.6892
1991-08-28,0.7003
1991-08-29,0.69
1991-08-30,0.675
1991-09-03,0.685
1991-09-04,0.681
1991-09-05,0.6845
1991-09-06,0.6757
1991-09-09,0.6794
1991-09-10,0.675
1991-09-11,0.667
1991-09-12,0.6532
1991-09-13,0.6455
1991-09-16,0.6535
1991-09-17,0.6416
1991-09-18,0.6223
1991-09-19,0.6149
1991-09-20,0.6141
1991-09-23,0.6173
1991-09-24,0.5954
1991-09-25,0.5909
1991-09-26,0.589
1991-09-27,0.5834
1991-09-30,0.5768
1991-10-01,0.5902
1991-10-02,0.5851
1991-10-03,0.6021
1991-10-04,0.5914
1991-10-07,0.5792
1991-10-08,0.5775
1991-10-09,0.5795
1991-10-10,0.576
1991-10-11,0.5802
1991-10-14,0.5699
1991-10-15,0.5715
1991-10-16,0.5745
1991-10-17,0.5679
1991-10-18,0.5665
1991-10-21,0.5637
1991-10-22,0.5672
1991-10-23,0.5635
1991-10-24,0.563
1991-10-25,0.5618
1991-10-28,0.5563
1991-10-29,0.5507
1991-10-30,0.5482
1991-10-31,0.5503
1991-11-01,0.5583
1991-11-04,0.545
1991-11-05,0.533
1991-11-06,0.5373
1991-11-07,0.5371
1991-11-08,0.5302
1991-11-11,0.5217
1991-11-12,0.5292
1991-11-13,0.5202
1991-11-14,0.5402
1991-11-15,0.5281
1991-11-18,0.5326
1991-11-19,0.5395
1991-11-20,0.5407
1991-11-21,0.5473
1991-11-22,0.5273
1991-11-25,0.5269
1991-11-26,0.5292
1991-11-27,0.534
1991-11-29,0.534
1991-12-02,0.5298
1991-12-03,0.5361
1991-12-04,0.5321
1991-12-05,0.5232
1991-12-06,0.5266
1991-12-09,0.529
1991-12-10,0.5343
1991-12-11,0.531
1991-12-12,0.5238
1991-12-13,0.5295
1991-12-16,0.5391
1991-12-17,0.5394
1991-12-18,0.528
1991-12-19,0.5242
1991-12-20,0.5209
1991-12-23,0.5194
1991-12-24,0.5207
1991-12-26,0.5264
1991-12-27,0.5228
1991-12-30,0.5228
1991-12-31,0.5217
1992-01-02,0.5258
1992-01-03,0.5283
1992-01-06,0.531
1992-01-07,0.5343
1992-01-08,0.5194
1992-01-09,0.5023
1992-01-10,0.503
1992-01-13,0.4907
1992-01-14,0.4943
1992-01-15,0.5005
1992-01-16,0.4957
1992-01-17,0.4986
1992-01-20,0.4965
1992-01-21,0.4921
1992-01-22,0.4992
1992-01-23,0.4991
1992-01-24,0.49
1992-01-27,0.4768
1992-01-28,0.4688
1992-01-29,0.4745
1992-01-30,0.4738
1992-01-31,0.4681
1992-02-03,0.4698
1992-02-04,0.484
1992-02-05,0.4806
1992-02-06,0.4781
1992-02-07,0.4854
1992-02-10,0.4895
1992-02-11,0.4778
1992-02-12,0.4919
1992-02-13,0.4787
1992-02-14,0.4872
1992-02-18,0.485
1992-02-19,0.489
1992-02-20,0.4972
1992-02-21,0.4975
1992-02-24,0.4983
1992-02-25,0.514
1992-02-26,0.5121
1992-02-27,0.5085
1992-02-28,0.507
1992-03-02,0.5128
1992-03-03,0.5057
1992-03-04,0.4934
1992-03-05,0.486
1992-03-06,0.4753
1992-03-09,0.4836
1992-03-10,0.5008
1992-03-11,0.4781
1992-03-12,0.491
1992-03-13,0.4879
1992-03-16,0.4985
1992-03-17,0.4944
1992-03-18,0.5035
1992-03-19,0.5114
1992-03-20,0.5113
1992-03-23,0.509
1992-03-24,0.5086
1992-03-25,0.5147
1992-03-26,0.5244
1992-03-27,0.5328
1992-03-30,0.5257
1992-03-31,0.536
1992-04-01,0.5315
1992-04-02,0.5365
1992-04-03,0.5474
1992-04-06,0.5458
1992-04-07,0.5369
1992-04-08,0.525
1992-04-09,0.529
1992-04-10,0.526
1992-04-13,0.5141
1992-04-14,0.5141
1992-04-15,0.5123
1992-04-16,0.5199
1992-04-20,0.5208
1992-04-21,0.5188
1992-04-22,0.5195
1992-04-23,0.54
1992-04-24,0.5427
1992-04-27,0.5524
1992-04-28,0.55
1992-04-29,0.5469
1992-04-30,0.5565
1992-05-01,0.5414
1992-05-04,0.5506
1992-05-05,0.5434
1992-05-06,0.531
1992-05-07,0.5418
1992-05-08,0.5322
1992-05-11,0.5365
1992-05-12,0.5462
1992-05-13,0.5655
1992-05-14,0.5613
1992-05-15,0.5565
1992-05-18,0.5515
1992-05-19,0.5315
1992-05-20,0.5455
1992-05-21,0.5255
1992-05-22,0.5217
1992-05-26,0.524
1992-05-27,0.5433
1992-05-28,0.5462
1992-05-29,0.5454
1992-06-01,0.5493
1992-06-02,0.556
1992-06-03,0.5538
1992-06-04,0.5508
1992-06-05,0.5607
1992-06-08,0.5794
1992-06-09,0.5899
1992-06-10,0.5814
1992-06-11,0.5923
1992-06-12,0.6072
1992-06-15,0.604
1992-06-16,0.5891
1992-06-17,0.5795
1992-06-18,0.6027
1992-06-19,0.6022
1992-06-22,0.5998
1992-06-23,0.6151
1992-06-24,0.62
1992-06-25,0.6168
1992-06-26,0.622
1992-06-29,0.6217
1992-06-30,0.6201
1992-07-01,0.6127
1992-07-02,0.6158
1992-07-06,0.6055
1992-07-07,0.6045
1992-07-08,0.6163
1992-07-09,0.6175
1992-07-10,0.624
1992-07-13,0.6175
1992-07-14,0.6148
1992-07-15,0.616
1992-07-16,0.6083
1992-07-17,0.612
1992-07-20,0.605
1992-07-21,0.6032
1992-07-22,0.6098
1992-07-23,0.6095
1992-07-24,0.6036
1992-07-27,0.5957
1992-07-28,0.5884
1992-07-29,0.5913
1992-07-30,0.5932
1992-07-31,0.5967
1992-08-03,0.6049
1992-08-04,0.6106
1992-08-05,0.6018
1992-08-06,0.595
1992-08-07,0.5956
1992-08-10,0.5936
1992-08-11,0.5745
1992-08-12,0.58
1992-08-13,0.5663
1992-08-14,0.5695
1992-08-17,0.5746
1992-08-18,0.5788
1992-08-19,0.5677
1992-08-20,0.5626
1992-08-21,0.5668
1992-08-24,0.5868
1992-08-25,0.5745
1992-08-26,0.5731
1992-08-27,0.5728
1992-08-28,0.5579
1992-08-31,0.5496
1992-09-01,0.544
1992-09-02,0.5498
1992-09-03,0.559
1992-09-04,0.5638
1992-09-08,0.5554
1992-09-09,0.5507
1992-09-10,0.564
1992-09-11,0.5783
1992-09-14,0.5808
1992-09-15,0.5965
1992-09-16,0.5923
1992-09-17,0.5985
1992-09-18,0.5976
1992-09-21,0.5917
1992-09-22,0.5506
1992-09-23,0.5185
1992-09-24,0.5095
1992-09-25,0.5112
1992-09-28,0.4912
1992-09-29,0.4944
1992-09-30,0.4936
1992-10-01,0.5008
1992-10-02,0.4911
1992-10-05,0.492
1992-10-06,0.502
1992-10-07,0.5053
1992-10-08,0.5026
1992-10-09,0.502
1992-10-12,0.5169
1992-10-13,0.5125
1992-10-14,0.5227
1992-10-15,0.5207
1992-10-16,0.5173
1992-10-19,0.5268
1992-10-20,0.5134
1992-10-21,0.5081
1992-10-22,0.5015
1992-10-23,0.496
1992-10-26,0.4807
1992-10-27,0.4839
1992-10-28,0.4821
1992-10-29,0.4854
1992-10-30,0.487
1992-11-02,0.4993
1992-11-03,0.5143
1992-11-04,0.5101
1992-11-05,0.5052
1992-11-06,0.5118
1992-11-09,0.5123
1992-11-10,0.5007
1992-11-11,0.4946
1992-11-12,0.494
1992-11-13,0.5125
1992-11-16,0.5099
1992-11-17,0.5071
1992-11-18,0.5038
1992-11-19,0.5048
1992-11-20,0.514
1992-11-23,0.5145
1992-11-24,0.5053
1992-11-25,0.502
1992-11-27,0.502
1992-11-30,0.5162
1992-12-01,0.516
1992-12-02,0.5151
1992-12-03,0.5213
1992-12-04,0.5237
1992-12-07,0.5203
1992-12-08,0.5198
1992-12-09,0.5329
1992-12-10,0.5306
1992-12-11,0.5255
1992-12-14,0.5204
1992-12-15,0.5216
1992-12-16,0.5098
1992-12-17,0.5076
1992-12-18,0.5125
1992-12-21,0.5174
1992-12-22,0.5128
1992-12-23,0.5158
1992-12-24,0.5156
1992-12-28,0.5238
1992-12-29,0.521
1992-12-30,0.5241
1992-12-31,0.5236
1993-01-04,0.5192
1993-01-05,0.5208
1993-01-06,0.5304
1993-01-07,0.5408
1993-01-08,0.5379
1993-01-11,0.538
1993-01-12,0.5378
1993-01-13,0.5393
1993-01-14,0.5471
1993-01-15,0.5439
1993-01-18,0.5401
1993-01-19,0.5455
1993-01-20,0.554
1993-01-21,0.5587
1993-01-22,0.559
1993-01-25,0.559
1993-01-26,0.528
1993-01-27,0.5094
1993-01-28,0.5176
1993-01-29,0.5234
1993-02-01,0.522
1993-02-02,0.5278
1993-02-03,0.5298
1993-02-04,0.5476
1993-02-05,0.5441
1993-02-08,0.5407
1993-02-09,0.5325
1993-02-10,0.5625
1993-02-11,0.5558
1993-02-12,0.559
1993-02-16,0.5696
1993-02-17,0.566
1993-02-18,0.5739
1993-02-19,0.582
1993-02-22,0.5746
1993-02-23,0.5803
1993-02-24,0.5774
1993-02-25,0.5702
1993-02-26,0.5732
1993-03-01,0.5683
1993-03-02,0.5618
1993-03-03,0.569
1993-03-04,0.5658
1993-03-05,0.5837
1993-03-08,0.5798
1993-03-09,0.5861
1993-03-10,0.6054
1993-03-11,0.5995
1993-03-12,0.5975
1993-03-15,0.5965
1993-03-16,0.5855
1993-03-17,0.5655
1993-03-18,0.5638
1993-03-19,0.576
1993-03-22,0.5796
1993-03-23,0.566
1993-03-24,0.5671
1993-03-25,0.5632
1993-03-26,0.5655
1993-03-29,0.5692
1993-03-30,0.5662
1993-03-31,0.5653
1993-04-01,0.5596
1993-04-02,0.5592
1993-04-05,0.5792
1993-04-06,0.5766
1993-04-07,0.5704
1993-04-08,0.5702
1993-04-12,0.5735
1993-04-13,0.5667
1993-04-14,0.5835
1993-04-15,0.5814
1993-04-16,0.589
1993-04-19,0.5943
1993-04-20,0.5867
1993-04-21,0.585
1993-04-22,0.5788
1993-04-23,0.5788
1993-04-26,0.5843
1993-04-27,0.5775
1993-04-28,0.5626
1993-04-29,0.5722
1993-04-30,0.573
1993-05-03,0.561
1993-05-04,0.5584
1993-05-05,0.5723
1993-05-06,0.5858
1993-05-07,0.5874
1993-05-10,0.587
1993-05-11,0.5814
1993-05-12,0.5802
1993-05-13,0.5844
1993-05-14,0.5865
1993-05-17,0.5717
1993-05-18,0.5923
1993-05-19,0.5855
1993-05-20,0.5857
1993-05-21,0.5846
1993-05-24,0.5884
1993-05-25,0.5789
1993-05-26,0.5719
1993-05-27,0.5735
1993-05-28,0.5711
1993-06-01,0.57
1993-06-02,0.5765
1993-06-03,0.5762
1993-06-04,0.5708
1993-06-07,0.5746
1993-06-08,0.5624
1993-06-09,0.554
1993-06-10,0.5552
1993-06-11,0.5522
1993-06-14,0.5587
1993-06-15,0.561
1993-06-16,0.5572
1993-06-17,0.5542
1993-06-18,0.5542
1993-06-21,0.55
1993-06-22,0.5515
1993-06-23,0.5481
1993-06-24,0.5438
1993-06-25,0.5455
1993-06-28,0.5477
1993-06-29,0.5427
1993-06-30,0.5445
1993-07-01,0.536
1993-07-02,0.5375
1993-07-06,0.5497
1993-07-07,0.5475
1993-07-08,0.5485
1993-07-09,0.5672
1993-07-12,0.5747
1993-07-13,0.571
1993-07-14,0.5557
1993-07-15,0.5502
1993-07-16,0.555
1993-07-19,0.562
1993-07-20,0.5735
1993-07-21,0.581
1993-07-22,0.5755
1993-07-23,0.5755
1993-07-26,0.5767
1993-07-27,0.563
1993-07-28,0.5667
1993-07-29,0.5505
1993-07-30,0.5412
1993-08-02,0.5614
1993-08-03,0.5497
1993-08-04,0.5551
1993-08-05,0.5455
1993-08-06,0.5395
1993-08-09,0.5423
1993-08-10,0.5463
1993-08-11,0.5363
1993-08-12,0.5192
1993-08-13,0.5284
1993-08-16,0.5282
1993-08-17,0.5256
1993-08-18,0.5327
1993-08-19,0.5313
1993-08-20,0.5303
1993-08-23,0.5348
1993-08-24,0.536
1993-08-25,0.5509
1993-08-26,0.5447
1993-08-27,0.5522
1993-08-30,0.539
1993-08-31,0.5431
1993-09-01,0.5345
1993-09-02,0.5477
1993-09-03,0.544
1993-09-07,0.5508
1993-09-08,0.5478
1993-09-09,0.5495
1993-09-10,0.5682
1993-09-13,0.5675
1993-09-14,0.5565
1993-09-15,0.5593
1993-09-16,0.56
1993-09-17,0.5665
1993-09-20,0.5604
1993-09-21,0.5613
1993-09-22,0.5618
1993-09-23,0.5465
1993-09-24,0.5716
1993-09-27,0.5742
1993-09-28,0.5641
1993-09-29,0.5581
1993-09-30,0.562
1993-10-01,0.551
1993-10-04,0.5574
1993-10-05,0.5604
1993-10-06,0.563
1993-10-07,0.5668
1993-10-08,0.5785
1993-10-11,0.582
1993-10-12,0.5756
1993-10-13,0.5627
1993-10-14,0.5587
1993-10-15,0.5606
1993-10-18,0.554
1993-10-19,0.5517
1993-10-20,0.5513
1993-10-21,0.5574
1993-10-22,0.5605
1993-10-25,0.5573
1993-10-26,0.5589
1993-10-27,0.5614
1993-10-28,0.5672
1993-10-29,0.5677
1993-11-01,0.5667
1993-11-02,0.5705
1993-11-03,0.5675
1993-11-04,0.5525
1993-11-05,0.5547
1993-11-08,0.5513
1993-11-09,0.5535
1993-11-10,0.5667
1993-11-11,0.579
1993-11-12,0.5736
1993-11-15,0.5776
1993-11-16,0.5707
1993-11-17,0.5668
1993-11-18,0.574
1993-11-19,0.5919
1993-11-22,0.5903
1993-11-23,0.5909
1993-11-24,0.5918
1993-11-26,0.5918
1993-11-29,0.5886
1993-11-30,0.5873
1993-12-01,0.5858
1993-12-02,0.589
1993-12-03,0.6065
1993-12-06,0.6026
1993-12-07,0.6185
1993-12-08,0.6116
1993-12-09,0.6112
1993-12-10,0.6035
1993-12-13,0.6023
1993-12-14,0.6045
1993-12-15,0.6155
1993-12-16,0.6118
1993-12-17,0.6199
1993-12-20,0.6197
1993-12-21,0.6204
1993-12-22,0.6261
1993-12-23,0.6298
1993-12-27,0.6338
1993-12-28,0.6334
1993-12-29,0.6425
1993-12-30,0.6438
1993-12-31,0.6438
1994-01-03,0.6426
1994-01-04,0.6338
1994-01-05,0.649
1994-01-06,0.6508
1994-01-07,0.6479
1994-01-10,0.641
1994-01-11,0.6561
1994-01-12,0.661
1994-01-13,0.6592
1994-01-14,0.6598
1994-01-17,0.6618
1994-01-18,0.6758
1994-01-19,0.6729
1994-01-20,0.683
1994-01-21,0.6848
1994-01-24,0.6906
1994-01-25,0.6978
1994-01-26,0.6889
1994-01-27,0.6986
1994-01-28,0.7186
1994-01-31,0.7386
1994-02-01,0.7334
1994-02-02,0.7165
1994-02-03,0.7229
1994-02-04,0.7273
1994-02-07,0.711
1994-02-08,0.7297
1994-02-09,0.7186
1994-02-10,0.7254
1994-02-11,0.7254
1994-02-14,0.7172
1994-02-15,0.7204
1994-02-16,0.722
1994-02-17,0.7256
1994-02-18,0.728
1994-02-22,0.743
1994-02-23,0.743
1994-02-24,0.7435
1994-02-25,0.7405
1994-02-28,0.7426
1994-03-01,0.7398
1994-03-02,0.7198
1994-03-03,0.7097
1994-03-04,0.7286
1994-03-07,0.7264
1994-03-08,0.7225
1994-03-09,0.727
1994-03-10,0.7267
1994-03-11,0.7235
1994-03-14,0.7147
1994-03-15,0.7227
1994-03-16,0.7243
1994-03-17,0.7167
1994-03-18,0.7176
1994-03-21,0.7143
1994-03-22,0.7199
1994-03-23,0.7367
1994-03-24,0.7375
1994-03-25,0.7357
1994-03-28,0.7314
1994-03-29,0.7387
1994-03-30,0.7455
1994-03-31,0.7571
1994-04-04,0.7453
1994-04-05,0.7283
1994-04-06,0.7375
1994-04-07,0.7415
1994-04-08,0.744
1994-04-11,0.7487
1994-04-12,0.7655
1994-04-13,0.7834
1994-04-14,0.8078
1994-04-15,0.8043
1994-04-18,0.8022
1994-04-19,0.8032
1994-04-20,0.7992
1994-04-21,0.807
1994-04-22,0.789
1994-04-25,0.7943
1994-04-26,0.7855
1994-04-28,0.8055
1994-04-29,0.8222
1994-05-02,0.8217
1994-05-03,0.8308
1994-05-04,0.8161
1994-05-05,0.8142
1994-05-06,0.8037
1994-05-09,0.7837
1994-05-10,0.7908
1994-05-11,0.7844
1994-05-12,0.7822
1994-05-13,0.7862
1994-05-16,0.7819
1994-05-17,0.7847
1994-05-18,0.789
1994-05-19,0.809
1994-05-20,0.8205
1994-05-23,0.8206
1994-05-24,0.8193
1994-05-25,0.8199
1994-05-26,0.8104
1994-05-27,0.8158
1994-05-31,0.8174
1994-06-01,0.7997
1994-06-02,0.8039
1994-06-03,0.7942
1994-06-06,0.7893
1994-06-07,0.786
1994-06-08,0.7715
1994-06-09,0.779
1994-06-10,0.793
1994-06-13,0.797
1994-06-14,0.7929
1994-06-15,0.7943
1994-06-16,0.8006
1994-06-17,0.7772
1994-06-20,0.7638
1994-06-21,0.7683
1994-06-22,0.757
1994-06-23,0.7515
1994-06-24,0.7544
1994-06-27,0.7347
1994-06-28,0.7236
1994-06-29,0.7151
1994-06-30,0.7167
1994-07-01,0.7028
1994-07-05,0.6985
1994-07-06,0.702
1994-07-07,0.712
1994-07-08,0.7219
1994-07-11,0.7019
1994-07-12,0.6855
1994-07-13,0.6905
1994-07-14,0.6964
1994-07-15,0.6951
1994-07-18,0.7151
1994-07-19,0.7125
1994-07-20,0.71
1994-07-21,0.706
1994-07-22,0.726
1994-07-25,0.7415
1994-07-26,0.7345
1994-07-27,0.7303
1994-07-28,0.731
1994-07-29,0.716
1994-08-01,0.6995
1994-08-02,0.703
1994-08-03,0.7045
1994-08-04,0.7069
1994-08-05,0.7087
1994-08-08,0.6985
1994-08-09,0.7019
1994-08-10,0.7015
1994-08-11,0.7027
1994-08-12,0.6827
1994-08-15,0.6627
1994-08-16,0.6699
1994-08-17,0.6793
1994-08-18,0.68
1994-08-19,0.679
1994-08-22,0.674
1994-08-23,0.7023
1994-08-24,0.7087
1994-08-25,0.702
1994-08-26,0.705
1994-08-29,0.719
1994-08-30,0.7133
1994-08-31,0.7066
1994-09-01,0.7075
1994-09-02,0.712
1994-09-06,0.7095
1994-09-07,0.7165
1994-09-08,0.7365
1994-09-09,0.733
1994-09-12,0.7297
1994-09-13,0.734
1994-09-14,0.7342
1994-09-15,0.7258
1994-09-16,0.7103
1994-09-19,0.6996
1994-09-20,0.7026
1994-09-21,0.6952
1994-09-22,0.6894
1994-09-23,0.6881
1994-09-26,0.6757
1994-09-27,0.672
1994-09-28,0.6892
1994-09-29,0.6616
1994-09-30,0.6663
1994-10-03,0.6594
1994-10-04,0.6547
1994-10-05,0.6608
1994-10-06,0.6608
1994-10-07,0.6545
1994-10-10,0.6548
1994-10-11,0.665
1994-10-12,0.6679
1994-10-13,0.6666
1994-10-14,0.6714
1994-10-17,0.6664
1994-10-18,0.6692
1994-10-19,0.6528
1994-10-20,0.6606
1994-10-21,0.661
1994-10-24,0.676
1994-10-25,0.6897
1994-10-26,0.6891
1994-10-27,0.6983
1994-10-28,0.6845
1994-10-31,0.6875
1994-11-01,0.6894
1994-11-02,0.6877
1994-11-03,0.6844
1994-11-04,0.6827
1994-11-07,0.6976
1994-11-08,0.6946
1994-11-09,0.6875
1994-11-10,0.6963
1994-11-11,0.6957
1994-11-14,0.7
1994-11-15,0.711
1994-11-16,0.7095
1994-11-17,0.7114
1994-11-18,0.7107
1994-11-21,0.712
1994-11-22,0.708
1994-11-23,0.7178
1994-11-25,0.7178
1994-11-28,0.7378
1994-11-29,0.7405
1994-11-30,0.7436
1994-12-01,0.7586
1994-12-02,0.7734
1994-12-05,0.762
1994-12-06,0.7684
1994-12-07,0.7867
1994-12-08,0.7859
1994-12-09,0.7895
1994-12-12,0.7806
1994-12-13,0.7792
1994-12-14,0.7848
1994-12-15,0.8013
1994-12-16,0.7842
1994-12-19,0.7913
1994-12-20,0.7784
1994-12-21,0.7893
1994-12-22,0.8093
1994-12-23,0.8293
1994-12-27,0.8435
1994-12-28,0.8415
1994-12-29,0.8461
1994-12-30,0.8435
1995-01-03,0.8235
1995-01-04,0.8512
1995-01-05,0.8383
1995-01-06,0.8358
1995-01-09,0.8427
1995-01-10,0.8448
1995-01-11,0.8497
1995-01-12,0.8643
1995-01-13,0.8584
1995-01-16,0.8394
1995-01-17,0.8495
1995-01-18,0.8682
1995-01-19,0.8811
1995-01-20,0.8733
1995-01-23,0.8653
1995-01-24,0.8735
1995-01-25,0.8735
1995-01-26,0.8818
1995-01-27,0.8921
1995-01-30,0.8935
1995-01-31,0.8847
1995-02-01,0.871
1995-02-02,0.876
1995-02-03,0.8564
1995-02-06,0.8542
1995-02-07,0.8378
1995-02-08,0.8319
1995-02-09,0.8495
1995-02-10,0.8449
1995-02-13,0.8649
1995-02-14,0.889
1995-02-15,0.8929
1995-02-16,0.9123
1995-02-17,0.9256
1995-02-21,0.9456
1995-02-22,0.9534
1995-02-23,0.9435
1995-02-24,0.9617
1995-02-27,0.9817
1995-02-28,1.0017
1995-03-01,1.0217
1995-03-02,1.0017
1995-03-03,1.0217
1995-03-06,1.0417
1995-03-07,1.0525
1995-03-08,1.0715
1995-03-09,1.067
1995-03-10,1.076
1995-03-13,1.0751
1995-03-14,1.0736
1995-03-15,1.0709
1995-03-16,1.08
1995-03-17,1.06
1995-03-20,1.04
1995-03-21,1.046
1995-03-22,1.053
1995-03-23,1.028
1995-03-24,1.008
1995-03-27,0.988
1995-03-28,0.968
1995-03-29,0.948
1995-03-30,0.9513
1995-03-31,0.9665
1995-04-03,0.9472
1995-04-04,0.9672
1995-04-05,0.9872
1995-04-06,1.0017
1995-04-07,1.0272
1995-04-10,1.0472
1995-04-11,1.0422
1995-04-12,1.0622
1995-04-13,1.0723
1995-04-17,1.0415
1995-04-18,1.0337
1995-04-19,1.0537
1995-04-20,1.0735
1995-04-21,1.078
1995-04-24,1.0945
1995-04-25,1.0805
1995-04-26,1.0605
1995-04-27,1.0646
1995-04-28,1.0756
1995-05-01,1.0783
1995-05-02,1.0583
1995-05-03,1.0699
1995-05-04,1.0551
1995-05-05,1.0351
1995-05-08,1.0151
1995-05-09,1.0029
1995-05-10,1.0229
1995-05-11,1.0429
1995-05-12,1.0629
1995-05-15,1.0513
1995-05-16,1.0313
1995-05-17,1.0184
1995-05-18,1.0384
1995-05-19,1.0584
1995-05-22,1.0784
1995-05-23,1.0984
1995-05-24,1.1084
1995-05-25,1.1284
1995-05-26,1.1284
1995-05-30,1.1175
1995-05-31,1.0875
1995-06-01,1.0835
1995-06-02,1.0675
1995-06-05,1.0375
1995-06-06,1.0465
1995-06-07,1.0765
1995-06-08,1.122
1995-06-09,1.1085
1995-06-12,1.0905
1995-06-13,1.107
1995-06-14,1.1135
1995-06-15,1.0835
1995-06-16,1.084
1995-06-19,1.0767
1995-06-20,1.081
1995-06-21,1.0968
1995-06-22,1.0675
1995-06-23,1.0709
1995-06-26,1.0669
1995-06-27,1.0573
1995-06-28,1.0598
1995-06-29,1.0549
1995-06-30,1.0406
1995-07-03,1.0406
1995-07-05,1.018
1995-07-06,1.0075
1995-07-07,1.0075
1995-07-10,1.0036
1995-07-11,0.9822
1995-07-12,0.9622
1995-07-13,0.9485
1995-07-14,0.9577
1995-07-17,0.9497
1995-07-18,0.8967
1995-07-19,0.8767
1995-07-20,0.878
1995-07-21,0.8803
1995-07-24,0.878
1995-07-25,0.8863
1995-07-26,0.8965
1995-07-27,0.8895
1995-07-28,0.8678
1995-07-31,0.849
1995-08-01,0.8279
1995-08-02,0.8208
1995-08-03,0.827
1995-08-04,0.8337
1995-08-07,0.8325
1995-08-08,0.8275
1995-08-09,0.8232
1995-08-10,0.8207
1995-08-11,0.837
1995-08-14,0.857
1995-08-15,0.8441
1995-08-16,0.8425
1995-08-17,0.8625
1995-08-18,0.8827
1995-08-21,0.9025
1995-08-22,0.9285
1995-08-23,0.9196
1995-08-24,0.8896
1995-08-25,0.89
1995-08-28,0.902
1995-08-29,0.9003
1995-08-30,0.9309
1995-08-31,0.9245
1995-09-01,0.9383
1995-09-05,0.9192
1995-09-06,0.8992
1995-09-07,0.8642
1995-09-08,0.867
1995-09-11,0.8695
1995-09-12,0.8895
1995-09-13,0.8895
1995-09-14,0.9095
1995-09-15,0.9195
1995-09-18,0.9098
1995-09-19,0.8789
1995-09-20,0.8942
1995-09-21,0.9094
1995-09-22,0.8867
1995-09-25,0.8512
1995-09-26,0.8575
1995-09-27,0.846
1995-09-28,0.846
1995-09-29,0.8559
1995-10-02,0.8568
1995-10-03,0.8656
1995-10-04,0.8772
1995-10-05,0.8547
1995-10-06,0.8265
1995-10-09,0.8489
1995-10-10,0.8343
1995-10-11,0.8143
1995-10-12,0.8209
1995-10-13,0.8161
1995-10-16,0.8036
1995-10-17,0.792
1995-10-18,0.812
1995-10-19,0.8048
1995-10-20,0.8098
1995-10-23,0.8125
1995-10-24,0.8005
1995-10-25,0.8105
1995-10-26,0.8138
1995-10-27,0.8185
1995-10-30,0.8358
1995-10-31,0.8239
1995-11-01,0.8333
1995-11-02,0.8183
1995-11-03,0.8195
1995-11-06,0.831
1995-11-07,0.826
1995-11-08,0.8051
1995-11-09,0.7978
1995-11-10,0.8031
1995-11-13,0.8065
1995-11-14,0.8265
1995-11-15,0.844
1995-11-16,0.8367
1995-11-17,0.818
1995-11-20,0.8203
1995-11-21,0.823
1995-11-22,0.8338
1995-11-24,0.8338
1995-11-27,0.818
1995-11-28,0.807
1995-11-29,0.8114
1995-11-30,0.8159
1995-12-01,0.8274
1995-12-04,0.828
1995-12-05,0.823
1995-12-06,0.811
1995-12-07,0.8205
1995-12-08,0.826
1995-12-11,0.8271
1995-12-12,0.8115
1995-12-13,0.8195
1995-12-14,0.8216
1995-12-15,0.8134
1995-12-18,0.7945
1995-12-19,0.7754
1995-12-20,0.7755
1995-12-21,0.7879
1995-12-22,0.776
1995-12-26,0.7683
1995-12-27,0.7766
1995-12-28,0.7795
1995-12-29,0.7755
1996-01-02,0.7717
1996-01-03,0.7865
1996-01-04,0.7985
1996-01-05,0.7985
1996-01-08,0.7985
1996-01-09,0.804
1996-01-10,0.793
1996-01-11,0.7897
1996-01-12,0.7915
1996-01-15,0.7975
1996-01-16,0.7854
1996-01-17,0.7925
1996-01-18,0.7896
1996-01-19,0.81
1996-01-22,0.8082
1996-01-23,0.8106
1996-01-24,0.8292
1996-01-25,0.8424
1996-01-26,0.84
1996-01-29,0.8455
1996-01-30,0.8358
1996-01-31,0.8219
1996-02-01,0.825
1996-02-02,0.825
1996-02-05,0.8236
1996-02-06,0.806
1996-02-07,0.8043
1996-02-08,0.816
1996-02-09,0.8138
1996-02-12,0.8033
1996-02-13,0.805
1996-02-14,0.8051
1996-02-15,0.8135
1996-02-16,0.8183
1996-02-20,0.8205
1996-02-21,0.8074
1996-02-22,0.7955
1996-02-23,0.8043
1996-02-26,0.808
1996-02-27,0.7955
1996-02-28,0.7973
1996-02-29,0.792
1996-03-01,0.7925
1996-03-04,0.7878
1996-03-05,0.7838
1996-03-06,0.7925
1996-03-07,0.8086
1996-03-08,0.8071
1996-03-11,0.8033
1996-03-12,0.7994
1996-03-13,0.804
1996-03-14,0.822
1996-03-15,0.8129
1996-03-18,0.8214
1996-03-19,0.814
1996-03-20,0.8565
1996-03-21,0.8425
1996-03-22,0.8469
1996-03-25,0.8555
1996-03-26,0.8509
1996-03-27,0.8484
1996-03-28,0.8336
1996-03-29,0.8306
1996-04-01,0.8428
1996-04-02,0.8436
1996-04-03,0.873
1996-04-04,0.8505
1996-04-08,0.8972
1996-04-09,0.894
1996-04-10,0.8987
1996-04-11,0.8925
1996-04-12,0.8849
1996-04-15,0.8639
1996-04-16,0.8567
1996-04-17,0.8495
1996-04-18,0.8709
1996-04-19,0.8684
1996-04-22,0.8673
1996-04-23,0.8603
1996-04-24,0.8612
1996-04-25,0.8715
1996-04-26,0.8714
1996-04-29,0.8586
1996-04-30,0.8752
1996-05-01,0.8885
1996-05-02,0.8833
1996-05-03,0.8964
1996-05-06,0.9047
1996-05-07,0.9037
1996-05-08,0.9
1996-05-09,0.8894
1996-05-10,0.8625
1996-05-13,0.8643
1996-05-14,0.8637
1996-05-15,0.86
1996-05-16,0.8556
1996-05-17,0.857
1996-05-20,0.8538
1996-05-21,0.8542
1996-05-22,0.8602
1996-05-23,0.8609
1996-05-24,0.8705
1996-05-28,0.858
1996-05-29,0.8412
1996-05-30,0.829
1996-05-31,0.8378
1996-06-03,0.8482
1996-06-04,0.8589
1996-06-05,0.8505
1996-06-06,0.8454
1996-06-07,0.8595
1996-06-10,0.8572
1996-06-11,0.8403
1996-06-12,0.8396
1996-06-13,0.8507
1996-06-14,0.8492
1996-06-17,0.853
1996-06-18,0.853
1996-06-19,0.8495
1996-06-20,0.8516
1996-06-21,0.8455
1996-06-24,0.847
1996-06-25,0.8186
1996-06-26,0.8192
1996-06-27,0.82
1996-06-28,0.8109
1996-07-01,0.8339
1996-07-02,0.8337
1996-07-03,0.8307
1996-07-05,0.8307
1996-07-08,0.8338
1996-07-09,0.8383
1996-07-10,0.8208
1996-07-11,0.8271
1996-07-12,0.8328
1996-07-15,0.823
1996-07-16,0.828
1996-07-17,0.8245
1996-07-18,0.8375
1996-07-19,0.8452
1996-07-22,0.8525
1996-07-23,0.8365
1996-07-24,0.8365
1996-07-25,0.8297
1996-07-26,0.8307
1996-07-29,0.837
1996-07-30,0.8323
1996-07-31,0.837
1996-08-01,0.8298
1996-08-02,0.8279
1996-08-05,0.8303
1996-08-06,0.7858
1996-08-07,0.765
1996-08-08,0.768
1996-08-09,0.7575
1996-08-12,0.7875
1996-08-13,0.8025
1996-08-14,0.7935
1996-08-15,0.7897
1996-08-16,0.7822
1996-08-19,0.7762
1996-08-20,0.785
1996-08-21,0.785
1996-08-22,0.7843
1996-08-23,0.798
1996-08-26,0.7929
1996-08-27,0.8135
1996-08-28,0.7981
1996-08-29,0.8082
1996-08-30,0.8015
1996-09-03,0.809
1996-09-04,0.7941
1996-09-05,0.7722
1996-09-06,0.776
1996-09-09,0.7626
1996-09-10,0.764
1996-09-11,0.794
1996-09-12,0.7991
1996-09-13,0.793
1996-09-16,0.7798
1996-09-17,0.7605
1996-09-18,0.7595
1996-09-19,0.7528
1996-09-20,0.7539
1996-09-23,0.761
1996-09-24,0.7722
1996-09-25,0.7721
1996-09-26,0.7484
1996-09-27,0.7419
1996-09-30,0.7368
1996-10-01,0.7416
1996-10-02,0.7575
1996-10-03,0.7479
1996-10-04,0.7473
1996-10-07,0.7565
1996-10-08,0.7385
1996-10-09,0.7423
1996-10-10,0.734
1996-10-11,0.712
1996-10-14,0.7143
1996-10-15,0.7212
1996-10-16,0.7112
1996-10-17,0.7078
1996-10-18,0.6965
1996-10-21,0.6992
1996-10-22,0.7088
1996-10-23,0.7108
1996-10-24,0.702
1996-10-25,0.7054
1996-10-28,0.7075
1996-10-29,0.7073
1996-10-30,0.7095
1996-10-31,0.698
1996-11-01,0.7022
1996-11-04,0.7027
1996-11-05,0.7002
1996-11-06,0.6912
1996-11-07,0.6929
1996-11-08,0.6906
1996-11-11,0.6847
1996-11-12,0.6805
1996-11-13,0.6872
1996-11-14,0.6983
1996-11-15,0.6992
1996-11-18,0.7057
1996-11-19,0.706
1996-11-20,0.7073
1996-11-21,0.7148
1996-11-22,0.7085
1996-11-25,0.7065
1996-11-26,0.709
1996-11-27,0.7182
1996-11-29,0.7182
1996-12-02,0.7224
1996-12-03,0.7153
1996-12-04,0.705
1996-12-05,0.7135
1996-12-06,0.7186
1996-12-09,0.7205
1996-12-10,0.7228
1996-12-11,0.7192
1996-12-12,0.722
1996-12-13,0.7185
1996-12-16,0.716
1996-12-17,0.7129
1996-12-18,0.7128
1996-12-19,0.7155
1996-12-20,0.7175
1996-12-23,0.7146
1996-12-24,0.7146
1996-12-26,0.7128
1996-12-27,0.7082
1996-12-30,0.7006
1996-12-31,0.709
1997-01-02,0.7113
1997-01-03,0.6983
1997-01-06,0.6989
1997-01-07,0.6938
1997-01-08,0.6971
1997-01-09,0.6931
1997-01-10,0.6931
1997-01-13,0.6993
1997-01-14,0.6965
1997-01-15,0.703
1997-01-16,0.703
1997-01-17,0.6983
1997-01-20,0.6959
1997-01-21,0.6875
1997-01-22,0.6985
1997-01-23,0.7065
1997-01-24,0.706
1997-01-27,0.7201
1997-01-28,0.7186
1997-01-29,0.721
1997-01-30,0.7065
1997-01-31,0.7095
1997-02-03,0.71
1997-02-04,0.7051
1997-02-05,0.7085
1997-02-06,0.7045
1997-02-07,0.7058
1997-02-10,0.7026
1997-02-11,0.6985
1997-02-12,0.6985
1997-02-13,0.6921
1997-02-14,0.7035
1997-02-18,0.6859
1997-02-19,0.6935
1997-02-20,0.7068
1997-02-21,0.686
1997-02-24,0.7072
1997-02-25,0.7146
1997-02-26,0.7181
1997-02-27,0.7137
1997-02-28,0.7113
1997-03-03,0.7113
1997-03-04,0.7028
1997-03-05,0.7126
1997-03-06,0.723
1997-03-07,0.7317
1997-03-10,0.742
1997-03-11,0.739
1997-03-12,0.739
1997-03-13,0.7185
1997-03-14,0.7186
1997-03-17,0.7116
1997-03-18,0.7045
1997-03-19,0.7014
1997-03-20,0.705
1997-03-21,0.696
1997-03-24,0.7023
1997-03-25,0.6884
1997-03-26,0.6915
1997-03-27,0.6933
1997-03-31,0.6785
1997-04-01,0.682
1997-04-02,0.6856
1997-04-03,0.688
1997-04-04,0.695
1997-04-07,0.6939
1997-04-08,0.6875
1997-04-09,0.686
1997-04-10,0.6786
1997-04-11,0.6819
1997-04-14,0.6886
1997-04-15,0.6826
1997-04-16,0.6738
1997-04-17,0.6795
1997-04-18,0.6802
1997-04-21,0.6799
1997-04-22,0.684
1997-04-23,0.6895
1997-04-24,0.6944
1997-04-25,0.7049
1997-04-28,0.7053
1997-04-29,0.7048
1997-04-30,0.7065
1997-05-01,0.6931
1997-05-02,0.694
1997-05-05,0.689
1997-05-06,0.6902
1997-05-07,0.6892
1997-05-08,0.6912
1997-05-09,0.6898
1997-05-12,0.6965
1997-05-13,0.6983
1997-05-14,0.698
1997-05-15,0.7066
1997-05-16,0.7054
1997-05-19,0.6988
1997-05-20,0.6985
1997-05-21,0.6962
1997-05-22,0.7011
1997-05-23,0.6981
1997-05-27,0.7047
1997-05-28,0.7071
1997-05-29,0.7106
1997-05-30,0.6995
1997-06-02,0.7086
1997-06-03,0.7092
1997-06-04,0.7062
1997-06-05,0.706
1997-06-06,0.6987
1997-06-09,0.6962
1997-06-10,0.7002
1997-06-11,0.7114
1997-06-12,0.7238
1997-06-13,0.7215
1997-06-16,0.7124
1997-06-17,0.728
1997-06-18,0.7277
1997-06-19,0.7302
1997-06-20,0.731
1997-06-23,0.729
1997-06-24,0.7426
1997-06-25,0.747
1997-06-26,0.7443
1997-06-27,0.7456
1997-06-30,0.7442
1997-07-01,0.741
1997-07-02,0.739
1997-07-03,0.731
1997-07-07,0.7124
1997-07-08,0.717
1997-07-09,0.717
1997-07-10,0.718
1997-07-11,0.7139
1997-07-14,0.7148
1997-07-15,0.7224
1997-07-16,0.7218
1997-07-17,0.7278
1997-07-18,0.7293
1997-07-21,0.7258
1997-07-22,0.7408
1997-07-23,0.7406
1997-07-24,0.7498
1997-07-25,0.7345
1997-07-28,0.7297
1997-07-29,0.7343
1997-07-30,0.7346
1997-07-31,0.7297
1997-08-01,0.7318
1997-08-04,0.7306
1997-08-05,0.7293
1997-08-06,0.7343
1997-08-07,0.7231
1997-08-08,0.7225
1997-08-11,0.7171
1997-08-12,0.7279
1997-08-13,0.7279
1997-08-14,0.7248
1997-08-15,0.7266
1997-08-18,0.718
1997-08-19,0.7258
1997-08-20,0.7165
1997-08-21,0.7179
1997-08-22,0.7119
1997-08-25,0.716
1997-08-26,0.7077
1997-08-27,0.715
1997-08-28,0.7173
1997-08-29,0.712
1997-09-02,0.717
1997-09-03,0.709
1997-09-04,0.7143
1997-09-05,0.7104
1997-09-08,0.7147
1997-09-09,0.7149
1997-09-10,0.7133
1997-09-11,0.7105
1997-09-12,0.7241
1997-09-15,0.7168
1997-09-16,0.718
1997-09-17,0.718
1997-09-18,0.7209
1997-09-19,0.7193
1997-09-22,0.7081
1997-09-23,0.7242
1997-09-24,0.721
1997-09-25,0.7178
1997-09-26,0.7074
1997-09-29,0.7059
1997-09-30,0.6905
1997-10-01,0.6914
1997-10-02,0.691
1997-10-03,0.6934
1997-10-06,0.6852
1997-10-07,0.6869
1997-10-08,0.6888
1997-10-09,0.6882
1997-10-10,0.6914
1997-10-13,0.6889
1997-10-14,0.6915
1997-10-15,0.6872
1997-10-16,0.6888
1997-10-17,0.6913
1997-10-20,0.6862
1997-10-21,0.6968
1997-10-22,0.6985
1997-10-23,0.6936
1997-10-24,0.6963
1997-10-27,0.6902
1997-10-28,0.6941
1997-10-29,0.6918
1997-10-30,0.6955
1997-10-31,0.6982
1997-11-03,0.7027
1997-11-04,0.6988
1997-11-05,0.6961
1997-11-06,0.6959
1997-11-07,0.6957
1997-11-10,0.6743
1997-11-11,0.6783
1997-11-12,0.6783
1997-11-13,0.6823
1997-11-14,0.6801
1997-11-17,0.6787
1997-11-18,0.6808
1997-11-19,0.6805
1997-11-20,0.6756
1997-11-21,0.6722
1997-11-24,0.6791
1997-11-25,0.679
1997-11-26,0.6723
1997-11-28,0.6723
1997-12-01,0.6663
1997-12-02,0.6629
1997-12-03,0.6613
1997-12-04,0.6506
1997-12-05,0.6533
1997-12-08,0.6497
1997-12-09,0.6417
1997-12-10,0.6455
1997-12-11,0.6428
1997-12-12,0.6345
1997-12-15,0.6288
1997-12-16,0.6262
1997-12-17,0.6369
1997-12-18,0.6425
1997-12-19,0.638
1997-12-22,0.6438
1997-12-23,0.6393
1997-12-24,0.6407
1997-12-26,0.6407
1997-12-29,0.6362
1997-12-30,0.6365
1997-12-31,0.6357
1998-01-02,0.6361
1998-01-05,0.6404
1998-01-06,0.6499
1998-01-07,0.6423
1998-01-08,0.634
1998-01-09,0.6254
1998-01-12,0.6208
1998-01-13,0.6196
1998-01-14,0.6238
1998-01-15,0.6247
1998-01-16,0.6268
1998-01-20,0.6288
1998-01-21,0.6263
1998-01-22,0.6199
1998-01-23,0.6127
1998-01-26,0.6148
1998-01-27,0.6171
1998-01-28,0.6258
1998-01-29,0.6239
1998-01-30,0.6362
1998-02-02,0.642
1998-02-03,0.6402
1998-02-04,0.6355
1998-02-05,0.6357
1998-02-06,0.6437
1998-02-09,0.6546
1998-02-10,0.6553
1998-02-11,0.6553
1998-02-12,0.6481
1998-02-13,0.6481
1998-02-17,0.6413
1998-02-18,0.6352
1998-02-19,0.6232
1998-02-20,0.6254
1998-02-23,0.641
1998-02-24,0.6353
1998-02-25,0.6518
1998-02-26,0.6512
1998-02-27,0.6761
1998-03-02,0.6891
1998-03-03,0.6857
1998-03-04,0.6864
1998-03-05,0.6895
1998-03-06,0.6539
1998-03-09,0.6517
1998-03-10,0.6821
1998-03-11,0.686
1998-03-12,0.6995
1998-03-13,0.7092
1998-03-16,0.6954
1998-03-17,0.6969
1998-03-18,0.6917
1998-03-19,0.6933
1998-03-20,0.6837
1998-03-23,0.6868
1998-03-24,0.6836
1998-03-25,0.6806
1998-03-26,0.6851
1998-03-27,0.6884
1998-03-30,0.6923
1998-03-31,0.6623
1998-04-01,0.6646
1998-04-02,0.6572
1998-04-03,0.6356
1998-04-06,0.6064
1998-04-07,0.6022
1998-04-08,0.601
1998-04-09,0.604
1998-04-13,0.6028
1998-04-14,0.6041
1998-04-15,0.6089
1998-04-16,0.6145
1998-04-17,0.6178
1998-04-20,0.6108
1998-04-21,0.6104
1998-04-22,0.6109
1998-04-23,0.6134
1998-04-24,0.6321
1998-04-27,0.636
1998-04-28,0.6414
1998-04-29,0.6439
1998-04-30,0.6554
1998-05-01,0.6566
1998-05-04,0.6487
1998-05-05,0.6522
1998-05-06,0.6616
1998-05-07,0.6559
1998-05-08,0.6616
1998-05-11,0.659
1998-05-12,0.6733
1998-05-13,0.6741
1998-05-14,0.6675
1998-05-15,0.6728
1998-05-18,0.6765
1998-05-19,0.6732
1998-05-20,0.6686
1998-05-21,0.6758
1998-05-22,0.6899
1998-05-26,0.6919
1998-05-27,0.6888
1998-05-28,0.7033
1998-05-29,0.7159
1998-06-01,0.7459
1998-06-02,0.731
1998-06-03,0.7276
1998-06-04,0.7331
1998-06-05,0.7327
1998-06-08,0.7539
1998-06-09,0.7296
1998-06-10,0.7131
1998-06-11,0.733
1998-06-12,0.7294
1998-06-15,0.7366
1998-06-16,0.7316
1998-06-17,0.727
1998-06-18,0.7364
1998-06-19,0.7364
1998-06-22,0.7416
1998-06-23,0.7551
1998-06-24,0.7626
1998-06-25,0.7755
1998-06-26,0.7685
1998-06-29,0.7764
1998-06-30,0.7789
1998-07-01,0.7811
1998-07-02,0.7757
1998-07-06,0.7698
1998-07-07,0.7828
1998-07-08,0.785
1998-07-09,0.7808
1998-07-10,0.7619
1998-07-13,0.738
1998-07-14,0.7367
1998-07-15,0.7358
1998-07-16,0.7365
1998-07-17,0.7583
1998-07-20,0.7478
1998-07-21,0.7376
1998-07-22,0.743
1998-07-23,0.7415
1998-07-24,0.7378
1998-07-27,0.7185
1998-07-28,0.7158
1998-07-29,0.7175
1998-07-30,0.7211
1998-07-31,0.7054
1998-08-03,0.694
1998-08-04,0.6945
1998-08-05,0.7105
1998-08-06,0.7222
1998-08-07,0.7203
1998-08-10,0.7101
1998-08-11,0.6998
1998-08-12,0.6998
1998-08-13,0.7239
1998-08-14,0.7323
1998-08-17,0.7423
1998-08-18,0.7318
1998-08-19,0.7396
1998-08-20,0.7368
1998-08-21,0.7305
1998-08-24,0.7475
1998-08-25,0.7403
1998-08-26,0.739
1998-08-27,0.724
1998-08-28,0.714
1998-08-31,0.7111
1998-09-01,0.724
1998-09-02,0.7376
1998-09-03,0.735
1998-09-04,0.724
1998-09-08,0.7237
1998-09-09,0.72
1998-09-10,0.7145
1998-09-11,0.716
1998-09-14,0.7218
1998-09-15,0.718
1998-09-16,0.7202
1998-09-17,0.7111
1998-09-18,0.723
1998-09-21,0.7233
1998-09-22,0.7299
1998-09-23,0.7257
1998-09-24,0.7094
1998-09-25,0.7081
1998-09-28,0.7087
1998-09-29,0.6941
1998-09-30,0.7007
1998-10-01,0.6968
1998-10-02,0.6971
1998-10-05,0.705
1998-10-06,0.7167
1998-10-07,0.7119
1998-10-08,0.712
1998-10-09,0.6968
1998-10-12,0.689
1998-10-13,0.6836
1998-10-14,0.6845
1998-10-15,0.6665
1998-10-16,0.6553
1998-10-19,0.6546
1998-10-20,0.6631
1998-10-21,0.672
1998-10-22,0.6536
1998-10-23,0.6612
1998-10-26,0.6556
1998-10-27,0.6607
1998-10-28,0.6618
1998-10-29,0.6512
1998-10-30,0.6527
1998-11-02,0.6546
1998-11-03,0.6539
1998-11-04,0.6596
1998-11-05,0.6623
1998-11-06,0.6762
1998-11-09,0.6895
1998-11-10,0.6865
1998-11-11,0.6693
1998-11-12,0.6773
1998-11-13,0.6802
1998-11-16,0.6656
1998-11-17,0.642
1998-11-18,0.654
1998-11-19,0.6474
1998-11-20,0.6397
1998-11-23,0.6336
1998-11-24,0.6361
1998-11-25,0.6455
1998-11-27,0.6455
1998-11-30,0.644
1998-12-01,0.6445
1998-12-02,0.6515
1998-12-03,0.6357
1998-12-04,0.641
1998-12-07,0.6372
1998-12-08,0.6367
1998-12-09,0.6322
1998-12-10,0.6385
1998-12-11,0.6206
1998-12-14,0.6214
1998-12-15,0.6127
1998-12-16,0.6245
1998-12-17,0.617
1998-12-18,0.6167
1998-12-21,0.6082
1998-12-22,0.6023
1998-12-23,0.5795
1998-12-24,0.5795
1998-12-28,0.5828
1998-12-29,0.5865
1998-12-30,0.5844
1998-12-31,0.5844
1999-01-04,0.5703
1999-01-05,0.5823
1999-01-06,0.5797
1999-01-07,0.5734
1999-01-08,0.5729
1999-01-11,0.5704
1999-01-12,0.5811
1999-01-13,0.5748
1999-01-14,0.5748
1999-01-15,0.5803
1999-01-19,0.5741
1999-01-20,0.5784
1999-01-21,0.5788
1999-01-22,0.5704
1999-01-25,0.5587
1999-01-26,0.5675
1999-01-27,0.5745
1999-01-28,0.5955
1999-01-29,0.5918
1999-02-01,0.5912
1999-02-02,0.5858
1999-02-03,0.5889
1999-02-04,0.5763
1999-02-05,0.5791
1999-02-08,0.5827
1999-02-09,0.5639
1999-02-10,0.566
1999-02-11,0.5502
1999-02-12,0.5591
1999-02-16,0.5569
1999-02-17,0.5626
1999-02-18,0.562
1999-02-19,0.5593
1999-02-22,0.5589
1999-02-23,0.5545
1999-02-24,0.5632
1999-02-25,0.5814
1999-02-26,0.5694
1999-03-01,0.5774
1999-03-02,0.5969
1999-03-03,0.5985
1999-03-04,0.6054
1999-03-05,0.6198
1999-03-08,0.6089
1999-03-09,0.6043
1999-03-10,0.6043
1999-03-11,0.6175
1999-03-12,0.6041
1999-03-15,0.6011
1999-03-16,0.6042
1999-03-17,0.6067
1999-03-18,0.6141
1999-03-19,0.6021
1999-03-22,0.6192
1999-03-23,0.6152
1999-03-24,0.6075
1999-03-25,0.6165
1999-03-26,0.6179
1999-03-29,0.5974
1999-03-30,0.5979
1999-03-31,0.6004
1999-04-01,0.6035
1999-04-05,0.6059
1999-04-06,0.6131
1999-04-07,0.6135
1999-04-08,0.6241
1999-04-09,0.6171
1999-04-12,0.6098
1999-04-13,0.607
1999-04-14,0.607
1999-04-15,0.6003
1999-04-16,0.5819
1999-04-19,0.5827
1999-04-20,0.5844
1999-04-21,0.5891
1999-04-22,0.5774
1999-04-23,0.5964
1999-04-26,0.5901
1999-04-27,0.5996
1999-04-28,0.6143
1999-04-29,0.6248
1999-04-30,0.6171
1999-05-03,0.607
1999-05-04,0.6034
1999-05-05,0.5921
1999-05-06,0.5926
1999-05-07,0.6029
1999-05-10,0.602
1999-05-11,0.5971
1999-05-12,0.573
1999-05-13,0.5787
1999-05-14,0.5774
1999-05-17,0.5813
1999-05-18,0.5749
1999-05-19,0.5786
1999-05-20,0.5793
1999-05-21,0.5758
1999-05-24,0.5657
1999-05-25,0.576
1999-05-26,0.5721
1999-05-27,0.5697
1999-05-28,0.5774
1999-06-01,0.5783
1999-06-02,0.5821
1999-06-03,0.5891
1999-06-04,0.5853
1999-06-07,0.5897
1999-06-08,0.5848
1999-06-09,0.5848
1999-06-10,0.5731
1999-06-11,0.5658
1999-06-14,0.5658
1999-06-15,0.5766
1999-06-16,0.5626
1999-06-17,0.5518
1999-06-18,0.5616
1999-06-21,0.559
1999-06-22,0.5588
1999-06-23,0.5474
1999-06-24,0.5534
1999-06-25,0.5474
1999-06-28,0.5358
1999-06-29,0.5335
1999-06-30,0.5464
1999-07-01,0.5375
1999-07-02,0.5223
1999-07-06,0.5383
1999-07-07,0.5268
1999-07-08,0.5217
1999-07-09,0.5101
1999-07-12,0.4945
1999-07-13,0.5053
1999-07-14,0.4955
1999-07-15,0.4995
1999-07-16,0.5052
1999-07-19,0.5144
1999-07-20,0.5189
1999-07-21,0.5321
1999-07-22,0.5309
1999-07-23,0.5401
1999-07-26,0.5285
1999-07-27,0.5282
1999-07-28,0.5205
1999-07-29,0.5346
1999-07-30,0.5438
1999-08-02,0.5307
1999-08-03,0.5281
1999-08-04,0.5209
1999-08-05,0.5198
1999-08-06,0.5259
1999-08-09,0.5339
1999-08-10,0.5231
1999-08-11,0.5225
1999-08-12,0.5315
1999-08-13,0.529
1999-08-16,0.5368
1999-08-17,0.5366
1999-08-18,0.5345
1999-08-19,0.5294
1999-08-20,0.5223
1999-08-23,0.5013
1999-08-24,0.4986
1999-08-25,0.4953
1999-08-26,0.498
1999-08-27,0.4881
1999-08-30,0.479
1999-08-31,0.4864
1999-09-01,0.4869
1999-09-02,0.485
1999-09-03,0.4823
1999-09-07,0.489
1999-09-08,0.487
1999-09-09,0.4914
1999-09-10,0.5222
1999-09-13,0.509
1999-09-14,0.499
1999-09-15,0.4943
1999-09-16,0.4943
1999-09-17,0.5059
1999-09-20,0.5053
1999-09-21,0.5084
1999-09-22,0.5044
1999-09-23,0.4979
1999-09-24,0.5007
1999-09-27,0.5069
1999-09-28,0.5097
1999-09-29,0.5099
1999-09-30,0.4956
1999-10-01,0.497
1999-10-04,0.4854
1999-10-05,0.4825
1999-10-06,0.4827
1999-10-07,0.4872
1999-10-08,0.5053
1999-10-11,0.5049
1999-10-12,0.508
1999-10-13,0.5267
1999-10-14,0.5251
1999-10-15,0.5223
1999-10-18,0.5173
1999-10-19,0.5174
1999-10-20,0.5112
1999-10-21,0.5125
1999-10-22,0.5137
1999-10-25,0.5134
1999-10-26,0.5083
1999-10-27,0.5143
1999-10-28,0.5051
1999-10-29,0.5027
1999-11-01,0.5014
1999-11-02,0.5046
1999-11-03,0.4981
1999-11-04,0.4972
1999-11-05,0.4961
1999-11-08,0.489
1999-11-09,0.4934
1999-11-10,0.4934
1999-11-11,0.4927
1999-11-12,0.4918
1999-11-15,0.4906
1999-11-16,0.4833
1999-11-17,0.4864
1999-11-18,0.4899
1999-11-19,0.485
1999-11-22,0.4937
1999-11-23,0.4903
1999-11-24,0.4901
1999-11-26,0.4901
1999-11-29,0.4897
1999-11-30,0.4805
1999-12-01,0.4825
1999-12-02,0.4809
1999-12-03,0.474
1999-12-06,0.4724
1999-12-07,0.4797
1999-12-08,0.4758
1999-12-09,0.474
1999-12-10,0.4745
1999-12-13,0.4751
1999-12-14,0.4763
1999-12-15,0.4721
1999-12-16,0.4638
1999-12-17,0.4665
1999-12-20,0.4657
1999-12-21,0.4693
1999-12-22,0.4683
1999-12-23,0.4683
1999-12-27,0.4636
1999-12-28,0.4642
1999-12-29,0.471
1999-12-30,0.4824
1999-12-31,0.4824
2000-01-03,0.4857
2000-01-04,0.4823
2000-01-05,0.4906
2000-01-06,0.4958
2000-01-07,0.5146
2000-01-10,0.5106
2000-01-11,0.5168
2000-01-12,0.5122
2000-01-13,0.5225
2000-01-14,0.5262
2000-01-18,0.5226
2000-01-19,0.5525
2000-01-20,0.5494
2000-01-21,0.5365
2000-01-24,0.5385
2000-01-25,0.5536
2000-01-26,0.5492
2000-01-27,0.5503
2000-01-28,0.5503
2000-01-31,0.5536
2000-02-01,0.5463
2000-02-02,0.5454
2000-02-03,0.5359
2000-02-04,0.5358
2000-02-07,0.5368
2000-02-08,0.528
2000-02-09,0.533
2000-02-10,0.5504
2000-02-11,0.5447
2000-02-14,0.5476
2000-02-15,0.5435
2000-02-16,0.5413
2000-02-17,0.5443
2000-02-18,0.5625
2000-02-22,0.5767
2000-02-23,0.5715
2000-02-24,0.5683
2000-02-25,0.5538
2000-02-28,0.5609
2000-02-29,0.5503
2000-03-01,0.5801
2000-03-02,0.5718
2000-03-03,0.5756
2000-03-06,0.5782
2000-03-07,0.5814
2000-03-08,0.5929
2000-03-09,0.5951
2000-03-10,0.601
2000-03-13,0.5971
2000-03-14,0.5986
2000-03-15,0.5972
2000-03-16,0.5904
2000-03-17,0.5969
2000-03-20,0.5814
2000-03-21,0.5838
2000-03-22,0.5686
2000-03-23,0.5604
2000-03-24,0.5581
2000-03-27,0.5621
2000-03-28,0.5615
2000-03-29,0.5495
2000-03-30,0.5457
2000-03-31,0.5514
2000-04-03,0.5539
2000-04-04,0.5421
2000-04-05,0.534
2000-04-06,0.5268
2000-04-07,0.5329
2000-04-10,0.5349
2000-04-11,0.5245
2000-04-12,0.5325
2000-04-13,0.5432
2000-04-14,0.5393
2000-04-17,0.5433
2000-04-18,0.5473
2000-04-19,0.5371
2000-04-20,0.5371
2000-04-24,0.5409
2000-04-25,0.5409
2000-04-26,0.5491
2000-04-27,0.5455
2000-04-28,0.5281
2000-05-01,0.547
2000-05-02,0.5595
2000-05-03,0.5469
2000-05-04,0.5425
2000-05-05,0.5586
2000-05-08,0.5796
2000-05-09,0.5916
2000-05-10,0.6074
2000-05-11,0.603
2000-05-12,0.6123
2000-05-15,0.6175
2000-05-16,0.6162
2000-05-17,0.6107
2000-05-18,0.6112
2000-05-19,0.603
2000-05-22,0.6266
2000-05-23,0.6242
2000-05-24,0.6173
2000-05-25,0.6228
2000-05-26,0.6222
2000-05-30,0.6001
2000-05-31,0.6164
2000-06-01,0.5925
2000-06-02,0.5799
2000-06-05,0.5767
2000-06-06,0.566
2000-06-07,0.5725
2000-06-08,0.5719
2000-06-09,0.5739
2000-06-12,0.5565
2000-06-13,0.5598
2000-06-14,0.56
2000-06-15,0.5691
2000-06-16,0.56
2000-06-19,0.5614
2000-06-20,0.5675
2000-06-21,0.5588
2000-06-22,0.558
2000-06-23,0.5578
2000-06-26,0.5416
2000-06-27,0.5379
2000-06-28,0.5363
2000-06-29,0.541
2000-06-30,0.528
2000-07-03,0.528
2000-07-05,0.5276
2000-07-06,0.523
2000-07-07,0.5366
2000-07-10,0.5363
2000-07-11,0.5367
2000-07-12,0.5401
2000-07-13,0.5902
2000-07-14,0.5902
2000-07-17,0.5802
2000-07-18,0.5856
2000-07-19,0.5808
2000-07-20,0.568
2000-07-21,0.5713
2000-07-24,0.5912
2000-07-25,0.5795
2000-07-26,0.5714
2000-07-27,0.5648
2000-07-28,0.5706
2000-07-31,0.5802
2000-08-01,0.5726
2000-08-02,0.5689
2000-08-03,0.5714
2000-08-04,0.5675
2000-08-07,0.5905
2000-08-08,0.5901
2000-08-09,0.6038
2000-08-10,0.5908
2000-08-11,0.5923
2000-08-14,0.5975
2000-08-15,0.592
2000-08-16,0.5914
2000-08-17,0.602
2000-08-18,0.5777
2000-08-21,0.5884
2000-08-22,0.585
2000-08-23,0.5838
2000-08-24,0.5802
2000-08-25,0.5923
2000-08-28,0.5934
2000-08-29,0.597
2000-08-30,0.5925
2000-08-31,0.5787
2000-09-01,0.5799
2000-09-05,0.5904
2000-09-06,0.5886
2000-09-07,0.5864
2000-09-08,0.6222
2000-09-11,0.621
2000-09-12,0.6068
2000-09-13,0.5997
2000-09-14,0.6045
2000-09-15,0.6066
2000-09-18,0.6068
2000-09-19,0.6063
2000-09-20,0.6065
2000-09-21,0.6148
2000-09-22,0.6104
2000-09-25,0.6144
2000-09-26,0.6123
2000-09-27,0.6019
2000-09-28,0.6003
2000-09-29,0.6003
2000-10-02,0.6112
2000-10-03,0.6154
2000-10-04,0.609
2000-10-05,0.6182
2000-10-06,0.6218
2000-10-09,0.6283
2000-10-10,0.6257
2000-10-11,0.6187
2000-10-12,0.6236
2000-10-13,0.614
2000-10-16,0.607
2000-10-17,0.6075
2000-10-18,0.6002
2000-10-19,0.6012
2000-10-20,0.6092
2000-10-23,0.6041
2000-10-24,0.607
2000-10-25,0.6126
2000-10-26,0.6088
2000-10-27,0.6114
2000-10-30,0.6199
2000-10-31,0.6077
2000-11-01,0.5982
2000-11-02,0.6016
2000-11-03,0.61
2000-11-06,0.6261
2000-11-07,0.6314
2000-11-08,0.629
2000-11-09,0.6221
2000-11-10,0.629
2000-11-13,0.6282
2000-11-14,0.623
2000-11-15,0.6232
2000-11-16,0.6295
2000-11-17,0.6242
2000-11-20,0.628
2000-11-21,0.6161
2000-11-22,0.6258
2000-11-24,0.6258
2000-11-27,0.6437
2000-11-28,0.6369
2000-11-29,0.6359
2000-11-30,0.6385
2000-12-01,0.6357
2000-12-04,0.6335
2000-12-05,0.6335
2000-12-06,0.6334
2000-12-07,0.6483
2000-12-08,0.6313
2000-12-11,0.6342
2000-12-12,0.6159
2000-12-13,0.6159
2000-12-14,0.6169
2000-12-15,0.6137
2000-12-18,0.611
2000-12-19,0.614
2000-12-20,0.6213
2000-12-21,0.6183
2000-12-22,0.6183
2000-12-26,0.5969
2000-12-27,0.5976
2000-12-28,0.5992
2000-12-29,0.5853
2001-01-02,0.566
2001-01-03,0.5721
2001-01-04,0.5586
2001-01-05,0.5567
2001-01-08,0.5648
2001-01-09,0.5737
2001-01-10,0.5784
2001-01-11,0.5837
2001-01-12,0.5862
2001-01-16,0.5846
2001-01-17,0.5802
2001-01-18,0.58
2001-01-19,0.5813
2001-01-22,0.5686
2001-01-23,0.5678
2001-01-24,0.5861
2001-01-25,0.581
2001-01-26,0.5875
2001-01-29,0.5845
2001-01-30,0.5951
2001-01-31,0.5886
2001-02-01,0.5693
2001-02-02,0.5726
2001-02-05,0.5769
2001-02-06,0.5773
2001-02-07,0.567
2001-02-08,0.5655
2001-02-09,0.5587
2001-02-12,0.564
2001-02-13,0.5703
2001-02-14,0.5793
2001-02-15,0.5621
2001-02-16,0.5556
2001-02-20,0.5361
2001-02-21,0.5328
2001-02-22,0.5268
2001-02-23,0.534
2001-02-26,0.5142
2001-02-27,0.5112
2001-02-28,0.5075
2001-03-01,0.5133
2001-03-02,0.5211
2001-03-05,0.5205
2001-03-06,0.5248
2001-03-07,0.5233
2001-03-08,0.5201
2001-03-09,0.4991
2001-03-12,0.4902
2001-03-13,0.4953
2001-03-14,0.499
2001-03-15,0.4684
2001-03-16,0.4648
2001-03-19,0.4711
2001-03-20,0.4649
2001-03-21,0.4582
2001-03-22,0.4439
2001-03-23,0.4556
2001-03-26,0.4653
2001-03-27,0.4509
2001-03-28,0.4456
2001-03-29,0.4269
2001-03-30,0.4309
2001-04-02,0.4273
2001-04-03,0.4339
2001-04-04,0.4419
2001-04-05,0.4397
2001-04-06,0.4488
2001-04-09,0.4459
2001-04-10,0.4457
2001-04-11,0.4358
2001-04-12,0.4289
2001-04-16,0.4307
2001-04-17,0.4447
2001-04-18,0.437
2001-04-19,0.4339
2001-04-20,0.419
2001-04-23,0.4228
2001-04-24,0.4273
2001-04-25,0.423
2001-04-26,0.4197
2001-04-27,0.4183
2001-04-30,0.4214
2001-05-01,0.4227
2001-05-02,0.4315
2001-05-03,0.4221
2001-05-04,0.4221
2001-05-07,0.4243
2001-05-08,0.4144
2001-05-09,0.4143
2001-05-10,0.4183
2001-05-11,0.4217
2001-05-14,0.437
2001-05-15,0.4308
2001-05-16,0.4163
2001-05-17,0.4147
2001-05-18,0.4084
2001-05-21,0.4019
2001-05-22,0.3956
2001-05-23,0.3966
2001-05-24,0.3946
2001-05-25,0.3965
2001-05-29,0.3804
2001-05-30,0.3772
2001-05-31,0.3788
2001-06-01,0.3842
2001-06-04,0.3806
2001-06-05,0.3798
2001-06-06,0.3903
2001-06-07,0.3944
2001-06-08,0.4021
2001-06-11,0.3822
2001-06-12,0.3851
2001-06-13,0.386
2001-06-14,0.3807
2001-06-15,0.3688
2001-06-18,0.3641
2001-06-19,0.3573
2001-06-20,0.3585
2001-06-21,0.3731
2001-06-22,0.3656
2001-06-25,0.3742
2001-06-26,0.3775
2001-06-27,0.3657
2001-06-28,0.3861
2001-06-29,0.387
2001-07-02,0.379
2001-07-03,0.379
2001-07-05,0.3755
2001-07-06,0.3752
2001-07-09,0.3908
2001-07-10,0.3867
2001-07-11,0.395
2001-07-12,0.394
2001-07-13,0.375
2001-07-16,0.379
2001-07-17,0.3773
2001-07-18,0.386
2001-07-19,0.382
2001-07-20,0.382
2001-07-23,0.385
2001-07-24,0.3793
2001-07-25,0.385
2001-07-26,0.3998
2001-07-27,0.4009
2001-07-30,0.3974
2001-07-31,0.399
2001-08-01,0.3928
2001-08-02,0.3816
2001-08-03,0.384
2001-08-06,0.3847
2001-08-07,0.3763
2001-08-08,0.3732
2001-08-09,0.3695
2001-08-10,0.3445
2001-08-13,0.344
2001-08-14,0.3426
2001-08-15,0.3497
2001-08-16,0.3495
2001-08-17,0.3453
2001-08-20,0.3488
2001-08-21,0.3485
2001-08-22,0.3486
2001-08-23,0.3479
2001-08-24,0.3475
2001-08-27,0.3525
2001-08-28,0.351
2001-08-29,0.3555
2001-08-30,0.349
2001-08-31,0.3494
2001-09-04,0.3588
2001-09-05,0.3525
2001-09-06,0.341
2001-09-07,0.335
2001-09-10,0.335
2001-09-11,0.335
2001-09-12,0.335
2001-09-13,0.335
2001-09-14,0.335
2001-09-17,0.325
2001-09-18,0.3202
2001-09-19,0.313
2001-09-20,0.3168
2001-09-21,0.3188
2001-09-24,0.3312
2001-09-25,0.3302
2001-09-26,0.331
2001-09-27,0.3173
2001-09-28,0.3188
2001-10-01,0.3155
2001-10-02,0.3185
2001-10-03,0.3192
2001-10-04,0.3115
2001-10-05,0.3002
2001-10-08,0.2879
2001-10-09,0.284
2001-10-10,0.2907
2001-10-11,0.2967
2001-10-12,0.2951
2001-10-15,0.2883
2001-10-16,0.2897
2001-10-17,0.2903
2001-10-18,0.2868
2001-10-19,0.2805
2001-10-22,0.2731
2001-10-23,0.2726
2001-10-24,0.2684
2001-10-25,0.2627
2001-10-26,0.2661
2001-10-29,0.2669
2001-10-30,0.2667
2001-10-31,0.2765
2001-11-01,0.2803
2001-11-02,0.2776
2001-11-05,0.2858
2001-11-06,0.2881
2001-11-07,0.3023
2001-11-08,0.3015
2001-11-09,0.3038
2001-11-12,0.3038
2001-11-13,0.3271
2001-11-14,0.3269
2001-11-15,0.3202
2001-11-16,0.325
2001-11-19,0.3223
2001-11-20,0.3185
2001-11-21,0.3213
2001-11-23,0.3213
2001-11-26,0.323
2001-11-27,0.3312
2001-11-28,0.3378
2001-11-29,0.3446
2001-11-30,0.3427
2001-12-03,0.3249
2001-12-04,0.3181
2001-12-05,0.3288
2001-12-06,0.3268
2001-12-07,0.3209
2001-12-10,0.3109
2001-12-11,0.3186
2001-12-12,0.3111
2001-12-13,0.3015
2001-12-14,0.328
2001-12-17,0.3295
2001-12-18,0.3231
2001-12-19,0.3195
2001-12-20,0.3141
2001-12-21,0.3141
2001-12-24,0.3141
2001-12-26,0.32
2001-12-27,0.3183
2001-12-28,0.3059
2001-12-31,0.3059
2002-01-02,0.3096
2002-01-03,0.3064
2002-01-04,0.3112
2002-01-07,0.3206
2002-01-08,0.3295
2002-01-09,0.3223
2002-01-10,0.319
2002-01-11,0.3154
2002-01-14,0.3115
2002-01-15,0.3209
2002-01-16,0.3243
2002-01-17,0.3271
2002-01-18,0.3183
2002-01-22,0.3128
2002-01-23,0.3123
2002-01-24,0.3059
2002-01-25,0.3118
2002-01-28,0.307
2002-01-29,0.3104
2002-01-30,0.2977
2002-01-31,0.2973
2002-02-01,0.317
2002-02-04,0.3208
2002-02-05,0.3155
2002-02-06,0.3162
2002-02-07,0.3239
2002-02-08,0.3276
2002-02-11,0.3196
2002-02-12,0.3294
2002-02-13,0.302
2002-02-14,0.3131
2002-02-15,0.3058
2002-02-19,0.2911
2002-02-20,0.2932
2002-02-21,0.2955
2002-02-22,0.3001
2002-02-25,0.3032
2002-02-26,0.3092
2002-02-27,0.311
2002-02-28,0.3113
2002-03-01,0.3131
2002-03-04,0.3115
2002-03-05,0.3139
2002-03-06,0.3173
2002-03-07,0.337
2002-03-08,0.3308
2002-03-11,0.3337
2002-03-12,0.3305
2002-03-13,0.338
2002-03-14,0.3456
2002-03-15,0.3445
2002-03-18,0.3444
2002-03-19,0.3451
2002-03-20,0.347
2002-03-21,0.3556
2002-03-22,0.3495
2002-03-25,0.3446
2002-03-26,0.3391
2002-03-27,0.3414
2002-03-28,0.3391
2002-04-01,0.3416
2002-04-02,0.3438
2002-04-03,0.3395
2002-04-04,0.3347
2002-04-05,0.3348
2002-04-08,0.3281
2002-04-09,0.3261
2002-04-10,0.3389
2002-04-11,0.3312
2002-04-12,0.328
2002-04-15,0.3222
2002-04-16,0.3253
2002-04-17,0.3257
2002-04-18,0.3158
2002-04-19,0.3074
2002-04-22,0.3083
2002-04-23,0.3101
2002-04-24,0.3192
2002-04-25,0.315
2002-04-26,0.3002
2002-04-29,0.2934
2002-04-30,0.2972
2002-05-01,0.2987
2002-05-02,0.2851
2002-05-03,0.2877
2002-05-06,0.289
2002-05-07,0.2836
2002-05-08,0.2895
2002-05-09,0.292
2002-05-10,0.3046
2002-05-13,0.3037
2002-05-14,0.3117
2002-05-15,0.3211
2002-05-16,0.3148
2002-05-17,0.3189
2002-05-20,0.3174
2002-05-21,0.3245
2002-05-22,0.3315
2002-05-23,0.333
2002-05-24,0.3294
2002-05-28,0.3425
2002-05-29,0.344
2002-05-30,0.3449
2002-05-31,0.3572
2002-06-03,0.3573
2002-06-04,0.3508
2002-06-05,0.3528
2002-06-06,0.3541
2002-06-07,0.3515
2002-06-10,0.3471
2002-06-11,0.3495
2002-06-12,0.3432
2002-06-13,0.3539
2002-06-14,0.3524
2002-06-17,0.3698
2002-06-18,0.3665
2002-06-19,0.3722
2002-06-20,0.4022
2002-06-21,0.3955
2002-06-24,0.3985
2002-06-25,0.4065
2002-06-26,0.4045
2002-06-27,0.3932
2002-06-28,0.4196
2002-07-01,0.3998
2002-07-02,0.4094
2002-07-03,0.416
2002-07-05,0.416
2002-07-08,0.4022
2002-07-09,0.4109
2002-07-10,0.427
2002-07-11,0.4106
2002-07-12,0.3974
2002-07-15,0.3849
2002-07-16,0.3838
2002-07-17,0.401
2002-07-18,0.4194
2002-07-19,0.421
2002-07-22,0.4254
2002-07-23,0.4133
2002-07-24,0.409
2002-07-25,0.4094
2002-07-26,0.4075
2002-07-29,0.4025
2002-07-30,0.4203
2002-07-31,0.4195
2002-08-01,0.4226
2002-08-02,0.4148
2002-08-05,0.3922
2002-08-06,0.398
2002-08-07,0.3996
2002-08-08,0.396
2002-08-09,0.3929
2002-08-12,0.4043
2002-08-13,0.4048
2002-08-14,0.4098
2002-08-15,0.3972
2002-08-16,0.3936
2002-08-19,0.4063
2002-08-20,0.392
2002-08-21,0.3855
2002-08-22,0.3944
2002-08-23,0.393
2002-08-26,0.387
2002-08-27,0.3885
2002-08-28,0.4073
2002-08-29,0.405
2002-08-30,0.3994
2002-09-03,0.3905
2002-09-04,0.3875
2002-09-05,0.3909
2002-09-06,0.3859
2002-09-09,0.3864
2002-09-10,0.3868
2002-09-11,0.3846
2002-09-12,0.3698
2002-09-13,0.3652
2002-09-16,0.364
2002-09-17,0.3739
2002-09-18,0.3815
2002-09-19,0.3848
2002-09-20,0.386
2002-09-23,0.3823
2002-09-24,0.3902
2002-09-25,0.3829
2002-09-26,0.3828
2002-09-27,0.3834
2002-09-30,0.3892
2002-10-01,0.4074
2002-10-02,0.4124
2002-10-03,0.3971
2002-10-04,0.3769
2002-10-07,0.3802
2002-10-08,0.379
2002-10-09,0.3842
2002-10-10,0.3954
2002-10-11,0.3884
2002-10-14,0.3876
2002-10-15,0.4054
2002-10-16,0.4008
2002-10-17,0.4054
2002-10-18,0.4095
2002-10-21,0.409
2002-10-22,0.4123
2002-10-23,0.4171
2002-10-24,0.4239
2002-10-25,0.4338
2002-10-28,0.4306
2002-10-29,0.4297
2002-10-30,0.4285
2002-10-31,0.4375
2002-11-01,0.4441
2002-11-04,0.4738
2002-11-05,0.462
2002-11-06,0.4594
2002-11-07,0.4698
2002-11-08,0.4713
2002-11-11,0.4717
2002-11-12,0.4642
2002-11-13,0.461
2002-11-14,0.4659
2002-11-15,0.4848
2002-11-18,0.4772
2002-11-19,0.4671
2002-11-20,0.4804
2002-11-21,0.4738
2002-11-22,0.479
2002-11-25,0.4814
2002-11-26,0.4743
2002-11-27,0.4743
2002-11-29,0.4743
2002-12-02,0.4706
2002-12-03,0.4564
2002-12-04,0.457
2002-12-05,0.468
2002-12-06,0.4711
2002-12-09,0.4675
2002-12-10,0.4863
2002-12-11,0.4863
2002-12-12,0.4797
2002-12-13,0.4833
2002-12-16,0.4885
2002-12-17,0.4858
2002-12-18,0.5001
2002-12-19,0.5023
2002-12-20,0.507
2002-12-23,0.5142
2002-12-24,0.5142
2002-12-26,0.5078
2002-12-27,0.5105
2002-12-30,0.5082
2002-12-31,0.4991
2003-01-02,0.5076
2003-01-03,0.5037
2003-01-06,0.5033
2003-01-07,0.5042
2003-01-08,0.5099
2003-01-09,0.5006
2003-01-10,0.504
2003-01-13,0.4991
2003-01-14,0.503
2003-01-15,0.5046
2003-01-16,0.5052
2003-01-17,0.4963
2003-01-21,0.4896
2003-01-22,0.4851
2003-01-23,0.4923
2003-01-24,0.4931
2003-01-27,0.5058
2003-01-28,0.5036
2003-01-29,0.5111
2003-01-30,0.5143
2003-01-31,0.5236
2003-02-03,0.5218
2003-02-04,0.5198
2003-02-05,0.5185
2003-02-06,0.517
2003-02-07,0.5015
2003-02-10,0.5068
2003-02-11,0.5327
2003-02-12,0.5327
2003-02-13,0.5121
2003-02-14,0.5293
2003-02-18,0.5293
2003-02-19,0.5333
2003-02-20,0.5356
2003-02-21,0.5409
2003-02-24,0.5312
2003-02-25,0.5418
2003-02-26,0.5447
2003-02-27,0.5331
2003-02-28,0.5479
2003-03-03,0.544
2003-03-04,0.5414
2003-03-05,0.5449
2003-03-06,0.5447
2003-03-07,0.5494
2003-03-10,0.5503
2003-03-11,0.5506
2003-03-12,0.558
2003-03-13,0.5631
2003-03-14,0.5652
2003-03-17,0.5606
2003-03-18,0.5453
2003-03-19,0.5534
2003-03-20,0.5505
2003-03-21,0.5578
2003-03-24,0.5431
2003-03-25,0.5445
2003-03-26,0.5352
2003-03-27,0.53
2003-03-28,0.5354
2003-03-31,0.5471
2003-04-01,0.5472
2003-04-02,0.5497
2003-04-03,0.545
2003-04-04,0.5469
2003-04-07,0.5432
2003-04-08,0.5347
2003-04-09,0.5337
2003-04-10,0.5442
2003-04-11,0.5425
2003-04-14,0.5336
2003-04-15,0.5425
2003-04-16,0.5427
2003-04-17,0.548
2003-04-21,0.5498
2003-04-22,0.5471
2003-04-23,0.5471
2003-04-24,0.5261
2003-04-25,0.5384
2003-04-28,0.5213
2003-04-29,0.5101
2003-04-30,0.5067
2003-05-01,0.5098
2003-05-02,0.5075
2003-05-05,0.4917
2003-05-06,0.4701
2003-05-07,0.4586
2003-05-08,0.4759
2003-05-09,0.4909
2003-05-12,0.499
2003-05-13,0.4976
2003-05-14,0.5049
2003-05-15,0.4973
2003-05-16,0.4995
2003-05-19,0.497
2003-05-20,0.4919
2003-05-21,0.4917
2003-05-22,0.4925
2003-05-23,0.4925
2003-05-27,0.482
2003-05-28,0.4777
2003-05-29,0.4718
2003-05-30,0.4658
2003-06-02,0.4662
2003-06-03,0.4513
2003-06-04,0.4664
2003-06-05,0.4751
2003-06-06,0.4776
2003-06-09,0.4921
2003-06-10,0.5019
2003-06-11,0.5218
2003-06-12,0.5292
2003-06-13,0.5229
2003-06-16,0.5292
2003-06-17,0.533
2003-06-18,0.5288
2003-06-19,0.5288
2003-06-20,0.5365
2003-06-23,0.526
2003-06-24,0.5159
2003-06-25,0.5301
2003-06-26,0.5217
2003-06-27,0.5275
2003-06-30,0.536
2003-07-01,0.536
2003-07-02,0.5513
2003-07-03,0.5447
2003-07-07,0.5592
2003-07-08,0.5546
2003-07-09,0.56
2003-07-10,0.5523
2003-07-11,0.5533
2003-07-14,0.561
2003-07-15,0.5545
2003-07-16,0.5448
2003-07-17,0.5435
2003-07-18,0.5585
2003-07-21,0.5555
2003-07-22,0.5555
2003-07-23,0.5385
2003-07-24,0.5508
2003-07-25,0.5483
2003-07-28,0.5515
2003-07-29,0.5427
2003-07-30,0.5377
2003-07-31,0.5341
2003-08-01,0.5285
2003-08-04,0.5245
2003-08-05,0.5243
2003-08-06,0.539
2003-08-07,0.529
2003-08-08,0.531
2003-08-11,0.524
2003-08-12,0.5129
2003-08-13,0.5195
2003-08-14,0.5105
2003-08-15,0.5102
2003-08-18,0.514
2003-08-19,0.5167
2003-08-20,0.537
2003-08-21,0.5247
2003-08-22,0.522
2003-08-25,0.522
2003-08-26,0.525
2003-08-27,0.5263
2003-08-28,0.5325
2003-08-29,0.543
2003-09-02,0.5425
2003-09-03,0.5434
2003-09-04,0.5467
2003-09-05,0.55
2003-09-08,0.544
2003-09-09,0.5493
2003-09-10,0.5745
2003-09-11,0.5995
2003-09-12,0.6072
2003-09-15,0.601
2003-09-16,0.5835
2003-09-17,0.5863
2003-09-18,0.5984
2003-09-19,0.5957
2003-09-22,0.5922
2003-09-23,0.6061
2003-09-24,0.6142
2003-09-25,0.6191
2003-09-26,0.6191
2003-09-29,0.6375
2003-09-30,0.6426
2003-10-01,0.637
2003-10-02,0.6455
2003-10-03,0.6358
2003-10-06,0.6474
2003-10-07,0.6428
2003-10-08,0.6569
2003-10-09,0.658
2003-10-10,0.6754
2003-10-13,0.6754
2003-10-14,0.6787
2003-10-15,0.7023
2003-10-16,0.6984
2003-10-17,0.7127
2003-10-20,0.7117
2003-10-21,0.7106
2003-10-22,0.7334
2003-10-23,0.7634
2003-10-24,0.7786
2003-10-27,0.7797
2003-10-28,0.7773
2003-10-29,0.7848
2003-10-30,0.7548
2003-10-31,0.7248
2003-11-03,0.7216
2003-11-04,0.7305
2003-11-05,0.7332
2003-11-06,0.7102
2003-11-07,0.7277
2003-11-10,0.722
2003-11-11,0.7145
2003-11-12,0.6881
2003-11-13,0.7071
2003-11-14,0.718
2003-11-17,0.7121
2003-11-18,0.6869
2003-11-19,0.6966
2003-11-20,0.6835
2003-11-21,0.6659
2003-11-24,0.6359
2003-11-25,0.6059
2003-11-26,0.6059
2003-11-28,0.6359
2003-12-01,0.6359
2003-12-02,0.6733
2003-12-03,0.6613
2003-12-04,0.6473
2003-12-05,0.6499
2003-12-08,0.6354
2003-12-09,0.6425
2003-12-10,0.6381
2003-12-11,0.6439
2003-12-12,0.6481
2003-12-15,0.6352
2003-12-16,0.6467
2003-12-17,0.6512
2003-12-18,0.6408
2003-12-19,0.6604
2003-12-22,0.6604
2003-12-23,0.6604
2003-12-24,0.6604
2003-12-26,0.6604
2003-12-29,0.6872
2003-12-30,0.6937
2003-12-31,0.7506
2004-01-02,0.7506
2004-01-05,0.713
2004-01-06,0.7117
2004-01-07,0.6954
2004-01-08,0.7063
2004-01-09,0.6967
2004-01-12,0.6976
2004-01-13,0.6981
2004-01-14,0.6907
2004-01-15,0.6999
2004-01-16,0.7022
2004-01-20,0.7077
2004-01-21,0.7066
2004-01-22,0.7082
2004-01-23,0.7094
2004-01-26,0.7064
2004-01-27,0.6876
2004-01-28,0.6576
2004-01-29,0.6366
2004-01-30,0.6573
2004-02-02,0.6364
2004-02-03,0.639
2004-02-04,0.6425
2004-02-05,0.635
2004-02-06,0.6407
2004-02-09,0.6296
2004-02-10,0.5996
2004-02-11,0.5994
2004-02-12,0.6142
2004-02-13,0.6168
2004-02-17,0.6251
2004-02-18,0.6188
2004-02-19,0.6428
2004-02-20,0.6476
2004-02-23,0.6515
2004-02-24,0.6566
2004-02-25,0.6466
2004-02-26,0.6841
2004-02-27,0.6902
2004-03-01,0.6878
2004-03-02,0.6598
2004-03-03,0.6527
2004-03-04,0.6422
2004-03-05,0.6473
2004-03-08,0.6226
2004-03-09,0.5926
2004-03-10,0.5926
2004-03-11,0.6218
2004-03-12,0.6087
2004-03-15,0.6168
2004-03-16,0.6204
2004-03-17,0.626
2004-03-18,0.6425
2004-03-19,0.6442
2004-03-22,0.635
2004-03-23,0.6136
2004-03-24,0.6176
2004-03-25,0.607
2004-03-26,0.616
2004-03-29,0.6203
2004-03-30,0.616
2004-03-31,0.586
2004-04-01,0.5803
2004-04-02,0.5912
2004-04-05,0.5868
2004-04-06,0.5822
2004-04-07,0.5818
2004-04-08,0.5821
2004-04-12,0.5526
2004-04-13,0.5412
2004-04-14,0.5737
2004-04-15,0.5865
2004-04-16,0.5924
2004-04-19,0.5996
2004-04-20,0.5909
2004-04-21,0.6036
2004-04-22,0.6101
2004-04-23,0.6155
2004-04-26,0.6155
2004-04-27,0.6038
2004-04-28,0.5738
2004-04-29,0.5713
2004-04-30,0.5711
2004-05-03,0.5711
2004-05-04,0.5743
2004-05-05,0.5829
2004-05-06,0.595
2004-05-07,0.625
2004-05-10,0.6229
2004-05-11,0.619
2004-05-12,0.609
2004-05-13,0.6259
2004-05-14,0.6222
2004-05-17,0.6146
2004-05-18,0.6019
2004-05-19,0.6122
2004-05-20,0.6122
2004-05-21,0.6025
2004-05-24,0.6079
2004-05-25,0.6143
2004-05-26,0.601
2004-05-27,0.589
2004-05-28,0.5894
2004-06-01,0.5598
2004-06-02,0.5563
2004-06-03,0.5579
2004-06-04,0.5655
2004-06-07,0.5528
2004-06-08,0.5444
2004-06-09,0.5534
2004-06-10,0.5692
2004-06-14,0.5607
2004-06-15,0.5307
2004-06-16,0.5028
2004-06-17,0.51
2004-06-18,0.51
2004-06-21,0.4956
2004-06-22,0.4845
2004-06-23,0.4855
2004-06-24,0.5
2004-06-25,0.5095
2004-06-28,0.492
2004-06-29,0.5002
2004-06-30,0.4845
2004-07-01,0.4732
2004-07-02,0.4722
2004-07-06,0.4724
2004-07-07,0.466
2004-07-08,0.4575
2004-07-09,0.456
2004-07-12,0.4435
2004-07-13,0.4485
2004-07-14,0.453
2004-07-15,0.4378
2004-07-16,0.458
2004-07-19,0.46
2004-07-20,0.4718
2004-07-21,0.465
2004-07-22,0.4535
2004-07-23,0.4495
2004-07-26,0.4331
2004-07-27,0.4294
2004-07-28,0.4345
2004-07-29,0.4273
2004-07-30,0.4283
2004-08-02,0.433
2004-08-03,0.4446
2004-08-04,0.4395
2004-08-05,0.4473
2004-08-06,0.434
2004-08-09,0.434
2004-08-10,0.4355
2004-08-11,0.4338
2004-08-12,0.4102
2004-08-13,0.4155
2004-08-16,0.416
2004-08-17,0.446
2004-08-18,0.4535
2004-08-19,0.4508
2004-08-20,0.4805
2004-08-23,0.4785
2004-08-24,0.482
2004-08-25,0.4749
2004-08-26,0.4565
2004-08-27,0.4515
2004-08-30,0.4815
2004-08-31,0.513
2004-09-01,0.5065
2004-09-02,0.515
2004-09-03,0.485
2004-09-07,0.497
2004-09-08,0.505
2004-09-09,0.5005
2004-09-10,0.4875
2004-09-13,0.5055
2004-09-14,0.4895
2004-09-15,0.4875
2004-09-16,0.4597
2004-09-17,0.4718
2004-09-20,0.4718
2004-09-21,0.4688
2004-09-22,0.4784
2004-09-23,0.4707
2004-09-24,0.4527
2004-09-27,0.463
2004-09-28,0.4626
2004-09-29,0.4528
2004-09-30,0.446
2004-10-01,0.4523
2004-10-04,0.4558
2004-10-05,0.4498
2004-10-06,0.4622
2004-10-07,0.4547
2004-10-08,0.4435
2004-10-11,0.4435
2004-10-12,0.4179
2004-10-13,0.4295
2004-10-14,0.4452
2004-10-15,0.4382
2004-10-18,0.4442
2004-10-19,0.4604
2004-10-20,0.4649
2004-10-21,0.4431
2004-10-22,0.4417
2004-10-25,0.4504
2004-10-26,0.4512
2004-10-27,0.4533
2004-10-28,0.4356
2004-10-29,0.4323
2004-11-01,0.4223
2004-11-02,0.434
2004-11-03,0.4283
2004-11-04,0.4162
2004-11-05,0.4161
2004-11-08,0.4208
2004-11-09,0.4229
2004-11-10,0.419
2004-11-11,0.419
2004-11-12,0.4284
2004-11-15,0.428
2004-11-16,0.4287
2004-11-17,0.426
2004-11-18,0.4331
2004-11-19,0.4253
2004-11-22,0.4274
2004-11-23,0.423
2004-11-24,0.4142
2004-11-26,0.4142
2004-11-29,0.4247
2004-11-30,0.4353
2004-12-01,0.4214
2004-12-02,0.4162
2004-12-03,0.4042
2004-12-06,0.4053
2004-12-07,0.4169
2004-12-08,0.411
2004-12-09,0.4136
2004-12-10,0.4081
2004-12-13,0.4197
2004-12-14,0.4138
2004-12-15,0.4151
2004-12-16,0.4221
2004-12-17,0.4238
2004-12-20,0.4199
2004-12-21,0.4162
2004-12-22,0.4072
2004-12-23,0.409
2004-12-27,0.4092
2004-12-28,0.422
2004-12-29,0.4201
2004-12-30,0.4277
2004-12-31,0.4277
2005-01-03,0.4212
2005-01-04,0.4249
2005-01-05,0.4337
2005-01-06,0.4331
2005-01-07,0.4406
2005-01-10,0.4406
2005-01-11,0.427
2005-01-12,0.4309
2005-01-13,0.4278
2005-01-14,0.4267
2005-01-18,0.4321
2005-01-19,0.4496
2005-01-20,0.4458
2005-01-21,0.4397
2005-01-24,0.4344
2005-01-25,0.4378
2005-01-26,0.4378
2005-01-27,0.4086
2005-01-28,0.4085
2005-01-31,0.4176
2005-02-01,0.4188
2005-02-02,0.4227
2005-02-03,0.4112
2005-02-04,0.4122
2005-02-07,0.4124
2005-02-08,0.407
2005-02-09,0.4107
2005-02-10,0.4274
2005-02-11,0.4295
2005-02-14,0.4347
2005-02-15,0.4391
2005-02-16,0.4383
2005-02-17,0.4366
2005-02-18,0.4448
2005-02-22,0.4643
2005-02-23,0.4539
2005-02-24,0.4525
2005-02-25,0.4718
2005-02-28,0.4827
2005-03-01,0.4734
2005-03-02,0.4694
2005-03-03,0.4727
2005-03-04,0.4798
2005-03-07,0.4719
2005-03-08,0.4827
2005-03-09,0.4875
2005-03-10,0.4965
2005-03-11,0.5065
2005-03-14,0.5011
2005-03-15,0.5063
2005-03-16,0.5078
2005-03-17,0.4808
2005-03-18,0.4769
2005-03-21,0.4687
2005-03-22,0.4813
2005-03-23,0.4733
2005-03-24,0.4834
2005-03-28,0.5071
2005-03-29,0.5033
2005-03-30,0.5013
2005-03-31,0.4978
2005-04-01,0.4955
2005-04-04,0.4935
2005-04-05,0.488
2005-04-06,0.4838
2005-04-07,0.4872
2005-04-08,0.4872
2005-04-11,0.4977
2005-04-12,0.495
2005-04-13,0.4772
2005-04-14,0.4864
2005-04-15,0.4856
2005-04-18,0.4984
2005-04-19,0.5137
2005-04-20,0.5135
2005-04-21,0.5094
2005-04-22,0.5062
2005-04-25,0.5351
2005-04-26,0.5397
2005-04-27,0.5291
2005-04-28,0.5352
2005-04-29,0.5355
2005-05-02,0.5308
2005-05-03,0.5308
2005-05-04,0.5039
2005-05-05,0.4976
2005-05-06,0.4999
2005-05-09,0.5176
2005-05-10,0.5268
2005-05-11,0.5355
2005-05-12,0.5183
2005-05-13,0.505
2005-05-16,0.4876
2005-05-17,0.4881
2005-05-18,0.4855
2005-05-19,0.469
2005-05-20,0.4705
2005-05-23,0.4727
2005-05-24,0.4733
2005-05-25,0.4762
2005-05-26,0.4763
2005-05-27,0.4768
2005-05-31,0.4589
2005-06-01,0.4584
2005-06-02,0.4601
2005-06-03,0.4559
2005-06-06,0.4487
2005-06-07,0.4444
2005-06-08,0.4439
2005-06-09,0.4379
2005-06-10,0.4446
2005-06-13,0.4503
2005-06-14,0.451
2005-06-15,0.4457
2005-06-16,0.4414
2005-06-17,0.45
2005-06-20,0.462
2005-06-21,0.4666
2005-06-22,0.4665
2005-06-23,0.4894
2005-06-24,0.5065
2005-06-27,0.5113
2005-06-28,0.4975
2005-06-29,0.514
2005-06-30,0.5222
2005-07-01,0.5215
2005-07-05,0.5215
2005-07-06,0.5104
2005-07-07,0.519
2005-07-08,0.5155
2005-07-11,0.509
2005-07-12,0.479
2005-07-13,0.4735
2005-07-14,0.4797
2005-07-15,0.4795
2005-07-18,0.4684
2005-07-19,0.462
2005-07-20,0.46
2005-07-21,0.4665
2005-07-22,0.4795
2005-07-25,0.4795
2005-07-26,0.4825
2005-07-27,0.478
2005-07-28,0.4786
2005-07-29,0.4874
2005-08-01,0.4845
2005-08-02,0.487
2005-08-03,0.4814
2005-08-04,0.4835
2005-08-05,0.4835
2005-08-08,0.4717
2005-08-09,0.469
2005-08-10,0.4626
2005-08-11,0.4563
2005-08-12,0.4488
2005-08-15,0.439
2005-08-16,0.44
2005-08-17,0.4475
2005-08-18,0.4401
2005-08-19,0.4462
2005-08-22,0.4505
2005-08-23,0.4567
2005-08-24,0.45
2005-08-25,0.4452
2005-08-26,0.449
2005-08-29,0.4563
2005-08-30,0.4725
2005-08-31,0.4665
2005-09-01,0.4679
2005-09-02,0.4697
2005-09-06,0.4895
2005-09-07,0.4975
2005-09-08,0.4887
2005-09-09,0.4855
2005-09-12,0.481
2005-09-13,0.4687
2005-09-14,0.471
2005-09-15,0.4654
2005-09-16,0.4649
2005-09-19,0.4873
2005-09-20,0.4732
2005-09-21,0.4864
2005-09-22,0.4872
2005-09-23,0.478
2005-09-26,0.4801
2005-09-27,0.5084
2005-09-28,0.5066
2005-09-29,0.5116
2005-09-30,0.4986
2005-10-03,0.5124
2005-10-04,0.5005
2005-10-05,0.5091
2005-10-06,0.5075
2005-10-07,0.5063
2005-10-10,0.5063
2005-10-11,0.5267
2005-10-12,0.534
2005-10-13,0.5368
2005-10-14,0.5443
2005-10-17,0.535
2005-10-18,0.5287
2005-10-19,0.5179
2005-10-20,0.5071
2005-10-21,0.5174
2005-10-24,0.5128
2005-10-25,0.5298
2005-10-26,0.5251
2005-10-27,0.4938
2005-10-28,0.5027
2005-10-31,0.4962
2005-11-01,0.5011
2005-11-02,0.5029
2005-11-03,0.4973
2005-11-04,0.4944
2005-11-07,0.4926
2005-11-08,0.4896
2005-11-09,0.4841
2005-11-10,0.482
2005-11-11,0.482
2005-11-14,0.4889
2005-11-15,0.4993
2005-11-16,0.4936
2005-11-17,0.4996
2005-11-18,0.4963
2005-11-21,0.4601
2005-11-22,0.5031
2005-11-23,0.4961
2005-11-25,0.4601
2005-11-28,0.4915
2005-11-29,0.4931
2005-11-30,0.4953
2005-12-01,0.4878
2005-12-02,0.4902
2005-12-05,0.4952
2005-12-06,0.5027
2005-12-07,0.5012
2005-12-08,0.505
2005-12-09,0.5047
2005-12-12,0.5116
2005-12-13,0.5119
2005-12-14,0.5049
2005-12-15,0.5001
2005-12-16,0.5039
2005-12-19,0.5063
2005-12-20,0.5063
2005-12-21,0.4985
2005-12-22,0.5114
2005-12-23,0.5054
2005-12-27,0.508
2005-12-28,0.5107
2005-12-29,0.5065
2005-12-30,0.5119
2006-01-03,0.5224
2006-01-04,0.5194
2006-01-05,0.5169
2006-01-06,0.518
2006-01-09,0.5245
2006-01-10,0.5245
2006-01-11,0.5218
2006-01-12,0.5219
2006-01-13,0.5268
2006-01-17,0.5274
2006-01-18,0.5131
2006-01-19,0.5251
2006-01-20,0.5357
2006-01-23,0.5328
2006-01-24,0.531
2006-01-25,0.5303
2006-01-26,0.5298
2006-01-27,0.5202
2006-01-30,0.5167
2006-01-31,0.5222
2006-02-01,0.5237
2006-02-02,0.5398
2006-02-03,0.537
2006-02-06,0.5394
2006-02-07,0.5185
2006-02-08,0.5303
2006-02-09,0.5317
2006-02-10,0.5272
2006-02-13,0.5191
2006-02-14,0.54
2006-02-15,0.533
2006-02-16,0.5287
2006-02-17,0.5359
2006-02-21,0.5264
2006-02-22,0.5345
2006-02-23,0.5327
2006-02-24,0.5286
2006-02-27,0.5177
2006-02-28,0.5219
2006-03-01,0.5211
2006-03-02,0.5146
2006-03-03,0.5124
2006-03-06,0.5068
2006-03-07,0.505
2006-03-08,0.516
2006-03-09,0.5092
2006-03-10,0.5186
2006-03-13,0.5099
2006-03-14,0.5085
2006-03-15,0.5158
2006-03-16,0.5149
2006-03-17,0.5131
2006-03-20,0.5076
2006-03-21,0.5046
2006-03-22,0.4947
2006-03-23,0.5049
2006-03-24,0.5
2006-03-27,0.506
2006-03-28,0.5041
2006-03-29,0.5066
2006-03-30,0.512
2006-03-31,0.504
2006-04-03,0.5032
2006-04-04,0.5056
2006-04-05,0.5171
2006-04-06,0.5139
2006-04-07,0.5172
2006-04-10,0.5095
2006-04-11,0.4981
2006-04-12,0.4978
2006-04-13,0.4951
2006-04-17,0.5091
2006-04-18,0.504
2006-04-19,0.5045
2006-04-20,0.4956
2006-04-21,0.4927
2006-04-24,0.4886
2006-04-25,0.4789
2006-04-26,0.4822
2006-04-27,0.475
2006-04-28,0.4847
2006-05-01,0.4832
2006-05-02,0.4766
2006-05-03,0.4794
2006-05-04,0.4703
2006-05-05,0.4706
2006-05-08,0.4769
2006-05-09,0.4788
2006-05-10,0.4838
2006-05-11,0.4858
2006-05-12,0.493
2006-05-15,0.4887
2006-05-16,0.4864
2006-05-17,0.4806
2006-05-18,0.4727
2006-05-19,0.4661
2006-05-22,0.4642
2006-05-23,0.4803
2006-05-24,0.472
2006-05-25,0.4731
2006-05-26,0.4819
2006-05-30,0.489
2006-05-31,0.4794
2006-06-01,0.4935
2006-06-02,0.4967
2006-06-05,0.4939
2006-06-06,0.4863
2006-06-07,0.4887
2006-06-08,0.4957
2006-06-09,0.4961
2006-06-12,0.497
2006-06-13,0.4875
2006-06-14,0.4883
2006-06-15,0.4944
2006-06-16,0.4907
2006-06-19,0.4885
2006-06-20,0.4895
2006-06-21,0.4948
2006-06-22,0.4766
2006-06-23,0.4766
2006-06-26,0.4623
2006-06-27,0.4766
2006-06-28,0.4705
2006-06-29,0.4705
2006-06-30,0.472
2006-07-03,0.4625
2006-07-05,0.4675
2006-07-06,0.4665
2006-07-07,0.4675
2006-07-10,0.4599
2006-07-11,0.4618
2006-07-12,0.4739
2006-07-13,0.4665
2006-07-14,0.4587
2006-07-17,0.4645
2006-07-18,0.479
2006-07-19,0.484
2006-07-20,0.4775
2006-07-21,0.491
2006-07-24,0.4965
2006-07-25,0.489
2006-07-26,0.4875
2006-07-27,0.4935
2006-07-28,0.4945
2006-07-31,0.492
2006-08-01,0.5048
2006-08-02,0.5058
2006-08-03,0.5098
2006-08-04,0.5023
2006-08-07,0.508
2006-08-08,0.5075
2006-08-09,0.5078
2006-08-10,0.5108
2006-08-11,0.4974
2006-08-14,0.4871
2006-08-15,0.4935
2006-08-16,0.492
2006-08-17,0.4905
2006-08-18,0.4865
2006-08-21,0.4836
2006-08-22,0.495
2006-08-23,0.493
2006-08-24,0.4935
2006-08-25,0.4975
2006-08-28,0.4935
2006-08-29,0.496
2006-08-30,0.49
2006-08-31,0.4955
2006-09-01,0.4856
2006-09-05,0.484
2006-09-06,0.4819
2006-09-07,0.4794
2006-09-08,0.4738
2006-09-11,0.4675
2006-09-12,0.4778
2006-09-13,0.4755
2006-09-14,0.4738
2006-09-15,0.4807
2006-09-18,0.4873
2006-09-19,0.4731
2006-09-20,0.4784
2006-09-21,0.4773
2006-09-22,0.4785
2006-09-25,0.4736
2006-09-26,0.4825
2006-09-27,0.4796
2006-09-28,0.4716
2006-09-29,0.462
2006-10-02,0.4597
2006-10-03,0.4562
2006-10-04,0.4641
2006-10-05,0.4594
2006-10-06,0.4534
2006-10-09,0.4534
2006-10-10,0.4545
2006-10-11,0.4513
2006-10-12,0.4568
2006-10-13,0.4576
2006-10-16,0.4593
2006-10-17,0.4645
2006-10-18,0.4558
2006-10-19,0.4625
2006-10-20,0.4671
2006-10-23,0.4752
2006-10-24,0.4707
2006-10-25,0.4742
2006-10-26,0.4835
2006-10-27,0.4854
2006-10-30,0.4711
2006-10-31,0.4703
2006-11-01,0.4653
2006-11-02,0.4693
2006-11-03,0.4696
2006-11-06,0.4767
2006-11-07,0.4789
2006-11-08,0.4752
2006-11-09,0.478
2006-11-10,0.4709
2006-11-13,0.4583
2006-11-14,0.4656
2006-11-15,0.4736
2006-11-16,0.4665
2006-11-17,0.464
2006-11-20,0.4644
2006-11-21,0.4688
2006-11-22,0.4737
2006-11-24,0.4644
2006-11-27,0.4835
2006-11-28,0.4816
2006-11-29,0.4764
2006-11-30,0.4925
2006-12-01,0.4968
2006-12-04,0.4968
2006-12-05,0.4939
2006-12-06,0.4935
2006-12-07,0.4906
2006-12-08,0.4873
2006-12-11,0.5029
2006-12-12,0.5048
2006-12-13,0.5034
2006-12-14,0.5118
2006-12-15,0.5096
2006-12-18,0.5081
2006-12-19,0.5103
2006-12-20,0.5062
2006-12-21,0.5162
2006-12-22,0.5203
2006-12-26,0.5203
2006-12-27,0.5263
2006-12-28,0.5321
2006-12-29,0.5244
2007-01-03,0.5114
2007-01-04,0.5081
2007-01-05,0.5067
2007-01-08,0.5078
2007-01-09,0.5035
2007-01-10,0.5018
2007-01-11,0.5029
2007-01-12,0.5095
2007-01-16,0.5117
2007-01-17,0.5131
2007-01-18,0.5078
2007-01-19,0.508
2007-01-22,0.5034
2007-01-23,0.5107
2007-01-24,0.5072
2007-01-25,0.5062
2007-01-26,0.5037
2007-01-29,0.4982
2007-01-30,0.496
2007-01-31,0.5025
2007-02-01,0.4982
2007-02-02,0.5014
2007-02-05,0.5088
2007-02-06,0.4992
2007-02-07,0.4992
2007-02-08,0.4866
2007-02-09,0.4901
2007-02-12,0.4849
2007-02-13,0.4884
2007-02-14,0.48
2007-02-15,0.4848
2007-02-16,0.4857
2007-02-20,0.488
2007-02-21,0.4881
2007-02-22,0.4942
2007-02-23,0.4985
2007-02-26,0.5005
2007-02-27,0.4931
2007-02-28,0.5007
2007-03-01,0.4995
2007-03-02,0.5014
2007-03-05,0.493
2007-03-06,0.4984
2007-03-07,0.5073
2007-03-08,0.5074
2007-03-09,0.5075
2007-03-12,0.5081
2007-03-13,0.4981
2007-03-14,0.4975
2007-03-15,0.4969
2007-03-16,0.4969
2007-03-19,0.4996
2007-03-20,0.4955
2007-03-21,0.4936
2007-03-22,0.4947
2007-03-23,0.4952
2007-03-26,0.4954
2007-03-27,0.4964
2007-03-28,0.5016
2007-03-29,0.5044
2007-03-30,0.4962
2007-04-02,0.4949
2007-04-03,0.493
2007-04-04,0.4951
2007-04-05,0.4916
2007-04-09,0.4806
2007-04-10,0.4794
2007-04-11,0.4807
2007-04-12,0.4737
2007-04-13,0.4762
2007-04-16,0.4663
2007-04-17,0.4685
2007-04-18,0.4749
2007-04-19,0.4658
2007-04-20,0.4734
2007-04-23,0.4676
2007-04-24,0.4597
2007-04-25,0.4648
2007-04-26,0.4524
2007-04-27,0.4525
2007-04-30,0.4451
2007-05-01,0.4347
2007-05-02,0.4387
2007-05-03,0.4365
2007-05-04,0.4353
2007-05-07,0.4385
2007-05-08,0.4445
2007-05-09,0.4482
2007-05-10,0.4503
2007-05-11,0.4411
2007-05-14,0.4292
2007-05-15,0.4375
2007-05-16,0.4519
2007-05-17,0.4559
2007-05-18,0.4576
2007-05-21,0.4654
2007-05-22,0.4632
2007-05-23,0.4514
2007-05-24,0.4609
2007-05-25,0.4714
2007-05-29,0.4603
2007-05-30,0.4638
2007-05-31,0.4705
2007-06-01,0.4648
2007-06-04,0.4599
2007-06-05,0.4775
2007-06-06,0.4805
2007-06-07,0.4826
2007-06-08,0.4792
2007-06-11,0.4842
2007-06-12,0.481
2007-06-13,0.4919
2007-06-14,0.5075
2007-06-15,0.5167
2007-06-18,0.5267
2007-06-19,0.552
2007-06-20,0.547
2007-06-21,0.55
2007-06-22,0.543
2007-06-25,0.54
2007-06-26,0.5466
2007-06-27,0.548
2007-06-28,0.549
2007-06-29,0.565
2007-07-02,0.5665
2007-07-03,0.5625
2007-07-05,0.57
2007-07-06,0.5773
2007-07-09,0.6
2007-07-10,0.6041
2007-07-11,0.605
2007-07-12,0.6025
2007-07-13,0.6149
2007-07-16,0.6092
2007-07-17,0.5861
2007-07-18,0.597
2007-07-19,0.579
2007-07-20,0.5635
2007-07-23,0.5625
2007-07-24,0.571
2007-07-25,0.5725
2007-07-26,0.5725
2007-07-27,0.568
2007-07-30,0.568
2007-07-31,0.5825
2007-08-01,0.575
2007-08-02,0.5785
2007-08-03,0.581
2007-08-06,0.572
2007-08-07,0.5585
2007-08-08,0.564
2007-08-09,0.555
2007-08-10,0.545
2007-08-13,0.543
2007-08-14,0.5385
2007-08-15,0.535
2007-08-16,0.5073
2007-08-17,0.515
2007-08-20,0.5278
2007-08-21,0.5235
2007-08-22,0.522
2007-08-23,0.529
2007-08-24,0.5295
2007-08-27,0.524
2007-08-28,0.5257
2007-08-29,0.5283
2007-08-30,0.544
2007-08-31,0.5612
2007-09-04,0.567
2007-09-05,0.556
2007-09-06,0.5541
2007-09-07,0.5515
2007-09-10,0.558
2007-09-11,0.564
2007-09-12,0.576
2007-09-13,0.5775
2007-09-14,0.5842
2007-09-17,0.5968
2007-09-18,0.601
2007-09-19,0.5942
2007-09-20,0.6037
2007-09-21,0.6158
2007-09-24,0.6173
2007-09-25,0.6158
2007-09-26,0.6145
2007-09-27,0.6217
2007-09-28,0.605
2007-10-01,0.6061
2007-10-02,0.5874
2007-10-03,0.5893
2007-10-04,0.5899
2007-10-05,0.5872
2007-10-08,0.5872
2007-10-09,0.5848
2007-10-10,0.5971
2007-10-11,0.5973
2007-10-12,0.5987
2007-10-15,0.5932
2007-10-16,0.5946
2007-10-17,0.6006
2007-10-18,0.6165
2007-10-19,0.619
2007-10-22,0.6137
2007-10-23,0.6176
2007-10-24,0.6032
2007-10-25,0.6089
2007-10-26,0.6163
2007-10-29,0.6177
2007-10-30,0.6087
2007-10-31,0.6108
2007-11-01,0.6074
2007-11-02,0.6131
2007-11-05,0.6102
2007-11-06,0.6242
2007-11-07,0.6232
2007-11-08,0.6194
2007-11-09,0.6189
2007-11-12,0.6189
2007-11-13,0.6039
2007-11-14,0.604
2007-11-15,0.6048
2007-11-16,0.6014
2007-11-19,0.5962
2007-11-20,0.5962
2007-11-21,0.5954
2007-11-23,0.5954
2007-11-26,0.5892
2007-11-27,0.584
2007-11-28,0.5993
2007-11-29,0.5904
2007-11-30,0.5746
2007-12-03,0.5745
2007-12-04,0.575
2007-12-05,0.5812
2007-12-06,0.5853
2007-12-07,0.593
2007-12-10,0.593
2007-12-11,0.5888
2007-12-12,0.6
2007-12-13,0.5966
2007-12-14,0.5966
2007-12-17,0.604
2007-12-18,0.6047
2007-12-19,0.6102
2007-12-20,0.6092
2007-12-21,0.6133
2007-12-24,0.6133
2007-12-26,0.6187
2007-12-27,0.6253
2007-12-28,0.6264
2007-12-31,0.6276
2008-01-02,0.6363
2008-01-03,0.6346
2008-01-04,0.6344
2008-01-07,0.637
2008-01-08,0.6468
2008-01-09,0.6427
2008-01-10,0.6221
2008-01-11,0.6521
2008-01-14,0.6645
2008-01-15,0.6694
2008-01-16,0.6656
2008-01-17,0.6717
2008-01-18,0.6598
2008-01-22,0.6508
2008-01-23,0.6208
2008-01-24,0.6364
2008-01-25,0.6314
2008-01-28,0.6355
2008-01-29,0.6349
2008-01-30,0.6381
2008-01-31,0.6304
2008-02-01,0.6381
2008-02-04,0.6412
2008-02-05,0.6335
2008-02-06,0.6392
2008-02-07,0.6366
2008-02-08,0.6434
2008-02-11,0.6266
2008-02-12,0.6252
2008-02-13,0.6266
2008-02-14,0.6566
2008-02-15,0.654
2008-02-19,0.668
2008-02-20,0.6727
2008-02-21,0.6996
2008-02-22,0.7081
2008-02-25,0.7381
2008-02-26,0.7448
2008-02-27,0.7293
2008-02-28,0.7433
2008-02-29,0.7686
2008-03-03,0.7986
2008-03-04,0.8286
2008-03-05,0.8328
2008-03-06,0.7828
2008-03-07,0.7428
2008-03-10,0.7028
2008-03-11,0.7428
2008-03-12,0.7506
2008-03-13,0.7381
2008-03-14,0.723
2008-03-17,0.683
2008-03-18,0.6802
2008-03-19,0.6902
2008-03-20,0.6402
2008-03-24,0.6605
2008-03-25,0.6713
2008-03-26,0.6679
2008-03-27,0.659
2008-03-28,0.6468
2008-03-31,0.6234
2008-04-01,0.6345
2008-04-02,0.6315
2008-04-03,0.6341
2008-04-04,0.6386
2008-04-07,0.658
2008-04-08,0.6494
2008-04-09,0.6685
2008-04-10,0.6775
2008-04-11,0.6716
2008-04-14,0.6702
2008-04-15,0.6823
2008-04-16,0.6654
2008-04-17,0.6578
2008-04-18,0.651
2008-04-21,0.6385
2008-04-22,0.6525
2008-04-23,0.6458
2008-04-24,0.6263
2008-04-25,0.6194
2008-04-28,0.6211
2008-04-29,0.611
2008-04-30,0.6167
2008-05-01,0.5975
2008-05-02,0.6006
2008-05-05,0.5979
2008-05-06,0.6086
2008-05-07,0.6087
2008-05-08,0.6135
2008-05-09,0.6205
2008-05-12,0.6205
2008-05-13,0.614
2008-05-14,0.6049
2008-05-15,0.6049
2008-05-16,0.6371
2008-05-19,0.6356
2008-05-20,0.6252
2008-05-21,0.6273
2008-05-22,0.6174
2008-05-23,0.6096
2008-05-27,0.58
2008-05-28,0.5824
2008-05-29,0.5924
2008-05-30,0.5899
2008-06-02,0.5869
2008-06-03,0.5746
2008-06-04,0.5757
2008-06-05,0.579
2008-06-06,0.5977
2008-06-09,0.6
2008-06-10,0.6025
2008-06-11,0.6325
2008-06-12,0.6364
2008-06-13,0.6563
2008-06-16,0.6862
2008-06-17,0.6907
2008-06-18,0.7017
2008-06-19,0.7017
2008-06-20,0.6829
2008-06-23,0.6762
2008-06-24,0.688
2008-06-25,0.6951
2008-06-26,0.7039
2008-06-27,0.7011
2008-06-30,0.6748
2008-07-01,0.6521
2008-07-02,0.6426
2008-07-03,0.6426
2008-07-07,0.6176
2008-07-08,0.6281
2008-07-09,0.6481
2008-07-10,0.6511
2008-07-11,0.6513
2008-07-14,0.6364
2008-07-15,0.6538
2008-07-16,0.6541
2008-07-17,0.6479
2008-07-18,0.6485
2008-07-21,0.6464
2008-07-22,0.6351
2008-07-23,0.6491
2008-07-24,0.6579
2008-07-25,0.6643
2008-07-28,0.6583
2008-07-29,0.6641
2008-07-30,0.6615
2008-07-31,0.664
2008-08-01,0.6406
2008-08-04,0.6179
2008-08-05,0.6222
2008-08-06,0.6271
2008-08-07,0.6458
2008-08-08,0.625
2008-08-11,0.6197
2008-08-12,0.6253
2008-08-13,0.6407
2008-08-14,0.6234
2008-08-15,0.6032
2008-08-18,0.6041
2008-08-19,0.602
2008-08-20,0.6085
2008-08-21,0.6278
2008-08-22,0.6267
2008-08-25,0.6216
2008-08-26,0.6252
2008-08-27,0.637
2008-08-28,0.6241
2008-08-29,0.6278
2008-09-02,0.6316
2008-09-03,0.6244
2008-09-04,0.6148
2008-09-05,0.5876
2008-09-08,0.588
2008-09-09,0.5716
2008-09-10,0.5718
2008-09-11,0.5704
2008-09-12,0.5767
2008-09-15,0.5547
2008-09-16,0.5407
2008-09-17,0.5617
2008-09-18,0.5551
2008-09-19,0.5727
2008-09-22,0.5914
2008-09-23,0.5705
2008-09-24,0.561
2008-09-25,0.5641
2008-09-26,0.5513
2008-09-29,0.5213
2008-09-30,0.52
2008-10-01,0.5309
2008-10-02,0.5319
2008-10-03,0.5216
2008-10-06,0.4916
2008-10-07,0.4831
2008-10-08,0.4833
2008-10-09,0.4719
2008-10-10,0.4544
2008-10-13,0.4544
2008-10-14,0.4617
2008-10-15,0.4354
2008-10-16,0.4557
2008-10-17,0.4857
2008-10-20,0.4506
2008-10-21,0.466
2008-10-22,0.4642
2008-10-23,0.4508
2008-10-24,0.4223
2008-10-27,0.436
2008-10-28,0.4317
2008-10-29,0.4338
2008-10-30,0.4159
2008-10-31,0.4079
2008-11-03,0.4118
2008-11-04,0.4282
2008-11-05,0.4081
2008-11-06,0.3948
2008-11-07,0.3857
2008-11-10,0.3774
2008-11-11,0.3774
2008-11-12,0.3595
2008-11-13,0.378
2008-11-14,0.3751
2008-11-17,0.3662
2008-11-18,0.3784
2008-11-19,0.3803
2008-11-20,0.3616
2008-11-21,0.3805
2008-11-24,0.4105
2008-11-25,0.4
2008-11-26,0.428
2008-11-28,0.4
2008-12-01,0.4328
2008-12-02,0.4258
2008-12-03,0.4285
2008-12-04,0.3985
2008-12-05,0.3762
2008-12-08,0.4059
2008-12-09,0.392
2008-12-10,0.4042
2008-12-11,0.4121
2008-12-12,0.4018
2008-12-15,0.4091
2008-12-16,0.4089
2008-12-17,0.4296
2008-12-18,0.4228
2008-12-19,0.4223
2008-12-22,0.4289
2008-12-23,0.4302
2008-12-24,0.4336
2008-12-26,0.4336
2008-12-29,0.4325
2008-12-30,0.4497
2008-12-31,0.4602
2009-01-02,0.4591
2009-01-05,0.4531
2009-01-06,0.4728
2009-01-07,0.4611
2009-01-08,0.4642
2009-01-09,0.4532
2009-01-12,0.4267
2009-01-13,0.4223
2009-01-14,0.42
2009-01-15,0.4453
2009-01-16,0.45
2009-01-20,0.4281
2009-01-21,0.4323
2009-01-22,0.4493
2009-01-23,0.4664
2009-01-26,0.4807
2009-01-27,0.4735
2009-01-28,0.4707
2009-01-29,0.4557
2009-01-30,0.4491
2009-02-02,0.4521
2009-02-03,0.4488
2009-02-04,0.4517
2009-02-05,0.4521
2009-02-06,0.4536
2009-02-09,0.4548
2009-02-10,0.4248
2009-02-11,0.4133
2009-02-12,0.4053
2009-02-13,0.3972
2009-02-17,0.3943
2009-02-18,0.3985
2009-02-19,0.3966
2009-02-20,0.3885
2009-02-23,0.3866
2009-02-24,0.3853
2009-02-25,0.3831
2009-02-26,0.3899
2009-02-27,0.3801
2009-03-02,0.3624
2009-03-03,0.3647
2009-03-04,0.3671
2009-03-05,0.3613
2009-03-06,0.3618
2009-03-09,0.3593
2009-03-10,0.3655
2009-03-11,0.3657
2009-03-12,0.3758
2009-03-13,0.3808
2009-03-16,0.383
2009-03-17,0.381
2009-03-18,0.381
2009-03-19,0.3889
2009-03-20,0.3933
2009-03-23,0.4028
2009-03-24,0.3956
2009-03-25,0.3983
2009-03-26,0.3921
2009-03-27,0.395
2009-03-30,0.3964
2009-03-31,0.4222
2009-04-01,0.4215
2009-04-02,0.4213
2009-04-03,0.436
2009-04-06,0.4303
2009-04-07,0.4308
2009-04-08,0.4472
2009-04-09,0.4441
2009-04-13,0.4415
2009-04-14,0.4312
2009-04-15,0.4433
2009-04-16,0.4531
2009-04-17,0.4619
2009-04-20,0.445
2009-04-21,0.468
2009-04-22,0.4629
2009-04-23,0.4786
2009-04-24,0.4845
2009-04-27,0.4882
2009-04-28,0.485
2009-04-29,0.4909
2009-04-30,0.501
2009-05-01,0.5295
2009-05-04,0.5322
2009-05-05,0.5405
2009-05-06,0.5417
2009-05-07,0.5488
2009-05-08,0.5585
2009-05-11,0.5654
2009-05-12,0.5632
2009-05-13,0.5504
2009-05-14,0.5506
2009-05-15,0.523
2009-05-18,0.5355
2009-05-19,0.5222
2009-05-20,0.5315
2009-05-21,0.5278
2009-05-22,0.5278
2009-05-26,0.5131
2009-05-27,0.5183
2009-05-28,0.5048
2009-05-29,0.5322
2009-06-01,0.5404
2009-06-02,0.549
2009-06-03,0.5234
2009-06-04,0.5363
2009-06-05,0.5186
2009-06-08,0.5242
2009-06-09,0.5161
2009-06-10,0.5138
2009-06-11,0.5305
2009-06-12,0.5285
2009-06-15,0.4985
2009-06-16,0.4918
2009-06-17,0.5206
2009-06-18,0.5206
2009-06-19,0.49
2009-06-22,0.4816
2009-06-23,0.4864
2009-06-24,0.496
2009-06-25,0.5024
2009-06-26,0.4964
2009-06-29,0.4964
2009-06-30,0.5038
2009-07-01,0.5338
2009-07-02,0.5375
2009-07-06,0.5305
2009-07-07,0.5245
2009-07-08,0.5175
2009-07-09,0.5386
2009-07-10,0.5539
2009-07-13,0.5596
2009-07-14,0.5659
2009-07-15,0.5639
2009-07-16,0.5658
2009-07-17,0.571
2009-07-20,0.5801
2009-07-21,0.5695
2009-07-22,0.5401
2009-07-23,0.545
2009-07-24,0.5239
2009-07-27,0.5256
2009-07-28,0.5256
2009-07-29,0.5231
2009-07-30,0.5333
2009-07-31,0.5318
2009-08-03,0.5616
2009-08-04,0.5615
2009-08-05,0.5589
2009-08-06,0.5448
2009-08-07,0.5603
2009-08-10,0.5745
2009-08-11,0.5745
2009-08-12,0.5774
2009-08-13,0.5771
2009-08-14,0.5471
2009-08-17,0.5278
2009-08-18,0.5221
2009-08-19,0.5236
2009-08-20,0.5212
2009-08-21,0.5195
2009-08-24,0.5242
2009-08-25,0.5147
2009-08-26,0.5087
2009-08-27,0.5104
2009-08-28,0.523
2009-08-31,0.5376
2009-09-01,0.5237
2009-09-02,0.5289
2009-09-03,0.5315
2009-09-04,0.5353
2009-09-08,0.5478
2009-09-09,0.5478
2009-09-10,0.5499
2009-09-11,0.5531
2009-09-14,0.5646
2009-09-15,0.5767
2009-09-16,0.5862
2009-09-17,0.5993
2009-09-18,0.6035
2009-09-21,0.5835
2009-09-22,0.5988
2009-09-23,0.5988
2009-09-24,0.6056
2009-09-25,0.5769
2009-09-28,0.5865
2009-09-29,0.572
2009-09-30,0.5859
2009-10-01,0.5709
2009-10-02,0.5641
2009-10-05,0.5734
2009-10-06,0.5873
2009-10-07,0.5825
2009-10-08,0.594
2009-10-09,0.5877
2009-10-12,0.5877
2009-10-13,0.6163
2009-10-14,0.6283
2009-10-15,0.6339
2009-10-16,0.6396
2009-10-19,0.6222
2009-10-20,0.6222
2009-10-21,0.6438
2009-10-22,0.6455
2009-10-23,0.6388
2009-10-26,0.6388
2009-10-27,0.6355
2009-10-28,0.6338
2009-10-29,0.6407
2009-10-30,0.6414
2009-11-02,0.6414
2009-11-03,0.6395
2009-11-04,0.6461
2009-11-05,0.6391
2009-11-06,0.6304
2009-11-09,0.6411
2009-11-10,0.6555
2009-11-11,0.6555
2009-11-12,0.6292
2009-11-13,0.641
2009-11-16,0.6767
2009-11-17,0.6767
2009-11-18,0.6755
2009-11-19,0.6772
2009-11-20,0.6879
2009-11-23,0.6923
2009-11-24,0.7027
2009-11-25,0.6997
2009-11-27,0.6997
2009-11-30,0.6968
2009-12-01,0.6848
2009-12-02,0.6882
2009-12-03,0.6949
2009-12-04,0.6907
2009-12-07,0.6994
2009-12-08,0.6946
2009-12-09,0.6967
2009-12-10,0.6897
2009-12-11,0.6956
2009-12-14,0.7102
2009-12-15,0.7013
2009-12-16,0.715
2009-12-17,0.7099
2009-12-18,0.7053
2009-12-21,0.7021
2009-12-22,0.6905
2009-12-23,0.6915
2009-12-24,0.6809
2009-12-28,0.7132
2009-12-29,0.7057
2009-12-30,0.7093
2009-12-31,0.7093
2010-01-04,0.72
2010-01-05,0.72
2010-01-06,0.6955
2010-01-07,0.6889
2010-01-08,0.6844
2010-01-11,0.7024
2010-01-12,0.6879
2010-01-13,0.6943
2010-01-14,0.6891
2010-01-15,0.6808
2010-01-19,0.6764
2010-01-20,0.668
2010-01-21,0.6785
2010-01-22,0.6707
2010-01-25,0.6596
2010-01-26,0.6582
2010-01-27,0.6523
2010-01-28,0.6523
2010-01-29,0.6514
2010-02-01,0.6422
2010-02-02,0.6526
2010-02-03,0.6582
2010-02-04,0.6499
2010-02-05,0.6287
2010-02-08,0.6287
2010-02-09,0.6287
2010-02-10,0.6882
2010-02-11,0.6892
2010-02-12,0.7041
2010-02-16,0.7176
2010-02-17,0.7161
2010-02-18,0.7363
2010-02-19,0.7448
2010-02-22,0.752
2010-02-23,0.7527
2010-02-24,0.7491
2010-02-25,0.7692
2010-02-26,0.7821
2010-03-01,0.7904
2010-03-02,0.776
2010-03-03,0.7872
2010-03-04,0.7757
2010-03-05,0.7818
2010-03-08,0.7754
2010-03-09,0.7583
2010-03-10,0.7571
2010-03-11,0.7427
2010-03-12,0.7597
2010-03-15,0.7626
2010-03-16,0.7734
2010-03-17,0.7667
2010-03-18,0.7771
2010-03-19,0.7768
2010-03-22,0.7799
2010-03-23,0.7839
2010-03-24,0.7691
2010-03-25,0.7568
2010-03-26,0.7519
2010-03-29,0.7593
2010-03-30,0.7504
2010-03-31,0.7605
2010-04-01,0.7675
2010-04-05,0.7753
2010-04-06,0.7754
2010-04-07,0.7623
2010-04-08,0.7385
2010-04-09,0.7332
2010-04-12,0.7338
2010-04-13,0.7528
2010-04-14,0.7475
2010-04-15,0.7575
2010-04-16,0.7526
2010-04-19,0.756
2010-04-20,0.786
2010-04-21,0.7915
2010-04-22,0.7882
2010-04-23,0.802
2010-04-26,0.7989
2010-04-27,0.792
2010-04-28,0.789
2010-04-29,0.773
2010-04-30,0.7813
2010-05-03,0.7723
2010-05-04,0.7529
2010-05-05,0.7608
2010-05-06,0.7385
2010-05-07,0.7471
2010-05-10,0.7504
2010-05-11,0.7453
2010-05-12,0.7437
2010-05-13,0.7476
2010-05-14,0.7476
2010-05-17,0.757
2010-05-18,0.767
2010-05-19,0.7778
2010-05-20,0.7659
2010-05-21,0.7747
2010-05-24,0.7675
2010-05-25,0.7657
2010-05-26,0.7684
2010-05-27,0.7653
2010-05-28,0.753
2010-06-01,0.7432
2010-06-02,0.7365
2010-06-03,0.7371
2010-06-04,0.7281
2010-06-07,0.7297
2010-06-08,0.7407
2010-06-09,0.7707
2010-06-10,0.7826
2010-06-11,0.7729
2010-06-14,0.7831
2010-06-15,0.7797
2010-06-16,0.7777
2010-06-17,0.7766
2010-06-18,0.7706
2010-06-21,0.7741
2010-06-22,0.7789
2010-06-23,0.7806
2010-06-24,0.7851
2010-06-25,0.7871
2010-06-28,0.7816
2010-06-29,0.778
2010-06-30,0.7731
2010-07-01,0.776
2010-07-02,0.7633
2010-07-06,0.7633
2010-07-07,0.7646
2010-07-08,0.7629
2010-07-09,0.7715
2010-07-12,0.7616
2010-07-13,0.7714
2010-07-14,0.765
2010-07-15,0.7777
2010-07-16,0.7921
2010-07-19,0.7802
2010-07-20,0.7703
2010-07-21,0.7802
2010-07-22,0.7882
2010-07-23,0.7957
2010-07-26,0.8047
2010-07-27,0.807
2010-07-28,0.7982
2010-07-29,0.7993
2010-07-30,0.8161
2010-08-02,0.831
2010-08-03,0.8376
2010-08-04,0.8325
2010-08-05,0.8345
2010-08-06,0.8365
2010-08-09,0.8342
2010-08-10,0.8363
2010-08-11,0.8347
2010-08-12,0.86
2010-08-13,0.8674
2010-08-16,0.8668
2010-08-17,0.8698
2010-08-18,0.8667
2010-08-19,0.8723
2010-08-20,0.864
2010-08-23,0.869
2010-08-24,0.8767
2010-08-25,0.874
2010-08-26,0.8849
2010-08-27,0.8828
2010-08-30,0.8862
2010-08-31,0.8833
2010-09-01,0.8938
2010-09-02,0.9012
2010-09-03,0.902
2010-09-07,0.9057
2010-09-08,0.8982
2010-09-09,0.8962
2010-09-10,0.9012
2010-09-13,0.9105
2010-09-14,0.9304
2010-09-15,0.9206
2010-09-16,0.9418
2010-09-17,0.9418
2010-09-20,0.9637
2010-09-21,0.9729
2010-09-22,0.9612
2010-09-23,0.9367
2010-09-24,0.9643
2010-09-27,1.0043
2010-09-28,1.0174
2010-09-29,0.9774
2010-09-30,0.9842
2010-10-01,0.9452
2010-10-04,0.9433
2010-10-05,0.9506
2010-10-06,0.9625
2010-10-07,1.0025
2010-10-08,1.0417
2010-10-11,1.075
2010-10-12,1.0683
2010-10-13,1.0812
2010-10-14,1.1212
2010-10-15,1.0712
2010-10-18,1.1062
2010-10-19,1.0751
2010-10-20,1.1176
2010-10-21,1.1346
2010-10-22,1.1771
2010-10-25,1.2271
2010-10-26,1.2759
2010-10-27,1.2159
2010-10-28,1.1968
2010-10-29,1.1968
2010-11-01,1.2726
2010-11-02,1.3251
2010-11-03,1.3377
2010-11-04,1.387
2010-11-05,1.4048
2010-11-08,1.4448
2010-11-09,1.4948
2010-11-10,1.439
2010-11-11,1.439
2010-11-12,1.3843
2010-11-15,1.36
2010-11-16,1.262
2010-11-17,1.209
2010-11-18,1.259
2010-11-19,1.1965
2010-11-22,1.1429
2010-11-23,1.0829
2010-11-24,1.1309
2010-11-26,1.0826
2010-11-29,1.1226
2010-11-30,1.1384
2010-12-01,1.1784
2010-12-02,1.2284
2010-12-03,1.2884
2010-12-06,1.2693
2010-12-07,1.2687
2010-12-08,1.2845
2010-12-09,1.3245
2010-12-10,1.3347
2010-12-13,1.3747
2010-12-14,1.4099
2010-12-15,1.3864
2010-12-16,1.4262
2010-12-17,1.4662
2010-12-20,1.5062
2010-12-21,1.5562
2010-12-22,1.5012
2010-12-23,1.5012
2010-12-27,1.4126
2010-12-28,1.3885
2010-12-29,1.3393
2010-12-30,1.3634
2010-12-31,1.3634
2011-01-03,1.357
2011-01-04,1.3728
2011-01-05,1.387
2011-01-06,1.3472
2011-01-07,1.341
2011-01-10,1.3675
2011-01-11,1.4075
2011-01-12,1.4147
2011-01-13,1.3756
2011-01-14,1.5044
2011-01-18,1.3894
2011-01-19,1.4244
2011-01-20,1.4644
2011-01-21,1.5044
2011-01-24,1.5544
2011-01-25,1.5533
2011-01-26,1.6033
2011-01-27,1.6289
2011-01-28,1.5825
2011-01-31,1.6194
2011-02-01,1.6572
2011-02-02,1.6972
2011-02-03,1.6536
2011-02-04,1.6136
2011-02-07,1.6801
2011-02-08,1.6879
2011-02-09,1.7408
2011-02-10,1.7408
2011-02-11,1.8347
2011-02-14,1.7956
2011-02-15,1.8443
2011-02-16,1.9143
2011-02-17,1.9843
2011-02-18,1.9143
2011-02-22,1.8443
2011-02-23,1.8073
2011-02-24,1.7373
2011-02-25,1.8073
2011-02-28,1.8773
2011-03-01,1.901
2011-03-02,1.971
2011-03-03,2.02
2011-03-04,2.092
2011-03-07,2.1064
2011-03-08,2.0364
2011-03-09,1.9991
2011-03-10,1.9598
2011-03-11,1.9994
2011-03-14,1.9294
2011-03-15,1.8594
2011-03-16,1.8012
2011-03-17,1.8712
2011-03-18,1.9412
2011-03-21,1.9396
2011-03-22,2.0096
2011-03-23,1.9687
2011-03-24,2.0382
2011-03-25,1.9949
2011-03-28,1.9249
2011-03-29,1.8988
2011-03-30,1.8988
2011-03-31,1.9573
2011-04-01,1.9105
2011-04-04,1.9105
2011-04-05,1.9656
2011-04-06,2.0356
2011-04-07,2.0372
2011-04-08,1.9847
2011-04-11,2.0008
2011-04-12,1.9523
2011-04-13,1.9285
2011-04-14,1.9154
2011-04-15,1.814
2011-04-18,1.8216
2011-04-19,1.7516
2011-04-20,1.7106
2011-04-21,1.7151
2011-04-25,1.7039
2011-04-26,1.6439
2011-04-27,1.5739
2011-04-28,1.5602
2011-04-29,1.6202
2011-05-02,1.5845
2011-05-03,1.6151
2011-05-04,1.5551
2011-05-05,1.4586
2011-05-06,1.4456
2011-05-09,1.444
2011-05-10,1.504
2011-05-11,1.493
2011-05-12,1.433
2011-05-13,1.4415
2011-05-16,1.5015
2011-05-17,1.5504
2011-05-18,1.5986
2011-05-19,1.5565
2011-05-20,1.5561
2011-05-23,1.5389
2011-05-24,1.5388
2011-05-25,1.5603
2011-05-26,1.5103
2011-05-27,1.5267
2011-05-31,1.5867
2011-06-01,1.6097
2011-06-02,1.6424
2011-06-03,1.6163
2011-06-06,1.5563
2011-06-07,1.4863
2011-06-08,1.4505
2011-06-09,1.5105
2011-06-10,1.5003
2011-06-13,1.5095
2011-06-14,1.5554
2011-06-15,1.5196
2011-06-16,1.4596
2011-06-17,1.3711
2011-06-20,1.3679
2011-06-21,1.3783
2011-06-22,1.3572
2011-06-23,1.325
2011-06-24,1.3542
2011-06-27,1.3644
2011-06-28,1.3651
2011-06-29,1.3574
2011-06-30,1.3219
2011-07-01,1.3031
2011-07-05,1.2745
2011-07-06,1.2548
2011-07-07,1.247
2011-07-08,1.2508
2011-07-11,1.1958
2011-07-12,1.1459
2011-07-13,1.1835
2011-07-14,1.1435
2011-07-15,1.0946
2011-07-18,1.0395
2011-07-19,1.0795
2011-07-20,1.0729
2011-07-21,1.0533
2011-07-22,1.0514
2011-07-25,1.0309
2011-07-26,1.0709
2011-07-27,1.0685
2011-07-28,1.0581
2011-07-29,1.0508
2011-08-01,1.0859
2011-08-02,1.1017
2011-08-03,1.0542
2011-08-04,1.0601
2011-08-05,1.0248
2011-08-08,1.0001
2011-08-09,0.9826
2011-08-10,1.0016
2011-08-11,0.9679
2011-08-12,0.9972
2011-08-15,1.0403
2011-08-16,1.0362
2011-08-17,1.0743
2011-08-18,1.0605
2011-08-19,1.0526
2011-08-22,1.0511
2011-08-23,1.0364
2011-08-24,1.0262
2011-08-25,1.0059
2011-08-26,1.0192
2011-08-29,1.0277
2011-08-30,1.0291
2011-08-31,1.0388
2011-09-01,1.0408
2011-09-02,1.0459
2011-09-06,1.0424
2011-09-07,1.0824
2011-09-08,1.0945
2011-09-09,1.073
2011-09-12,1.0772
2011-09-13,1.0856
2011-09-14,1.1039
2011-09-15,1.0762
2011-09-16,1.0608
2011-09-19,1.0052
2011-09-20,1.0041
2011-09-21,0.9783
2011-09-22,0.9429
2011-09-23,0.9624
2011-09-26,0.9464
2011-09-27,0.9515
2011-09-28,0.9453
2011-09-29,0.9722
2011-09-30,0.9519
2011-10-03,0.9421
2011-10-04,0.9421
2011-10-05,0.973
2011-10-06,0.9873
2011-10-07,0.9848
2011-10-10,0.9848
2011-10-11,0.9997
2011-10-12,0.9701
2011-10-13,0.9856
2011-10-14,0.9919
2011-10-17,0.9761
2011-10-18,0.9818
2011-10-19,0.9797
2011-10-20,0.9511
2011-10-21,0.956
2011-10-24,0.9694
2011-10-25,0.9868
2011-10-26,0.9932
2011-10-27,1.0332
2011-10-28,1.0337
2011-10-31,1.0129
2011-11-01,0.9854
2011-11-02,0.9734
2011-11-03,0.9712
2011-11-04,0.9774
2011-11-07,0.9576
2011-11-08,0.9662
2011-11-09,0.9593
2011-11-10,0.9825
2011-11-11,0.9825
2011-11-14,0.9929
2011-11-15,1.0016
2011-11-16,0.9848
2011-11-17,0.9448
2011-11-18,0.9127
2011-11-21,0.8841
2011-11-22,0.8912
2011-11-23,0.8891
2011-11-25,0.8887
2011-11-28,0.8935
2011-11-29,0.9075
2011-11-30,0.8891
2011-12-01,0.893
2011-12-02,0.8984
2011-12-05,0.9022
2011-12-06,0.9181
2011-12-07,0.9031
2011-12-08,0.8955
2011-12-09,0.8793
2011-12-12,0.8466
2011-12-13,0.8481
2011-12-14,0.8237
2011-12-15,0.8354
2011-12-16,0.8354
2011-12-19,0.8434
2011-12-20,0.8355
2011-12-21,0.8359
2011-12-22,0.8399
2011-12-23,0.8399
2011-12-27,0.8399
2011-12-28,0.8743
2011-12-29,0.8838
2011-12-30,0.8855
2012-01-03,0.923
2012-01-04,0.923
2012-01-05,0.9124
2012-01-06,0.9211
2012-01-09,0.9219
2012-01-10,0.9271
2012-01-11,0.9237
2012-01-12,0.9119
2012-01-13,0.9047
2012-01-17,0.9319
2012-01-18,0.9253
2012-01-19,0.9267
2012-01-20,0.926
2012-01-23,0.9337
2012-01-24,0.9218
2012-01-25,0.9042
2012-01-26,0.8909
2012-01-27,0.8911
2012-01-30,0.8765
2012-01-31,0.8675
2012-02-01,0.8689
2012-02-02,0.8771
2012-02-03,0.9009
2012-02-06,0.9006
2012-02-07,0.8832
2012-02-08,0.8737
2012-02-09,0.8413
2012-02-10,0.8436
2012-02-13,0.8527
2012-02-14,0.86
2012-02-15,0.8675
2012-02-16,0.8771
2012-02-17,0.8665
2012-02-21,0.8697
2012-02-22,0.8453
2012-02-23,0.8323
2012-02-24,0.8415
2012-02-27,0.8467
2012-02-28,0.8624
2012-02-29,0.8624
2012-03-01,0.8367
2012-03-02,0.8223
2012-03-05,0.8623
2012-03-06,0.8542
2012-03-07,0.8412
2012-03-08,0.8356
2012-03-09,0.828
2012-03-12,0.82
2012-03-13,0.8204
2012-03-14,0.8114
2012-03-15,0.8134
2012-03-16,0.8148
2012-03-19,0.8308
2012-03-20,0.819
2012-03-21,0.8231
2012-03-22,0.8408
2012-03-23,0.8413
2012-03-26,0.8541
2012-03-27,0.8709
2012-03-28,0.8853
2012-03-29,0.8804
2012-03-30,0.8802
2012-04-02,0.8762
2012-04-03,0.8714
2012-04-04,0.8382
2012-04-05,0.8304
2012-04-09,0.8398
2012-04-10,0.8423
2012-04-11,0.8588
2012-04-12,0.875
2012-04-13,0.8658
2012-04-16,0.8258
2012-04-17,0.8393
2012-04-18,0.8643
2012-04-19,0.8603
2012-04-20,0.8454
2012-04-23,0.8498
2012-04-24,0.8396
2012-04-25,0.833
2012-04-26,0.8461
2012-04-27,0.8373
2012-04-30,0.819
2012-05-01,0.8218
2012-05-02,0.8201
2012-05-03,0.8271
2012-05-04,0.8149
2012-05-07,0.8017
2012-05-08,0.7968
2012-05-09,0.7932
2012-05-10,0.7532
2012-05-11,0.7247
2012-05-14,0.7232
2012-05-15,0.7266
2012-05-16,0.7047
2012-05-17,0.7015
2012-05-18,0.7149
2012-05-21,0.7202
2012-05-22,0.7002
2012-05-23,0.6751
2012-05-24,0.6994
2012-05-25,0.6962
2012-05-29,0.688
2012-05-30,0.6691
2012-05-31,0.6755
2012-06-01,0.6459
2012-06-04,0.6459
2012-06-05,0.6289
2012-06-06,0.6589
2012-06-07,0.6989
2012-06-08,0.689
2012-06-11,0.7109
2012-06-12,0.7157
2012-06-13,0.7109
2012-06-14,0.7409
2012-06-15,0.7598
2012-06-18,0.7337
2012-06-19,0.7555
2012-06-20,0.7324
2012-06-21,0.6875
2012-06-22,0.708
2012-06-25,0.7201
2012-06-26,0.6785
2012-06-27,0.6731
2012-06-28,0.6801
2012-06-29,0.6982
2012-07-02,0.7055
2012-07-03,0.7115
2012-07-05,0.6827
2012-07-06,0.6728
2012-07-09,0.6712
2012-07-10,0.6682
2012-07-11,0.6739
2012-07-12,0.6611
2012-07-13,0.6851
2012-07-16,0.6905
2012-07-17,0.6686
2012-07-18,0.6785
2012-07-19,0.6854
2012-07-20,0.6881
2012-07-23,0.681
2012-07-24,0.6704
2012-07-25,0.6585
2012-07-26,0.6743
2012-07-27,0.6748
2012-07-30,0.6737
2012-07-31,0.6733
2012-08-01,0.6681
2012-08-02,0.6719
2012-08-03,0.6997
2012-08-06,0.7187
2012-08-07,0.7171
2012-08-08,0.7225
2012-08-09,0.7234
2012-08-10,0.6965
2012-08-13,0.6805
2012-08-14,0.6834
2012-08-15,0.6946
2012-08-16,0.6912
2012-08-17,0.6941
2012-08-20,0.7092
2012-08-21,0.732
2012-08-22,0.7332
2012-08-23,0.7315
2012-08-24,0.717
2012-08-27,0.7258
2012-08-28,0.7204
2012-08-29,0.7308
2012-08-30,0.734
2012-08-31,0.7373
2012-09-04,0.7228
2012-09-05,0.7214
2012-09-06,0.7284
2012-09-07,0.7297
2012-09-10,0.7223
2012-09-11,0.7153
2012-09-12,0.7008
2012-09-13,0.702
2012-09-14,0.7264
2012-09-17,0.7108
2012-09-18,0.7177
2012-09-19,0.7216
2012-09-20,0.7097
2012-09-21,0.69
2012-09-24,0.6825
2012-09-25,0.6808
2012-09-26,0.6677
2012-09-27,0.6728
2012-09-28,0.664
2012-10-01,0.6695
2012-10-02,0.676
2012-10-03,0.6791
2012-10-04,0.6784
2012-10-05,0.6724
2012-10-08,0.6724
2012-10-09,0.6759
2012-10-10,0.6785
2012-10-11,0.6646
2012-10-12,0.6711
2012-10-15,0.6834
2012-10-16,0.7111
2012-10-17,0.7411
2012-10-18,0.7397
2012-10-19,0.7313
2012-10-22,0.7318
2012-10-23,0.7052
2012-10-24,0.6892
2012-10-25,0.6898
2012-10-26,0.6867
2012-10-29,0.6867
2012-10-30,0.6717
2012-10-31,0.6632
2012-11-01,0.6646
2012-11-02,0.666
2012-11-05,0.6665
2012-11-06,0.669
2012-11-07,0.6633
2012-11-08,0.6576
2012-11-09,0.6608
2012-11-12,0.6608
2012-11-13,0.6781
2012-11-14,0.6863
2012-11-15,0.7096
2012-11-16,0.6973
2012-11-19,0.6906
2012-11-20,0.6949
2012-11-21,0.6966
2012-11-23,0.6843
2012-11-26,0.6962
2012-11-27,0.6952
2012-11-28,0.6963
2012-11-29,0.7035
2012-11-30,0.7091
2012-12-03,0.7098
2012-12-04,0.6991
2012-12-05,0.7004
2012-12-06,0.7055
2012-12-07,0.7054
2012-12-10,0.7015
2012-12-11,0.7165
2012-12-12,0.7187
2012-12-13,0.7131
2012-12-14,0.7184
2012-12-17,0.726
2012-12-18,0.727
2012-12-19,0.7264
2012-12-20,0.726
2012-12-21,0.7293
2012-12-24,0.7293
2012-12-26,0.7381
2012-12-27,0.7276
2012-12-28,0.7141
2012-12-31,0.7189
2013-01-02,0.7211
2013-01-03,0.7214
2013-01-04,0.718
2013-01-07,0.7246
2013-01-08,0.7187
2013-01-09,0.7154
2013-01-10,0.7195
2013-01-11,0.7237
2013-01-14,0.7227
2013-01-15,0.7296
2013-01-16,0.7408
2013-01-17,0.7453
2013-01-18,0.7505
2013-01-22,0.7593
2013-01-23,0.7648
2013-01-24,0.7889
2013-01-25,0.7652
2013-01-28,0.7705
2013-01-29,0.7839
2013-01-30,0.7896
2013-01-31,0.787
2013-02-01,0.7873
2013-02-04,0.7749
2013-02-05,0.7726
2013-02-06,0.7747
2013-02-07,0.7715
2013-02-08,0.7842
2013-02-11,0.7867
2013-02-12,0.7756
2013-02-13,0.7657
2013-02-14,0.7779
2013-02-15,0.7819
2013-02-19,0.7913
2013-02-20,0.7946
2013-02-21,0.7823
2013-02-22,0.7823
2013-02-25,0.7672
2013-02-26,0.7683
2013-02-27,0.7938
2013-02-28,0.8079
2013-03-01,0.809
2013-03-04,0.8176
2013-03-05,0.8248
2013-03-06,0.8324
2013-03-07,0.8275
2013-03-08,0.8313
2013-03-11,0.8297
2013-03-12,0.8358
2013-03-13,0.8511
2013-03-14,0.8736
2013-03-15,0.89
2013-03-18,0.8733
2013-03-19,0.8963
2013-03-20,0.856
2013-03-21,0.847
2013-03-22,0.8379
2013-03-25,0.8309
2013-03-26,0.8454
2013-03-27,0.8503
2013-03-28,0.8496
2013-04-01,0.8389
2013-04-02,0.8537
2013-04-03,0.8572
2013-04-04,0.8483
2013-04-05,0.8329
2013-04-08,0.8188
2013-04-09,0.8139
2013-04-10,0.8212
2013-04-11,0.8166
2013-04-12,0.8258
2013-04-15,0.8133
2013-04-16,0.8035
2013-04-17,0.8265
2013-04-18,0.8148
2013-04-19,0.8136
2013-04-22,0.8215
2013-04-23,0.8135
2013-04-24,0.792
2013-04-25,0.7948
2013-04-26,0.805
2013-04-29,0.8199
2013-04-30,0.8422
2013-05-01,0.8062
2013-05-02,0.8062
2013-05-03,0.8343
2013-05-06,0.8439
2013-05-07,0.8415
2013-05-08,0.8468
2013-05-09,0.8492
2013-05-10,0.8348
2013-05-13,0.8304
2013-05-14,0.8392
2013-05-15,0.8345
2013-05-16,0.8303
2013-05-17,0.8341
2013-05-20,0.8328
2013-05-21,0.8136
2013-05-22,0.8092
2013-05-23,0.7928
2013-05-24,0.7899
2013-05-28,0.7892
2013-05-29,0.7845
2013-05-30,0.7845
2013-05-31,0.7711
2013-06-03,0.8011
2013-06-04,0.8231
2013-06-05,0.8127
2013-06-06,0.8312
2013-06-07,0.8311
2013-06-10,0.849
2013-06-11,0.8631
2013-06-12,0.8781
2013-06-13,0.8947
2013-06-14,0.8904
2013-06-17,0.8604
2013-06-18,0.8438
2013-06-19,0.8414
2013-06-20,0.8292
2013-06-21,0.8268
2013-06-24,0.8102
2013-06-25,0.8295
2013-06-26,0.8229
2013-06-27,0.8313
2013-06-28,0.8261
2013-07-01,0.8392
2013-07-02,0.8322
2013-07-03,0.8414
2013-07-05,0.8343
2013-07-08,0.8337
2013-07-09,0.8368
2013-07-10,0.843
2013-07-11,0.8218
2013-07-12,0.8213
2013-07-15,0.8235
2013-07-16,0.8167
2013-07-17,0.8107
2013-07-18,0.8199
2013-07-19,0.8352
2013-07-22,0.8364
2013-07-23,0.8326
2013-07-24,0.8341
2013-07-25,0.8344
2013-07-26,0.8262
2013-07-29,0.821
2013-07-30,0.8273
2013-07-31,0.8288
2013-08-01,0.8313
2013-08-02,0.8257
2013-08-05,0.8265
2013-08-06,0.8307
2013-08-07,0.8578
2013-08-08,0.8663
2013-08-09,0.863
2013-08-12,0.8731
2013-08-13,0.8884
2013-08-14,0.887
2013-08-15,0.8889
2013-08-16,0.9065
2013-08-19,0.9001
2013-08-20,0.8601
2013-08-21,0.8116
2013-08-22,0.8116
2013-08-23,0.8149
2013-08-26,0.8149
2013-08-27,0.8225
2013-08-28,0.8176
2013-08-29,0.8135
2013-08-30,0.8135
2013-09-03,0.8057
2013-09-04,0.8058
2013-09-05,0.8015
2013-09-06,0.8099
2013-09-09,0.8146
2013-09-10,0.826
2013-09-11,0.8255
2013-09-12,0.8363
2013-09-13,0.8296
2013-09-16,0.8275
2013-09-17,0.8219
2013-09-18,0.8329
2013-09-19,0.8247
2013-09-20,0.8227
2013-09-23,0.8202
2013-09-24,0.8213
2013-09-25,0.824
2013-09-26,0.8322
2013-09-27,0.8438
2013-09-30,0.8496
2013-10-01,0.8496
2013-10-02,0.8496
2013-10-03,0.8496
2013-10-04,0.8496
2013-10-07,0.8496
2013-10-08,0.8496
2013-10-09,0.8496
2013-10-10,0.8496
2013-10-11,0.8496
2013-10-14,0.8496
2013-10-15,0.8496
2013-10-16,0.8496
2013-10-17,0.8496
2013-10-18,0.8086
2013-10-21,0.8081
2013-10-22,0.802
2013-10-23,0.7844
2013-10-24,0.7696
2013-10-25,0.7708
2013-10-28,0.7665
2013-10-29,0.7634
2013-10-30,0.7584
2013-10-31,0.7518
2013-11-01,0.7458
2013-11-04,0.7395
2013-11-05,0.7394
2013-11-06,0.7507
2013-11-07,0.7476
2013-11-08,0.7488
2013-11-11,0.7488
2013-11-12,0.7488
2013-11-13,0.7597
2013-11-14,0.7452
2013-11-15,0.752
2013-11-18,0.7469
2013-11-19,0.7481
2013-11-20,0.7539
2013-11-21,0.756
2013-11-22,0.7448
2013-11-25,0.7571
2013-11-26,0.7639
2013-11-27,0.7569
2013-11-29,0.766
2013-12-02,0.7587
2013-12-03,0.7586
2013-12-04,0.7655
2013-12-05,0.7685
2013-12-06,0.7866
2013-12-09,0.7861
2013-12-10,0.7894
2013-12-11,0.8074
2013-12-12,0.8131
2013-12-13,0.8122
2013-12-16,0.8138
2013-12-17,0.8095
2013-12-18,0.81
2013-12-19,0.8133
2013-12-20,0.8115
2013-12-23,0.8024
2013-12-24,0.8118
2013-12-26,0.8089
2013-12-27,0.8212
2013-12-30,0.8266
2013-12-31,0.8264
2014-01-02,0.8154
2014-01-03,0.8044
2014-01-06,0.8113
2014-01-07,0.8217
2014-01-08,0.8064
2014-01-09,0.8031
2014-01-10,0.8009
2014-01-13,0.8118
2014-01-14,0.8123
2014-01-15,0.8229
2014-01-16,0.8369
2014-01-17,0.848
2014-01-21,0.8613
2014-01-22,0.8584
2014-01-23,0.8533
2014-01-24,0.8521
2014-01-27,0.8225
2014-01-28,0.8235
2014-01-29,0.8355
2014-01-30,0.8403
2014-01-31,0.8383
2014-02-03,0.8301
2014-02-04,0.834
2014-02-05,0.8352
2014-02-06,0.8431
2014-02-07,0.8572
2014-02-10,0.8562
2014-02-11,0.8692
2014-02-12,0.8662
2014-02-13,0.8585
2014-02-14,0.8579
2014-02-18,0.8623
2014-02-19,0.8466
2014-02-20,0.844
2014-02-21,0.851
2014-02-24,0.8605
2014-02-25,0.841
2014-02-26,0.8312
2014-02-27,0.8456
2014-02-28,0.8389
2014-03-03,0.8508
2014-03-04,0.8597
2014-03-05,0.8536
2014-03-06,0.8836
2014-03-07,0.8802
2014-03-10,0.8831
2014-03-11,0.884
2014-03-12,0.8895
2014-03-13,0.8843
2014-03-14,0.8894
2014-03-17,0.8878
2014-03-18,0.8968
2014-03-19,0.8937
2014-03-20,0.8893
2014-03-21,0.8981
2014-03-24,0.8713
2014-03-25,0.9061
2014-03-26,0.8816
2014-03-27,0.8906
2014-03-28,0.8974
2014-03-31,0.8952
2014-04-01,0.8807
2014-04-02,0.8751
2014-04-03,0.8698
2014-04-04,0.884
2014-04-07,0.8662
2014-04-08,0.8779
2014-04-09,0.8644
2014-04-10,0.8502
2014-04-11,0.8502
2014-04-14,0.8691
2014-04-15,0.8592
2014-04-16,0.8679
2014-04-17,0.8734
2014-04-21,0.8721
2014-04-22,0.8825
2014-04-23,0.8764
2014-04-24,0.882
2014-04-25,0.8825
2014-04-28,0.8723
2014-04-29,0.8906
2014-04-30,0.8929
2014-05-01,0.892
2014-05-02,0.8932
2014-05-05,0.8975
2014-05-06,0.8898
2014-05-07,0.8755
2014-05-08,0.8805
2014-05-09,0.8736
2014-05-12,0.863
2014-05-13,0.8593
2014-05-14,0.857
2014-05-15,0.8536
2014-05-16,0.8482
2014-05-19,0.8415
2014-05-20,0.84
2014-05-21,0.8429
2014-05-22,0.8328
2014-05-23,0.8181
2014-05-26,0.8631
2014-05-27,0.8072
2014-05-28,0.8062
2014-05-29,0.819
2014-05-30,0.8202
2014-06-02,0.8223
2014-06-03,0.8311
2014-06-04,0.8183
2014-06-05,0.8125
2014-06-06,0.8053
2014-06-09,0.803
2014-06-10,0.8205
2014-06-11,0.8126
2014-06-12,0.8137
2014-06-13,0.8273
2014-06-16,0.834
2014-06-17,0.7994
2014-06-18,0.7994
2014-06-19,0.8081
2014-06-20,0.8149
2014-06-23,0.822
2014-06-24,0.8055
2014-06-25,0.789
2014-06-26,0.7812
2014-06-27,0.783
2014-06-30,0.7738
2014-07-01,0.766
2014-07-02,0.7626
2014-07-03,0.7579
2014-07-07,0.7423
2014-07-08,0.7409
2014-07-09,0.8053
2014-07-10,0.729
2014-07-11,0.7274
2014-07-14,0.7274
2014-07-15,0.7225
2014-07-16,0.7239
2014-07-17,0.7245
2014-07-18,0.7263
2014-07-21,0.7252
2014-07-22,0.728
2014-07-23,0.7277
2014-07-24,0.704
2014-07-25,0.6916
2014-07-28,0.6936
2014-07-29,0.6844
2014-07-30,0.6734
2014-07-31,0.6559
2014-08-01,0.6599
2014-08-04,0.6742
2014-08-05,0.6696
2014-08-06,0.6697
2014-08-07,0.6527
2014-08-08,0.6581
2014-08-11,0.6613
2014-08-12,0.6403
2014-08-13,0.6502
2014-08-14,0.6489
2014-08-15,0.646
2014-08-18,0.6434
2014-08-19,0.6447
2014-08-20,0.6532
2014-08-21,0.665
2014-08-22,0.6746
2014-08-25,0.6766
2014-08-26,0.6826
2014-08-27,0.683
2014-08-28,0.6714
2014-08-29,0.676
2014-09-02,0.6634
2014-09-03,0.667
2014-09-04,0.6627
2014-09-05,0.6558
2014-09-08,0.6606
2014-09-09,0.6628
2014-09-10,0.6864
2014-09-11,0.6929
2014-09-12,0.6911
2014-09-15,0.6668
2014-09-16,0.6678
2014-09-17,0.6518
2014-09-18,0.6455
2014-09-19,0.6389
2014-09-22,0.6209
2014-09-23,0.6233
2014-09-24,0.6107
2014-09-25,0.609
2014-09-26,0.6139
2014-09-29,0.6097
2014-09-30,0.6087
2014-10-01,0.6166
2014-10-02,0.6135
2014-10-03,0.6197
2014-10-06,0.6388
2014-10-07,0.6471
2014-10-08,0.6439
2014-10-09,0.6344
2014-10-10,0.636
2014-10-13,0.636
2014-10-14,0.6391
2014-10-15,0.6346
2014-10-16,0.6331
2014-10-17,0.6275
2014-10-20,0.6204
2014-10-21,0.6254
2014-10-22,0.6243
2014-10-23,0.6279
2014-10-24,0.6356
2014-10-27,0.6342
2014-10-28,0.6422
2014-10-29,0.6485
2014-10-30,0.64
2014-10-31,0.6395
2014-11-03,0.6375
2014-11-04,0.6205
2014-11-05,0.6196
2014-11-06,0.6219
2014-11-07,0.6296
2014-11-10,0.6143
2014-11-11,0.6143
2014-11-12,0.6044
2014-11-13,0.5823
2014-11-14,0.5838
2014-11-17,0.5785
2014-11-18,0.5861
2014-11-19,0.581
2014-11-20,0.5786
2014-11-21,0.5852
2014-11-24,0.5781
2014-11-25,0.5831
2014-11-26,0.5903
2014-11-28,0.5908
2014-12-01,0.5818
2014-12-02,0.5838
2014-12-03,0.5864
2014-12-04,0.5942
2014-12-05,0.5864
2014-12-08,0.5831
2014-12-09,0.5888
2014-12-10,0.5857
2014-12-11,0.5973
2014-12-12,0.5979
2014-12-15,0.6015
2014-12-16,0.5928
2014-12-17,0.6015
2014-12-18,0.6032
2014-12-19,0.6039
2014-12-22,0.6154
2014-12-23,0.6132
2014-12-24,0.6128
2014-12-26,0.6128
2014-12-29,0.6151
2014-12-30,0.6148
2014-12-31,0.5977
2015-01-02,0.5908
2015-01-05,0.6021
2015-01-06,0.597
2015-01-07,0.5993
2015-01-08,0.6006
2015-01-09,0.6026
2015-01-12,0.5923
2015-01-13,0.5965
2015-01-14,0.5848
2015-01-15,0.5899
2015-01-16,0.5873
2015-01-20,0.5729
2015-01-21,0.5751
2015-01-22,0.5726
2015-01-23,0.568
2015-01-26,0.5812
2015-01-27,0.5828
2015-01-28,0.5919
2015-01-29,0.5932
2015-01-30,0.5911
2015-02-02,0.5964
2015-02-03,0.612
2015-02-04,0.6098
2015-02-05,0.6154
2015-02-06,0.6134
2015-02-09,0.6205
2015-02-10,0.6226
2015-02-11,0.6177
2015-02-12,0.6223
2015-02-13,0.6307
2015-02-17,0.6428
2015-02-18,0.6507
2015-02-19,0.6444
2015-02-20,0.6441
2015-02-23,0.6395
2015-02-24,0.6416
2015-02-25,0.648
2015-02-26,0.6446
2015-02-27,0.6418
2015-03-02,0.641
2015-03-03,0.6288
2015-03-04,0.6285
2015-03-05,0.6248
2015-03-06,0.6222
2015-03-09,0.615
2015-03-10,0.6012
2015-03-11,0.5958
2015-03-12,0.6047
2015-03-13,0.5975
2015-03-16,0.5974
2015-03-17,0.5946
2015-03-18,0.6173
2015-03-19,0.622
2015-03-20,0.6207
2015-03-23,0.633
2015-03-24,0.6266
2015-03-25,0.6191
2015-03-26,0.6183
2015-03-27,0.623
2015-03-30,0.6127
2015-03-31,0.6185
2015-04-01,0.6133
2015-04-02,0.6244
2015-04-06,0.6409
2015-04-07,0.6517
2015-04-08,0.6548
2015-04-09,0.6497
2015-04-10,0.6381
2015-04-13,0.6388
2015-04-14,0.6344
2015-04-15,0.6334
2015-04-16,0.6276
2015-04-17,0.6179
2015-04-20,0.6189
2015-04-21,0.6149
2015-04-22,0.6142
2015-04-23,0.6395
2015-04-24,0.6484
2015-04-27,0.6473
2015-04-28,0.6489
2015-04-29,0.6559
2015-04-30,0.6638
2015-05-01,0.6511
2015-05-04,0.6517
2015-05-05,0.6525
2015-05-06,0.6436
2015-05-07,0.6403
2015-05-08,0.6466
2015-05-11,0.6389
2015-05-12,0.6352
2015-05-13,0.6427
2015-05-14,0.6503
2015-05-15,0.6534
2015-05-18,0.6342
2015-05-19,0.6285
2015-05-20,0.6265
2015-05-21,0.6223
2015-05-22,0.618
2015-05-26,0.6181
2015-05-27,0.6305
2015-05-28,0.6433
2015-05-29,0.6435
2015-06-01,0.6375
2015-06-02,0.636
2015-06-03,0.6528
2015-06-04,0.6528
2015-06-05,0.6455
2015-06-08,0.6534
2015-06-09,0.6537
2015-06-10,0.6579
2015-06-11,0.6438
2015-06-12,0.6466
2015-06-15,0.6363
2015-06-16,0.6497
2015-06-17,0.6452
2015-06-18,0.6472
2015-06-19,0.639
2015-06-22,0.648
2015-06-23,0.6455
2015-06-24,0.6459
2015-06-25,0.6538
2015-06-26,0.6751
2015-06-29,0.6723
2015-06-30,0.6791
2015-07-01,0.6754
2015-07-02,0.6739
2015-07-06,0.6695
2015-07-07,0.6596
2015-07-08,0.653
2015-07-09,0.6586
2015-07-10,0.6552
2015-07-13,0.6552
2015-07-14,0.6613
2015-07-15,0.6487
2015-07-16,0.6524
2015-07-17,0.6522
2015-07-20,0.6467
2015-07-21,0.6424
2015-07-22,0.6454
2015-07-23,0.6474
2015-07-24,0.6464
2015-07-27,0.638
2015-07-28,0.646
2015-07-29,0.6389
2015-07-30,0.6355
2015-07-31,0.6421
2015-08-03,0.64
2015-08-04,0.6364
2015-08-05,0.6352
2015-08-06,0.6226
2015-08-07,0.6179
2015-08-10,0.6196
2015-08-11,0.6182
2015-08-12,0.6469
2015-08-13,0.6579
2015-08-14,0.6595
2015-08-17,0.6652
2015-08-18,0.6663
2015-08-19,0.6653
2015-08-20,0.6693
2015-08-21,0.6691
2015-08-24,0.6405
2015-08-25,0.6316
2015-08-26,0.6251
2015-08-27,0.6335
2015-08-28,0.63
2015-08-31,0.63
2015-09-01,0.627
2015-09-02,0.6249
2015-09-03,0.6276
2015-09-04,0.6262
2015-09-08,0.6328
2015-09-09,0.6292
2015-09-10,0.6305
2015-09-11,0.6313
2015-09-14,0.6255
2015-09-15,0.6252
2015-09-16,0.6271
2015-09-17,0.624
2015-09-18,0.6055
2015-09-21,0.6079
2015-09-22,0.6
2015-09-23,0.5997
2015-09-24,0.6031
2015-09-25,0.6064
2015-09-28,0.6075
2015-09-29,0.61
2015-09-30,0.6044
2015-10-01,0.606
2015-10-02,0.6014
2015-10-05,0.6187
2015-10-06,0.6208
2015-10-07,0.6205
2015-10-08,0.6172
2015-10-09,0.6161
2015-10-12,0.6169
2015-10-13,0.6386
2015-10-14,0.6376
2015-10-15,0.6344
2015-10-16,0.6385
2015-10-19,0.6324
2015-10-20,0.6378
2015-10-21,0.6423
2015-10-22,0.6252
2015-10-23,0.6276
2015-10-26,0.6213
2015-10-27,0.6234
2015-10-28,0.6267
2015-10-29,0.6232
2015-10-30,0.6332
2015-11-02,0.6329
2015-11-03,0.6257
2015-11-04,0.6194
2015-11-05,0.6195
2015-11-06,0.6174
2015-11-09,0.6212
2015-11-10,0.6199
2015-11-11,0.6231
2015-11-12,0.6216
2015-11-13,0.6199
2015-11-16,0.6261
2015-11-17,0.6267
2015-11-18,0.6294
2015-11-19,0.6312
2015-11-20,0.6283
2015-11-23,0.616
2015-11-24,0.6194
2015-11-25,0.6328
2015-11-27,0.6393
2015-11-30,0.6264
2015-12-01,0.6354
2015-12-02,0.635
2015-12-03,0.6395
2015-12-04,0.6471
2015-12-07,0.6457
2015-12-08,0.6444
2015-12-09,0.6481
2015-12-10,0.6377
2015-12-11,0.6371
2015-12-14,0.6338
2015-12-15,0.6331
2015-12-16,0.6325
2015-12-17,0.6299
2015-12-18,0.6369
2015-12-21,0.6332
2015-12-22,0.6316
2015-12-23,0.6277
2015-12-24,0.6366
2015-12-28,0.6397
2015-12-29,0.6387
2015-12-30,0.6397
2015-12-31,0.6328
2016-01-04,0.6261
2016-01-05,0.6268
2016-01-06,0.62
2016-01-07,0.6143
2016-01-08,0.614
2016-01-11,0.615
2016-01-12,0.6159
2016-01-13,0.6214
2016-01-14,0.619
2016-01-15,0.6141
2016-01-19,0.6247
2016-01-20,0.6197
2016-01-21,0.6209
2016-01-22,0.6245
2016-01-25,0.616
2016-01-26,0.6141
2016-01-27,0.6086
2016-01-28,0.6136
2016-01-29,0.6113
2016-02-01,0.6179
2016-02-02,0.623
2016-02-03,0.6194
2016-02-04,0.6023
2016-02-05,0.5997
2016-02-08,0.596
2016-02-09,0.5864
2016-02-10,0.5923
2016-02-11,0.5871
2016-02-12,0.5864
2016-02-16,0.5974
2016-02-17,0.5955
2016-02-18,0.597
2016-02-19,0.5954
2016-02-22,0.5869
2016-02-23,0.58
2016-02-24,0.5741
2016-02-25,0.5776
2016-02-26,0.5753
2016-02-29,0.565
2016-03-01,0.5611
2016-03-02,0.5593
2016-03-03,0.5641
2016-03-04,0.5711
2016-03-07,0.5738
2016-03-08,0.5686
2016-03-09,0.5659
2016-03-10,0.5683
2016-03-11,0.5715
2016-03-14,0.5829
2016-03-15,0.5824
2016-03-16,0.5832
2016-03-17,0.5836
2016-03-18,0.5716
2016-03-21,0.5817
2016-03-22,0.5837
2016-03-23,0.5839
2016-03-24,0.5772
2016-03-28,0.578
2016-03-29,0.5738
2016-03-30,0.5767
2016-03-31,0.5844
2016-04-01,0.592
2016-04-04,0.5896
2016-04-05,0.589
2016-04-06,0.5875
2016-04-07,0.5903
2016-04-08,0.5956
2016-04-11,0.6024
2016-04-12,0.6091
2016-04-13,0.6129
2016-04-14,0.6085
2016-04-15,0.6002
2016-04-18,0.6223
2016-04-19,0.6307
2016-04-20,0.6409
2016-04-21,0.6401
2016-04-22,0.6369
2016-04-25,0.6404
2016-04-26,0.6383
2016-04-27,0.6415
2016-04-28,0.6369
2016-04-29,0.6377
2016-05-02,0.6437
2016-05-03,0.6306
2016-05-04,0.6278
2016-05-05,0.6179
2016-05-06,0.6183
2016-05-09,0.6133
2016-05-10,0.609
2016-05-11,0.606
2016-05-12,0.6073
2016-05-13,0.6062
2016-05-16,0.6099
2016-05-17,0.622
2016-05-18,0.6205
2016-05-19,0.6107
2016-05-20,0.6167
2016-05-23,0.6145
2016-05-24,0.6301
2016-05-25,0.629
2016-05-26,0.6433
2016-05-27,0.6428
2016-05-31,0.6394
2016-06-01,0.63
2016-06-02,0.6267
2016-06-03,0.6391
2016-06-06,0.6554
2016-06-07,0.6584
2016-06-08,0.6596
2016-06-09,0.653
2016-06-10,0.6507
2016-06-13,0.6408
2016-06-14,0.6391
2016-06-15,0.6362
2016-06-16,0.6493
2016-06-17,0.6592
2016-06-20,0.6599
2016-06-21,0.6439
2016-06-22,0.6453
2016-06-23,0.6542
2016-06-24,0.6442
2016-06-27,0.6438
2016-06-28,0.6586
2016-06-29,0.6585
2016-06-30,0.6417
2016-07-01,0.6499
2016-07-05,0.6521
2016-07-06,0.653
2016-07-07,0.6515
2016-07-08,0.6581
2016-07-11,0.6778
2016-07-12,0.7078
2016-07-13,0.7315
2016-07-14,0.7387
2016-07-15,0.7428
2016-07-18,0.7395
2016-07-19,0.7327
2016-07-20,0.7235
2016-07-21,0.7297
2016-07-22,0.7268
2016-07-25,0.7229
2016-07-26,0.7395
2016-07-27,0.7355
2016-07-28,0.7304
2016-07-29,0.7404
2016-08-01,0.7438
2016-08-02,0.7398
2016-08-03,0.7429
2016-08-04,0.7583
2016-08-05,0.7674
2016-08-08,0.7605
2016-08-09,0.7305
2016-08-10,0.7144
2016-08-11,0.7186
2016-08-12,0.7065
2016-08-15,0.6886
2016-08-16,0.686
2016-08-17,0.6881
2016-08-18,0.6901
2016-08-19,0.6803
2016-08-22,0.6828
2016-08-23,0.6844
2016-08-24,0.6779
2016-08-25,0.6804
2016-08-26,0.6803
2016-08-29,0.6695
2016-08-30,0.6629
2016-08-31,0.6558
2016-09-01,0.6818
2016-09-02,0.6779
2016-09-06,0.6924
2016-09-07,0.6954
2016-09-08,0.6929
2016-09-09,0.6908
2016-09-12,0.6669
2016-09-13,0.669
2016-09-14,0.6753
2016-09-15,0.6772
2016-09-16,0.6728
2016-09-19,0.685
2016-09-20,0.708
2016-09-21,0.7162
2016-09-22,0.7171
2016-09-23,0.7007
2016-09-26,0.7008
2016-09-27,0.6974
2016-09-28,0.6848
2016-09-29,0.6773
2016-09-30,0.6808
2016-10-03,0.6852
2016-10-04,0.6967
2016-10-05,0.6782
2016-10-06,0.675
2016-10-07,0.6698
2016-10-10,0.6736
2016-10-11,0.6714
2016-10-12,0.6897
2016-10-13,0.6931
2016-10-14,0.7057
2016-10-17,0.7119
2016-10-18,0.7115
2016-10-19,0.711
2016-10-20,0.698
2016-10-21,0.6907
2016-10-24,0.6877
2016-10-25,0.6849
2016-10-26,0.6926
2016-10-27,0.6976
2016-10-28,0.7082
2016-10-31,0.6886
2016-11-01,0.682
2016-11-02,0.686
2016-11-03,0.6807
2016-11-04,0.6853
2016-11-07,0.691
2016-11-08,0.6934
2016-11-09,0.6886
2016-11-10,0.6983
2016-11-11,0.6903
2016-11-14,0.6931
2016-11-15,0.7048
2016-11-16,0.7169
2016-11-17,0.7254
2016-11-18,0.7232
2016-11-21,0.7229
2016-11-22,0.7224
2016-11-23,0.7164
2016-11-25,0.7125
2016-11-28,0.7202
2016-11-29,0.713
2016-11-30,0.7158
2016-12-01,0.709
2016-12-02,0.7104
2016-12-05,0.7101
2016-12-06,0.7133
2016-12-07,0.7105
2016-12-08,0.7142
2016-12-09,0.708
2016-12-12,0.7169
2016-12-13,0.7204
2016-12-14,0.7147
2016-12-15,0.7167
2016-12-16,0.7104
2016-12-19,0.6957
2016-12-20,0.6934
2016-12-21,0.7013
2016-12-22,0.702
2016-12-23,0.6987
2016-12-27,0.6974
2016-12-28,0.6975
2016-12-29,0.705
2016-12-30,0.7065
2017-01-03,0.7178
2017-01-04,0.7408
2017-01-05,0.7378
2017-01-06,0.7399
2017-01-09,0.7299
2017-01-10,0.7319
2017-01-11,0.7314
2017-01-12,0.7234
2017-01-13,0.7227
2017-01-17,0.7211
2017-01-18,0.7226
2017-01-19,0.7269
2017-01-20,0.7304
2017-01-23,0.7463
2017-01-24,0.7357
2017-01-25,0.7388
2017-01-26,0.7419
2017-01-27,0.7485
2017-01-30,0.7414
2017-01-31,0.7494
2017-02-01,0.7644
2017-02-02,0.7691
2017-02-03,0.7641
2017-02-06,0.7563
2017-02-07,0.7509
2017-02-08,0.7525
2017-02-09,0.7665
2017-02-10,0.7709
2017-02-13,0.7821
2017-02-14,0.7795
2017-02-15,0.7728
2017-02-16,0.7677
2017-02-17,0.7552
2017-02-21,0.7566
2017-02-22,0.7549
2017-02-23,0.761
2017-02-24,0.7657
2017-02-27,0.7612
2017-02-28,0.7634
2017-03-01,0.7786
2017-03-02,0.7678
2017-03-03,0.7799
2017-03-06,0.7911
2017-03-07,0.7803
2017-03-08,0.7809
2017-03-09,0.7782
2017-03-10,0.7729
2017-03-13,0.7687
2017-03-14,0.7715
2017-03-15,0.7808
2017-03-16,0.7817
2017-03-17,0.7836
2017-03-20,0.7733
2017-03-21,0.7684
2017-03-22,0.7734
2017-03-23,0.7727
2017-03-24,0.7747
2017-03-27,0.7694
2017-03-28,0.7688
2017-03-29,0.7614
2017-03-30,0.7623
2017-03-31,0.7733
2017-04-03,0.7547
2017-04-04,0.7485
2017-04-05,0.7487
2017-04-06,0.7451
2017-04-07,0.7346
2017-04-10,0.7681
2017-04-11,0.7643
2017-04-12,0.7623
2017-04-13,0.7654
2017-04-17,0.7817
2017-04-18,0.7816
2017-04-19,0.7832
2017-04-20,0.7911
2017-04-21,0.7933
2017-04-24,0.7879
2017-04-25,0.7936
2017-04-26,0.7939
2017-04-27,0.7796
2017-04-28,0.7887
2017-05-01,0.7895
2017-05-02,0.7937
2017-05-03,0.7877
2017-05-04,0.7891
2017-05-05,0.7777
2017-05-08,0.7719
2017-05-09,0.7743
2017-05-10,0.7649
2017-05-11,0.7918
2017-05-12,0.8218
2017-05-15,0.8532
2017-05-16,0.8132
2017-05-17,0.8017
2017-05-18,0.7364
2017-05-19,0.7345
2017-05-22,0.7301
2017-05-23,0.7237
2017-05-24,0.7308
2017-05-25,0.7322
2017-05-26,0.7279
2017-05-30,0.7275
2017-05-31,0.7279
2017-06-01,0.735
2017-06-02,0.7312
2017-06-05,0.7261
2017-06-06,0.7252
2017-06-07,0.7268
2017-06-08,0.731
2017-06-09,0.7249
2017-06-12,0.7244
2017-06-13,0.7182
2017-06-14,0.7095
2017-06-15,0.6947
2017-06-16,0.6936
2017-06-19,0.6904
2017-06-20,0.6897
2017-06-21,0.6817
2017-06-22,0.6674
2017-06-23,0.6702
2017-06-26,0.6723
2017-06-27,0.6771
2017-06-28,0.6765
2017-06-29,0.6724
2017-06-30,0.6859
2017-07-03,0.6745
2017-07-05,0.6766
2017-07-06,0.6835
2017-07-07,0.6859
2017-07-10,0.6729
2017-07-11,0.6767
2017-07-12,0.6727
2017-07-13,0.6637
2017-07-14,0.6658
2017-07-17,0.6776
2017-07-18,0.6822
2017-07-19,0.6811
2017-07-20,0.6898
2017-07-21,0.6842
2017-07-24,0.6829
2017-07-25,0.6883
2017-07-26,0.684
2017-07-27,0.6889
2017-07-28,0.688
2017-07-31,0.6886
2017-08-01,0.6931
2017-08-02,0.7034
2017-08-03,0.7016
2017-08-04,0.7062
2017-08-07,0.7055
2017-08-08,0.7113
2017-08-09,0.7111
2017-08-10,0.6811
2017-08-11,0.6825
2017-08-14,0.6775
2017-08-15,0.6716
2017-08-16,0.6682
2017-08-17,0.6691
2017-08-18,0.6728
2017-08-21,0.6756
2017-08-22,0.6781
2017-08-23,0.6889
2017-08-24,0.6983
2017-08-25,0.6815
2017-08-28,0.6983
2017-08-29,0.6998
2017-08-30,0.7085
2017-08-31,0.7093
2017-09-01,0.7188
2017-09-04,0.7188
2017-09-05,0.7488
2017-09-06,0.745
2017-09-07,0.7427
2017-09-08,0.7459
2017-09-11,0.7211
2017-09-12,0.6911
2017-09-13,0.6909
2017-09-14,0.6912
2017-09-15,0.6907
2017-09-18,0.695
2017-09-19,0.6927
2017-09-20,0.6925
2017-09-21,0.6825
2017-09-22,0.6846
2017-09-25,0.6946
2017-09-26,0.6875
2017-09-27,0.6865
2017-09-28,0.6897
2017-09-29,0.6845
2017-10-02,0.6757
2017-10-03,0.6752
2017-10-04,0.688
2017-10-05,0.6827
2017-10-06,0.6884
2017-10-09,0.6895
2017-10-10,0.6895
2017-10-11,0.6873
2017-10-12,0.6784
2017-10-13,0.6862
2017-10-16,0.6753
2017-10-17,0.6777
2017-10-18,0.6763
2017-10-19,0.6731
2017-10-20,0.6688
2017-10-23,0.6972
2017-10-24,0.6954
2017-10-25,0.6931
2017-10-26,0.6819
2017-10-27,0.682
2017-10-30,0.6864
2017-10-31,0.6838
2017-11-01,0.6817
2017-11-02,0.6908
2017-11-03,0.6872
2017-11-06,0.6885
2017-11-07,0.6807
2017-11-08,0.6863
2017-11-09,0.6829
2017-11-10,0.6905
2017-11-13,0.6888
2017-11-14,0.686
2017-11-15,0.6881
2017-11-16,0.6921
2017-11-17,0.6978
2017-11-20,0.7137
2017-11-21,0.709
2017-11-22,0.7074
2017-11-24,0.7223
2017-11-27,0.72
2017-11-28,0.7329
2017-11-29,0.7427
2017-11-30,0.7326
2017-12-01,0.7328
2017-12-04,0.7258
2017-12-05,0.7251
2017-12-06,0.7272
2017-12-07,0.7423
2017-12-08,0.7372
2017-12-11,0.73
2017-12-12,0.7291
2017-12-13,0.7413
2017-12-14,0.7533
2017-12-15,0.7592
2017-12-18,0.752
2017-12-19,0.7503
2017-12-20,0.7571
2017-12-21,0.7794
2017-12-22,0.7787
2017-12-26,0.7743
2017-12-27,0.7895
2017-12-28,0.788
2017-12-29,0.7863
2018-01-02,0.775
2018-01-03,0.7811
2018-01-04,0.7925
2018-01-05,0.7801
2018-01-08,0.7814
2018-01-09,0.7835
2018-01-10,0.7965
2018-01-11,0.8265
2018-01-12,0.8168
2018-01-16,0.8143
2018-01-17,0.8214
2018-01-18,0.8263
2018-01-19,0.8342
2018-01-22,0.8341
2018-01-23,0.8226
2018-01-24,0.8227
2018-01-25,0.8188
2018-01-26,0.8048
2018-01-29,0.7836
2018-01-30,0.7703
2018-01-31,0.7728
2018-02-01,0.7835
2018-02-02,0.773
2018-02-05,0.7657
2018-02-06,0.7619
2018-02-07,0.7596
2018-02-08,0.7662
2018-02-09,0.7668
2018-02-12,0.7645
2018-02-13,0.7638
2018-02-14,0.756
2018-02-15,0.7541
2018-02-16,0.7572
2018-02-20,0.7751
2018-02-21,0.7891
2018-02-22,0.8054
2018-02-23,0.8143
2018-02-26,0.8188
2018-02-27,0.8205
2018-02-28,0.8267
2018-03-01,0.8181
2018-03-02,0.8209
2018-03-05,0.8523
2018-03-06,0.8243
2018-03-07,0.8286
2018-03-08,0.8512
2018-03-09,0.8452
2018-03-12,0.8328
2018-03-13,0.8298
2018-03-14,0.8344
2018-03-15,0.8353
2018-03-16,0.8285
2018-03-19,0.8123
2018-03-20,0.8308
2018-03-21,0.8259
2018-03-22,0.8215
2018-03-23,0.8183
2018-03-26,0.8178
2018-03-27,0.8202
2018-03-28,0.8074
2018-03-29,0.8146
2018-04-02,0.8097
2018-04-03,0.8202
2018-04-04,0.7964
2018-04-05,0.8257
2018-04-06,0.8254
2018-04-09,0.8291
2018-04-10,0.8353
2018-04-11,0.8383
2018-04-12,0.8369
2018-04-13,0.8341
2018-04-16,0.8325
2018-04-17,0.8313
2018-04-18,0.8274
2018-04-19,0.8297
2018-04-20,0.8547
2018-04-23,0.8319
2018-04-24,0.8226
2018-04-25,0.846
2018-04-26,0.8466
2018-04-27,0.8484
2018-04-30,0.8401
2018-05-01,0.8448
2018-05-02,0.8468
2018-05-03,0.845
2018-05-04,0.869
2018-05-07,0.8599
2018-05-08,0.8538
2018-05-09,0.8586
2018-05-10,0.8456
2018-05-11,0.8462
2018-05-14,0.837
2018-05-15,0.8376
2018-05-16,0.8435
2018-05-17,0.8503
2018-05-18,0.8655
2018-05-21,0.8842
2018-05-22,0.8735
2018-05-23,0.8696
2018-05-24,0.8746
2018-05-25,0.8921
2018-05-29,0.9321
2018-05-30,0.9249
2018-05-31,0.9315
2018-06-01,0.933
2018-06-04,0.921
2018-06-05,0.8984
2018-06-06,0.9095
2018-06-07,0.9372
2018-06-08,0.9494
2018-06-11,0.9475
2018-06-12,0.9521
2018-06-13,0.9381
2018-06-14,0.9341
2018-06-15,0.9072
2018-06-18,0.8732
2018-06-19,0.8332
2018-06-20,0.8321
2018-06-21,0.8321
2018-06-22,0.8543
2018-06-25,0.8594
2018-06-26,0.8515
2018-06-27,0.8583
2018-06-28,0.8471
2018-06-29,0.8521
2018-07-02,0.8377
2018-07-03,0.838
2018-07-05,0.8271
2018-07-06,0.8565
2018-07-09,0.8658
2018-07-10,0.875
2018-07-11,0.8524
2018-07-12,0.8924
2018-07-13,0.889
2018-07-16,0.8888
2018-07-17,0.892
2018-07-18,0.8883
2018-07-19,0.883
2018-07-20,0.8774
2018-07-23,0.8747
2018-07-24,0.8732
2018-07-25,0.888
2018-07-26,0.8903
2018-07-27,0.8906
2018-07-30,0.8995
2018-07-31,0.9028
2018-08-01,0.8906
2018-08-02,0.8944
2018-08-03,0.8867
2018-08-06,0.8869
2018-08-07,0.8822
2018-08-08,0.8739
2018-08-09,0.8726
2018-08-10,0.8586
2018-08-13,0.8314
2018-08-14,0.8341
2018-08-15,0.8108
2018-08-16,0.8213
2018-08-17,0.8175
2018-08-20,0.831
2018-08-21,0.835
2018-08-22,0.8252
2018-08-23,0.8173
2018-08-24,0.8181
2018-08-27,0.8352
2018-08-28,0.8381
2018-08-29,0.8297
2018-08-30,0.8242
2018-08-31,0.8231
2018-09-04,0.8278
2018-09-05,0.8171
2018-09-06,0.8138
2018-09-07,0.8213
2018-09-10,0.8393
2018-09-11,0.8303
2018-09-12,0.8276
2018-09-13,0.8162
2018-09-14,0.819
2018-09-17,0.8151
2018-09-18,0.7915
2018-09-19,0.7963
2018-09-20,0.7907
2018-09-21,0.7928
2018-09-24,0.7873
2018-09-25,0.8013
2018-09-26,0.7882
2018-09-27,0.7788
2018-09-28,0.7645
2018-10-01,0.7631
2018-10-02,0.7619
2018-10-03,0.7646
2018-10-04,0.76
2018-10-05,0.761
2018-10-08,0.7755
2018-10-09,0.7701
2018-10-10,0.768
2018-10-11,0.7681
2018-10-12,0.7837
2018-10-15,0.7872
2018-10-16,0.7833
2018-10-17,0.7792
2018-10-18,0.7805
2018-10-19,0.7792
2018-10-22,0.8002
2018-10-23,0.7899
2018-10-24,0.7707
2018-10-25,0.7768
2018-10-26,0.7853
2018-10-29,0.7717
2018-10-30,0.769
2018-10-31,0.7686
2018-11-01,0.7903
2018-11-02,0.7879
2018-11-05,0.7887
2018-11-06,0.7743
2018-11-07,0.7896
2018-11-08,0.7901
2018-11-09,0.7809
2018-11-12,0.7638
2018-11-13,0.7586
2018-11-14,0.7639
2018-11-15,0.7625
2018-11-16,0.7612
2018-11-19,0.7588
2018-11-20,0.7527
2018-11-21,0.7651
2018-11-23,0.7492
2018-11-26,0.774
2018-11-27,0.7699
2018-11-28,0.7821
2018-11-29,0.7786
2018-11-30,0.7856
2018-12-03,0.7995
2018-12-04,0.7981
2018-12-05,0.8115
2018-12-06,0.7908
2018-12-07,0.8023
2018-12-10,0.7988
2018-12-11,0.8002
2018-12-12,0.7997
2018-12-13,0.7941
2018-12-14,0.796
2018-12-17,0.7854
2018-12-18,0.7785
2018-12-19,0.7671
2018-12-20,0.7506
2018-12-21,0.7318
2018-12-24,0.7255
2018-12-26,0.735
2018-12-27,0.7206
2018-12-28,0.7219
2018-12-31,0.722
2019-01-02,0.7084
2019-01-03,0.7083
2019-01-04,0.7252
2019-01-07,0.7275
2019-01-08,0.7167
2019-01-09,0.7313
2019-01-10,0.7285
2019-01-11,0.7249
2019-01-14,0.7299
2019-01-15,0.7236
2019-01-16,0.7327
2019-01-17,0.7437
2019-01-18,0.7389
2019-01-22,0.7313
2019-01-23,0.7352
2019-01-24,0.7314
2019-01-25,0.7413
2019-01-28,0.7385
2019-01-29,0.7415
2019-01-30,0.7436
2019-01-31,0.744
2019-02-01,0.7364
2019-02-04,0.7276
2019-02-05,0.734
2019-02-06,0.7366
2019-02-07,0.7281
2019-02-08,0.7255
2019-02-11,0.7055
2019-02-12,0.6978
2019-02-13,0.6986
2019-02-14,0.7013
2019-02-15,0.7022
2019-02-19,0.7041
2019-02-20,0.7028
2019-02-21,0.7219
2019-02-22,0.7184
2019-02-25,0.7216
2019-02-26,0.7132
2019-02-27,0.7189
2019-02-28,0.726
2019-03-01,0.7385
2019-03-04,0.7313
2019-03-05,0.7461
2019-03-06,0.7421
2019-03-07,0.7311
2019-03-08,0.7349
2019-03-11,0.732
2019-03-12,0.7485
2019-03-13,0.7572
2019-03-14,0.743
2019-03-15,0.755
2019-03-18,0.7527
2019-03-19,0.7565
2019-03-20,0.755
2019-03-21,0.7718
2019-03-22,0.7658
2019-03-25,0.7773
2019-03-26,0.7789
2019-03-27,0.7695
2019-03-28,0.7587
2019-03-29,0.7761
2019-04-01,0.7736
2019-04-02,0.7727
2019-04-03,0.7705
2019-04-04,0.7732
2019-04-05,0.7825
2019-04-08,0.7892
2019-04-09,0.7809
2019-04-10,0.7762
2019-04-11,0.7698
2019-04-12,0.7811
2019-04-15,0.7649
2019-04-16,0.7794
2019-04-17,0.7811
2019-04-18,0.7731
2019-04-22,0.7719
2019-04-23,0.7657
2019-04-24,0.7577
2019-04-25,0.7724
2019-04-26,0.7713
2019-04-29,0.7662
2019-04-30,0.7662
2019-05-01,0.7671
2019-05-02,0.7545
2019-05-03,0.7568
2019-05-06,0.7355
2019-05-07,0.7318
2019-05-08,0.7231
2019-05-09,0.7023
2019-05-10,0.6845
2019-05-13,0.6545
2019-05-14,0.6676
2019-05-15,0.6635
2019-05-16,0.668
2019-05-17,0.6599
2019-05-20,0.6791
2019-05-21,0.6732
2019-05-22,0.6675
2019-05-23,0.6748
2019-05-24,0.6839
2019-05-27,0.6839
2019-05-28,0.6947
2019-05-29,0.6906
2019-05-30,0.6934
2019-05-31,0.6808
2019-06-03,0.6942
2019-06-04,0.6897
2019-06-05,0.6874
2019-06-06,0.6859
2019-06-07,0.6559
2019-06-10,0.6599
2019-06-11,0.6565
2019-06-12,0.6657
2019-06-13,0.6683
2019-06-14,0.6594
2019-06-17,0.6563
2019-06-18,0.6532
2019-06-19,0.6538
2019-06-20,0.6321
2019-06-21,0.6119
2019-06-24,0.623
2019-06-25,0.6289
2019-06-26,0.6462
2019-06-27,0.6479
2019-06-28,0.6523
2019-07-01,0.6597
2019-07-02,0.6657
2019-07-03,0.6655
2019-07-04,0.6655
2019-07-05,0.6624
2019-07-08,0.6513
2019-07-09,0.6303
2019-07-10,0.6354
2019-07-11,0.6289
2019-07-12,0.6236
2019-07-15,0.637
2019-07-16,0.6233
2019-07-17,0.6189
2019-07-18,0.6078
2019-07-19,0.6225
2019-07-22,0.6279
2019-07-23,0.6329
2019-07-24,0.6389
2019-07-25,0.6381
2019-07-26,0.6424
2019-07-29,0.6377
2019-07-30,0.6287
2019-07-31,0.6322
2019-08-01,0.6184
2019-08-02,0.5894
2019-08-05,0.5791
2019-08-06,0.5827
2019-08-07,0.5858
2019-08-08,0.5954
2019-08-09,0.5905
2019-08-12,0.5803
2019-08-13,0.5934
2019-08-14,0.5961
2019-08-15,0.5966
2019-08-16,0.6008
2019-08-19,0.5918
2019-08-20,0.5917
2019-08-21,0.5987
2019-08-22,0.5887
2019-08-23,0.5797
2019-08-26,0.5766
2019-08-27,0.5754
2019-08-28,0.5835
2019-08-29,0.5888
2019-08-30,0.5905
2019-09-02,0.5905
2019-09-03,0.5831
2019-09-04,0.5877
2019-09-05,0.5916
2019-09-06,0.5873
2019-09-09,0.5912
2019-09-10,0.595
2019-09-11,0.5937
2019-09-12,0.6225
2019-09-13,0.6163
2019-09-16,0.6159
2019-09-17,0.6012
2019-09-18,0.5936
2019-09-19,0.5899
2019-09-20,0.5913
2019-09-23,0.5983
2019-09-24,0.5932
2019-09-25,0.5959
2019-09-26,0.5963
2019-09-27,0.6047
2019-09-30,0.6061
2019-10-01,0.6098
2019-10-02,0.6133
2019-10-03,0.616
2019-10-04,0.6167
2019-10-07,0.6183
2019-10-08,0.6132
2019-10-09,0.6209
2019-10-10,0.6142
2019-10-11,0.6388
2019-10-14,0.6222
2019-10-15,0.6353
2019-10-16,0.6454
2019-10-17,0.6499
2019-10-18,0.6516
2019-10-21,0.6456
2019-10-22,0.6467
2019-10-23,0.6495
2019-10-24,0.6465
2019-10-25,0.649
2019-10-28,0.6479
2019-10-29,0.6472
2019-10-30,0.657
2019-10-31,0.6444
2019-11-01,0.6423
2019-11-04,0.6366
2019-11-05,0.6381
2019-11-06,0.6369
2019-11-07,0.6435
2019-11-08,0.6472
2019-11-11,0.6429
2019-11-12,0.6474
2019-11-13,0.6422
2019-11-14,0.6427
2019-11-15,0.6486
2019-11-18,0.6421
2019-11-19,0.6344
2019-11-20,0.6224
2019-11-21,0.6184
2019-11-22,0.6342
2019-11-25,0.6469
2019-11-26,0.6511
2019-11-27,0.6527
2019-11-28,0.6545
2019-11-29,0.6517
2019-12-02,0.648
2019-12-03,0.6405
2019-12-04,0.647
2019-12-05,0.6451
2019-12-06,0.66
2019-12-09,0.6538
2019-12-10,0.6593
2019-12-11,0.6588
2019-12-12,0.6717
2019-12-13,0.668
2019-12-16,0.6697
2019-12-17,0.6644
2019-12-18,0.6674
2019-12-19,0.6758
2019-12-20,0.6796
2019-12-23,0.6861
2019-12-24,0.687
2019-12-26,0.687
2019-12-27,0.6892
2019-12-30,0.6956
2019-12-31,0.6905
2020-01-02,0.6927
2020-01-03,0.692
2020-01-06,0.7004
2020-01-07,0.6983
2020-01-08,0.6996
2020-01-09,0.7069
2020-01-10,0.7131
2020-01-13,0.7153
2020-01-14,0.7138
2020-01-15,0.7032
2020-01-16,0.7022
2020-01-17,0.7125
2020-01-20,0.7125
2020-01-21,0.6924
2020-01-22,0.7113
2020-01-23,0.7003
2020-01-24,0.694
2020-01-27,0.6951
2020-01-28,0.7036
2020-01-29,0.7006
2020-01-30,0.6905
2020-01-31,0.675
2020-02-03,0.6684
2020-02-04,0.6735
2020-02-05,0.6751
2020-02-06,0.6791
2020-02-07,0.6775
2020-02-10,0.6819
2020-02-11,0.6823
2020-02-12,0.6858
2020-02-13,0.6775
2020-02-14,0.6741
2020-02-17,0.6741
2020-02-18,0.6787
2020-02-19,0.6848
2020-02-20,0.6875
2020-02-21,0.6893
2020-02-24,0.6753
2020-02-25,0.6632
2020-02-26,0.6552
2020-02-27,0.6254
2020-02-28,0.6151
2020-03-02,0.6338
2020-03-03,0.6277
2020-03-04,0.6298
2020-03-05,0.6335
2020-03-06,0.6279
2020-03-09,0.6121
2020-03-10,0.6141
2020-03-11,0.6155
2020-03-12,0.597
2020-03-13,0.6049
2020-03-16,0.588
2020-03-17,0.5792
2020-03-18,0.5664
2020-03-19,0.5493
2020-03-20,0.5368
2020-03-23,0.5215
2020-03-24,0.5289
2020-03-25,0.5344
2020-03-26,0.5278
2020-03-27,0.5133
2020-03-30,0.507
2020-03-31,0.5113
2020-04-01,0.4841
2020-04-02,0.4999
2020-04-03,0.5098
2020-04-06,0.5305
2020-04-07,0.529
2020-04-08,0.5384
2020-04-09,0.5437
2020-04-13,0.5276
2020-04-14,0.5251
2020-04-15,0.5275
2020-04-16,0.5279
2020-04-17,0.5277
2020-04-20,0.5403
2020-04-21,0.5331
2020-04-22,0.5628
2020-04-23,0.5688
2020-04-24,0.5493
2020-04-27,0.5415
2020-04-28,0.5602
2020-04-29,0.5748
2020-04-30,0.5748
2020-05-01,0.5584
2020-05-04,0.5433
2020-05-05,0.5358
2020-05-06,0.5451
2020-05-07,0.5539
2020-05-08,0.5627
2020-05-11,0.5663
2020-05-12,0.5834
2020-05-13,0.5746
2020-05-14,0.5785
2020-05-15,0.5825
2020-05-18,0.578
2020-05-19,0.592
2020-05-20,0.5821
2020-05-21,0.5806
2020-05-22,0.5761
2020-05-25,0.5761
2020-05-26,0.5823
2020-05-27,0.5834
2020-05-28,0.5757
2020-05-29,0.5759
2020-06-01,0.6006
2020-06-02,0.6037
2020-06-03,0.6048
2020-06-04,0.6
2020-06-05,0.6179
2020-06-08,0.6081
2020-06-09,0.6052
2020-06-10,0.6051
2020-06-11,0.6002
2020-06-12,0.5984
2020-06-15,0.5901
2020-06-16,0.6007
2020-06-17,0.6134
2020-06-18,0.6117
2020-06-19,0.6156
2020-06-22,0.6252
2020-06-23,0.6304
2020-06-24,0.6166
2020-06-25,0.6153
2020-06-26,0.6043
2020-06-29,0.5993
2020-06-30,0.6138
2020-07-01,0.6308
2020-07-02,0.6355
2020-07-06,0.6357
2020-07-07,0.6374
2020-07-08,0.6457
2020-07-09,0.6434
2020-07-10,0.6471
2020-07-13,0.6375
2020-07-14,0.6269
2020-07-15,0.6259
2020-07-16,0.6288
2020-07-17,0.6201
2020-07-20,0.6299
2020-07-21,0.6291
2020-07-22,0.6274
2020-07-23,0.6168
2020-07-24,0.5996
2020-07-27,0.6069
2020-07-28,0.6059
2020-07-29,0.6103
2020-07-30,0.6282
2020-07-31,0.623
2020-08-03,0.6353
2020-08-04,0.6393
2020-08-05,0.6436
2020-08-06,0.6441
2020-08-07,0.6188
2020-08-10,0.6234
2020-08-11,0.6303
2020-08-12,0.6184
2020-08-13,0.6243
2020-08-14,0.6229
2020-08-17,0.6262
2020-08-18,0.6239
2020-08-19,0.6321
2020-08-20,0.6392
2020-08-21,0.6373
2020-08-24,0.6516
2020-08-25,0.6498
2020-08-26,0.6498
2020-08-27,0.6476
2020-08-28,0.6437
2020-08-31,0.6441
2020-09-01,0.6466
2020-09-02,0.6418
2020-09-03,0.6356
2020-09-04,0.6412
2020-09-07,0.6412
2020-09-08,0.6319
2020-09-09,0.6335
2020-09-10,0.6396
2020-09-11,0.6406
2020-09-14,0.6546
2020-09-15,0.6539
2020-09-16,0.6497
2020-09-17,0.6435
2020-09-18,0.6416
2020-09-21,0.6374
2020-09-22,0.6384
2020-09-23,0.6376
2020-09-24,0.6397
2020-09-25,0.6492
2020-09-28,0.6492
2020-09-29,0.6477
2020-09-30,0.6553
2020-10-01,0.6591
2020-10-02,0.6582
2020-10-05,0.6603
2020-10-06,0.6686
2020-10-07,0.6759
2020-10-08,0.6749
2020-10-09,0.6764
2020-10-12,0.6837
2020-10-13,0.6883
2020-10-14,0.6893
2020-10-15,0.6922
2020-10-16,0.6992
2020-10-19,0.7116
2020-10-20,0.7102
2020-10-21,0.7104
2020-10-22,0.7194
2020-10-23,0.7129
2020-10-26,0.7211
2020-10-27,0.7203
2020-10-28,0.7017
2020-10-29,0.6982
2020-10-30,0.6892
2020-11-02,0.6873
2020-11-03,0.7024
2020-11-04,0.7023
2020-11-05,0.7007
2020-11-06,0.6862
2020-11-09,0.7
2020-11-10,0.6985
2020-11-11,0.6928
2020-11-12,0.6848
2020-11-13,0.6846
2020-11-16,0.6957
2020-11-17,0.6911
2020-11-18,0.6968
2020-11-19,0.6932
2020-11-20,0.7088
2020-11-23,0.7215
2020-11-24,0.7153
2020-11-25,0.7111
2020-11-26,0.7142
2020-11-27,0.7262
2020-11-30,0.7184
2020-12-01,0.7219
2020-12-02,0.716
2020-12-03,0.7111
2020-12-04,0.7157
2020-12-07,0.7238
2020-12-08,0.7198
2020-12-09,0.7305
2020-12-10,0.7426
2020-12-11,0.7408
2020-12-14,0.7467
2020-12-15,0.7559
2020-12-16,0.7565
2020-12-17,0.7719
2020-12-18,0.7716
2020-12-21,0.7476
2020-12-22,0.7482
2020-12-23,0.7614
2020-12-24,0.762
2020-12-28,0.7635
2020-12-29,0.7701
2020-12-30,0.7797
2020-12-31,0.7812
2021-01-04,0.7897
2021-01-05,0.8035
2021-01-06,0.8006
2021-01-07,0.7976
2021-01-08,0.7977
2021-01-11,0.8043
2021-01-12,0.817
2021-01-13,0.8092
2021-01-14,0.8115
2021-01-15,0.807
2021-01-18,0.807
2021-01-19,0.8115
2021-01-20,0.8159
2021-01-21,0.8257
2021-01-22,0.8156
2021-01-25,0.8233
2021-01-26,0.8171
2021-01-27,0.8084
2021-01-28,0.7993
2021-01-29,0.8064
2021-02-01,0.8003
2021-02-02,0.8069
2021-02-03,0.8099
2021-02-04,0.8428
2021-02-05,0.8274
2021-02-08,0.8428
2021-02-09,0.8693
2021-02-10,0.8467
2021-02-11,0.8641
2021-02-12,0.8727
2021-02-15,0.8727
2021-02-16,0.8812
2021-02-17,0.8836
2021-02-18,0.8873
2021-02-19,0.8895
2021-02-22,0.9091
2021-02-23,0.9163
2021-02-24,0.9287
2021-02-25,0.8911
2021-02-26,0.8863
2021-03-01,0.9157
2021-03-02,0.9099
2021-03-03,0.8845
2021-03-04,0.8714
2021-03-05,0.8776
2021-03-08,0.8832
2021-03-09,0.8432
2021-03-10,0.8522
2021-03-11,0.8835
2021-03-12,0.8756
2021-03-15,0.8672
2021-03-16,0.8692
2021-03-17,0.8651
2021-03-18,0.8545
2021-03-19,0.8468
2021-03-22,0.8462
2021-03-23,0.8353
2021-03-24,0.8244
2021-03-25,0.7844
2021-03-26,0.8038
2021-03-29,0.8049
2021-03-30,0.8064
2021-03-31,0.8088
2021-04-01,0.7795
2021-04-05,0.7788
2021-04-06,0.7922
2021-04-07,0.795
2021-04-08,0.8141
2021-04-09,0.824
2021-04-12,0.8014
2021-04-13,0.8182
2021-04-14,0.842
2021-04-15,0.8502
2021-04-16,0.8371
2021-04-19,0.8326
2021-04-20,0.8377
2021-04-21,0.8483
2021-04-22,0.8464
2021-04-23,0.8751
2021-04-26,0.8786
2021-04-27,0.9034
2021-04-28,0.8905
2021-04-29,0.8628
2021-04-30,0.8795
2021-05-03,0.8786
2021-05-04,0.8717
2021-05-05,0.8733
2021-05-06,0.9058
2021-05-07,0.8966
2021-05-10,0.8847
2021-05-11,0.8775
2021-05-12,0.8823
2021-05-13,0.8498
2021-05-14,0.8243
2021-05-17,0.8232
2021-05-18,0.8401
2021-05-19,0.8292
2021-05-20,0.8153
2021-05-21,0.8282
2021-05-24,0.8282
2021-05-25,0.8271
2021-05-26,0.8244
2021-05-27,0.8261
2021-05-28,0.8212
2021-05-31,0.8212
2021-06-01,0.8425
2021-06-02,0.8377
2021-06-03,0.8421
2021-06-04,0.858
2021-06-07,0.8436
2021-06-08,0.8514
2021-06-09,0.8662
2021-06-10,0.8736
2021-06-11,0.87
2021-06-14,0.8495
2021-06-15,0.8528
2021-06-16,0.8533
2021-06-17,0.8417
2021-06-18,0.8442
2021-06-21,0.8409
2021-06-22,0.8422
2021-06-23,0.8646
2021-06-24,0.8603
2021-06-25,0.8675
2021-06-28,0.873
2021-06-29,0.8748
2021-06-30,0.8521
2021-07-01,0.8649
2021-07-02,0.8751
2021-07-05,0.8751
2021-07-06,0.8786
2021-07-07,0.8808
2021-07-08,0.8733
2021-07-09,0.8799
2021-07-12,0.8847
2021-07-13,0.8877
2021-07-14,0.9057
2021-07-15,0.8984
2021-07-16,0.907
2021-07-19,0.8711
2021-07-20,0.8887
2021-07-21,0.8909
2021-07-22,0.9027
2021-07-23,0.9032
2021-07-26,0.9029
2021-07-27,0.9074
2021-07-28,0.9091
2021-07-29,0.9076
2021-07-30,0.8983
2021-08-02,0.9007
2021-08-03,0.903
2021-08-04,0.9072
2021-08-05,0.9117
2021-08-06,0.9242
2021-08-09,0.913
2021-08-10,0.9274
2021-08-11,0.9164
2021-08-12,0.9377
2021-08-13,0.9521
2021-08-16,0.9485
2021-08-17,0.957
2021-08-18,0.9552
2021-08-19,0.9347
2021-08-20,0.939
2021-08-23,0.9454
2021-08-24,0.9576
2021-08-25,0.9595
2021-08-26,0.9536
2021-08-27,0.9627
2021-08-30,0.9561
2021-08-31,0.9391
2021-09-01,0.9415
2021-09-02,0.9514
2021-09-03,0.9562
2021-09-06,0.9562
2021-09-07,0.9541
2021-09-08,0.952
2021-09-09,0.9456
2021-09-10,0.9523
2021-09-13,0.9441
2021-09-14,0.9496
2021-09-15,0.9467
2021-09-16,0.9341
2021-09-17,0.9332
2021-09-20,0.8989
2021-09-21,0.9118
2021-09-22,0.9183
2021-09-23,0.9331
2021-09-24,0.9685
2021-09-27,0.9874
2021-09-28,1.0056
2021-09-29,1.0274
2021-09-30,1.062
2021-10-01,1.0453
2021-10-04,1.0493
2021-10-05,1.0893
2021-10-06,1.1106
2021-10-07,1.1161
2021-10-08,1.106
2021-10-11,1.0979
2021-10-12,1.0638
2021-10-13,1.0386
2021-10-14,1.071
2021-10-15,1.0733
2021-10-18,1.0704
2021-10-19,1.0783
2021-10-20,1.1073
2021-10-21,1.0614
2021-10-22,1.0826
2021-10-25,1.0854
2021-10-26,1.0871
2021-10-27,1.1052
2021-10-28,1.1373
2021-10-29,1.1485
2021-11-01,1.1984
2021-11-02,1.1725
2021-11-03,1.1882
2021-11-04,1.1646
2021-11-05,1.1687
2021-11-08,1.1655
2021-11-09,1.1938
2021-11-10,1.1868
2021-11-11,1.1854
2021-11-12,1.1769
2021-11-15,1.1762
2021-11-16,1.1798
2021-11-17,1.197
2021-11-18,1.1759
2021-11-19,1.1922
2021-11-22,1.1771
2021-11-23,1.2036
2021-11-24,1.2038
2021-11-25,1.1946
2021-11-26,1.1467
2021-11-29,1.1351
2021-11-30,1.0746
2021-12-01,1.0419
2021-12-02,1.037
2021-12-03,1.042
2021-12-06,1.0701
2021-12-07,1.0637
2021-12-08,1.0672
2021-12-09,1.0659
2021-12-10,1.0623
2021-12-13,1.0681
2021-12-14,1.059
2021-12-15,1.0579
2021-12-16,1.0968
2021-12-17,1.073
2021-12-20,1.0554
2021-12-21,1.0727
2021-12-22,1.0883
2021-12-23,1.0912
2021-12-24,1.0912
2021-12-27,1.1228
2021-12-28,1.1005
2021-12-29,1.1299
2021-12-30,1.1434
2021-12-31,1.126
2022-01-03,1.1323
2022-01-04,1.1639
2022-01-05,1.1628
2022-01-06,1.1472
2022-01-07,1.1512
2022-01-10,1.1522
2022-01-11,1.1602
2022-01-12,1.1764
2022-01-13,1.1684
2022-01-14,1.197
2022-01-17,1.197
2022-01-18,1.2108
2022-01-19,1.2395
2022-01-20,1.2287
2022-01-21,1.2075
2022-01-24,1.2038
2022-01-25,1.2092
2022-01-26,1.2233
2022-01-27,1.2163
2022-01-28,1.2376
2022-01-31,1.2757
2022-02-01,1.2733
2022-02-02,1.2633
2022-02-03,1.2762
2022-02-04,1.2674
2022-02-07,1.2557
2022-02-08,1.2715
2022-02-09,1.2643
2022-02-10,1.2566
2022-02-11,1.2528
2022-02-14,1.2293
2022-02-15,1.2304
2022-02-16,1.2191
2022-02-17,1.2193
2022-02-18,1.2299
2022-02-21,1.2299
2022-02-22,1.2111
2022-02-23,1.2218
2022-02-24,1.2122
2022-02-25,1.2003
2022-02-28,1.1981
2022-03-01,1.2275
2022-03-02,1.1854
2022-03-03,1.198
2022-03-04,1.1642
2022-03-07,1.1694
2022-03-08,1.1797
2022-03-09,1.1747
2022-03-10,1.1686
2022-03-11,1.2103
2022-03-14,1.1877
2022-03-15,1.186
2022-03-16,1.198
2022-03-17,1.2186
2022-03-18,1.2686
2022-03-21,1.3001
2022-03-22,1.3004
2022-03-23,1.3003
2022-03-24,1.309
2022-03-25,1.359
2022-03-28,1.3907
2022-03-29,1.3681
2022-03-30,1.3984
2022-03-31,1.3569
2022-04-01,1.3455
2022-04-04,1.3794
2022-04-05,1.3753
2022-04-06,1.3569
2022-04-07,1.332
2022-04-08,1.3241
2022-04-11,1.3529
2022-04-12,1.3851
2022-04-13,1.4277
2022-04-14,1.4198
2022-04-18,1.4474
2022-04-19,1.3968
2022-04-20,1.4039
2022-04-21,1.3859
2022-04-22,1.3946
2022-04-25,1.4141
2022-04-26,1.4116
2022-04-27,1.4392
2022-04-28,1.4984
2022-04-29,1.4697
2022-05-02,1.5081
2022-05-03,1.5008
2022-05-04,1.5476
2022-05-05,1.4876
2022-05-06,1.4361
2022-05-09,1.4293
2022-05-10,1.4294
2022-05-11,1.436
2022-05-12,1.4553
2022-05-13,1.452
2022-05-16,1.5065
2022-05-17,1.4846
2022-05-18,1.4447
2022-05-19,1.477
2022-05-20,1.4227
2022-05-23,1.4275
2022-05-24,1.4154
2022-05-25,1.4516
2022-05-26,1.4061
2022-05-27,1.3942
2022-05-30,1.3942
2022-05-31,1.3898
2022-06-01,1.3606
2022-06-02,1.3911
2022-06-03,1.3818
2022-06-06,1.3774
2022-06-07,1.3695
2022-06-08,1.4062
2022-06-09,1.4651
2022-06-10,1.4506
2022-06-13,1.4566
2022-06-14,1.4348
2022-06-15,1.4318
2022-06-16,1.4353
2022-06-17,1.4345
2022-06-20,1.4345
2022-06-21,1.4351
2022-06-22,1.4332
2022-06-23,1.3632
2022-06-24,1.0376
2022-06-27,0.9994
2022-06-28,1.0196
2022-06-29,1.0295
2022-06-30,1.0492
2022-07-01,1.0498
2022-07-04,1.0898
2022-07-05,1.0897
2022-07-06,1.0895
2022-07-07,1.0897
2022-07-08,1.0894
2022-07-11,1.0295
2022-07-12,1.0093
2022-07-13,0.9899
2022-07-14,0.9393
2022-07-15,0.9194
2022-07-18,0.9597
2022-07-19,1.0
2022-07-20,1.0
2022-07-21,1.0
2022-07-22,0.99
2022-07-25,0.97
2022-07-26,1.0
2022-07-27,0.99
2022-07-28,1.02
2022-07-29,1.03
2022-08-01,1.0
2022-08-02,1.01
2022-08-03,1.0
2022-08-04,1.0
2022-08-05,1.01
2022-08-08,1.02
2022-08-09,1.05
2022-08-10,1.06
2022-08-11,1.1
2022-08-12,1.14
2022-08-15,1.19
2022-08-16,1.22
2022-08-17,1.18
2022-08-18,1.19
2022-08-19,1.19
2022-08-22,1.21
2022-08-23,1.17
2022-08-24,1.18
2022-08-25,1.18
2022-08-26,1.22
2022-08-29,1.22
2022-08-30,1.17
2022-08-31,1.19
2022-09-01,1.13
2022-09-02,1.09
2022-09-05,1.09
2022-09-06,1.09
2022-09-07,1.07
2022-09-08,1.09
2022-09-09,1.09
2022-09-12,1.09
2022-09-13,1.06
2022-09-14,1.06
2022-09-15,1.06
2022-09-16,1.02
2022-09-19,1.02
2022-09-20,0.94
2022-09-21,0.97
2022-09-22,0.97
2022-09-23,0.94
2022-09-26,0.94
2022-09-27,0.94
2022-09-28,0.94
2022-09-29,0.94
2022-09-30,0.93
2022-10-03,0.93
2022-10-04,0.93
2022-10-05,0.93
2022-10-06,0.93
2022-10-07,0.93
2022-10-10,0.88
2022-10-11,0.88
2022-10-12,0.85
2022-10-13,0.85
2022-10-14,0.83
2022-10-17,0.83
2022-10-18,0.82
2022-10-19,0.78
2022-10-20,0.78
2022-10-21,0.79
2022-10-24,0.76
2022-10-25,0.78
2022-10-26,0.78
2022-10-27,0.75
2022-10-28,0.72
2022-10-31,0.72
2022-11-01,0.75
2022-11-02,0.79
2022-11-03,0.83
2022-11-04,0.87
2022-11-07,0.87
2022-11-08,0.88
2022-11-09,0.86
2022-11-10,0.87
2022-11-11,0.88
2022-11-14,0.85
2022-11-15,0.89
2022-11-16,0.88
2022-11-17,0.87
2022-11-18,0.85
2022-11-21,0.81
2022-11-22,0.84
2022-11-23,0.84
2022-11-24,0.84
2022-11-25,0.83
2022-11-28,0.8
2022-11-29,0.81
2022-11-30,0.86
2022-12-01,0.86
2022-12-02,0.86
2022-12-05,0.85
2022-12-06,0.86
2022-12-07,0.86
2022-12-08,0.86
2022-12-09,0.86
2022-12-12,0.86
2022-12-13,0.86
2022-12-14,0.86
2022-12-15,0.86
2022-12-16,0.86
2022-12-19,0.86
2022-12-20,0.88
2022-12-21,0.88
2022-12-22,0.84
2022-12-23,0.85
2022-12-26,0.85
2022-12-27,0.84
2022-12-28,0.83
2022-12-29,0.83
2022-12-30,0.83
2023-01-02,0.83
2023-01-03,0.83
2023-01-04,0.8
2023-01-05,0.83
2023-01-06,0.86
2023-01-09,0.86
2023-01-10,0.85
2023-01-11,0.84
2023-01-12,0.82
2023-01-13,0.82
2023-01-16,0.82
2023-01-17,0.83
2023-01-18,0.85
2023-01-19,0.84
2023-01-20,0.87
2023-01-23,0.87
2023-01-24,0.86
2023-01-25,0.87
2023-01-26,0.87
2023-01-27,0.87
2023-01-30,0.85
2023-01-31,0.86
2023-02-01,0.86
2023-02-02,0.86
2023-02-03,0.85
2023-02-06,0.83
2023-02-07,0.85
2023-02-08,0.85
2023-02-09,0.86
2023-02-10,0.85
2023-02-13,0.86
2023-02-14,0.86
2023-02-15,0.83
2023-02-16,0.81
2023-02-17,0.8
2023-02-20,0.8
2023-02-21,0.81
2023-02-22,0.83
2023-02-23,0.82
2023-02-24,0.83
2023-02-27,0.83
2023-02-28,0.84
2023-03-01,0.84
2023-03-02,0.84
2023-03-03,0.84
2023-03-06,0.84
2023-03-07,0.83
2023-03-08,0.83
2023-03-09,0.83
2023-03-10,0.78
2023-03-13,0.81
2023-03-14,0.81
2023-03-15,0.79
2023-03-16,0.79
2023-03-17,0.78
2023-03-20,0.77
2023-03-21,0.78
2023-03-22,0.78
2023-03-23,0.77
2023-03-24,0.77
2023-03-27,0.8
2023-03-28,0.83
2023-03-29,0.83
2023-03-30,0.84
2023-03-31,0.83
2023-04-03,0.82
2023-04-04,0.81
2023-04-05,0.81
2023-04-06,0.83
2023-04-07,0.83
2023-04-10,0.82
2023-04-11,0.83
2023-04-12,0.83
2023-04-13,0.83
2023-04-14,0.83
2023-04-17,0.83
2023-04-18,0.84
2023-04-19,0.83
2023-04-20,0.79
2023-04-21,0.78
2023-04-24,0.8
2023-04-25,0.76
2023-04-26,0.76
2023-04-27,0.76
2023-04-28,0.81
2023-05-01,0.81
2023-05-02,0.81
2023-05-03,0.81
2023-05-04,0.81
2023-05-05,0.84
2023-05-08,0.84
2023-05-09,0.81
2023-05-10,0.81
2023-05-11,0.8
2023-05-12,0.8
2023-05-15,0.83
2023-05-16,0.83
2023-05-17,0.87
2023-05-18,0.87
2023-05-19,0.87
2023-05-22,0.85
2023-05-23,0.84
2023-05-24,0.82
2023-05-25,0.8
2023-05-26,0.84
2023-05-29,0.84
2023-05-30,0.84
2023-05-31,0.84
2023-06-01,0.87
2023-06-02,0.86
2023-06-05,0.85
2023-06-06,0.85
2023-06-07,0.85
2023-06-08,0.84
2023-06-09,0.84
2023-06-12,0.83
2023-06-13,0.83
2023-06-14,0.82
2023-06-15,0.81
2023-06-16,0.81
2023-06-19,0.81
2023-06-20,0.81
2023-06-21,0.79
2023-06-22,0.79
2023-06-23,0.78
2023-06-26,0.81
2023-06-27,0.8
2023-06-28,0.8
2023-06-29,0.8
2023-06-30,0.8
2023-07-03,0.83
2023-07-04,0.83
2023-07-05,0.84
2023-07-06,0.84
2023-07-07,0.84
2023-07-10,0.8
2023-07-11,0.83
2023-07-12,0.82
2023-07-13,0.83
2023-07-14,0.83
2023-07-17,0.82
2023-07-18,0.84
2023-07-19,0.85
2023-07-20,0.86
2023-07-21,0.85
2023-07-24,0.86
2023-07-25,0.89
2023-07-26,0.89
2023-07-27,0.86
2023-07-28,0.85
2023-07-31,0.86
2023-08-01,0.87
2023-08-02,0.85
2023-08-03,0.85
2023-08-04,0.86
2023-08-07,0.86
2023-08-08,0.86
2023-08-09,0.85
2023-08-10,0.87
2023-08-11,0.9
2023-08-14,0.88
2023-08-15,0.86
2023-08-16,0.85
2023-08-17,0.85
2023-08-18,0.85
2023-08-21,0.86
2023-08-22,0.85
2023-08-23,0.86
2023-08-24,0.86
2023-08-25,0.88
2023-08-28,0.87
2023-08-29,0.87
2023-08-30,0.88
2023-08-31,0.88
2023-09-01,0.9
2023-09-04,0.9
2023-09-05,0.88
2023-09-06,0.86
2023-09-07,0.84
2023-09-08,0.85
2023-09-11,0.87
2023-09-12,0.88
2023-09-13,0.86
2023-09-14,0.86
2023-09-15,0.85
2023-09-18,0.86
2023-09-19,0.87
2023-09-20,0.85
2023-09-21,0.85
2023-09-22,0.85
2023-09-25,0.85
2023-09-26,0.85
2023-09-27,0.85
2023-09-28,0.89
2023-09-29,0.85
2023-10-02,0.85
2023-10-03,0.85
2023-10-04,0.85
2023-10-05,0.85
2023-10-06,0.85
2023-10-09,0.87
2023-10-10,0.85
2023-10-11,0.85
2023-10-12,0.85
2023-10-13,0.86
2023-10-16,0.85
2023-10-17,0.83
2023-10-18,0.84
2023-10-19,0.84
2023-10-20,0.82
2023-10-23,0.84
2023-10-24,0.83
2023-10-25,0.84
2023-10-26,0.85
2023-10-27,0.84
2023-10-30,0.83
2023-10-31,0.81
2023-11-01,0.79
2023-11-02,0.8
2023-11-03,0.8
2023-11-06,0.78
2023-11-07,0.76
2023-11-08,0.75
2023-11-09,0.76
2023-11-10,0.77
2023-11-13,0.77
2023-11-14,0.78
2023-11-15,0.78
2023-11-16,0.79
2023-11-17,0.79
2023-11-20,0.78
2023-11-24,0.8
2023-11-27,0.8
2023-11-28,0.8
2023-11-29,0.79
2023-11-30,0.79
2023-12-01,0.8
2023-12-04,0.79
2023-12-05,0.78
2023-12-06,0.78
2023-12-07,0.83
2023-12-08,0.82
2023-12-11,0.82
2023-12-12,0.81
2023-12-13,0.81
2023-12-14,0.81
2023-12-15,0.8
2023-12-18,0.79
2023-12-19,0.79
2023-12-20,0.79
2023-12-21,0.79
2023-12-22,0.8
2023-12-25,0.8
2023-12-26,0.8
2023-12-27,0.81
2023-12-28,0.81
2023-12-29,0.81
2024-01-01,0.81
2024-01-02,0.8
2024-01-03,0.81
2024-01-04,0.8
2024-01-05,0.8
2024-01-08,0.8
2024-01-09,0.81
2024-01-10,0.8
2024-01-11,0.81
2024-01-12,0.81
2024-01-15,0.81
2024-01-16,0.81
2024-01-17,0.82
2024-01-18,0.82
2024-01-19,0.84
2024-01-22,0.85
2024-01-23,0.85
2024-01-24,0.85
2024-01-25,0.86
2024-01-26,0.84
2024-01-29,0.84
2024-01-30,0.85
2024-01-31,0.85
2024-02-01,0.87
2024-02-02,0.87
2024-02-05,0.87
2024-02-06,0.87
2024-02-07,0.89
2024-02-08,0.89
2024-02-09,0.92
2024-02-12,0.9
2024-02-13,0.91
2024-02-14,0.93
2024-02-15,0.95
2024-02-16,0.94
2024-02-19,0.94
2024-02-20,0.91
2024-02-21,0.93
2024-02-22,0.94
2024-02-23,0.95
2024-02-26,0.96
2024-02-27,0.99
2024-02-28,1.07
2024-02-29,1.07
2024-03-01,1.07
2024-03-04,0.99
2024-03-05,0.99
2024-03-06,0.99
2024-03-07,0.99
2024-03-08,0.95
2024-03-11,0.95
2024-03-12,0.95
2024-03-13,0.95
2024-03-14,0.94
2024-03-15,0.94
2024-03-18,0.95
2024-03-19,0.93
2024-03-20,0.92
2024-03-21,0.92
2024-03-22,0.92
2024-03-25,0.92
2024-03-26,0.93
2024-03-27,0.91
2024-03-28,0.91
2024-03-29,0.91
2024-04-01,0.93
2024-04-02,0.91
2024-04-03,0.89
2024-04-04,0.87
2024-04-05,0.86
2024-04-08,0.87
2024-04-09,0.86
2024-04-10,0.85
2024-04-11,0.85
2024-04-12,0.83
2024-04-15,0.83
2024-04-16,0.83
2024-04-17,0.81
2024-04-18,0.8
2024-04-19,0.78
2024-04-22,0.79
2024-04-23,0.8
2024-04-24,0.8
2024-04-25,0.8
2024-04-26,0.8
2024-04-29,0.8
2024-04-30,0.79
2024-05-01,0.79
2024-05-02,0.79
2024-05-03,0.79
2024-05-06,0.79
2024-05-07,0.79
2024-05-08,0.79
2024-05-09,0.78
2024-05-10,0.77
2024-05-13,0.78
2024-05-14,0.75
2024-05-15,0.75
2024-05-16,0.76
2024-05-17,0.76
2024-05-20,0.76
2024-05-21,0.76
2024-05-22,0.79
2024-05-23,0.82
2024-05-24,0.8
2024-05-27,0.8
2024-05-28,0.82
2024-05-29,0.81
2024-05-30,0.78
2024-05-31,0.76
2024-06-03,0.73
2024-06-04,0.73
2024-06-05,0.74
2024-06-06,0.74
2024-06-07,0.76
2024-06-10,0.72
2024-06-11,0.73
2024-06-12,0.72
2024-06-13,0.71
2024-06-14,0.71
2024-06-17,0.7
2024-06-18,0.71
2024-06-19,0.71
2024-06-20,0.71
2024-06-21,0.69
2024-06-24,0.69
2024-06-25,0.74
2024-06-26,0.73
2024-06-27,0.73
2024-06-28,0.73
2024-07-01,0.72
2024-07-02,0.72
2024-07-03,0.72
2024-07-04,0.72
2024-07-05,0.72
2024-07-08,0.72
2024-07-09,0.72
2024-07-10,0.7
2024-07-11,0.69
2024-07-12,0.69
2024-07-15,0.71
2024-07-16,0.7
2024-07-17,0.71
2024-07-18,0.72
2024-07-19,0.7
2024-07-22,0.7
2024-07-23,0.68
2024-07-24,0.67
2024-07-25,0.67
2024-07-26,0.66
2024-07-29,0.68
2024-07-30,0.68
2024-07-31,0.68
2024-08-01,0.67
2024-08-02,0.67
2024-08-05,0.67
2024-08-06,0.67
2024-08-07,0.67
2024-08-08,0.66
2024-08-09,0.67
2024-08-12,0.69
2024-08-13,0.69
2024-08-14,0.67
2024-08-15,0.67
2024-08-16,0.67
2024-08-19,0.68
2024-08-20,0.69
2024-08-21,0.7
2024-08-22,0.69
2024-08-23,0.71
2024-08-26,0.71
2024-08-27,0.7
2024-08-28,0.7
2024-08-29,0.7
2024-08-30,0.7
2024-09-02,0.7
2024-09-03,0.71
2024-09-04,0.7
2024-09-05,0.69
2024-09-06,0.67
2024-09-09,0.67
2024-09-10,0.68
2024-09-11,0.69
2024-09-12,0.69
2024-09-13,0.69
2024-09-16,0.71
2024-09-17,0.7
2024-09-18,0.7
2024-09-19,0.7
2024-09-20,0.72
2024-09-23,0.72
2024-09-24,0.72
2024-09-25,0.72
2024-09-26,0.74
2024-09-27,0.74
2024-09-30,0.74
2024-10-01,0.74
2024-10-02,0.74
2024-10-03,0.74
2024-10-04,0.74
2024-10-07,0.74
2024-10-08,0.74
2024-10-09,0.74
2024-10-10,0.74
2024-10-11,0.72
2024-10-14,0.71
2024-10-15,0.71
2024-10-16,0.71
2024-10-17,0.71
2024-10-18,0.71
2024-10-21,0.72
2024-10-22,0.72
2024-10-23,0.72
2024-10-24,0.72
2024-10-25,0.72
2024-10-28,0.0
2024-10-29,0.71
2024-10-30,0.7
2024-10-31,0.7
2024-11-01,0.7
2024-11-04,0.7
2024-11-05,0.7
2024-11-06,0.7
2024-11-07,0.71
2024-11-08,0.71
2024-11-11,0.7
2024-11-12,0.7
2024-11-13,0.69
2024-11-14,0.68
2024-11-15,0.67
2024-11-18,0.67
2024-11-19,0.67
2024-11-20,0.67
2024-11-21,0.69
2024-11-22,0.71
2024-11-25,0.71
2024-11-26,0.73
2024-11-27,0.74
2024-11-28,0.74
2024-11-29,0.73
2024-12-02,0.73
2024-12-03,0.72
2024-12-04,0.73
2024-12-05,0.73
2024-12-06,0.73
2024-12-09,0.7
2024-12-10,0.69
2024-12-11,0.7
2024-12-12,0.7
2024-12-13,0.7
2024-12-16,0.69
2024-12-17,0.69
2024-12-18,0.69
2024-12-19,0.68
2024-12-20,0.68
2024-12-23,0.69
2024-12-24,0.69
2024-12-25,0.69
2024-12-26,0.69
2024-12-27,0.69
2024-12-30,0.68
2024-12-31,0.68
2025-01-01,0.68
2025-01-02,0.68
2025-01-03,0.69
2025-01-06,0.69
2025-01-07,0.69
2025-01-08,0.69
2025-01-09,0.68
2025-01-10,0.67
2025-01-13,0.68
2025-01-14,0.68
2025-01-15,0.68
2025-01-16,0.68
2025-01-17,0.68
2025-01-20,0.68
2025-01-21,0.68
2025-01-22,0.67
2025-01-23,0.68
2025-01-24,0.68
2025-01-27,0.67
2025-01-28,0.67
2025-01-29,0.67
2025-01-30,0.67
2025-01-31,0.66
2025-02-03,0.66
2025-02-04,0.67
2025-02-05,0.66
2025-02-06,0.66
2025-02-07,0.66
2025-02-10,0.67
2025-02-11,0.67
2025-02-12,0.67
2025-02-13,0.67
2025-02-14,0.67
2025-02-17,0.67
2025-02-18,0.68
2025-02-19,0.66
2025-02-20,0.66
2025-02-21,0.66
2025-02-24,0.66
2025-02-25,0.66
2025-02-26,0.66
2025-02-27,0.66
2025-02-28,0.66
2025-03-03,0.65
2025-03-04,0.64
2025-03-05,0.62
2025-03-06,0.62
2025-03-07,0.62
2025-03-10,0.66
2025-03-11,0.66
2025-03-12,0.67
2025-03-13,0.67
2025-03-14,0.67
2025-03-17,0.67
2025-03-18,0.66
2025-03-19,0.66
2025-03-20,0.66
2025-03-21,0.65
2025-03-24,0.65
2025-03-25,0.65
2025-03-26,0.65
2025-03-27,0.67
2025-03-28,0.67
2025-03-31,0.67
2025-04-01,0.68
2025-04-02,0.68
2025-04-03,0.65
2025-04-04,0.63
2025-04-07,0.66
2025-04-08,0.66
2025-04-09,0.67
2025-04-10,0.67
2025-04-11,0.66
2025-04-14,0.64
2025-04-15,0.65
2025-04-16,0.66
2025-04-17,0.66
2025-04-18,0.66
2025-04-21,0.66
2025-04-22,0.67
2025-04-23,0.69
2025-04-24,0.69
2025-04-25,0.67
2025-04-28,0.67
2025-04-29,0.67
2025-04-30,0.66
2025-05-01,0.66
2025-05-02,0.66
2025-05-05,0.7
2025-05-06,0.74
2025-05-07,0.74
2025-05-08,0.67
2025-05-09,0.67
2025-05-12,0.67
2025-05-13,0.67
2025-05-14,0.66
2025-05-15,0.65
2025-05-16,0.65
2025-05-19,0.66
2025-05-20,0.66
2025-05-21,0.66
2025-05-22,0.66
2025-05-23,0.66
2025-05-26,0.66
2025-05-27,0.66
2025-05-28,0.65
2025-05-29,0.65
2025-05-30,0.65
2025-06-02,0.66
2025-06-03,0.66
2025-06-04,0.65
2025-06-05,0.65
2025-06-06,0.66
2025-06-09,0.66
2025-06-10,0.65
2025-06-11,0.65
2025-06-12,0.65
2025-06-13,0.65
2025-06-16,0.65
2025-06-17,0.65
2025-06-18,0.65
2025-06-19,0.65
2025-06-20,0.64
2025-06-23,0.64
2025-06-24,0.64
2025-06-25,0.67
2025-06-26,0.67
2025-06-27,0.68
2025-06-30,0.68
2025-07-01,0.68
2025-07-02,0.68
2025-07-03,0.68
2025-07-04,0.68
2025-07-07,0.68
2025-07-08,0.68
2025-07-09,0.68
2025-07-10,0.68
2025-07-11,0.66
2025-07-14,0.66
2025-07-15,0.66
2025-07-16,0.67
2025-07-17,0.67
2025-07-18,0.67
2025-07-21,0.67
2025-07-22,0.67
2025-07-23,0.67
2025-07-24,0.67
2025-07-25,0.67
2025-07-28,0.67
2025-07-29,0.67
2025-07-30,0.66
2025-07-31,0.66
2025-08-01,0.66
2025-08-04,0.65
2025-08-05,0.65
2025-08-06,0.66
2025-08-07,0.66
2025-08-08,0.65
2025-08-11,0.65
2025-08-12,0.65
2025-08-13,0.67
2025-08-14,0.67
2025-08-15,0.66
2025-08-18,0.66
2025-08-19,0.67
2025-08-20,0.66
2025-08-21,0.66
2025-08-22,0.66
2025-08-25,0.66
2025-08-26,0.5681
2025-08-27,0.65
2025-08-28,0.65
2025-08-29,0.66
2025-09-01,0.65
2025-09-02,0.65
2025-09-03,0.65
2025-09-04,0.65
2025-09-05,0.65
2025-09-08,0.65
2025-09-09,0.65
2025-09-10,0.65
2025-09-11,0.66
2025-09-12,0.65
2025-09-15,0.66
2025-09-16,0.66
2025-09-17,0.66
2025-09-18,0.66
2025-09-19,0.65
2025-09-22,0.65
2025-09-23,0.64
2025-09-24,0.64
2025-09-25,0.64
2025-09-26,0.64
2025-09-29,0.64
2025-09-30,0.64
2025-10-01,0.64
2025-10-02,0.64
2025-10-03,0.64
2025-10-06,0.64
2025-10-07,0.64
2025-10-08,0.64
2025-10-09,0.64
2025-10-10,0.64
2025-10-13,0.64
2025-10-14,0.63
2025-10-15,0.63
2025-10-16,0.64
2025-10-17,0.64
2025-10-20,0.64
2025-10-21,0.64
2025-10-22,0.64
2025-10-23,0.64
2025-10-24,0.64
2025-10-27,0.64
2025-10-28,0.65
2025-10-29,0.66
2025-10-30,0.65
2025-10-31,0.66
2025-11-03,0.66
2025-11-04,0.65
2025-11-05,0.65
2025-11-06,0.65
2025-11-07,0.64
2025-11-10,0.64
2025-11-11,0.64
2025-11-12,0.63
2025-11-13,0.63
2025-11-14,0.62
2025-11-17,0.62
2025-11-18,0.63
2025-11-19,0.62
2025-11-20,0.62
2025-11-21,0.61
2025-11-24,0.61
2025-11-25,0.62
2025-11-26,0.63
2025-11-27,0.63
2025-11-28,0.63
2025-12-01,0.63
2025-12-02,0.63
2025-12-03,0.63
2025-12-04,0.62
2025-12-05,0.62
2025-12-08,0.62
2025-12-09,0.64
2025-12-10,0.64
2025-12-11,0.64
2025-12-12,0.64
2025-12-15,0.64
2025-12-16,0.63
2025-12-17,0.63
2025-12-18,0.64
2025-12-19,0.64
2025-12-22,0.64
2025-12-23,0.64
2025-12-24,0.64
2025-12-25,0.64
2025-12-26,0.64
2025-12-29,0.64
2025-12-30,0.64
2025-12-31,0.64
2026-01-01,0.64
2026-01-02,0.64
2026-01-05,0.65
2026-01-06,0.65
2026-01-07,0.65
2026-01-08,0.64
2026-01-09,0.64
2026-01-12,0.65
2026-01-13,0.65
2026-01-14,0.65
2026-01-15,0.65
2026-01-16,0.65
2026-01-19,0.65
2026-01-20,0.64
2026-01-21,0.64
2026-01-22,0.64
2026-01-23,0.64
2026-01-26,0.63
2026-01-27,0.64
2026-01-28,0.64
2026-01-29,0.63
2026-01-30,0.63
2026-02-02,0.63
2026-02-03,0.62
2026-02-04,0.62
2026-02-05,0.62
2026-02-06,0.61
2026-02-09,0.62
2026-02-10,0.62
2026-02-11,0.62
2026-02-12,0.62
2026-02-13,0.62
2026-02-16,0.62
2026-02-17,0.62
2026-02-18,0.62
2026-02-19,0.62
2026-02-20,0.63
2026-02-23,0.64
2026-02-24,0.64
2026-02-25,0.64
2026-02-26,0.63
2026-02-27,0.64
2026-03-02,0.63
2026-03-03,0.62
2026-03-04,0.62
2026-03-05,0.63
2026-03-06,0.61
