Date,Value
1986-01-02,0.2202
1986-01-03,0.2185
1986-01-06,0.2125
1986-01-07,0.2141
1986-01-08,0.2146
1986-01-09,0.2115
1986-01-10,0.2066
1986-01-13,0.2016
1986-01-14,0.2045
1986-01-15,0.2037
1986-01-16,0.2015
1986-01-17,0.2026
1986-01-20,0.2043
1986-01-21,0.2015
1986-01-22,0.1984
1986-01-23,0.2122
1986-01-24,0.1982
1986-01-27,0.1997
1986-01-28,0.199
1986-01-29,0.199
1986-01-30,0.2014
1986-01-31,0.1994
1986-02-03,0.1978
1986-02-04,0.2002
1986-02-05,0.2011
1986-02-06,0.199
1986-02-07,0.195
1986-02-10,0.1929
1986-02-11,0.1913
1986-02-12,0.1868
1986-02-13,0.1888
1986-02-14,0.1854
1986-02-18,0.1832
1986-02-19,0.1831
1986-02-20,0.1829
1986-02-21,0.1831
1986-02-24,0.1793
1986-02-25,0.1756
1986-02-26,0.1767
1986-02-27,0.1723
1986-02-28,0.1675
1986-03-03,0.1676
1986-03-04,0.1699
1986-03-05,0.1716
1986-03-06,0.1704
1986-03-07,0.1679
1986-03-10,0.1724
1986-03-11,0.1722
1986-03-12,0.1773
1986-03-13,0.1767
1986-03-14,0.171
1986-03-17,0.1701
1986-03-18,0.1753
1986-03-19,0.1762
1986-03-20,0.1749
1986-03-21,0.1752
1986-03-24,0.1776
1986-03-25,0.18
1986-03-26,0.189
1986-03-27,0.1849
1986-03-31,0.1924
1986-04-01,0.1907
1986-04-02,0.1863
1986-04-03,0.179
1986-04-04,0.1797
1986-04-07,0.1826
1986-04-08,0.1796
1986-04-09,0.1741
1986-04-10,0.1743
1986-04-11,0.1743
1986-04-14,0.1744
1986-04-15,0.1774
1986-04-16,0.1728
1986-04-17,0.1735
1986-04-18,0.1723
1986-04-21,0.1709
1986-04-22,0.1722
1986-04-23,0.1713
1986-04-24,0.1729
1986-04-25,0.1716
1986-04-28,0.1704
1986-04-29,0.1762
1986-04-30,0.1865
1986-05-01,0.1792
1986-05-02,0.1767
1986-05-05,0.1751
1986-05-06,0.1739
1986-05-07,0.1746
1986-05-08,0.1794
1986-05-09,0.1791
1986-05-12,0.1755
1986-05-13,0.1783
1986-05-14,0.1778
1986-05-15,0.1742
1986-05-16,0.1745
1986-05-19,0.1749
1986-05-20,0.1775
1986-05-21,0.1786
1986-05-22,0.1806
1986-05-23,0.1852
1986-05-27,0.1831
1986-05-28,0.1825
1986-05-29,0.1787
1986-05-30,0.1746
1986-06-02,0.1723
1986-06-03,0.1723
1986-06-04,0.1742
1986-06-05,0.1726
1986-06-06,0.1722
1986-06-09,0.1681
1986-06-10,0.1681
1986-06-11,0.169
1986-06-12,0.1669
1986-06-13,0.1656
1986-06-16,0.1646
1986-06-17,0.1674
1986-06-18,0.1682
1986-06-19,0.1688
1986-06-20,0.1684
1986-06-23,0.1672
1986-06-24,0.1661
1986-06-25,0.1668
1986-06-26,0.1653
1986-06-27,0.1637
1986-06-30,0.1609
1986-07-01,0.1601
1986-07-02,0.1625
1986-07-03,0.1625
1986-07-07,0.163
1986-07-08,0.1645
1986-07-09,0.164
1986-07-10,0.1617
1986-07-11,0.1619
1986-07-14,0.1593
1986-07-15,0.161
1986-07-16,0.1675
1986-07-17,0.1635
1986-07-18,0.1632
1986-07-21,0.1646
1986-07-22,0.1619
1986-07-23,0.163
1986-07-24,0.1603
1986-07-25,0.1627
1986-07-28,0.1633
1986-07-29,0.1606
1986-07-30,0.1595
1986-07-31,0.1571
1986-08-01,0.1566
1986-08-04,0.1544
1986-08-05,0.1521
1986-08-06,0.1511
1986-08-07,0.1473
1986-08-08,0.1458
1986-08-11,0.1458
1986-08-12,0.1441
1986-08-13,0.1395
1986-08-14,0.1402
1986-08-15,0.1393
1986-08-18,0.1408
1986-08-19,0.1368
1986-08-20,0.1355
1986-08-21,0.1374
1986-08-22,0.1361
1986-08-25,0.1391
1986-08-26,0.1427
1986-08-27,0.1402
1986-08-28,0.1371
1986-08-29,0.1376
1986-09-02,0.1327
1986-09-03,0.1337
1986-09-04,0.1346
1986-09-05,0.1353
1986-09-08,0.1369
1986-09-09,0.1374
1986-09-10,0.1354
1986-09-11,0.1378
1986-09-12,0.1379
1986-09-15,0.1372
1986-09-16,0.1384
1986-09-17,0.1381
1986-09-18,0.138
1986-09-19,0.138
1986-09-22,0.1454
1986-09-23,0.1468
1986-09-24,0.1459
1986-09-25,0.1446
1986-09-26,0.1429
1986-09-29,0.1439
1986-09-30,0.1457
1986-10-01,0.1474
1986-10-02,0.1441
1986-10-03,0.1434
1986-10-06,0.1365
1986-10-07,0.1364
1986-10-08,0.1385
1986-10-09,0.1387
1986-10-10,0.1387
1986-10-13,0.1391
1986-10-14,0.1417
1986-10-15,0.143
1986-10-16,0.1495
1986-10-17,0.1479
1986-10-20,0.151
1986-10-21,0.1485
1986-10-22,0.1499
1986-10-23,0.1488
1986-10-24,0.1482
1986-10-27,0.1558
1986-10-28,0.1571
1986-10-29,0.1529
1986-10-30,0.1576
1986-10-31,0.1506
1986-11-03,0.1522
1986-11-04,0.1514
1986-11-05,0.1523
1986-11-06,0.1503
1986-11-07,0.1516
1986-11-10,0.1516
1986-11-11,0.1504
1986-11-12,0.1508
1986-11-13,0.1491
1986-11-14,0.1468
1986-11-17,0.1434
1986-11-18,0.1452
1986-11-19,0.1467
1986-11-20,0.1468
1986-11-21,0.1452
1986-11-24,0.1453
1986-11-25,0.1461
1986-11-26,0.1502
1986-11-28,0.1527
1986-12-01,0.1534
1986-12-02,0.1514
1986-12-03,0.1532
1986-12-04,0.1513
1986-12-05,0.1508
1986-12-08,0.1476
1986-12-09,0.1462
1986-12-10,0.1491
1986-12-11,0.1486
1986-12-12,0.1468
1986-12-15,0.1479
1986-12-16,0.1496
1986-12-17,0.1496
1986-12-18,0.1488
1986-12-19,0.1483
1986-12-22,0.1501
1986-12-23,0.1504
1986-12-24,0.1504
1986-12-26,0.1504
1986-12-29,0.1502
1986-12-30,0.1488
1986-12-31,0.1488
1987-01-02,0.1476
1987-01-05,0.1489
1987-01-06,0.1493
1987-01-07,0.1515
1987-01-08,0.1488
1987-01-09,0.1507
1987-01-12,0.154
1987-01-13,0.1522
1987-01-14,0.1518
1987-01-15,0.1524
1987-01-16,0.1552
1987-01-19,0.1562
1987-01-20,0.1557
1987-01-21,0.1591
1987-01-22,0.1598
1987-01-23,0.1647
1987-01-26,0.1654
1987-01-27,0.1644
1987-01-28,0.1628
1987-01-29,0.1643
1987-01-30,0.1621
1987-02-02,0.1587
1987-02-03,0.1596
1987-02-04,0.1592
1987-02-05,0.1573
1987-02-06,0.1581
1987-02-09,0.1555
1987-02-10,0.1542
1987-02-11,0.1577
1987-02-12,0.1541
1987-02-13,0.1534
1987-02-17,0.1527
1987-02-18,0.1515
1987-02-19,0.1502
1987-02-20,0.1519
1987-02-23,0.1525
1987-02-24,0.1524
1987-02-25,0.1501
1987-02-26,0.1486
1987-02-27,0.1487
1987-03-02,0.1508
1987-03-03,0.1517
1987-03-04,0.1501
1987-03-05,0.1514
1987-03-06,0.1538
1987-03-09,0.1558
1987-03-10,0.1538
1987-03-11,0.155
1987-03-12,0.1546
1987-03-13,0.1536
1987-03-16,0.1511
1987-03-17,0.1507
1987-03-18,0.1525
1987-03-19,0.1517
1987-03-20,0.1519
1987-03-23,0.1489
1987-03-24,0.1506
1987-03-25,0.1502
1987-03-26,0.1507
1987-03-27,0.1527
1987-03-30,0.1521
1987-03-31,0.1524
1987-04-01,0.1528
1987-04-02,0.1506
1987-04-03,0.1501
1987-04-06,0.1508
1987-04-07,0.1526
1987-04-08,0.1538
1987-04-09,0.157
1987-04-10,0.155
1987-04-13,0.1542
1987-04-14,0.155
1987-04-15,0.1545
1987-04-16,0.1544
1987-04-20,0.1573
1987-04-21,0.1545
1987-04-22,0.1521
1987-04-23,0.1514
1987-04-24,0.1515
1987-04-27,0.1511
1987-04-28,0.155
1987-04-29,0.1509
1987-04-30,0.1552
1987-05-01,0.1594
1987-05-04,0.1618
1987-05-05,0.1586
1987-05-06,0.1619
1987-05-07,0.164
1987-05-08,0.1645
1987-05-11,0.1676
1987-05-12,0.1637
1987-05-13,0.1672
1987-05-14,0.1678
1987-05-15,0.1674
1987-05-18,0.1581
1987-05-19,0.1613
1987-05-20,0.1624
1987-05-21,0.1639
1987-05-22,0.1624
1987-05-26,0.1567
1987-05-27,0.1569
1987-05-28,0.1567
1987-05-29,0.1574
1987-06-01,0.1588
1987-06-02,0.1605
1987-06-03,0.1626
1987-06-04,0.1618
1987-06-05,0.1623
1987-06-08,0.1604
1987-06-09,0.1595
1987-06-10,0.1576
1987-06-11,0.1592
1987-06-12,0.1586
1987-06-15,0.1661
1987-06-16,0.1646
1987-06-17,0.1613
1987-06-18,0.1604
1987-06-19,0.1589
1987-06-22,0.1519
1987-06-23,0.1555
1987-06-24,0.1592
1987-06-25,0.1584
1987-06-26,0.1571
1987-06-29,0.1571
1987-06-30,0.1574
1987-07-01,0.1581
1987-07-02,0.1602
1987-07-06,0.16
1987-07-07,0.1612
1987-07-08,0.1577
1987-07-09,0.1564
1987-07-10,0.1557
1987-07-13,0.153
1987-07-14,0.1542
1987-07-15,0.1525
1987-07-16,0.1513
1987-07-17,0.1479
1987-07-20,0.1534
1987-07-21,0.1512
1987-07-22,0.1509
1987-07-23,0.1504
1987-07-24,0.1521
1987-07-27,0.1526
1987-07-28,0.1537
1987-07-29,0.1507
1987-07-30,0.152
1987-07-31,0.1558
1987-08-03,0.1576
1987-08-04,0.153
1987-08-05,0.1548
1987-08-06,0.1528
1987-08-07,0.1484
1987-08-10,0.1483
1987-08-11,0.1504
1987-08-12,0.1481
1987-08-13,0.1477
1987-08-14,0.1479
1987-08-17,0.1503
1987-08-18,0.1494
1987-08-19,0.1512
1987-08-20,0.1529
1987-08-21,0.152
1987-08-24,0.1526
1987-08-25,0.1533
1987-08-26,0.1546
1987-08-27,0.1542
1987-08-28,0.1533
1987-08-31,0.1518
1987-09-01,0.1504
1987-09-02,0.1515
1987-09-03,0.151
1987-09-04,0.1523
1987-09-08,0.1523
1987-09-09,0.153
1987-09-10,0.1526
1987-09-11,0.152
1987-09-14,0.153
1987-09-15,0.153
1987-09-16,0.1546
1987-09-17,0.1573
1987-09-18,0.1565
1987-09-21,0.1569
1987-09-22,0.1576
1987-09-23,0.1582
1987-09-24,0.1593
1987-09-25,0.1617
1987-09-28,0.1637
1987-09-29,0.1626
1987-09-30,0.1607
1987-10-01,0.1629
1987-10-02,0.1639
1987-10-05,0.1638
1987-10-06,0.163
1987-10-07,0.1685
1987-10-08,0.168
1987-10-09,0.1676
1987-10-12,0.1668
1987-10-13,0.1692
1987-10-14,0.173
1987-10-15,0.1727
1987-10-16,0.1748
1987-10-19,0.1742
1987-10-20,0.169
1987-10-21,0.1726
1987-10-22,0.1749
1987-10-23,0.1752
1987-10-26,0.1731
1987-10-27,0.1743
1987-10-28,0.1729
1987-10-29,0.1726
1987-10-30,0.1726
1987-11-02,0.171
1987-11-03,0.1704
1987-11-04,0.1718
1987-11-05,0.1742
1987-11-06,0.1766
1987-11-09,0.1741
1987-11-10,0.1739
1987-11-11,0.1755
1987-11-12,0.1768
1987-11-13,0.1757
1987-11-16,0.1752
1987-11-17,0.175
1987-11-18,0.1734
1987-11-19,0.1723
1987-11-20,0.1744
1987-11-23,0.175
1987-11-24,0.1773
1987-11-25,0.1799
1987-11-27,0.1833
1987-11-30,0.1808
1987-12-01,0.185
1987-12-02,0.1828
1987-12-03,0.1806
1987-12-04,0.1799
1987-12-07,0.1831
1987-12-08,0.1849
1987-12-09,0.184
1987-12-10,0.1855
1987-12-11,0.1844
1987-12-14,0.1867
1987-12-15,0.1881
1987-12-16,0.1884
1987-12-17,0.1886
1987-12-18,0.1934
1987-12-21,0.1978
1987-12-22,0.1954
1987-12-23,0.2006
1987-12-24,0.2006
1987-12-28,0.1998
1987-12-29,0.1975
1987-12-30,0.202
1987-12-31,0.2017
1988-01-04,0.2038
1988-01-05,0.2083
1988-01-06,0.214
1988-01-07,0.2168
1988-01-08,0.2195
1988-01-11,0.2185
1988-01-12,0.2154
1988-01-13,0.2237
1988-01-14,0.224
1988-01-15,0.2285
1988-01-18,0.2305
1988-01-19,0.2245
1988-01-20,0.2229
1988-01-21,0.2245
1988-01-22,0.224
1988-01-25,0.2265
1988-01-26,0.2201
1988-01-27,0.2185
1988-01-28,0.2175
1988-01-29,0.215
1988-02-01,0.2165
1988-02-02,0.2043
1988-02-03,0.2048
1988-02-04,0.2046
1988-02-05,0.2059
1988-02-08,0.2074
1988-02-09,0.2113
1988-02-10,0.2103
1988-02-11,0.2112
1988-02-12,0.2118
1988-02-16,0.2094
1988-02-17,0.2144
1988-02-18,0.2139
1988-02-19,0.2155
1988-02-22,0.2112
1988-02-23,0.2085
1988-02-24,0.2078
1988-02-25,0.2042
1988-02-26,0.2046
1988-02-29,0.2095
1988-03-01,0.2078
1988-03-02,0.2045
1988-03-03,0.204
1988-03-04,0.2
1988-03-07,0.1984
1988-03-08,0.2003
1988-03-09,0.1969
1988-03-10,0.1945
1988-03-11,0.198
1988-03-14,0.1992
1988-03-15,0.1984
1988-03-16,0.1957
1988-03-17,0.2001
1988-03-18,0.1998
1988-03-21,0.2025
1988-03-22,0.2034
1988-03-23,0.2023
1988-03-24,0.2032
1988-03-25,0.2057
1988-03-28,0.2094
1988-03-29,0.2084
1988-03-30,0.2086
1988-03-31,0.2091
1988-04-04,0.2133
1988-04-05,0.2152
1988-04-06,0.2129
1988-04-07,0.2156
1988-04-08,0.2186
1988-04-11,0.2204
1988-04-12,0.2198
1988-04-13,0.2165
1988-04-14,0.2157
1988-04-15,0.2101
1988-04-18,0.2123
1988-04-19,0.2151
1988-04-20,0.2164
1988-04-21,0.2131
1988-04-22,0.2158
1988-04-25,0.2138
1988-04-26,0.2219
1988-04-27,0.2226
1988-04-28,0.2204
1988-04-29,0.2246
1988-05-02,0.2248
1988-05-03,0.2236
1988-05-04,0.2212
1988-05-05,0.2251
1988-05-06,0.2269
1988-05-09,0.2285
1988-05-10,0.23
1988-05-11,0.2313
1988-05-12,0.2332
1988-05-13,0.235
1988-05-16,0.2407
1988-05-17,0.2395
1988-05-18,0.2426
1988-05-19,0.2423
1988-05-20,0.2446
1988-05-23,0.2402
1988-05-24,0.2459
1988-05-25,0.2418
1988-05-26,0.2382
1988-05-27,0.2416
1988-05-31,0.2509
1988-06-01,0.2456
1988-06-02,0.2469
1988-06-03,0.2542
1988-06-06,0.2642
1988-06-07,0.2561
1988-06-08,0.2488
1988-06-09,0.2524
1988-06-10,0.2502
1988-06-13,0.2466
1988-06-14,0.2533
1988-06-15,0.2633
1988-06-16,0.2681
1988-06-17,0.2761
1988-06-20,0.2866
1988-06-21,0.2966
1988-06-22,0.3062
1988-06-23,0.3102
1988-06-24,0.313
1988-06-27,0.322
1988-06-28,0.3137
1988-06-29,0.3005
1988-06-30,0.315
1988-07-01,0.329
1988-07-05,0.3167
1988-07-06,0.3162
1988-07-07,0.307
1988-07-08,0.3087
1988-07-11,0.293
1988-07-12,0.3025
1988-07-13,0.3202
1988-07-14,0.3322
1988-07-15,0.3325
1988-07-18,0.3092
1988-07-19,0.303
1988-07-20,0.2892
1988-07-21,0.2805
1988-07-22,0.285
1988-07-25,0.276
1988-07-26,0.264
1988-07-27,0.2522
1988-07-28,0.2507
1988-07-29,0.2613
1988-08-01,0.2782
1988-08-02,0.2752
1988-08-03,0.276
1988-08-04,0.2835
1988-08-05,0.2862
1988-08-08,0.278
1988-08-09,0.2797
1988-08-10,0.2812
1988-08-11,0.274
1988-08-12,0.2672
1988-08-15,0.2787
1988-08-16,0.27
1988-08-17,0.2772
1988-08-18,0.2735
1988-08-19,0.2667
1988-08-22,0.2557
1988-08-23,0.2516
1988-08-24,0.264
1988-08-25,0.2637
1988-08-26,0.2633
1988-08-29,0.2607
1988-08-30,0.2642
1988-08-31,0.27
1988-09-01,0.2745
1988-09-02,0.2732
1988-09-06,0.27
1988-09-07,0.2665
1988-09-08,0.267
1988-09-09,0.265
1988-09-12,0.2592
1988-09-13,0.262
1988-09-14,0.2657
1988-09-15,0.2575
1988-09-16,0.2535
1988-09-19,0.247
1988-09-20,0.2477
1988-09-21,0.2486
1988-09-22,0.2472
1988-09-23,0.2391
1988-09-26,0.251
1988-09-27,0.2378
1988-09-28,0.2397
1988-09-29,0.2362
1988-09-30,0.2389
1988-10-03,0.2369
1988-10-04,0.24
1988-10-05,0.2356
1988-10-06,0.241
1988-10-07,0.2343
1988-10-10,0.2315
1988-10-11,0.2332
1988-10-12,0.2329
1988-10-13,0.2382
1988-10-14,0.234
1988-10-17,0.235
1988-10-18,0.2357
1988-10-19,0.2354
1988-10-20,0.2355
1988-10-21,0.2395
1988-10-24,0.2292
1988-10-25,0.2263
1988-10-26,0.2307
1988-10-27,0.2311
1988-10-28,0.2324
1988-10-31,0.2303
1988-11-01,0.2274
1988-11-02,0.2302
1988-11-03,0.2262
1988-11-04,0.2201
1988-11-07,0.2203
1988-11-08,0.2233
1988-11-09,0.2235
1988-11-10,0.2182
1988-11-11,0.2173
1988-11-14,0.2172
1988-11-15,0.2149
1988-11-16,0.2121
1988-11-17,0.2074
1988-11-18,0.2066
1988-11-21,0.2117
1988-11-22,0.2096
1988-11-23,0.2101
1988-11-25,0.2103
1988-11-28,0.2052
1988-11-29,0.2047
1988-11-30,0.2097
1988-12-01,0.2137
1988-12-02,0.2197
1988-12-05,0.2175
1988-12-06,0.2208
1988-12-07,0.219
1988-12-08,0.223
1988-12-09,0.2252
1988-12-12,0.2253
1988-12-13,0.221
1988-12-14,0.2221
1988-12-15,0.2184
1988-12-16,0.22
1988-12-19,0.223
1988-12-20,0.2225
1988-12-21,0.2261
1988-12-22,0.2258
1988-12-23,0.2258
1988-12-27,0.2277
1988-12-28,0.2224
1988-12-29,0.2169
1988-12-30,0.2169
1989-01-03,0.2143
1989-01-04,0.2168
1989-01-05,0.218
1989-01-06,0.2206
1989-01-09,0.2219
1989-01-10,0.2199
1989-01-11,0.2161
1989-01-12,0.2143
1989-01-13,0.214
1989-01-16,0.2045
1989-01-17,0.2059
1989-01-18,0.2103
1989-01-19,0.209
1989-01-20,0.2065
1989-01-23,0.2106
1989-01-24,0.206
1989-01-25,0.2021
1989-01-26,0.2061
1989-01-27,0.2045
1989-01-30,0.2047
1989-01-31,0.2103
1989-02-01,0.2112
1989-02-02,0.2116
1989-02-03,0.2125
1989-02-06,0.2091
1989-02-07,0.2077
1989-02-08,0.206
1989-02-09,0.2072
1989-02-10,0.2079
1989-02-13,0.2067
1989-02-14,0.2091
1989-02-15,0.211
1989-02-16,0.2088
1989-02-17,0.2105
1989-02-21,0.2157
1989-02-22,0.2194
1989-02-23,0.2196
1989-02-24,0.2167
1989-02-27,0.2163
1989-02-28,0.222
1989-03-01,0.218
1989-03-02,0.2217
1989-03-03,0.221
1989-03-06,0.22
1989-03-07,0.219
1989-03-08,0.2191
1989-03-09,0.221
1989-03-10,0.2203
1989-03-13,0.2217
1989-03-14,0.2233
1989-03-15,0.2242
1989-03-16,0.2248
1989-03-17,0.2227
1989-03-20,0.2235
1989-03-21,0.2262
1989-03-22,0.2249
1989-03-23,0.2242
1989-03-27,0.2232
1989-03-28,0.2185
1989-03-29,0.2165
1989-03-30,0.2144
1989-03-31,0.215
1989-04-03,0.2128
1989-04-04,0.213
1989-04-05,0.2131
1989-04-06,0.2135
1989-04-07,0.2149
1989-04-10,0.2148
1989-04-11,0.2153
1989-04-12,0.2167
1989-04-13,0.2163
1989-04-14,0.2188
1989-04-17,0.2231
1989-04-18,0.2268
1989-04-19,0.226
1989-04-20,0.2266
1989-04-21,0.2276
1989-04-24,0.2234
1989-04-25,0.2227
1989-04-26,0.225
1989-04-27,0.221
1989-04-28,0.2223
1989-05-01,0.2258
1989-05-02,0.2267
1989-05-03,0.2267
1989-05-04,0.227
1989-05-05,0.2279
1989-05-08,0.2318
1989-05-09,0.231
1989-05-10,0.2305
1989-05-11,0.2267
1989-05-12,0.2267
1989-05-15,0.2196
1989-05-16,0.2207
1989-05-17,0.222
1989-05-18,0.2239
1989-05-19,0.226
1989-05-22,0.217
1989-05-23,0.2152
1989-05-24,0.2138
1989-05-25,0.215
1989-05-26,0.2155
1989-05-30,0.2118
1989-05-31,0.2093
1989-06-01,0.2067
1989-06-02,0.2085
1989-06-05,0.2112
1989-06-06,0.2142
1989-06-07,0.2115
1989-06-08,0.2099
1989-06-09,0.2046
1989-06-12,0.2001
1989-06-13,0.2023
1989-06-14,0.2112
1989-06-15,0.2093
1989-06-16,0.208
1989-06-19,0.2091
1989-06-20,0.2095
1989-06-21,0.21
1989-06-22,0.207
1989-06-23,0.2078
1989-06-26,0.2043
1989-06-27,0.2048
1989-06-28,0.2068
1989-06-29,0.202
1989-06-30,0.2051
1989-07-03,0.2059
1989-07-05,0.2188
1989-07-06,0.2142
1989-07-07,0.2129
1989-07-10,0.204
1989-07-11,0.199
1989-07-12,0.1932
1989-07-13,0.1985
1989-07-14,0.1972
1989-07-17,0.1925
1989-07-18,0.1941
1989-07-19,0.1961
1989-07-20,0.1931
1989-07-21,0.1943
1989-07-24,0.1912
1989-07-25,0.1892
1989-07-26,0.189
1989-07-27,0.188
1989-07-28,0.183
1989-07-31,0.1787
1989-08-01,0.1793
1989-08-02,0.1795
1989-08-03,0.177
1989-08-04,0.1785
1989-08-07,0.1812
1989-08-08,0.1798
1989-08-09,0.1812
1989-08-10,0.1827
1989-08-11,0.1858
1989-08-14,0.1765
1989-08-15,0.18
1989-08-16,0.1778
1989-08-17,0.1782
1989-08-18,0.1797
1989-08-21,0.1822
1989-08-22,0.1823
1989-08-23,0.1875
1989-08-24,0.184
1989-08-25,0.1803
1989-08-28,0.1801
1989-08-29,0.1815
1989-08-30,0.1803
1989-08-31,0.1832
1989-09-01,0.1833
1989-09-05,0.1827
1989-09-06,0.1843
1989-09-07,0.1885
1989-09-08,0.189
1989-09-11,0.1878
1989-09-12,0.186
1989-09-13,0.1823
1989-09-14,0.1835
1989-09-15,0.1857
1989-09-18,0.1865
1989-09-19,0.1879
1989-09-20,0.191
1989-09-21,0.1935
1989-09-22,0.1912
1989-09-25,0.1915
1989-09-26,0.19
1989-09-27,0.189
1989-09-28,0.1904
1989-09-29,0.19
1989-10-02,0.1894
1989-10-03,0.1892
1989-10-04,0.1908
1989-10-05,0.1892
1989-10-06,0.1898
1989-10-09,0.1874
1989-10-10,0.1885
1989-10-11,0.1865
1989-10-12,0.1864
1989-10-13,0.1846
1989-10-16,0.1859
1989-10-17,0.1878
1989-10-18,0.1912
1989-10-19,0.1924
1989-10-20,0.1918
1989-10-23,0.1895
1989-10-24,0.1914
1989-10-25,0.1955
1989-10-26,0.1957
1989-10-27,0.194
1989-10-30,0.1948
1989-10-31,0.1929
1989-11-01,0.1933
1989-11-02,0.195
1989-11-03,0.1955
1989-11-06,0.1942
1989-11-07,0.195
1989-11-08,0.1941
1989-11-09,0.1956
1989-11-10,0.2
1989-11-13,0.202
1989-11-14,0.2029
1989-11-15,0.2
1989-11-16,0.2011
1989-11-17,0.1995
1989-11-20,0.1964
1989-11-21,0.1952
1989-11-22,0.197
1989-11-24,0.1925
1989-11-27,0.1892
1989-11-28,0.1898
1989-11-29,0.1897
1989-11-30,0.1914
1989-12-01,0.1905
1989-12-04,0.1881
1989-12-05,0.1883
1989-12-06,0.1904
1989-12-07,0.1906
1989-12-08,0.1924
1989-12-11,0.1917
1989-12-12,0.19
1989-12-13,0.1915
1989-12-14,0.192
1989-12-15,0.193
1989-12-18,0.1932
1989-12-19,0.1924
1989-12-20,0.1918
1989-12-21,0.1925
1989-12-22,0.1914
1989-12-26,0.1918
1989-12-27,0.1905
1989-12-28,0.1893
1989-12-29,0.1893
1990-01-02,0.186
1990-01-03,0.1879
1990-01-04,0.1866
1990-01-05,0.1878
1990-01-08,0.1943
1990-01-09,0.1941
1990-01-10,0.194
1990-01-11,0.198
1990-01-12,0.1959
1990-01-15,0.1964
1990-01-16,0.1938
1990-01-17,0.1939
1990-01-18,0.1948
1990-01-19,0.1925
1990-01-22,0.1919
1990-01-23,0.1937
1990-01-24,0.1934
1990-01-25,0.1916
1990-01-26,0.193
1990-01-29,0.1949
1990-01-30,0.1936
1990-01-31,0.1944
1990-02-01,0.195
1990-02-02,0.1955
1990-02-05,0.1939
1990-02-06,0.1935
1990-02-07,0.1954
1990-02-08,0.1959
1990-02-09,0.1963
1990-02-12,0.1998
1990-02-13,0.1993
1990-02-14,0.2032
1990-02-15,0.2052
1990-02-16,0.2035
1990-02-20,0.2034
1990-02-21,0.2085
1990-02-22,0.2094
1990-02-23,0.2125
1990-02-26,0.2109
1990-02-27,0.2127
1990-02-28,0.218
1990-03-01,0.2193
1990-03-02,0.2243
1990-03-05,0.229
1990-03-06,0.225
1990-03-07,0.2277
1990-03-08,0.2283
1990-03-09,0.2286
1990-03-12,0.2297
1990-03-13,0.2267
1990-03-14,0.2227
1990-03-15,0.2305
1990-03-16,0.2327
1990-03-19,0.2348
1990-03-20,0.234
1990-03-21,0.2302
1990-03-22,0.2288
1990-03-23,0.2299
1990-03-26,0.2306
1990-03-27,0.2282
1990-03-28,0.223
1990-03-29,0.2251
1990-03-30,0.2274
1990-04-02,0.2251
1990-04-03,0.226
1990-04-04,0.2295
1990-04-05,0.2292
1990-04-06,0.2251
1990-04-09,0.2234
1990-04-10,0.2242
1990-04-11,0.2275
1990-04-12,0.2278
1990-04-16,0.2345
1990-04-17,0.2378
1990-04-18,0.2346
1990-04-19,0.2358
1990-04-20,0.2382
1990-04-23,0.2405
1990-04-24,0.2381
1990-04-25,0.2414
1990-04-26,0.2445
1990-04-27,0.2447
1990-04-30,0.2422
1990-05-01,0.2362
1990-05-02,0.2417
1990-05-03,0.24
1990-05-04,0.2412
1990-05-07,0.249
1990-05-08,0.2478
1990-05-09,0.2539
1990-05-10,0.2533
1990-05-11,0.2539
1990-05-14,0.2545
1990-05-15,0.2512
1990-05-16,0.2503
1990-05-17,0.2545
1990-05-18,0.2532
1990-05-21,0.2453
1990-05-22,0.2428
1990-05-23,0.2437
1990-05-24,0.247
1990-05-25,0.2486
1990-05-29,0.2415
1990-05-30,0.2436
1990-05-31,0.2453
1990-06-01,0.243
1990-06-04,0.24
1990-06-05,0.2419
1990-06-06,0.2438
1990-06-07,0.2535
1990-06-08,0.2575
1990-06-11,0.2585
1990-06-12,0.2569
1990-06-13,0.2542
1990-06-14,0.2505
1990-06-15,0.2465
1990-06-18,0.2505
1990-06-19,0.2519
1990-06-20,0.2495
1990-06-21,0.2508
1990-06-22,0.2491
1990-06-25,0.2523
1990-06-26,0.2493
1990-06-27,0.2489
1990-06-28,0.2496
1990-06-29,0.2575
1990-07-02,0.2646
1990-07-03,0.2645
1990-07-05,0.2523
1990-07-06,0.2515
1990-07-09,0.252
1990-07-10,0.2495
1990-07-11,0.2425
1990-07-12,0.2414
1990-07-13,0.2435
1990-07-16,0.245
1990-07-17,0.247
1990-07-18,0.2434
1990-07-19,0.2425
1990-07-20,0.2435
1990-07-23,0.237
1990-07-24,0.2361
1990-07-25,0.2405
1990-07-26,0.2433
1990-07-27,0.2437
1990-07-30,0.25
1990-07-31,0.2518
1990-08-01,0.2514
1990-08-02,0.2497
1990-08-03,0.2467
1990-08-06,0.2475
1990-08-07,0.2488
1990-08-08,0.2484
1990-08-09,0.251
1990-08-10,0.254
1990-08-13,0.2535
1990-08-14,0.2533
1990-08-15,0.2517
1990-08-16,0.2505
1990-08-17,0.248
1990-08-20,0.2493
1990-08-21,0.2505
1990-08-22,0.2522
1990-08-23,0.2575
1990-08-24,0.2574
1990-08-27,0.2493
1990-08-28,0.249
1990-08-29,0.2465
1990-08-30,0.2487
1990-08-31,0.2472
1990-09-04,0.2482
1990-09-05,0.2493
1990-09-06,0.2489
1990-09-07,0.2455
1990-09-10,0.249
1990-09-11,0.2488
1990-09-12,0.2475
1990-09-13,0.2432
1990-09-14,0.2418
1990-09-17,0.2425
1990-09-18,0.2423
1990-09-19,0.2409
1990-09-20,0.2495
1990-09-21,0.2485
1990-09-24,0.245
1990-09-25,0.24
1990-09-26,0.2387
1990-09-27,0.2379
1990-09-28,0.2379
1990-10-01,0.2324
1990-10-02,0.23
1990-10-03,0.229
1990-10-04,0.227
1990-10-05,0.2266
1990-10-08,0.2303
1990-10-09,0.23
1990-10-10,0.2275
1990-10-11,0.227
1990-10-12,0.225
1990-10-15,0.2251
1990-10-16,0.225
1990-10-17,0.2278
1990-10-18,0.2268
1990-10-19,0.2247
1990-10-22,0.2238
1990-10-23,0.2269
1990-10-24,0.2249
1990-10-25,0.224
1990-10-26,0.2209
1990-10-29,0.2205
1990-10-30,0.2208
1990-10-31,0.2202
1990-11-01,0.219
1990-11-02,0.2176
1990-11-05,0.2156
1990-11-06,0.2129
1990-11-07,0.2126
1990-11-08,0.214
1990-11-09,0.2097
1990-11-12,0.2085
1990-11-13,0.204
1990-11-14,0.203
1990-11-15,0.2062
1990-11-16,0.2067
1990-11-19,0.205
1990-11-20,0.2022
1990-11-21,0.2057
1990-11-23,0.2068
1990-11-26,0.2071
1990-11-27,0.2118
1990-11-28,0.217
1990-11-29,0.2173
1990-11-30,0.2172
1990-12-03,0.2185
1990-12-04,0.2195
1990-12-05,0.218
1990-12-06,0.2195
1990-12-07,0.2188
1990-12-10,0.2185
1990-12-11,0.2184
1990-12-12,0.2183
1990-12-13,0.216
1990-12-14,0.2155
1990-12-17,0.2158
1990-12-18,0.2135
1990-12-19,0.211
1990-12-20,0.2117
1990-12-21,0.2113
1990-12-24,0.2113
1990-12-26,0.2125
1990-12-27,0.2118
1990-12-28,0.2101
1990-12-31,0.2101
1991-01-02,0.2075
1991-01-03,0.207
1991-01-04,0.2058
1991-01-07,0.2075
1991-01-08,0.2036
1991-01-09,0.2043
1991-01-10,0.2098
1991-01-11,0.2087
1991-01-14,0.2083
1991-01-15,0.2145
1991-01-16,0.218
1991-01-17,0.2183
1991-01-18,0.2175
1991-01-21,0.2206
1991-01-22,0.2267
1991-01-23,0.2285
1991-01-24,0.2235
1991-01-25,0.227
1991-01-28,0.2247
1991-01-29,0.2225
1991-01-30,0.2202
1991-01-31,0.219
1991-02-01,0.2192
1991-02-04,0.2216
1991-02-05,0.2231
1991-02-06,0.2209
1991-02-07,0.2198
1991-02-08,0.2183
1991-02-11,0.2149
1991-02-12,0.2148
1991-02-13,0.2148
1991-02-14,0.2165
1991-02-15,0.2142
1991-02-19,0.2152
1991-02-20,0.2138
1991-02-21,0.2134
1991-02-22,0.2123
1991-02-25,0.2138
1991-02-26,0.2154
1991-02-27,0.2145
1991-02-28,0.219
1991-03-01,0.2245
1991-03-04,0.2313
1991-03-05,0.2309
1991-03-06,0.2282
1991-03-07,0.2297
1991-03-08,0.2313
1991-03-11,0.2269
1991-03-12,0.2237
1991-03-13,0.2219
1991-03-14,0.2185
1991-03-15,0.217
1991-03-18,0.221
1991-03-19,0.2239
1991-03-20,0.2209
1991-03-21,0.2199
1991-03-22,0.2203
1991-03-25,0.2153
1991-03-26,0.2105
1991-03-27,0.2119
1991-03-28,0.2145
1991-04-01,0.222
1991-04-02,0.2177
1991-04-03,0.2178
1991-04-04,0.2159
1991-04-05,0.2198
1991-04-08,0.221
1991-04-09,0.2164
1991-04-10,0.2175
1991-04-11,0.2177
1991-04-12,0.2168
1991-04-15,0.2151
1991-04-16,0.2147
1991-04-17,0.2139
1991-04-18,0.2142
1991-04-19,0.214
1991-04-22,0.213
1991-04-23,0.2144
1991-04-24,0.2122
1991-04-25,0.2113
1991-04-26,0.2132
1991-04-29,0.2059
1991-04-30,0.205
1991-05-01,0.2056
1991-05-02,0.2061
1991-05-03,0.2036
1991-05-06,0.2068
1991-05-07,0.206
1991-05-08,0.2046
1991-05-09,0.2058
1991-05-10,0.2007
1991-05-13,0.201
1991-05-14,0.1982
1991-05-15,0.1975
1991-05-16,0.1983
1991-05-17,0.1988
1991-05-20,0.198
1991-05-21,0.2003
1991-05-22,0.2028
1991-05-23,0.2052
1991-05-24,0.2017
1991-05-28,0.2025
1991-05-29,0.2014
1991-05-30,0.2009
1991-05-31,0.2053
1991-06-03,0.2072
1991-06-04,0.2026
1991-06-05,0.2018
1991-06-06,0.2002
1991-06-07,0.201
1991-06-10,0.199
1991-06-11,0.1999
1991-06-12,0.198
1991-06-13,0.1968
1991-06-14,0.1931
1991-06-17,0.1925
1991-06-18,0.1952
1991-06-19,0.1939
1991-06-20,0.1958
1991-06-21,0.1931
1991-06-24,0.1944
1991-06-25,0.1936
1991-06-26,0.1942
1991-06-27,0.1925
1991-06-28,0.1856
1991-07-01,0.1882
1991-07-02,0.1883
1991-07-03,0.1878
1991-07-05,0.1854
1991-07-08,0.183
1991-07-09,0.1839
1991-07-10,0.1832
1991-07-11,0.1825
1991-07-12,0.1838
1991-07-15,0.185
1991-07-16,0.189
1991-07-17,0.1887
1991-07-18,0.185
1991-07-19,0.1844
1991-07-22,0.186
1991-07-23,0.1939
1991-07-24,0.19
1991-07-25,0.193
1991-07-26,0.203
1991-07-29,0.2148
1991-07-30,0.208
1991-07-31,0.214
1991-08-01,0.2195
1991-08-02,0.2265
1991-08-05,0.2186
1991-08-06,0.2095
1991-08-07,0.2055
1991-08-08,0.2008
1991-08-09,0.2009
1991-08-12,0.2013
1991-08-13,0.192
1991-08-14,0.1923
1991-08-15,0.1951
1991-08-16,0.1957
1991-08-19,0.1925
1991-08-20,0.1925
1991-08-21,0.2028
1991-08-22,0.2004
1991-08-23,0.2006
1991-08-26,0.206
1991-08-27,0.1995
1991-08-28,0.1985
1991-08-29,0.1986
1991-08-30,0.2013
1991-09-03,0.2005
1991-09-04,0.2016
1991-09-05,0.2032
1991-09-06,0.2058
1991-09-09,0.205
1991-09-10,0.2027
1991-09-11,0.2046
1991-09-12,0.2073
1991-09-13,0.205
1991-09-16,0.2074
1991-09-17,0.2087
1991-09-18,0.2115
1991-09-19,0.206
1991-09-20,0.2063
1991-09-23,0.2048
1991-09-24,0.2071
1991-09-25,0.2058
1991-09-26,0.201
1991-09-27,0.1993
1991-09-30,0.198
1991-10-01,0.1993
1991-10-02,0.2028
1991-10-03,0.1983
1991-10-04,0.1988
1991-10-07,0.1959
1991-10-08,0.1982
1991-10-09,0.1971
1991-10-10,0.2002
1991-10-11,0.1925
1991-10-14,0.1932
1991-10-15,0.1965
1991-10-16,0.193
1991-10-17,0.1935
1991-10-18,0.1968
1991-10-21,0.1945
1991-10-22,0.1973
1991-10-23,0.1961
1991-10-24,0.1932
1991-10-25,0.1905
1991-10-28,0.1924
1991-10-29,0.1933
1991-10-30,0.1903
1991-10-31,0.1918
1991-11-01,0.1921
1991-11-04,0.1913
1991-11-05,0.1918
1991-11-06,0.1879
1991-11-07,0.1863
1991-11-08,0.187
1991-11-11,0.1853
1991-11-12,0.1851
1991-11-13,0.1867
1991-11-14,0.189
1991-11-15,0.187
1991-11-18,0.189
1991-11-19,0.1882
1991-11-20,0.1869
1991-11-21,0.184
1991-11-22,0.1865
1991-11-25,0.1879
1991-11-26,0.1884
1991-11-27,0.1884
1991-11-29,0.1884
1991-12-02,0.1897
1991-12-03,0.1906
1991-12-04,0.1952
1991-12-05,0.1941
1991-12-06,0.1925
1991-12-09,0.1898
1991-12-10,0.1884
1991-12-11,0.1908
1991-12-12,0.1984
1991-12-13,0.1893
1991-12-16,0.1895
1991-12-17,0.1895
1991-12-18,0.1896
1991-12-19,0.1895
1991-12-20,0.188
1991-12-23,0.1929
1991-12-24,0.1905
1991-12-26,0.1886
1991-12-27,0.186
1991-12-30,0.183
1991-12-31,0.183
1992-01-02,0.182
1992-01-03,0.1825
1992-01-06,0.1825
1992-01-07,0.1838
1992-01-08,0.1849
1992-01-09,0.1859
1992-01-10,0.184
1992-01-13,0.1837
1992-01-14,0.1849
1992-01-15,0.1887
1992-01-16,0.19
1992-01-17,0.1898
1992-01-20,0.1889
1992-01-21,0.1915
1992-01-22,0.1912
1992-01-23,0.1903
1992-01-24,0.1921
1992-01-27,0.1908
1992-01-28,0.1915
1992-01-29,0.1908
1992-01-30,0.1909
1992-01-31,0.1889
1992-02-03,0.1895
1992-02-04,0.1869
1992-02-05,0.187
1992-02-06,0.1871
1992-02-07,0.1865
1992-02-10,0.1869
1992-02-11,0.1845
1992-02-12,0.1864
1992-02-13,0.1856
1992-02-14,0.1866
1992-02-18,0.1883
1992-02-19,0.1907
1992-02-20,0.1912
1992-02-21,0.1919
1992-02-24,0.1948
1992-02-25,0.1923
1992-02-26,0.1895
1992-02-27,0.189
1992-02-28,0.1921
1992-03-02,0.1935
1992-03-03,0.1924
1992-03-04,0.1989
1992-03-05,0.1995
1992-03-06,0.204
1992-03-09,0.2039
1992-03-10,0.2023
1992-03-11,0.2046
1992-03-12,0.2016
1992-03-13,0.2037
1992-03-16,0.2004
1992-03-17,0.1984
1992-03-18,0.1966
1992-03-19,0.1954
1992-03-20,0.1962
1992-03-23,0.1937
1992-03-24,0.1934
1992-03-25,0.1936
1992-03-26,0.1925
1992-03-27,0.1925
1992-03-30,0.1927
1992-03-31,0.1933
1992-04-01,0.1911
1992-04-02,0.1907
1992-04-03,0.1907
1992-04-06,0.1911
1992-04-07,0.1898
1992-04-08,0.1885
1992-04-09,0.1885
1992-04-10,0.1889
1992-04-13,0.1889
1992-04-14,0.1889
1992-04-15,0.1902
1992-04-16,0.1899
1992-04-20,0.1895
1992-04-21,0.1935
1992-04-22,0.1917
1992-04-23,0.1929
1992-04-24,0.1911
1992-04-27,0.1891
1992-04-28,0.1875
1992-04-29,0.1877
1992-04-30,0.1882
1992-05-01,0.1923
1992-05-04,0.1967
1992-05-05,0.1972
1992-05-06,0.1965
1992-05-07,0.1974
1992-05-08,0.197
1992-05-11,0.1982
1992-05-12,0.2004
1992-05-13,0.2043
1992-05-14,0.2043
1992-05-15,0.2041
1992-05-18,0.2155
1992-05-19,0.2035
1992-05-20,0.2044
1992-05-21,0.2
1992-05-22,0.2005
1992-05-26,0.2028
1992-05-27,0.2036
1992-05-28,0.2036
1992-05-29,0.2083
1992-06-01,0.2148
1992-06-02,0.216
1992-06-03,0.2131
1992-06-04,0.2126
1992-06-05,0.2093
1992-06-08,0.2123
1992-06-09,0.2152
1992-06-10,0.2156
1992-06-11,0.2125
1992-06-12,0.2112
1992-06-15,0.2013
1992-06-16,0.199
1992-06-17,0.2023
1992-06-18,0.202
1992-06-19,0.2036
1992-06-22,0.2012
1992-06-23,0.202
1992-06-24,0.2017
1992-06-25,0.2035
1992-06-26,0.2036
1992-06-29,0.2017
1992-06-30,0.2008
1992-07-01,0.2008
1992-07-02,0.1979
1992-07-06,0.1932
1992-07-07,0.1938
1992-07-08,0.1947
1992-07-09,0.1933
1992-07-10,0.1942
1992-07-13,0.1912
1992-07-14,0.1893
1992-07-15,0.1888
1992-07-16,0.1862
1992-07-17,0.184
1992-07-20,0.186
1992-07-21,0.185
1992-07-22,0.186
1992-07-23,0.1837
1992-07-24,0.1821
1992-07-27,0.1833
1992-07-28,0.1831
1992-07-29,0.1836
1992-07-30,0.181
1992-07-31,0.1798
1992-08-03,0.1812
1992-08-04,0.1813
1992-08-05,0.1787
1992-08-06,0.1781
1992-08-07,0.1757
1992-08-10,0.1752
1992-08-11,0.1765
1992-08-12,0.1755
1992-08-13,0.1773
1992-08-14,0.1773
1992-08-17,0.1795
1992-08-18,0.1787
1992-08-19,0.1775
1992-08-20,0.1801
1992-08-21,0.1792
1992-08-24,0.1805
1992-08-25,0.1836
1992-08-26,0.1823
1992-08-27,0.1788
1992-08-28,0.1785
1992-08-31,0.1766
1992-09-01,0.1756
1992-09-02,0.1773
1992-09-03,0.1796
1992-09-04,0.1842
1992-09-08,0.1855
1992-09-09,0.1829
1992-09-10,0.1837
1992-09-11,0.183
1992-09-14,0.1822
1992-09-15,0.191
1992-09-16,0.1881
1992-09-17,0.1854
1992-09-18,0.1816
1992-09-21,0.181
1992-09-22,0.1813
1992-09-23,0.1812
1992-09-24,0.1847
1992-09-25,0.184
1992-09-28,0.1822
1992-09-29,0.1821
1992-09-30,0.1817
1992-10-01,0.1785
1992-10-02,0.1752
1992-10-05,0.1742
1992-10-06,0.1767
1992-10-07,0.1779
1992-10-08,0.1776
1992-10-09,0.1799
1992-10-12,0.1821
1992-10-13,0.1836
1992-10-14,0.1858
1992-10-15,0.1835
1992-10-16,0.184
1992-10-19,0.1875
1992-10-20,0.1898
1992-10-21,0.1884
1992-10-22,0.188
1992-10-23,0.188
1992-10-26,0.1874
1992-10-27,0.1872
1992-10-28,0.1856
1992-10-29,0.1876
1992-10-30,0.1904
1992-11-02,0.1918
1992-11-03,0.1937
1992-11-04,0.195
1992-11-05,0.1919
1992-11-06,0.1945
1992-11-09,0.1973
1992-11-10,0.1955
1992-11-11,0.2022
1992-11-12,0.2034
1992-11-13,0.2053
1992-11-16,0.2036
1992-11-17,0.2044
1992-11-18,0.2022
1992-11-19,0.206
1992-11-20,0.2021
1992-11-23,0.2047
1992-11-24,0.2077
1992-11-25,0.2071
1992-11-27,0.2071
1992-11-30,0.2035
1992-12-01,0.2034
1992-12-02,0.2038
1992-12-03,0.203
1992-12-04,0.2048
1992-12-07,0.2022
1992-12-08,0.2006
1992-12-09,0.2045
1992-12-10,0.2068
1992-12-11,0.2063
1992-12-14,0.2083
1992-12-15,0.2072
1992-12-16,0.2062
1992-12-17,0.2047
1992-12-18,0.2048
1992-12-21,0.2071
1992-12-22,0.2072
1992-12-23,0.2089
1992-12-24,0.2089
1992-12-28,0.2084
1992-12-29,0.2033
1992-12-30,0.2032
1992-12-31,0.2047
1993-01-04,0.205
1993-01-05,0.2057
1993-01-06,0.2077
1993-01-07,0.2129
1993-01-08,0.2126
1993-01-11,0.2138
1993-01-12,0.2158
1993-01-13,0.2183
1993-01-14,0.2135
1993-01-15,0.2138
1993-01-18,0.2141
1993-01-19,0.216
1993-01-20,0.2145
1993-01-21,0.216
1993-01-22,0.2144
1993-01-25,0.2109
1993-01-26,0.211
1993-01-27,0.2145
1993-01-28,0.2073
1993-01-29,0.2075
1993-02-01,0.2098
1993-02-02,0.2089
1993-02-03,0.2076
1993-02-04,0.2067
1993-02-05,0.2035
1993-02-08,0.2039
1993-02-09,0.2067
1993-02-10,0.208
1993-02-11,0.2067
1993-02-12,0.2079
1993-02-16,0.2095
1993-02-17,0.2098
1993-02-18,0.2075
1993-02-19,0.2079
1993-02-22,0.2056
1993-02-23,0.2075
1993-02-24,0.206
1993-02-25,0.205
1993-02-26,0.2081
1993-03-01,0.2132
1993-03-02,0.2111
1993-03-03,0.2125
1993-03-04,0.2147
1993-03-05,0.2121
1993-03-08,0.2095
1993-03-09,0.2094
1993-03-10,0.2095
1993-03-11,0.2084
1993-03-12,0.2067
1993-03-15,0.206
1993-03-16,0.2075
1993-03-17,0.2092
1993-03-18,0.2105
1993-03-19,0.2107
1993-03-22,0.2098
1993-03-23,0.213
1993-03-24,0.2134
1993-03-25,0.2096
1993-03-26,0.2088
1993-03-29,0.208
1993-03-30,0.2069
1993-03-31,0.2092
1993-04-01,0.2124
1993-04-02,0.2131
1993-04-05,0.2137
1993-04-06,0.2127
1993-04-07,0.2174
1993-04-08,0.2159
1993-04-12,0.214
1993-04-13,0.2137
1993-04-14,0.2142
1993-04-15,0.2131
1993-04-16,0.2123
1993-04-19,0.2109
1993-04-20,0.211
1993-04-21,0.2112
1993-04-22,0.2104
1993-04-23,0.2107
1993-04-26,0.2139
1993-04-27,0.2118
1993-04-28,0.2109
1993-04-29,0.2092
1993-04-30,0.2084
1993-05-03,0.2093
1993-05-04,0.2081
1993-05-05,0.2075
1993-05-06,0.2087
1993-05-07,0.2114
1993-05-10,0.2121
1993-05-11,0.2129
1993-05-12,0.2116
1993-05-13,0.2093
1993-05-14,0.2104
1993-05-17,0.2103
1993-05-18,0.2128
1993-05-19,0.2107
1993-05-20,0.2117
1993-05-21,0.213
1993-05-24,0.2137
1993-05-25,0.214
1993-05-26,0.2155
1993-05-27,0.2142
1993-05-28,0.213
1993-06-01,0.209
1993-06-02,0.2068
1993-06-03,0.2069
1993-06-04,0.2058
1993-06-07,0.2066
1993-06-08,0.2071
1993-06-09,0.2075
1993-06-10,0.2069
1993-06-11,0.205
1993-06-14,0.2045
1993-06-15,0.202
1993-06-16,0.2032
1993-06-17,0.21
1993-06-18,0.2145
1993-06-21,0.2215
1993-06-22,0.2203
1993-06-23,0.2213
1993-06-24,0.223
1993-06-25,0.2216
1993-06-28,0.2208
1993-06-29,0.2261
1993-06-30,0.2364
1993-07-01,0.241
1993-07-02,0.2375
1993-07-06,0.2495
1993-07-07,0.247
1993-07-08,0.246
1993-07-09,0.2465
1993-07-12,0.2425
1993-07-13,0.2423
1993-07-14,0.243
1993-07-15,0.2415
1993-07-16,0.246
1993-07-19,0.2455
1993-07-20,0.2455
1993-07-21,0.243
1993-07-22,0.2445
1993-07-23,0.2435
1993-07-26,0.236
1993-07-27,0.2349
1993-07-28,0.2298
1993-07-29,0.2305
1993-07-30,0.2306
1993-08-02,0.2402
1993-08-03,0.2422
1993-08-04,0.2377
1993-08-05,0.2346
1993-08-06,0.2358
1993-08-09,0.2354
1993-08-10,0.235
1993-08-11,0.2375
1993-08-12,0.2303
1993-08-13,0.2305
1993-08-16,0.2273
1993-08-17,0.2298
1993-08-18,0.23
1993-08-19,0.2315
1993-08-20,0.2333
1993-08-23,0.2365
1993-08-24,0.2353
1993-08-25,0.2345
1993-08-26,0.2325
1993-08-27,0.2377
1993-08-30,0.238
1993-08-31,0.236
1993-09-01,0.2336
1993-09-02,0.2356
1993-09-03,0.239
1993-09-07,0.232
1993-09-08,0.2342
1993-09-09,0.2331
1993-09-10,0.2285
1993-09-13,0.231
1993-09-14,0.2298
1993-09-15,0.2308
1993-09-16,0.2328
1993-09-17,0.2363
1993-09-20,0.2372
1993-09-21,0.2352
1993-09-22,0.2373
1993-09-23,0.246
1993-09-24,0.2443
1993-09-27,0.2431
1993-09-28,0.2431
1993-09-29,0.2383
1993-09-30,0.2381
1993-10-01,0.2335
1993-10-04,0.2283
1993-10-05,0.2287
1993-10-06,0.2278
1993-10-07,0.2275
1993-10-08,0.2254
1993-10-11,0.2253
1993-10-12,0.2276
1993-10-13,0.2246
1993-10-14,0.2271
1993-10-15,0.2257
1993-10-18,0.2295
1993-10-19,0.2312
1993-10-20,0.2311
1993-10-21,0.2313
1993-10-22,0.2317
1993-10-25,0.2327
1993-10-26,0.2322
1993-10-27,0.2345
1993-10-28,0.2332
1993-10-29,0.2363
1993-11-01,0.2348
1993-11-02,0.2353
1993-11-03,0.237
1993-11-04,0.2401
1993-11-05,0.2415
1993-11-08,0.2361
1993-11-09,0.2383
1993-11-10,0.2481
1993-11-11,0.2591
1993-11-12,0.26
1993-11-15,0.2617
1993-11-16,0.2585
1993-11-17,0.2641
1993-11-18,0.2675
1993-11-19,0.2695
1993-11-22,0.2664
1993-11-23,0.2661
1993-11-24,0.2683
1993-11-26,0.2683
1993-11-29,0.2697
1993-11-30,0.2638
1993-12-01,0.2632
1993-12-02,0.2689
1993-12-03,0.2695
1993-12-06,0.2696
1993-12-07,0.2696
1993-12-08,0.2745
1993-12-09,0.2713
1993-12-10,0.2784
1993-12-13,0.2748
1993-12-14,0.2814
1993-12-15,0.2796
1993-12-16,0.2837
1993-12-17,0.2885
1993-12-20,0.2875
1993-12-21,0.288
1993-12-22,0.295
1993-12-23,0.2934
1993-12-27,0.2953
1993-12-28,0.2943
1993-12-29,0.2966
1993-12-30,0.3007
1993-12-31,0.3007
1994-01-03,0.2997
1994-01-04,0.296
1994-01-05,0.2955
1994-01-06,0.2975
1994-01-07,0.2918
1994-01-10,0.289
1994-01-11,0.293
1994-01-12,0.2945
1994-01-13,0.3065
1994-01-14,0.3092
1994-01-17,0.3078
1994-01-18,0.3073
1994-01-19,0.3064
1994-01-20,0.3008
1994-01-21,0.2973
1994-01-24,0.3016
1994-01-25,0.3012
1994-01-26,0.3017
1994-01-27,0.3002
1994-01-28,0.2913
1994-01-31,0.2933
1994-02-01,0.2935
1994-02-02,0.2942
1994-02-03,0.2891
1994-02-04,0.2857
1994-02-07,0.285
1994-02-08,0.2824
1994-02-09,0.2864
1994-02-10,0.2877
1994-02-11,0.2901
1994-02-14,0.2882
1994-02-15,0.2841
1994-02-16,0.2872
1994-02-17,0.2858
1994-02-18,0.2867
1994-02-22,0.2893
1994-02-23,0.2892
1994-02-24,0.2916
1994-02-25,0.293
1994-02-28,0.2923
1994-03-01,0.2938
1994-03-02,0.2907
1994-03-03,0.2856
1994-03-04,0.2848
1994-03-07,0.2844
1994-03-08,0.284
1994-03-09,0.2877
1994-03-10,0.2873
1994-03-11,0.2855
1994-03-14,0.2885
1994-03-15,0.2894
1994-03-16,0.2954
1994-03-17,0.2938
1994-03-18,0.2946
1994-03-21,0.2948
1994-03-22,0.2907
1994-03-23,0.2955
1994-03-24,0.2947
1994-03-25,0.2929
1994-03-28,0.2912
1994-03-29,0.2897
1994-03-30,0.2928
1994-03-31,0.2896
1994-04-04,0.2797
1994-04-05,0.2769
1994-04-06,0.2793
1994-04-07,0.2773
1994-04-08,0.2752
1994-04-11,0.277
1994-04-12,0.2799
1994-04-13,0.2791
1994-04-14,0.2749
1994-04-15,0.2742
1994-04-18,0.2742
1994-04-19,0.2742
1994-04-20,0.2742
1994-04-21,0.2831
1994-04-22,0.2792
1994-04-25,0.2854
1994-04-26,0.2871
1994-04-28,0.2875
1994-04-29,0.2914
1994-05-02,0.289
1994-05-03,0.286
1994-05-04,0.2874
1994-05-05,0.2834
1994-05-06,0.286
1994-05-09,0.286
1994-05-10,0.2868
1994-05-11,0.2896
1994-05-12,0.2922
1994-05-13,0.2925
1994-05-16,0.2985
1994-05-17,0.2983
1994-05-18,0.3067
1994-05-19,0.3009
1994-05-20,0.3002
1994-05-23,0.3071
1994-05-24,0.2943
1994-05-25,0.2798
1994-05-26,0.2794
1994-05-27,0.2812
1994-05-31,0.2856
1994-06-01,0.2885
1994-06-02,0.2887
1994-06-03,0.2808
1994-06-06,0.2709
1994-06-07,0.2739
1994-06-08,0.2765
1994-06-09,0.2782
1994-06-10,0.2782
1994-06-13,0.279
1994-06-14,0.2769
1994-06-15,0.2801
1994-06-16,0.2804
1994-06-17,0.2833
1994-06-20,0.2744
1994-06-21,0.2774
1994-06-22,0.2718
1994-06-23,0.2717
1994-06-24,0.2703
1994-06-27,0.2658
1994-06-28,0.2727
1994-06-29,0.2674
1994-06-30,0.2651
1994-07-01,0.2578
1994-07-05,0.2471
1994-07-06,0.2445
1994-07-07,0.2494
1994-07-08,0.252
1994-07-11,0.248
1994-07-12,0.2457
1994-07-13,0.2468
1994-07-14,0.2432
1994-07-15,0.2465
1994-07-18,0.248
1994-07-19,0.2447
1994-07-20,0.2415
1994-07-21,0.2399
1994-07-22,0.2417
1994-07-25,0.2442
1994-07-26,0.2448
1994-07-27,0.2393
1994-07-28,0.2397
1994-07-29,0.2404
1994-08-01,0.239
1994-08-02,0.239
1994-08-03,0.2385
1994-08-04,0.2409
1994-08-05,0.2468
1994-08-08,0.2454
1994-08-09,0.2436
1994-08-10,0.2422
1994-08-11,0.2452
1994-08-12,0.2443
1994-08-15,0.2404
1994-08-16,0.2418
1994-08-17,0.2432
1994-08-18,0.2465
1994-08-19,0.2485
1994-08-22,0.2463
1994-08-23,0.2461
1994-08-24,0.2492
1994-08-25,0.2496
1994-08-26,0.2512
1994-08-29,0.2502
1994-08-30,0.2485
1994-08-31,0.2508
1994-09-01,0.2541
1994-09-02,0.256
1994-09-06,0.2599
1994-09-07,0.2623
1994-09-08,0.263
1994-09-09,0.2638
1994-09-12,0.2679
1994-09-13,0.2688
1994-09-14,0.269
1994-09-15,0.2656
1994-09-16,0.2608
1994-09-19,0.2585
1994-09-20,0.2595
1994-09-21,0.2537
1994-09-22,0.2557
1994-09-23,0.2595
1994-09-26,0.2629
1994-09-27,0.2622
1994-09-28,0.2596
1994-09-29,0.2611
1994-09-30,0.2593
1994-10-03,0.2556
1994-10-04,0.2513
1994-10-05,0.2528
1994-10-06,0.2539
1994-10-07,0.2557
1994-10-10,0.2575
1994-10-11,0.2613
1994-10-12,0.2647
1994-10-13,0.2648
1994-10-14,0.2676
1994-10-17,0.2735
1994-10-18,0.2756
1994-10-19,0.2752
1994-10-20,0.2821
1994-10-21,0.2846
1994-10-24,0.2863
1994-10-25,0.2781
1994-10-26,0.2792
1994-10-27,0.2848
1994-10-28,0.2855
1994-10-31,0.2766
1994-11-01,0.2774
1994-11-02,0.2834
1994-11-03,0.2887
1994-11-04,0.2924
1994-11-07,0.2917
1994-11-08,0.2963
1994-11-09,0.301
1994-11-10,0.2978
1994-11-11,0.2937
1994-11-14,0.2961
1994-11-15,0.3028
1994-11-16,0.3031
1994-11-17,0.3075
1994-11-18,0.3075
1994-11-21,0.2996
1994-11-22,0.2996
1994-11-23,0.2989
1994-11-25,0.3047
1994-11-28,0.3085
1994-11-29,0.3097
1994-11-30,0.3048
1994-12-01,0.3029
1994-12-02,0.3097
1994-12-05,0.3148
1994-12-06,0.3081
1994-12-07,0.3061
1994-12-08,0.3029
1994-12-09,0.303
1994-12-12,0.3019
1994-12-13,0.3056
1994-12-14,0.3059
1994-12-15,0.3086
1994-12-16,0.312
1994-12-19,0.3109
1994-12-20,0.2939
1994-12-21,0.2912
1994-12-22,0.2964
1994-12-23,0.2964
1994-12-27,0.2964
1994-12-28,0.3106
1994-12-29,0.3152
1994-12-30,0.3157
1995-01-03,0.3075
1995-01-04,0.3075
1995-01-05,0.3075
1995-01-06,0.2988
1995-01-09,0.295
1995-01-10,0.2913
1995-01-11,0.295
1995-01-12,0.295
1995-01-13,0.2913
1995-01-16,0.2888
1995-01-17,0.2925
1995-01-18,0.2925
1995-01-19,0.2938
1995-01-20,0.2819
1995-01-23,0.2788
1995-01-24,0.2763
1995-01-25,0.2769
1995-01-26,0.2794
1995-01-27,0.2813
1995-01-30,0.2806
1995-01-31,0.2775
1995-02-01,0.2756
1995-02-02,0.2788
1995-02-03,0.2744
1995-02-06,0.2769
1995-02-07,0.2756
1995-02-08,0.2763
1995-02-09,0.2782
1995-02-10,0.2813
1995-02-13,0.2794
1995-02-14,0.2831
1995-02-15,0.2856
1995-02-16,0.2844
1995-02-17,0.2806
1995-02-21,0.2806
1995-02-22,0.2794
1995-02-23,0.2781
1995-02-24,0.2831
1995-02-27,0.2819
1995-02-28,0.2781
1995-03-01,0.2831
1995-03-02,0.2863
1995-03-03,0.2856
1995-03-06,0.295
1995-03-07,0.2931
1995-03-08,0.29
1995-03-09,0.2919
1995-03-10,0.2888
1995-03-13,0.2919
1995-03-14,0.2875
1995-03-15,0.2813
1995-03-16,0.2788
1995-03-17,0.2813
1995-03-20,0.2838
1995-03-21,0.2844
1995-03-22,0.2738
1995-03-23,0.2775
1995-03-24,0.275
1995-03-27,0.2763
1995-03-28,0.2738
1995-03-29,0.27
1995-03-30,0.2663
1995-03-31,0.265
1995-04-03,0.2638
1995-04-04,0.2638
1995-04-05,0.2625
1995-04-06,0.2656
1995-04-07,0.2694
1995-04-10,0.2694
1995-04-11,0.27
1995-04-12,0.2656
1995-04-13,0.2625
1995-04-17,0.2613
1995-04-18,0.2563
1995-04-19,0.2556
1995-04-20,0.2575
1995-04-21,0.2588
1995-04-24,0.2594
1995-04-25,0.2594
1995-04-26,0.2581
1995-04-27,0.2563
1995-04-28,0.2613
1995-05-01,0.2688
1995-05-02,0.2675
1995-05-03,0.2619
1995-05-04,0.26
1995-05-05,0.2538
1995-05-08,0.25
1995-05-09,0.2531
1995-05-10,0.2525
1995-05-11,0.2494
1995-05-12,0.2481
1995-05-15,0.2481
1995-05-16,0.25
1995-05-17,0.2481
1995-05-18,0.2581
1995-05-19,0.2538
1995-05-22,0.2638
1995-05-23,0.2606
1995-05-24,0.2644
1995-05-25,0.2631
1995-05-26,0.2706
1995-05-30,0.2619
1995-05-31,0.2588
1995-06-01,0.2613
1995-06-02,0.2594
1995-06-05,0.2606
1995-06-06,0.265
1995-06-07,0.2675
1995-06-08,0.2663
1995-06-09,0.2644
1995-06-12,0.2538
1995-06-13,0.2588
1995-06-14,0.2613
1995-06-15,0.2638
1995-06-16,0.2638
1995-06-19,0.2738
1995-06-20,0.2788
1995-06-21,0.28
1995-06-22,0.2756
1995-06-23,0.2756
1995-06-26,0.2706
1995-06-27,0.2688
1995-06-28,0.2706
1995-06-29,0.2656
1995-06-30,0.2613
1995-07-03,0.2656
1995-07-05,0.2744
1995-07-06,0.2863
1995-07-07,0.2806
1995-07-10,0.2769
1995-07-11,0.2775
1995-07-12,0.2794
1995-07-13,0.2731
1995-07-14,0.2794
1995-07-17,0.2825
1995-07-18,0.2788
1995-07-19,0.27
1995-07-20,0.2725
1995-07-21,0.275
1995-07-24,0.2738
1995-07-25,0.2769
1995-07-26,0.2744
1995-07-27,0.27
1995-07-28,0.27
1995-07-31,0.2663
1995-08-01,0.265
1995-08-02,0.2625
1995-08-03,0.2644
1995-08-04,0.2613
1995-08-07,0.2625
1995-08-08,0.2644
1995-08-09,0.2644
1995-08-10,0.2631
1995-08-11,0.265
1995-08-14,0.2644
1995-08-15,0.2631
1995-08-16,0.2613
1995-08-17,0.265
1995-08-18,0.265
1995-08-21,0.2675
1995-08-22,0.2619
1995-08-23,0.2606
1995-08-24,0.2606
1995-08-25,0.2588
1995-08-28,0.26
1995-08-29,0.2606
1995-08-30,0.2606
1995-08-31,0.2619
1995-09-01,0.2613
1995-09-05,0.2588
1995-09-06,0.2581
1995-09-07,0.2594
1995-09-08,0.2594
1995-09-11,0.2594
1995-09-12,0.2606
1995-09-13,0.2581
1995-09-14,0.2581
1995-09-15,0.2588
1995-09-18,0.2688
1995-09-19,0.2656
1995-09-20,0.2644
1995-09-21,0.2656
1995-09-22,0.2619
1995-09-25,0.2619
1995-09-26,0.2631
1995-09-27,0.2631
1995-09-28,0.2644
1995-09-29,0.2681
1995-10-02,0.2656
1995-10-03,0.265
1995-10-04,0.2663
1995-10-05,0.2656
1995-10-06,0.2688
1995-10-09,0.2694
1995-10-10,0.2706
1995-10-11,0.2713
1995-10-12,0.2663
1995-10-13,0.2656
1995-10-16,0.2656
1995-10-17,0.2638
1995-10-18,0.265
1995-10-19,0.2669
1995-10-20,0.265
1995-10-23,0.2656
1995-10-24,0.2644
1995-10-25,0.2644
1995-10-26,0.2613
1995-10-27,0.2619
1995-10-30,0.2638
1995-10-31,0.2638
1995-11-01,0.265
1995-11-02,0.265
1995-11-03,0.2656
1995-11-06,0.265
1995-11-07,0.2625
1995-11-08,0.2606
1995-11-09,0.2569
1995-11-10,0.2569
1995-11-13,0.2538
1995-11-14,0.2506
1995-11-15,0.2513
1995-11-16,0.2519
1995-11-17,0.2519
1995-11-20,0.2519
1995-11-21,0.2494
1995-11-22,0.25
1995-11-24,0.2481
1995-11-27,0.2469
1995-11-28,0.2456
1995-11-29,0.2456
1995-11-30,0.2469
1995-12-01,0.2475
1995-12-04,0.2481
1995-12-05,0.2506
1995-12-06,0.2488
1995-12-07,0.2463
1995-12-08,0.2456
1995-12-11,0.2438
1995-12-12,0.2438
1995-12-13,0.2463
1995-12-14,0.2488
1995-12-15,0.2463
1995-12-18,0.25
1995-12-19,0.2538
1995-12-20,0.2513
1995-12-21,0.2475
1995-12-22,0.2488
1995-12-26,0.2481
1995-12-27,0.2469
1995-12-28,0.245
1995-12-29,0.2443
1996-01-02,0.2456
1996-01-03,0.245
1996-01-04,0.2425
1996-01-05,0.2388
1996-01-08,0.235
1996-01-09,0.2375
1996-01-10,0.2344
1996-01-11,0.2331
1996-01-12,0.2369
1996-01-15,0.2356
1996-01-16,0.2319
1996-01-17,0.2331
1996-01-18,0.2319
1996-01-19,0.23
1996-01-22,0.23
1996-01-23,0.2319
1996-01-24,0.2331
1996-01-25,0.2331
1996-01-26,0.2331
1996-01-29,0.2306
1996-01-30,0.2356
1996-01-31,0.2356
1996-02-01,0.2375
1996-02-02,0.2356
1996-02-05,0.2331
1996-02-06,0.2331
1996-02-07,0.2331
1996-02-08,0.2338
1996-02-09,0.2356
1996-02-12,0.2375
1996-02-13,0.2369
1996-02-14,0.2369
1996-02-15,0.2356
1996-02-16,0.2331
1996-02-20,0.2375
1996-02-21,0.2363
1996-02-22,0.2375
1996-02-23,0.2356
1996-02-26,0.2363
1996-02-27,0.2338
1996-02-28,0.2313
1996-02-29,0.2294
1996-03-01,0.2269
1996-03-04,0.2269
1996-03-05,0.2269
1996-03-06,0.2281
1996-03-07,0.2288
1996-03-08,0.2288
1996-03-11,0.2288
1996-03-12,0.2288
1996-03-13,0.2306
1996-03-14,0.2331
1996-03-15,0.2344
1996-03-18,0.2375
1996-03-19,0.235
1996-03-20,0.235
1996-03-21,0.2363
1996-03-22,0.2413
1996-03-25,0.2444
1996-03-26,0.2438
1996-03-27,0.245
1996-03-28,0.245
1996-03-29,0.2463
1996-04-01,0.2481
1996-04-02,0.2481
1996-04-03,0.2506
1996-04-04,0.245
1996-04-08,0.2525
1996-04-09,0.255
1996-04-10,0.26
1996-04-11,0.26
1996-04-12,0.2575
1996-04-15,0.2563
1996-04-16,0.2525
1996-04-17,0.255
1996-04-18,0.26
1996-04-19,0.2575
1996-04-22,0.2619
1996-04-23,0.2606
1996-04-24,0.2606
1996-04-25,0.2644
1996-04-26,0.2638
1996-04-29,0.2613
1996-04-30,0.2638
1996-05-01,0.2713
1996-05-02,0.2681
1996-05-03,0.2669
1996-05-06,0.2688
1996-05-07,0.27
1996-05-08,0.2725
1996-05-09,0.27
1996-05-10,0.265
1996-05-13,0.2625
1996-05-14,0.265
1996-05-15,0.2631
1996-05-16,0.2663
1996-05-17,0.265
1996-05-20,0.2588
1996-05-21,0.2588
1996-05-22,0.2606
1996-05-23,0.2638
1996-05-24,0.2663
1996-05-28,0.2644
1996-05-29,0.2594
1996-05-30,0.2613
1996-05-31,0.2575
1996-06-03,0.2519
1996-06-04,0.2494
1996-06-05,0.2525
1996-06-06,0.2506
1996-06-07,0.2538
1996-06-10,0.2588
1996-06-11,0.2556
1996-06-12,0.2538
1996-06-13,0.2506
1996-06-14,0.2469
1996-06-17,0.2488
1996-06-18,0.2519
1996-06-19,0.2519
1996-06-20,0.2475
1996-06-21,0.2506
1996-06-24,0.2475
1996-06-25,0.2456
1996-06-26,0.2425
1996-06-27,0.2406
1996-06-28,0.2425
1996-07-01,0.2469
1996-07-02,0.2444
1996-07-03,0.2444
1996-07-05,0.2394
1996-07-08,0.2375
1996-07-09,0.24
1996-07-10,0.2431
1996-07-11,0.2513
1996-07-12,0.2563
1996-07-15,0.2544
1996-07-16,0.2513
1996-07-17,0.2469
1996-07-18,0.2363
1996-07-19,0.2356
1996-07-22,0.2344
1996-07-23,0.2394
1996-07-24,0.235
1996-07-25,0.2338
1996-07-26,0.23
1996-07-29,0.2331
1996-07-30,0.23
1996-07-31,0.2338
1996-08-01,0.2369
1996-08-02,0.2331
1996-08-05,0.2356
1996-08-06,0.2369
1996-08-07,0.2369
1996-08-08,0.24
1996-08-09,0.2419
1996-08-12,0.2469
1996-08-13,0.2438
1996-08-14,0.2438
1996-08-15,0.2419
1996-08-16,0.2406
1996-08-19,0.2381
1996-08-20,0.2413
1996-08-21,0.24
1996-08-22,0.2381
1996-08-23,0.2381
1996-08-26,0.2406
1996-08-27,0.2444
1996-08-28,0.2394
1996-08-29,0.24
1996-08-30,0.24
1996-09-03,0.2413
1996-09-04,0.2369
1996-09-05,0.2413
1996-09-06,0.2413
1996-09-09,0.2413
1996-09-10,0.2438
1996-09-11,0.2413
1996-09-12,0.2463
1996-09-13,0.2438
1996-09-16,0.24
1996-09-17,0.2406
1996-09-18,0.2394
1996-09-19,0.2388
1996-09-20,0.2406
1996-09-23,0.2394
1996-09-24,0.2369
1996-09-25,0.2369
1996-09-26,0.2338
1996-09-27,0.2331
1996-09-30,0.2269
1996-10-01,0.2275
1996-10-02,0.2256
1996-10-03,0.2238
1996-10-04,0.2213
1996-10-07,0.2238
1996-10-08,0.2225
1996-10-09,0.2238
1996-10-10,0.2213
1996-10-11,0.2106
1996-10-14,0.2138
1996-10-15,0.2156
1996-10-16,0.2156
1996-10-17,0.2169
1996-10-18,0.2181
1996-10-21,0.22
1996-10-22,0.2206
1996-10-23,0.2231
1996-10-24,0.2206
1996-10-25,0.2194
1996-10-28,0.2181
1996-10-29,0.2181
1996-10-30,0.2163
1996-10-31,0.2138
1996-11-01,0.2144
1996-11-04,0.2144
1996-11-05,0.2144
1996-11-06,0.2169
1996-11-07,0.2169
1996-11-08,0.2169
1996-11-11,0.2144
1996-11-12,0.2169
1996-11-13,0.2175
1996-11-14,0.2188
1996-11-15,0.2219
1996-11-18,0.2231
1996-11-19,0.2181
1996-11-20,0.2206
1996-11-21,0.2194
1996-11-22,0.2206
1996-11-25,0.2206
1996-11-26,0.2206
1996-11-27,0.2194
1996-11-29,0.2169
1996-12-02,0.2144
1996-12-03,0.2131
1996-12-04,0.2131
1996-12-05,0.2169
1996-12-06,0.2188
1996-12-09,0.2181
1996-12-10,0.2163
1996-12-11,0.2169
1996-12-12,0.2181
1996-12-13,0.2181
1996-12-16,0.2181
1996-12-17,0.2188
1996-12-18,0.2206
1996-12-19,0.2188
1996-12-20,0.2163
1996-12-23,0.2138
1996-12-24,0.2163
1996-12-26,0.2138
1996-12-27,0.2138
1996-12-30,0.2125
1996-12-31,0.2125
1997-01-02,0.2163
1997-01-03,0.2163
1997-01-06,0.2156
1997-01-07,0.2169
1997-01-08,0.2169
1997-01-09,0.22
1997-01-10,0.2306
1997-01-13,0.2319
1997-01-14,0.2313
1997-01-15,0.2294
1997-01-16,0.2281
1997-01-17,0.2281
1997-01-20,0.2281
1997-01-21,0.2256
1997-01-22,0.2256
1997-01-23,0.2263
1997-01-24,0.2269
1997-01-27,0.2288
1997-01-28,0.2263
1997-01-29,0.2263
1997-01-30,0.2238
1997-01-31,0.2225
1997-02-03,0.2231
1997-02-04,0.2238
1997-02-05,0.225
1997-02-06,0.2238
1997-02-07,0.225
1997-02-10,0.225
1997-02-11,0.225
1997-02-12,0.2244
1997-02-13,0.2231
1997-02-14,0.2219
1997-02-18,0.2244
1997-02-19,0.2238
1997-02-20,0.225
1997-02-21,0.2244
1997-02-24,0.2238
1997-02-25,0.2263
1997-02-26,0.2238
1997-02-27,0.225
1997-02-28,0.2275
1997-03-03,0.23
1997-03-04,0.2338
1997-03-05,0.2319
1997-03-06,0.2369
1997-03-07,0.2381
1997-03-10,0.2463
1997-03-11,0.2444
1997-03-12,0.2356
1997-03-13,0.235
1997-03-14,0.2375
1997-03-17,0.2288
1997-03-18,0.23
1997-03-19,0.2344
1997-03-20,0.2338
1997-03-21,0.23
1997-03-24,0.2256
1997-03-25,0.2275
1997-03-26,0.2281
1997-03-27,0.2306
1997-03-31,0.2256
1997-04-01,0.2275
1997-04-02,0.2275
1997-04-03,0.2269
1997-04-04,0.2244
1997-04-07,0.2275
1997-04-08,0.2256
1997-04-09,0.2275
1997-04-10,0.2281
1997-04-11,0.2244
1997-04-14,0.2269
1997-04-15,0.2294
1997-04-16,0.2288
1997-04-17,0.2288
1997-04-18,0.2325
1997-04-21,0.2344
1997-04-22,0.2375
1997-04-23,0.24
1997-04-24,0.2388
1997-04-25,0.24
1997-04-28,0.2394
1997-04-29,0.2394
1997-04-30,0.2419
1997-05-01,0.2413
1997-05-02,0.245
1997-05-05,0.2463
1997-05-06,0.245
1997-05-07,0.2413
1997-05-08,0.2413
1997-05-09,0.2413
1997-05-12,0.2369
1997-05-13,0.2369
1997-05-14,0.2319
1997-05-15,0.2331
1997-05-16,0.2344
1997-05-19,0.2331
1997-05-20,0.2281
1997-05-21,0.2306
1997-05-22,0.235
1997-05-23,0.2313
1997-05-27,0.2313
1997-05-28,0.2388
1997-05-29,0.2375
1997-05-30,0.2375
1997-06-02,0.2406
1997-06-03,0.2375
1997-06-04,0.2325
1997-06-05,0.2338
1997-06-06,0.2338
1997-06-09,0.2313
1997-06-10,0.2288
1997-06-11,0.2313
1997-06-12,0.2313
1997-06-13,0.2331
1997-06-16,0.2306
1997-06-17,0.2325
1997-06-18,0.2306
1997-06-19,0.2306
1997-06-20,0.2281
1997-06-23,0.2275
1997-06-24,0.2275
1997-06-25,0.2244
1997-06-26,0.2234
1997-06-27,0.2219
1997-06-30,0.2188
1997-07-01,0.2138
1997-07-02,0.2163
1997-07-03,0.2206
1997-07-07,0.2188
1997-07-08,0.2213
1997-07-09,0.2213
1997-07-10,0.2188
1997-07-11,0.2288
1997-07-14,0.2241
1997-07-15,0.2272
1997-07-16,0.2213
1997-07-17,0.22
1997-07-18,0.2209
1997-07-21,0.2175
1997-07-22,0.2163
1997-07-23,0.2156
1997-07-24,0.2154
1997-07-25,0.2132
1997-07-28,0.2154
1997-07-29,0.2217
1997-07-30,0.2177
1997-07-31,0.2225
1997-08-01,0.2198
1997-08-04,0.218
1997-08-05,0.2158
1997-08-06,0.2199
1997-08-07,0.2144
1997-08-08,0.217
1997-08-11,0.215
1997-08-12,0.2199
1997-08-13,0.2185
1997-08-14,0.2202
1997-08-15,0.2227
1997-08-18,0.2201
1997-08-19,0.22
1997-08-20,0.2188
1997-08-21,0.2275
1997-08-22,0.2278
1997-08-25,0.2255
1997-08-26,0.2223
1997-08-27,0.2235
1997-08-28,0.2245
1997-08-29,0.2238
1997-09-02,0.2262
1997-09-03,0.2255
1997-09-04,0.2247
1997-09-05,0.2214
1997-09-08,0.221
1997-09-09,0.2209
1997-09-10,0.2234
1997-09-11,0.2232
1997-09-12,0.2225
1997-09-15,0.2257
1997-09-16,0.2333
1997-09-17,0.2355
1997-09-18,0.2341
1997-09-19,0.2339
1997-09-22,0.234
1997-09-23,0.2319
1997-09-24,0.2345
1997-09-25,0.2339
1997-09-26,0.2337
1997-09-29,0.2311
1997-09-30,0.2335
1997-10-01,0.2316
1997-10-02,0.2318
1997-10-03,0.2348
1997-10-06,0.2364
1997-10-07,0.2367
1997-10-08,0.2346
1997-10-09,0.2359
1997-10-10,0.2392
1997-10-13,0.2439
1997-10-14,0.24
1997-10-15,0.2419
1997-10-16,0.2452
1997-10-17,0.2437
1997-10-20,0.2433
1997-10-21,0.2453
1997-10-22,0.2497
1997-10-23,0.2489
1997-10-24,0.2543
1997-10-27,0.2548
1997-10-28,0.2533
1997-10-29,0.2508
1997-10-30,0.2473
1997-10-31,0.2492
1997-11-03,0.2543
1997-11-04,0.2522
1997-11-05,0.2518
1997-11-06,0.2523
1997-11-07,0.2558
1997-11-10,0.2543
1997-11-11,0.2589
1997-11-12,0.2625
1997-11-13,0.2673
1997-11-14,0.266
1997-11-17,0.2632
1997-11-18,0.2631
1997-11-19,0.2583
1997-11-20,0.2528
1997-11-21,0.2558
1997-11-24,0.253
1997-11-25,0.2532
1997-11-26,0.2561
1997-11-28,0.2582
1997-12-01,0.2583
1997-12-02,0.2542
1997-12-03,0.2522
1997-12-04,0.2472
1997-12-05,0.2493
1997-12-08,0.248
1997-12-09,0.251
1997-12-10,0.2529
1997-12-11,0.2495
1997-12-12,0.2457
1997-12-15,0.2478
1997-12-16,0.2478
1997-12-17,0.2513
1997-12-18,0.2509
1997-12-19,0.2526
1997-12-22,0.2504
1997-12-23,0.2489
1997-12-24,0.2496
1997-12-26,0.2525
1997-12-29,0.2534
1997-12-30,0.2534
1997-12-31,0.2504
1998-01-02,0.2509
1998-01-05,0.2487
1998-01-06,0.2426
1998-01-07,0.2451
1998-01-08,0.2452
1998-01-09,0.246
1998-01-12,0.2438
1998-01-13,0.2452
1998-01-14,0.2469
1998-01-15,0.2471
1998-01-16,0.2475
1998-01-20,0.2578
1998-01-21,0.2577
1998-01-22,0.2572
1998-01-23,0.2589
1998-01-26,0.26
1998-01-27,0.2592
1998-01-28,0.2563
1998-01-29,0.2532
1998-01-30,0.2517
1998-02-02,0.2538
1998-02-03,0.2587
1998-02-04,0.259
1998-02-05,0.262
1998-02-06,0.2628
1998-02-09,0.2671
1998-02-10,0.2688
1998-02-11,0.2652
1998-02-12,0.2677
1998-02-13,0.2679
1998-02-17,0.2634
1998-02-18,0.2687
1998-02-19,0.2686
1998-02-20,0.2701
1998-02-23,0.2691
1998-02-24,0.2644
1998-02-25,0.2645
1998-02-26,0.2661
1998-02-27,0.2689
1998-03-02,0.2663
1998-03-03,0.2645
1998-03-04,0.2618
1998-03-05,0.2659
1998-03-06,0.2661
1998-03-09,0.2658
1998-03-10,0.2694
1998-03-11,0.2712
1998-03-12,0.2725
1998-03-13,0.2715
1998-03-16,0.2698
1998-03-17,0.273
1998-03-18,0.2752
1998-03-19,0.2748
1998-03-20,0.2753
1998-03-23,0.2735
1998-03-24,0.2734
1998-03-25,0.2754
1998-03-26,0.2779
1998-03-27,0.2802
1998-03-30,0.2723
1998-03-31,0.2733
1998-04-01,0.2719
1998-04-02,0.2675
1998-04-03,0.2648
1998-04-06,0.2696
1998-04-07,0.272
1998-04-08,0.2742
1998-04-09,0.2813
1998-04-13,0.2778
1998-04-14,0.2809
1998-04-15,0.2801
1998-04-16,0.2804
1998-04-17,0.2824
1998-04-20,0.2889
1998-04-21,0.3018
1998-04-22,0.289
1998-04-23,0.2884
1998-04-24,0.2891
1998-04-27,0.2919
1998-04-28,0.2855
1998-04-29,0.2862
1998-04-30,0.2852
1998-05-01,0.2892
1998-05-04,0.2901
1998-05-05,0.2905
1998-05-06,0.2911
1998-05-07,0.2956
1998-05-08,0.2967
1998-05-11,0.2959
1998-05-12,0.2947
1998-05-13,0.2928
1998-05-14,0.2859
1998-05-15,0.2838
1998-05-18,0.2842
1998-05-19,0.2771
1998-05-20,0.279
1998-05-21,0.2737
1998-05-22,0.2746
1998-05-26,0.2684
1998-05-27,0.2652
1998-05-28,0.2651
1998-05-29,0.2618
1998-06-01,0.2578
1998-06-02,0.261
1998-06-03,0.264
1998-06-04,0.261
1998-06-05,0.2581
1998-06-08,0.2581
1998-06-09,0.2597
1998-06-10,0.2638
1998-06-11,0.2618
1998-06-12,0.2606
1998-06-15,0.2538
1998-06-16,0.2552
1998-06-17,0.2537
1998-06-18,0.2553
1998-06-19,0.257
1998-06-22,0.2563
1998-06-23,0.2598
1998-06-24,0.261
1998-06-25,0.2587
1998-06-26,0.2603
1998-06-29,0.2509
1998-06-30,0.2546
1998-07-01,0.2563
1998-07-02,0.259
1998-07-06,0.2565
1998-07-07,0.2605
1998-07-08,0.2615
1998-07-09,0.2592
1998-07-10,0.2566
1998-07-13,0.2545
1998-07-14,0.2512
1998-07-15,0.2469
1998-07-16,0.2452
1998-07-17,0.2482
1998-07-20,0.2433
1998-07-21,0.2428
1998-07-22,0.2395
1998-07-23,0.2394
1998-07-24,0.2396
1998-07-27,0.2411
1998-07-28,0.2433
1998-07-29,0.2435
1998-07-30,0.2436
1998-07-31,0.243
1998-08-03,0.2412
1998-08-04,0.2392
1998-08-05,0.2385
1998-08-06,0.2327
1998-08-07,0.2358
1998-08-10,0.2347
1998-08-11,0.2343
1998-08-12,0.2354
1998-08-13,0.2372
1998-08-14,0.2418
1998-08-17,0.2442
1998-08-18,0.2451
1998-08-19,0.2465
1998-08-20,0.245
1998-08-21,0.2413
1998-08-24,0.242
1998-08-25,0.2442
1998-08-26,0.2414
1998-08-27,0.2401
1998-08-28,0.2397
1998-08-31,0.2387
1998-09-01,0.237
1998-09-02,0.24
1998-09-03,0.2448
1998-09-04,0.2468
1998-09-08,0.247
1998-09-09,0.2448
1998-09-10,0.2477
1998-09-11,0.2554
1998-09-14,0.2558
1998-09-15,0.2554
1998-09-16,0.2567
1998-09-17,0.2583
1998-09-18,0.2612
1998-09-21,0.2604
1998-09-22,0.26
1998-09-23,0.2547
1998-09-24,0.2549
1998-09-25,0.2508
1998-09-28,0.2516
1998-09-29,0.247
1998-09-30,0.2486
1998-10-01,0.2458
1998-10-02,0.2477
1998-10-05,0.2511
1998-10-06,0.2493
1998-10-07,0.2534
1998-10-08,0.2516
1998-10-09,0.2539
1998-10-12,0.2529
1998-10-13,0.2485
1998-10-14,0.2474
1998-10-15,0.2499
1998-10-16,0.2535
1998-10-19,0.2543
1998-10-20,0.2552
1998-10-21,0.2576
1998-10-22,0.2576
1998-10-23,0.2542
1998-10-26,0.2517
1998-10-27,0.2507
1998-10-28,0.2535
1998-10-29,0.2538
1998-10-30,0.2531
1998-11-02,0.2487
1998-11-03,0.2482
1998-11-04,0.2511
1998-11-05,0.2525
1998-11-06,0.2554
1998-11-09,0.2547
1998-11-10,0.253
1998-11-11,0.2526
1998-11-12,0.2505
1998-11-13,0.2506
1998-11-16,0.2504
1998-11-17,0.2505
1998-11-18,0.2524
1998-11-19,0.2514
1998-11-20,0.2522
1998-11-23,0.249
1998-11-24,0.2506
1998-11-25,0.2515
1998-11-27,0.2589
1998-11-30,0.2598
1998-12-01,0.2543
1998-12-02,0.253
1998-12-03,0.248
1998-12-04,0.2469
1998-12-07,0.2476
1998-12-08,0.2454
1998-12-09,0.2422
1998-12-10,0.2444
1998-12-11,0.2449
1998-12-14,0.242
1998-12-15,0.242
1998-12-16,0.2412
1998-12-17,0.2373
1998-12-18,0.2347
1998-12-21,0.2333
1998-12-22,0.2334
1998-12-23,0.2333
1998-12-24,0.2334
1998-12-28,0.2324
1998-12-29,0.2313
1998-12-30,0.2284
1998-12-31,0.2293
1999-01-04,0.2324
1999-01-05,0.2353
1999-01-06,0.2368
1999-01-07,0.2339
1999-01-08,0.2356
1999-01-11,0.232
1999-01-12,0.2301
1999-01-13,0.2286
1999-01-14,0.2308
1999-01-15,0.2316
1999-01-19,0.2315
1999-01-20,0.2326
1999-01-21,0.2313
1999-01-22,0.2263
1999-01-25,0.2229
1999-01-26,0.2213
1999-01-27,0.2195
1999-01-28,0.2181
1999-01-29,0.2161
1999-02-01,0.2141
1999-02-02,0.2121
1999-02-03,0.2094
1999-02-04,0.2101
1999-02-05,0.2143
1999-02-08,0.2129
1999-02-09,0.209
1999-02-10,0.2053
1999-02-11,0.2048
1999-02-12,0.2055
1999-02-16,0.2027
1999-02-17,0.199
1999-02-18,0.1931
1999-02-19,0.1876
1999-02-22,0.1874
1999-02-23,0.1906
1999-02-24,0.1819
1999-02-25,0.1784
1999-02-26,0.1747
1999-03-01,0.1755
1999-03-02,0.1825
1999-03-03,0.1808
1999-03-04,0.1761
1999-03-05,0.1734
1999-03-08,0.1799
1999-03-09,0.1854
1999-03-10,0.1825
1999-03-11,0.181
1999-03-12,0.1811
1999-03-15,0.1806
1999-03-16,0.1856
1999-03-17,0.1875
1999-03-18,0.1859
1999-03-19,0.188
1999-03-22,0.1913
1999-03-23,0.1921
1999-03-24,0.1916
1999-03-25,0.1945
1999-03-26,0.1936
1999-03-29,0.1935
1999-03-30,0.1949
1999-03-31,0.1869
1999-04-01,0.1812
1999-04-05,0.1788
1999-04-06,0.1767
1999-04-07,0.1802
1999-04-08,0.1814
1999-04-09,0.1826
1999-04-12,0.1818
1999-04-13,0.1854
1999-04-14,0.191
1999-04-15,0.1925
1999-04-16,0.191
1999-04-19,0.1884
1999-04-20,0.1973
1999-04-21,0.1975
1999-04-22,0.1963
1999-04-23,0.1956
1999-04-26,0.1929
1999-04-27,0.1904
1999-04-28,0.1894
1999-04-29,0.1865
1999-04-30,0.1872
1999-05-03,0.1908
1999-05-04,0.1921
1999-05-05,0.1903
1999-05-06,0.1901
1999-05-07,0.1858
1999-05-10,0.1834
1999-05-11,0.181
1999-05-12,0.1794
1999-05-13,0.1738
1999-05-14,0.1754
1999-05-17,0.1738
1999-05-18,0.1771
1999-05-19,0.1761
1999-05-20,0.1733
1999-05-21,0.1697
1999-05-24,0.1693
1999-05-25,0.1711
1999-05-26,0.171
1999-05-27,0.1726
1999-05-28,0.1742
1999-06-01,0.1705
1999-06-02,0.1691
1999-06-03,0.1688
1999-06-04,0.1671
1999-06-07,0.1678
1999-06-08,0.1673
1999-06-09,0.1667
1999-06-10,0.1666
1999-06-11,0.1684
1999-06-14,0.1674
1999-06-15,0.164
1999-06-16,0.1619
1999-06-17,0.16
1999-06-18,0.1625
1999-06-21,0.1637
1999-06-22,0.1653
1999-06-23,0.1651
1999-06-24,0.1642
1999-06-25,0.1641
1999-06-28,0.1607
1999-06-29,0.16
1999-06-30,0.1597
1999-07-01,0.1572
1999-07-02,0.1572
1999-07-06,0.1502
1999-07-07,0.1504
1999-07-08,0.1514
1999-07-09,0.1528
1999-07-12,0.1525
1999-07-13,0.1505
1999-07-14,0.1513
1999-07-15,0.1534
1999-07-16,0.1522
1999-07-19,0.1529
1999-07-20,0.1569
1999-07-21,0.1606
1999-07-22,0.1567
1999-07-23,0.1603
1999-07-26,0.1552
1999-07-27,0.1488
1999-07-28,0.1453
1999-07-29,0.1476
1999-07-30,0.1486
1999-08-02,0.1592
1999-08-03,0.1605
1999-08-04,0.1667
1999-08-05,0.1625
1999-08-06,0.1624
1999-08-09,0.1669
1999-08-10,0.1703
1999-08-11,0.1674
1999-08-12,0.1587
1999-08-13,0.158
1999-08-16,0.1634
1999-08-17,0.1674
1999-08-18,0.1658
1999-08-19,0.1706
1999-08-20,0.1684
1999-08-23,0.1651
1999-08-24,0.1655
1999-08-25,0.1685
1999-08-26,0.1647
1999-08-27,0.1662
1999-08-30,0.1646
1999-08-31,0.1682
1999-09-01,0.1693
1999-09-02,0.1696
1999-09-03,0.1679
1999-09-07,0.172
1999-09-08,0.1711
1999-09-09,0.172
1999-09-10,0.1767
1999-09-13,0.1785
1999-09-14,0.1726
1999-09-15,0.1664
1999-09-16,0.1668
1999-09-17,0.1659
1999-09-20,0.1653
1999-09-21,0.1654
1999-09-22,0.1648
1999-09-23,0.1634
1999-09-24,0.1636
1999-09-27,0.1646
1999-09-28,0.1645
1999-09-29,0.1648
1999-09-30,0.1616
1999-10-01,0.1605
1999-10-04,0.1615
1999-10-05,0.1625
1999-10-06,0.1663
1999-10-07,0.1643
1999-10-08,0.165
1999-10-11,0.1656
1999-10-12,0.1643
1999-10-13,0.1627
1999-10-14,0.1607
1999-10-15,0.1616
1999-10-18,0.161
1999-10-19,0.1606
1999-10-20,0.1587
1999-10-21,0.1573
1999-10-22,0.1571
1999-10-25,0.1571
1999-10-26,0.1563
1999-10-27,0.158
1999-10-28,0.1574
1999-10-29,0.158
1999-11-01,0.1562
1999-11-02,0.156
1999-11-03,0.1558
1999-11-04,0.1556
1999-11-05,0.1565
1999-11-08,0.1572
1999-11-09,0.1563
1999-11-10,0.1533
1999-11-11,0.1537
1999-11-12,0.1526
1999-11-15,0.1544
1999-11-16,0.1544
1999-11-17,0.1563
1999-11-18,0.156
1999-11-19,0.1599
1999-11-22,0.159
1999-11-23,0.1564
1999-11-24,0.156
1999-11-26,0.156
1999-11-29,0.1568
1999-11-30,0.1628
1999-12-01,0.1611
1999-12-02,0.158
1999-12-03,0.1565
1999-12-06,0.1569
1999-12-07,0.1583
1999-12-08,0.157
1999-12-09,0.1517
1999-12-10,0.152
1999-12-13,0.1495
1999-12-14,0.1507
1999-12-15,0.1515
1999-12-16,0.1497
1999-12-17,0.1492
1999-12-20,0.1518
1999-12-21,0.1515
1999-12-22,0.1542
1999-12-23,0.1549
1999-12-27,0.1521
1999-12-28,0.1517
1999-12-29,0.1501
1999-12-30,0.1515
1999-12-31,0.1515
2000-01-03,0.1484
2000-01-04,0.1497
2000-01-05,0.1514
2000-01-06,0.1515
2000-01-07,0.1532
2000-01-10,0.1514
2000-01-11,0.151
2000-01-12,0.1516
2000-01-13,0.1562
2000-01-14,0.1547
2000-01-18,0.1547
2000-01-19,0.1569
2000-01-20,0.1566
2000-01-21,0.1556
2000-01-24,0.1583
2000-01-25,0.1586
2000-01-26,0.1586
2000-01-27,0.1649
2000-01-28,0.1642
2000-01-31,0.1591
2000-02-01,0.1581
2000-02-02,0.1552
2000-02-03,0.1529
2000-02-04,0.1515
2000-02-07,0.153
2000-02-08,0.1534
2000-02-09,0.1512
2000-02-10,0.153
2000-02-11,0.1495
2000-02-14,0.1492
2000-02-15,0.148
2000-02-16,0.1496
2000-02-17,0.1482
2000-02-18,0.1502
2000-02-22,0.1515
2000-02-23,0.1498
2000-02-24,0.1507
2000-02-25,0.1472
2000-02-28,0.1485
2000-02-29,0.1503
2000-03-01,0.1504
2000-03-02,0.1515
2000-03-03,0.1557
2000-03-06,0.1566
2000-03-07,0.1549
2000-03-08,0.1553
2000-03-09,0.1542
2000-03-10,0.1536
2000-03-13,0.1567
2000-03-14,0.1612
2000-03-15,0.1595
2000-03-16,0.1604
2000-03-17,0.1695
2000-03-20,0.1674
2000-03-21,0.1655
2000-03-22,0.1683
2000-03-23,0.1649
2000-03-24,0.1673
2000-03-27,0.1693
2000-03-28,0.1683
2000-03-29,0.1712
2000-03-30,0.1721
2000-03-31,0.1764
2000-04-03,0.1787
2000-04-04,0.1772
2000-04-05,0.1786
2000-04-06,0.1722
2000-04-07,0.1735
2000-04-10,0.1715
2000-04-11,0.1711
2000-04-12,0.1735
2000-04-13,0.1767
2000-04-14,0.1755
2000-04-17,0.1747
2000-04-18,0.1771
2000-04-19,0.1795
2000-04-20,0.1794
2000-04-24,0.1787
2000-04-25,0.1767
2000-04-26,0.174
2000-04-27,0.1705
2000-04-28,0.1699
2000-05-01,0.1754
2000-05-02,0.1772
2000-05-03,0.1777
2000-05-04,0.1777
2000-05-05,0.1743
2000-05-08,0.1712
2000-05-09,0.1715
2000-05-10,0.1716
2000-05-11,0.1706
2000-05-12,0.1686
2000-05-15,0.1641
2000-05-16,0.1638
2000-05-17,0.1643
2000-05-18,0.1661
2000-05-19,0.1657
2000-05-22,0.1659
2000-05-23,0.1662
2000-05-24,0.1654
2000-05-25,0.1614
2000-05-26,0.1604
2000-05-30,0.1524
2000-05-31,0.1525
2000-06-01,0.1559
2000-06-02,0.1614
2000-06-05,0.159
2000-06-06,0.1582
2000-06-07,0.1568
2000-06-08,0.1588
2000-06-09,0.1574
2000-06-12,0.1568
2000-06-13,0.1549
2000-06-14,0.1549
2000-06-15,0.1559
2000-06-16,0.1583
2000-06-19,0.1597
2000-06-20,0.1599
2000-06-21,0.1602
2000-06-22,0.1574
2000-06-23,0.1545
2000-06-26,0.1529
2000-06-27,0.1531
2000-06-28,0.1526
2000-06-29,0.1529
2000-06-30,0.1516
2000-07-03,0.1475
2000-07-05,0.1486
2000-07-06,0.1478
2000-07-07,0.1497
2000-07-10,0.1505
2000-07-11,0.1491
2000-07-12,0.1487
2000-07-13,0.1477
2000-07-14,0.1466
2000-07-17,0.1459
2000-07-18,0.1452
2000-07-19,0.1452
2000-07-20,0.1467
2000-07-21,0.148
2000-07-24,0.1467
2000-07-25,0.1453
2000-07-26,0.1447
2000-07-27,0.1455
2000-07-28,0.1449
2000-07-31,0.1455
2000-08-01,0.1457
2000-08-02,0.1496
2000-08-03,0.1451
2000-08-04,0.1443
2000-08-07,0.1433
2000-08-08,0.1445
2000-08-09,0.1436
2000-08-10,0.1437
2000-08-11,0.1437
2000-08-14,0.1447
2000-08-15,0.1436
2000-08-16,0.1455
2000-08-17,0.1433
2000-08-18,0.1427
2000-08-21,0.1409
2000-08-22,0.1404
2000-08-23,0.1399
2000-08-24,0.1402
2000-08-25,0.1395
2000-08-28,0.1402
2000-08-29,0.1442
2000-08-30,0.1442
2000-08-31,0.1463
2000-09-01,0.1468
2000-09-05,0.1482
2000-09-06,0.1433
2000-09-07,0.142
2000-09-08,0.1464
2000-09-11,0.1468
2000-09-12,0.1458
2000-09-13,0.1448
2000-09-14,0.1423
2000-09-15,0.1419
2000-09-18,0.1392
2000-09-19,0.1389
2000-09-20,0.1397
2000-09-21,0.1397
2000-09-22,0.14
2000-09-25,0.14
2000-09-26,0.1394
2000-09-27,0.1412
2000-09-28,0.1415
2000-09-29,0.1412
2000-10-02,0.1406
2000-10-03,0.1393
2000-10-04,0.1386
2000-10-05,0.1373
2000-10-06,0.1368
2000-10-09,0.1381
2000-10-10,0.1395
2000-10-11,0.1384
2000-10-12,0.1372
2000-10-13,0.1364
2000-10-16,0.1355
2000-10-17,0.1339
2000-10-18,0.1332
2000-10-19,0.1322
2000-10-20,0.1324
2000-10-23,0.1329
2000-10-24,0.1332
2000-10-25,0.1328
2000-10-26,0.132
2000-10-27,0.1315
2000-10-30,0.1295
2000-10-31,0.13
2000-11-01,0.1319
2000-11-02,0.1353
2000-11-03,0.1349
2000-11-06,0.1352
2000-11-07,0.1358
2000-11-08,0.1364
2000-11-09,0.135
2000-11-10,0.1336
2000-11-13,0.1342
2000-11-14,0.1351
2000-11-15,0.1369
2000-11-16,0.1351
2000-11-17,0.1356
2000-11-20,0.1346
2000-11-21,0.1351
2000-11-22,0.1344
2000-11-24,0.1344
2000-11-27,0.1286
2000-11-28,0.1287
2000-11-29,0.1276
2000-11-30,0.1315
2000-12-01,0.1337
2000-12-04,0.1336
2000-12-05,0.1316
2000-12-06,0.1342
2000-12-07,0.1323
2000-12-08,0.1333
2000-12-11,0.1317
2000-12-12,0.1294
2000-12-13,0.1297
2000-12-14,0.1311
2000-12-15,0.1311
2000-12-18,0.1326
2000-12-19,0.1334
2000-12-20,0.1334
2000-12-21,0.1327
2000-12-22,0.1314
2000-12-26,0.1292
2000-12-27,0.1274
2000-12-28,0.1266
2000-12-29,0.1266
2001-01-02,0.1266
2001-01-03,0.1276
2001-01-04,0.1264
2001-01-05,0.1271
2001-01-08,0.1283
2001-01-09,0.1283
2001-01-10,0.1284
2001-01-11,0.1267
2001-01-12,0.129
2001-01-16,0.1272
2001-01-17,0.1275
2001-01-18,0.1265
2001-01-19,0.1262
2001-01-22,0.1228
2001-01-23,0.1228
2001-01-24,0.1223
2001-01-25,0.1223
2001-01-26,0.1211
2001-01-29,0.1214
2001-01-30,0.1221
2001-01-31,0.1218
2001-02-01,0.1264
2001-02-02,0.127
2001-02-05,0.1264
2001-02-06,0.1259
2001-02-07,0.1243
2001-02-08,0.1184
2001-02-09,0.1214
2001-02-12,0.1221
2001-02-13,0.1204
2001-02-14,0.121
2001-02-15,0.1208
2001-02-16,0.1212
2001-02-20,0.1227
2001-02-21,0.1263
2001-02-22,0.1245
2001-02-23,0.1234
2001-02-26,0.123
2001-02-27,0.1256
2001-02-28,0.1298
2001-03-01,0.1333
2001-03-02,0.1328
2001-03-05,0.1342
2001-03-06,0.1347
2001-03-07,0.1373
2001-03-08,0.1393
2001-03-09,0.1393
2001-03-12,0.1418
2001-03-13,0.1429
2001-03-14,0.1407
2001-03-15,0.1396
2001-03-16,0.1399
2001-03-19,0.1411
2001-03-20,0.1403
2001-03-21,0.1402
2001-03-22,0.1401
2001-03-23,0.1353
2001-03-26,0.1379
2001-03-27,0.1429
2001-03-28,0.1434
2001-03-29,0.1427
2001-03-30,0.142
2001-04-02,0.1411
2001-04-03,0.1394
2001-04-04,0.1404
2001-04-05,0.1384
2001-04-06,0.1381
2001-04-09,0.1376
2001-04-10,0.1342
2001-04-11,0.1361
2001-04-12,0.1357
2001-04-16,0.134
2001-04-17,0.1334
2001-04-18,0.1318
2001-04-19,0.1295
2001-04-20,0.1289
2001-04-23,0.1307
2001-04-24,0.1338
2001-04-25,0.1362
2001-04-26,0.1359
2001-04-27,0.1343
2001-04-30,0.1377
2001-05-01,0.1367
2001-05-02,0.1369
2001-05-03,0.1341
2001-05-04,0.1336
2001-05-07,0.1335
2001-05-08,0.1359
2001-05-09,0.1334
2001-05-10,0.1327
2001-05-11,0.1331
2001-05-14,0.1348
2001-05-15,0.134
2001-05-16,0.1334
2001-05-17,0.1366
2001-05-18,0.1366
2001-05-21,0.1351
2001-05-22,0.1353
2001-05-23,0.1355
2001-05-24,0.135
2001-05-25,0.1341
2001-05-29,0.1362
2001-05-30,0.1393
2001-05-31,0.1414
2001-06-01,0.1446
2001-06-04,0.1413
2001-06-05,0.1404
2001-06-06,0.1411
2001-06-07,0.1426
2001-06-08,0.1422
2001-06-11,0.1471
2001-06-12,0.1465
2001-06-13,0.1457
2001-06-14,0.1431
2001-06-15,0.139
2001-06-18,0.1407
2001-06-19,0.1413
2001-06-20,0.1415
2001-06-21,0.1415
2001-06-22,0.1407
2001-06-25,0.1388
2001-06-26,0.1421
2001-06-27,0.1408
2001-06-28,0.1399
2001-06-29,0.1427
2001-07-02,0.1469
2001-07-03,0.1486
2001-07-05,0.1509
2001-07-06,0.1513
2001-07-09,0.154
2001-07-10,0.155
2001-07-11,0.159
2001-07-12,0.1723
2001-07-13,0.1745
2001-07-16,0.1713
2001-07-17,0.1782
2001-07-18,0.1719
2001-07-19,0.1718
2001-07-20,0.1648
2001-07-23,0.1668
2001-07-24,0.1648
2001-07-25,0.1662
2001-07-26,0.1689
2001-07-27,0.1728
2001-07-30,0.1733
2001-07-31,0.1805
2001-08-01,0.1778
2001-08-02,0.1725
2001-08-03,0.169
2001-08-06,0.1717
2001-08-07,0.1764
2001-08-08,0.1791
2001-08-09,0.1771
2001-08-10,0.1814
2001-08-13,0.1836
2001-08-14,0.1804
2001-08-15,0.1776
2001-08-16,0.1737
2001-08-17,0.1733
2001-08-20,0.1667
2001-08-21,0.1677
2001-08-22,0.1631
2001-08-23,0.1615
2001-08-24,0.1632
2001-08-27,0.1669
2001-08-28,0.1646
2001-08-29,0.1643
2001-08-30,0.1586
2001-08-31,0.1587
2001-09-04,0.1572
2001-09-05,0.1574
2001-09-06,0.154
2001-09-07,0.1548
2001-09-10,0.1548
2001-09-11,0.1548
2001-09-12,0.1548
2001-09-13,0.1568
2001-09-14,0.1536
2001-09-17,0.155
2001-09-18,0.1551
2001-09-19,0.155
2001-09-20,0.1552
2001-09-21,0.156
2001-09-24,0.1566
2001-09-25,0.1551
2001-09-26,0.1546
2001-09-27,0.1518
2001-09-28,0.1453
2001-10-01,0.1448
2001-10-02,0.1438
2001-10-03,0.1419
2001-10-04,0.1433
2001-10-05,0.1437
2001-10-08,0.1431
2001-10-09,0.1452
2001-10-10,0.1457
2001-10-11,0.1448
2001-10-12,0.1414
2001-10-15,0.142
2001-10-16,0.1416
2001-10-17,0.1449
2001-10-18,0.1442
2001-10-19,0.1423
2001-10-22,0.1403
2001-10-23,0.1423
2001-10-24,0.1442
2001-10-25,0.1438
2001-10-26,0.143
2001-10-29,0.1447
2001-10-30,0.1494
2001-10-31,0.1476
2001-11-01,0.1493
2001-11-02,0.1511
2001-11-05,0.1538
2001-11-06,0.1509
2001-11-07,0.1517
2001-11-08,0.1506
2001-11-09,0.1519
2001-11-12,0.1542
2001-11-13,0.1544
2001-11-14,0.1534
2001-11-15,0.1516
2001-11-16,0.1512
2001-11-19,0.1518
2001-11-20,0.1519
2001-11-21,0.1555
2001-11-23,0.1555
2001-11-26,0.1554
2001-11-27,0.1534
2001-11-28,0.1503
2001-11-29,0.1501
2001-11-30,0.1542
2001-12-03,0.1589
2001-12-04,0.1582
2001-12-05,0.1558
2001-12-06,0.1562
2001-12-07,0.1564
2001-12-10,0.1555
2001-12-11,0.1518
2001-12-12,0.1489
2001-12-13,0.15
2001-12-14,0.151
2001-12-17,0.1489
2001-12-18,0.1475
2001-12-19,0.1496
2001-12-20,0.1478
2001-12-21,0.1489
2001-12-24,0.1489
2001-12-26,0.1463
2001-12-27,0.1456
2001-12-28,0.1455
2001-12-31,0.1462
2002-01-02,0.1451
2002-01-03,0.1484
2002-01-04,0.1517
2002-01-07,0.1548
2002-01-08,0.156
2002-01-09,0.1556
2002-01-10,0.1523
2002-01-11,0.1523
2002-01-14,0.1496
2002-01-15,0.1483
2002-01-16,0.148
2002-01-17,0.1477
2002-01-18,0.1481
2002-01-22,0.1481
2002-01-23,0.1478
2002-01-24,0.1466
2002-01-25,0.1418
2002-01-28,0.1425
2002-01-29,0.144
2002-01-30,0.1426
2002-01-31,0.1414
2002-02-01,0.1407
2002-02-04,0.1435
2002-02-05,0.1455
2002-02-06,0.1388
2002-02-07,0.14
2002-02-08,0.1396
2002-02-11,0.1392
2002-02-12,0.1398
2002-02-13,0.1416
2002-02-14,0.1385
2002-02-15,0.1402
2002-02-19,0.144
2002-02-20,0.1458
2002-02-21,0.1443
2002-02-22,0.1432
2002-02-25,0.1432
2002-02-26,0.1416
2002-02-27,0.1395
2002-02-28,0.1389
2002-03-01,0.1448
2002-03-04,0.1433
2002-03-05,0.1465
2002-03-06,0.1461
2002-03-07,0.1471
2002-03-08,0.1486
2002-03-11,0.1488
2002-03-12,0.1498
2002-03-13,0.1493
2002-03-14,0.1551
2002-03-15,0.1571
2002-03-18,0.1503
2002-03-19,0.1504
2002-03-20,0.1459
2002-03-21,0.1456
2002-03-22,0.1461
2002-03-25,0.1415
2002-03-26,0.142
2002-03-27,0.1434
2002-03-28,0.1484
2002-04-01,0.1513
2002-04-02,0.1499
2002-04-03,0.1473
2002-04-04,0.1482
2002-04-05,0.1522
2002-04-08,0.1491
2002-04-09,0.149
2002-04-10,0.1495
2002-04-11,0.1501
2002-04-12,0.1534
2002-04-15,0.1536
2002-04-16,0.154
2002-04-17,0.1572
2002-04-18,0.1557
2002-04-19,0.158
2002-04-22,0.1579
2002-04-23,0.1599
2002-04-24,0.1614
2002-04-25,0.1577
2002-04-26,0.1538
2002-04-29,0.1504
2002-04-30,0.1446
2002-05-01,0.1477
2002-05-02,0.148
2002-05-03,0.1471
2002-05-06,0.1461
2002-05-07,0.1488
2002-05-08,0.1507
2002-05-09,0.1536
2002-05-10,0.1543
2002-05-13,0.1554
2002-05-14,0.1557
2002-05-15,0.1583
2002-05-16,0.1593
2002-05-17,0.1607
2002-05-20,0.1649
2002-05-21,0.1644
2002-05-22,0.1675
2002-05-23,0.17
2002-05-24,0.1683
2002-05-28,0.1739
2002-05-29,0.1719
2002-05-30,0.1726
2002-05-31,0.1782
2002-06-03,0.1755
2002-06-04,0.1773
2002-06-05,0.1785
2002-06-06,0.1836
2002-06-07,0.1803
2002-06-10,0.1759
2002-06-11,0.1767
2002-06-12,0.1735
2002-06-13,0.1749
2002-06-14,0.1783
2002-06-17,0.1774
2002-06-18,0.1749
2002-06-19,0.1749
2002-06-20,0.1729
2002-06-21,0.1748
2002-06-24,0.1777
2002-06-25,0.1768
2002-06-26,0.1773
2002-06-27,0.1772
2002-06-28,0.18
2002-07-01,0.1817
2002-07-02,0.1771
2002-07-03,0.1779
2002-07-05,0.1795
2002-07-08,0.1829
2002-07-09,0.1867
2002-07-10,0.1858
2002-07-11,0.1871
2002-07-12,0.1911
2002-07-15,0.1979
2002-07-16,0.1978
2002-07-17,0.195
2002-07-18,0.1968
2002-07-19,0.198
2002-07-22,0.2009
2002-07-23,0.1949
2002-07-24,0.1973
2002-07-25,0.1949
2002-07-26,0.193
2002-07-29,0.1919
2002-07-30,0.197
2002-07-31,0.197
2002-08-01,0.2031
2002-08-02,0.203
2002-08-05,0.1991
2002-08-06,0.1992
2002-08-07,0.2008
2002-08-08,0.2
2002-08-09,0.1991
2002-08-12,0.2057
2002-08-13,0.2062
2002-08-14,0.2089
2002-08-15,0.2116
2002-08-16,0.2108
2002-08-19,0.209
2002-08-20,0.2055
2002-08-21,0.2085
2002-08-22,0.2113
2002-08-23,0.2139
2002-08-26,0.2104
2002-08-27,0.209
2002-08-28,0.2079
2002-08-29,0.2034
2002-08-30,0.2077
2002-09-03,0.2069
2002-09-04,0.207
2002-09-05,0.2042
2002-09-06,0.2065
2002-09-09,0.2072
2002-09-10,0.2053
2002-09-11,0.2076
2002-09-12,0.2038
2002-09-13,0.2034
2002-09-16,0.2033
2002-09-17,0.203
2002-09-18,0.2008
2002-09-19,0.199
2002-09-20,0.2007
2002-09-23,0.1985
2002-09-24,0.2
2002-09-25,0.2014
2002-09-26,0.2037
2002-09-27,0.2022
2002-09-30,0.2022
2002-10-01,0.1985
2002-10-02,0.1984
2002-10-03,0.1987
2002-10-04,0.1986
2002-10-07,0.1979
2002-10-08,0.1985
2002-10-09,0.1964
2002-10-10,0.1953
2002-10-11,0.1971
2002-10-14,0.1982
2002-10-15,0.2034
2002-10-16,0.2049
2002-10-17,0.2088
2002-10-18,0.2102
2002-10-21,0.2116
2002-10-22,0.2103
2002-10-23,0.2159
2002-10-24,0.2188
2002-10-25,0.2194
2002-10-28,0.2162
2002-10-29,0.2256
2002-10-30,0.2243
2002-10-31,0.2259
2002-11-01,0.2266
2002-11-04,0.2311
2002-11-05,0.2281
2002-11-06,0.2298
2002-11-07,0.2294
2002-11-08,0.2271
2002-11-11,0.2341
2002-11-12,0.2303
2002-11-13,0.2303
2002-11-14,0.232
2002-11-15,0.2311
2002-11-18,0.2281
2002-11-19,0.2317
2002-11-20,0.2322
2002-11-21,0.228
2002-11-22,0.2284
2002-11-25,0.2297
2002-11-26,0.231
2002-11-27,0.2352
2002-11-29,0.2352
2002-12-02,0.2325
2002-12-03,0.225
2002-12-04,0.2278
2002-12-05,0.2291
2002-12-06,0.2289
2002-12-09,0.2261
2002-12-10,0.2269
2002-12-11,0.2268
2002-12-12,0.2302
2002-12-13,0.227
2002-12-16,0.2254
2002-12-17,0.224
2002-12-18,0.225
2002-12-19,0.2243
2002-12-20,0.2277
2002-12-23,0.227
2002-12-24,0.227
2002-12-26,0.2231
2002-12-27,0.2225
2002-12-30,0.2204
2002-12-31,0.2212
2003-01-02,0.2226
2003-01-03,0.22
2003-01-06,0.2177
2003-01-07,0.2185
2003-01-08,0.2221
2003-01-09,0.22
2003-01-10,0.2155
2003-01-13,0.214
2003-01-14,0.2121
2003-01-15,0.2097
2003-01-16,0.21
2003-01-17,0.2115
2003-01-21,0.211
2003-01-22,0.2133
2003-01-23,0.2141
2003-01-24,0.2157
2003-01-27,0.215
2003-01-28,0.215
2003-01-29,0.2099
2003-01-30,0.2122
2003-01-31,0.2123
2003-02-03,0.2174
2003-02-04,0.2184
2003-02-05,0.213
2003-02-06,0.2113
2003-02-07,0.21
2003-02-10,0.2106
2003-02-11,0.2096
2003-02-12,0.2051
2003-02-13,0.2075
2003-02-14,0.2099
2003-02-18,0.213
2003-02-19,0.2121
2003-02-20,0.2132
2003-02-21,0.213
2003-02-24,0.2096
2003-02-25,0.2102
2003-02-26,0.2114
2003-02-27,0.2132
2003-02-28,0.214
2003-03-03,0.2119
2003-03-04,0.2114
2003-03-05,0.2106
2003-03-06,0.2117
2003-03-07,0.2102
2003-03-10,0.2092
2003-03-11,0.2147
2003-03-12,0.2132
2003-03-13,0.2151
2003-03-14,0.2142
2003-03-17,0.2144
2003-03-18,0.2166
2003-03-19,0.218
2003-03-20,0.2201
2003-03-21,0.2237
2003-03-24,0.2182
2003-03-25,0.219
2003-03-26,0.2154
2003-03-27,0.2192
2003-03-28,0.2207
2003-03-31,0.22
2003-04-01,0.2185
2003-04-02,0.2228
2003-04-03,0.2231
2003-04-04,0.2241
2003-04-07,0.2289
2003-04-08,0.2278
2003-04-09,0.2287
2003-04-10,0.2285
2003-04-11,0.2255
2003-04-14,0.2256
2003-04-15,0.2255
2003-04-16,0.2246
2003-04-17,0.2256
2003-04-21,0.2221
2003-04-22,0.2198
2003-04-23,0.2229
2003-04-24,0.2208
2003-04-25,0.2198
2003-04-28,0.2217
2003-04-29,0.2228
2003-04-30,0.2236
2003-05-01,0.2248
2003-05-02,0.222
2003-05-05,0.2218
2003-05-06,0.2228
2003-05-07,0.2268
2003-05-08,0.2248
2003-05-09,0.2308
2003-05-12,0.2318
2003-05-13,0.2361
2003-05-14,0.2402
2003-05-15,0.2445
2003-05-16,0.2424
2003-05-19,0.2372
2003-05-20,0.2369
2003-05-21,0.2381
2003-05-22,0.235
2003-05-23,0.234
2003-05-27,0.2291
2003-05-28,0.2286
2003-05-29,0.2301
2003-05-30,0.2282
2003-06-02,0.2247
2003-06-03,0.2244
2003-06-04,0.2276
2003-06-05,0.2283
2003-06-06,0.2307
2003-06-09,0.2282
2003-06-10,0.2302
2003-06-11,0.2275
2003-06-12,0.2281
2003-06-13,0.2262
2003-06-16,0.2269
2003-06-17,0.2294
2003-06-18,0.2336
2003-06-19,0.2357
2003-06-20,0.2333
2003-06-23,0.2218
2003-06-24,0.2306
2003-06-25,0.2319
2003-06-26,0.2247
2003-06-27,0.2218
2003-06-30,0.2264
2003-07-01,0.2328
2003-07-02,0.2324
2003-07-03,0.23
2003-07-07,0.2276
2003-07-08,0.2285
2003-07-09,0.2292
2003-07-10,0.2272
2003-07-11,0.2272
2003-07-14,0.2221
2003-07-15,0.2187
2003-07-16,0.2192
2003-07-17,0.2158
2003-07-18,0.2126
2003-07-21,0.2118
2003-07-22,0.212
2003-07-23,0.2103
2003-07-24,0.2091
2003-07-25,0.2091
2003-07-28,0.2081
2003-07-29,0.2064
2003-07-30,0.2051
2003-07-31,0.2012
2003-08-01,0.2022
2003-08-04,0.202
2003-08-05,0.2014
2003-08-06,0.205
2003-08-07,0.2035
2003-08-08,0.2033
2003-08-11,0.2026
2003-08-12,0.2038
2003-08-13,0.2023
2003-08-14,0.2005
2003-08-15,0.2015
2003-08-18,0.2081
2003-08-19,0.2037
2003-08-20,0.2049
2003-08-21,0.2056
2003-08-22,0.2054
2003-08-25,0.2036
2003-08-26,0.2034
2003-08-27,0.2064
2003-08-28,0.208
2003-08-29,0.2132
2003-09-02,0.2111
2003-09-03,0.2136
2003-09-04,0.2147
2003-09-05,0.2122
2003-09-08,0.2115
2003-09-09,0.2122
2003-09-10,0.2139
2003-09-11,0.2236
2003-09-12,0.2301
2003-09-15,0.2315
2003-09-16,0.2296
2003-09-17,0.2367
2003-09-18,0.2414
2003-09-19,0.2435
2003-09-22,0.2482
2003-09-23,0.2476
2003-09-24,0.2502
2003-09-25,0.2465
2003-09-26,0.2449
2003-09-29,0.2553
2003-09-30,0.2584
2003-10-01,0.259
2003-10-02,0.2661
2003-10-03,0.2613
2003-10-06,0.2623
2003-10-07,0.2649
2003-10-08,0.2609
2003-10-09,0.2638
2003-10-10,0.2735
2003-10-13,0.286
2003-10-14,0.2793
2003-10-15,0.2752
2003-10-16,0.2757
2003-10-17,0.2771
2003-10-20,0.2763
2003-10-21,0.2739
2003-10-22,0.2794
2003-10-23,0.2825
2003-10-24,0.2807
2003-10-27,0.2765
2003-10-28,0.2765
2003-10-29,0.2842
2003-10-30,0.2783
2003-10-31,0.2747
2003-11-03,0.2735
2003-11-04,0.2672
2003-11-05,0.2699
2003-11-06,0.2657
2003-11-07,0.2653
2003-11-10,0.2701
2003-11-11,0.2738
2003-11-12,0.2754
2003-11-13,0.2787
2003-11-14,0.2858
2003-11-17,0.29
2003-11-18,0.2857
2003-11-19,0.2872
2003-11-20,0.2848
2003-11-21,0.2848
2003-11-24,0.279
2003-11-25,0.2842
2003-11-26,0.2842
2003-11-28,0.2856
2003-12-01,0.2973
2003-12-02,0.2973
2003-12-03,0.2982
2003-12-04,0.2953
2003-12-05,0.2958
2003-12-08,0.3023
2003-12-09,0.3052
2003-12-10,0.2988
2003-12-11,0.2934
2003-12-12,0.2982
2003-12-15,0.2974
2003-12-16,0.2941
2003-12-17,0.2961
2003-12-18,0.2934
2003-12-19,0.2968
2003-12-22,0.2906
2003-12-23,0.2891
2003-12-24,0.2878
2003-12-26,0.2878
2003-12-29,0.2927
2003-12-30,0.289
2003-12-31,0.2925
2004-01-02,0.2942
2004-01-05,0.299
2004-01-06,0.2973
2004-01-07,0.2909
2004-01-08,0.297
2004-01-09,0.2978
2004-01-12,0.3108
2004-01-13,0.314
2004-01-14,0.3097
2004-01-15,0.31
2004-01-16,0.3075
2004-01-20,0.3036
2004-01-21,0.3068
2004-01-22,0.3032
2004-01-23,0.3052
2004-01-26,0.3099
2004-01-27,0.3065
2004-01-28,0.3006
2004-01-29,0.302
2004-01-30,0.3027
2004-02-02,0.2998
2004-02-03,0.3086
2004-02-04,0.3086
2004-02-05,0.3165
2004-02-06,0.3166
2004-02-09,0.3246
2004-02-10,0.327
2004-02-11,0.3314
2004-02-12,0.3268
2004-02-13,0.3272
2004-02-17,0.329
2004-02-18,0.3255
2004-02-19,0.336
2004-02-20,0.3406
2004-02-23,0.3491
2004-02-24,0.3535
2004-02-25,0.3508
2004-02-26,0.353
2004-02-27,0.3557
2004-03-01,0.357
2004-03-02,0.3448
2004-03-03,0.3475
2004-03-04,0.3408
2004-03-05,0.3387
2004-03-08,0.3317
2004-03-09,0.349
2004-03-10,0.3378
2004-03-11,0.3457
2004-03-12,0.3443
2004-03-15,0.3513
2004-03-16,0.3495
2004-03-17,0.3452
2004-03-18,0.3529
2004-03-19,0.3524
2004-03-22,0.3598
2004-03-23,0.3593
2004-03-24,0.3503
2004-03-25,0.3483
2004-03-26,0.345
2004-03-29,0.3454
2004-03-30,0.3424
2004-03-31,0.3336
2004-04-01,0.339
2004-04-02,0.3377
2004-04-05,0.3412
2004-04-06,0.3379
2004-04-07,0.3405
2004-04-08,0.3326
2004-04-12,0.326
2004-04-13,0.3287
2004-04-14,0.3421
2004-04-15,0.3309
2004-04-16,0.3365
2004-04-19,0.3375
2004-04-20,0.3391
2004-04-21,0.3353
2004-04-22,0.3375
2004-04-23,0.3489
2004-04-26,0.3481
2004-04-27,0.3614
2004-04-28,0.3546
2004-04-29,0.3645
2004-04-30,0.3591
2004-05-03,0.358
2004-05-04,0.3609
2004-05-05,0.3577
2004-05-06,0.3495
2004-05-07,0.3578
2004-05-10,0.3486
2004-05-11,0.3498
2004-05-12,0.3343
2004-05-13,0.3353
2004-05-14,0.3198
2004-05-17,0.3148
2004-05-18,0.3084
2004-05-19,0.3163
2004-05-20,0.3053
2004-05-21,0.3093
2004-05-24,0.3017
2004-05-25,0.3062
2004-05-26,0.3074
2004-05-27,0.2946
2004-05-28,0.2993
2004-06-01,0.3139
2004-06-02,0.3084
2004-06-03,0.2973
2004-06-04,0.3004
2004-06-07,0.3016
2004-06-08,0.3005
2004-06-09,0.2984
2004-06-10,0.2984
2004-06-14,0.2974
2004-06-15,0.2897
2004-06-16,0.2899
2004-06-17,0.2887
2004-06-18,0.2928
2004-06-21,0.3003
2004-06-22,0.3007
2004-06-23,0.3101
2004-06-24,0.312
2004-06-25,0.3104
2004-06-28,0.3032
2004-06-29,0.3055
2004-06-30,0.2998
2004-07-01,0.3011
2004-07-02,0.306
2004-07-06,0.3085
2004-07-07,0.309
2004-07-08,0.3005
2004-07-09,0.2993
2004-07-12,0.2875
2004-07-13,0.2845
2004-07-14,0.2858
2004-07-15,0.2858
2004-07-16,0.2838
2004-07-19,0.2831
2004-07-20,0.2812
2004-07-21,0.2742
2004-07-22,0.2643
2004-07-23,0.2672
2004-07-26,0.2652
2004-07-27,0.2627
2004-07-28,0.2528
2004-07-29,0.2483
2004-07-30,0.24
2004-08-02,0.2399
2004-08-03,0.2397
2004-08-04,0.2401
2004-08-05,0.2492
2004-08-06,0.2535
2004-08-09,0.2525
2004-08-10,0.25
2004-08-11,0.254
2004-08-12,0.2625
2004-08-13,0.2531
2004-08-16,0.2538
2004-08-17,0.2574
2004-08-18,0.2568
2004-08-19,0.2564
2004-08-20,0.2603
2004-08-23,0.2712
2004-08-24,0.2753
2004-08-25,0.2774
2004-08-26,0.2747
2004-08-27,0.27
2004-08-30,0.2801
2004-08-31,0.287
2004-09-01,0.293
2004-09-02,0.2932
2004-09-03,0.2898
2004-09-07,0.277
2004-09-08,0.2761
2004-09-09,0.2763
2004-09-10,0.2748
2004-09-13,0.2717
2004-09-14,0.2583
2004-09-15,0.2662
2004-09-16,0.2515
2004-09-17,0.2476
2004-09-20,0.2452
2004-09-21,0.2475
2004-09-22,0.2466
2004-09-23,0.2444
2004-09-24,0.2366
2004-09-27,0.2399
2004-09-28,0.2373
2004-09-29,0.2369
2004-09-30,0.2327
2004-10-01,0.2352
2004-10-04,0.2344
2004-10-05,0.2368
2004-10-06,0.2363
2004-10-07,0.2327
2004-10-08,0.2289
2004-10-11,0.2333
2004-10-12,0.2225
2004-10-13,0.2235
2004-10-14,0.2295
2004-10-15,0.2277
2004-10-18,0.2254
2004-10-19,0.2312
2004-10-20,0.2308
2004-10-21,0.2285
2004-10-22,0.231
2004-10-25,0.2411
2004-10-26,0.2404
2004-10-27,0.2346
2004-10-28,0.2374
2004-10-29,0.2375
2004-11-01,0.2343
2004-11-02,0.2324
2004-11-03,0.2278
2004-11-04,0.2213
2004-11-05,0.224
2004-11-08,0.2225
2004-11-09,0.2253
2004-11-10,0.2282
2004-11-11,0.2257
2004-11-12,0.2289
2004-11-15,0.2346
2004-11-16,0.232
2004-11-17,0.2351
2004-11-18,0.2339
2004-11-19,0.2344
2004-11-22,0.2366
2004-11-23,0.2355
2004-11-24,0.2299
2004-11-26,0.2299
2004-11-29,0.2215
2004-11-30,0.2258
2004-12-01,0.2234
2004-12-02,0.2209
2004-12-03,0.2228
2004-12-06,0.2206
2004-12-07,0.2175
2004-12-08,0.2151
2004-12-09,0.2127
2004-12-10,0.2105
2004-12-13,0.212
2004-12-14,0.2154
2004-12-15,0.214
2004-12-16,0.2153
2004-12-17,0.2166
2004-12-20,0.2192
2004-12-21,0.2191
2004-12-22,0.2195
2004-12-23,0.2207
2004-12-27,0.2242
2004-12-28,0.2217
2004-12-29,0.2194
2004-12-30,0.2159
2004-12-31,0.2159
2005-01-03,0.2092
2005-01-04,0.2072
2005-01-05,0.2082
2005-01-06,0.2092
2005-01-07,0.2116
2005-01-10,0.2102
2005-01-11,0.2072
2005-01-12,0.2044
2005-01-13,0.2083
2005-01-14,0.2025
2005-01-18,0.2007
2005-01-19,0.2024
2005-01-20,0.2019
2005-01-21,0.2021
2005-01-24,0.2037
2005-01-25,0.2034
2005-01-26,0.2015
2005-01-27,0.2006
2005-01-28,0.1987
2005-01-31,0.1999
2005-02-01,0.1967
2005-02-02,0.1957
2005-02-03,0.1949
2005-02-04,0.1962
2005-02-07,0.1963
2005-02-08,0.198
2005-02-09,0.1978
2005-02-10,0.1982
2005-02-11,0.2064
2005-02-14,0.206
2005-02-15,0.2025
2005-02-16,0.2019
2005-02-17,0.2045
2005-02-18,0.207
2005-02-22,0.2238
2005-02-23,0.2223
2005-02-24,0.2183
2005-02-25,0.2304
2005-02-28,0.236
2005-03-01,0.2308
2005-03-02,0.2338
2005-03-03,0.234
2005-03-04,0.2358
2005-03-07,0.2325
2005-03-08,0.2371
2005-03-09,0.2392
2005-03-10,0.2394
2005-03-11,0.2432
2005-03-14,0.2396
2005-03-15,0.2451
2005-03-16,0.2443
2005-03-17,0.2462
2005-03-18,0.2386
2005-03-21,0.2283
2005-03-22,0.2286
2005-03-23,0.2289
2005-03-24,0.2323
2005-03-28,0.2307
2005-03-29,0.2333
2005-03-30,0.2386
2005-03-31,0.2328
2005-04-01,0.2306
2005-04-04,0.2318
2005-04-05,0.232
2005-04-06,0.2324
2005-04-07,0.2306
2005-04-08,0.229
2005-04-11,0.229
2005-04-12,0.2306
2005-04-13,0.2305
2005-04-14,0.2292
2005-04-15,0.2314
2005-04-18,0.2277
2005-04-19,0.2333
2005-04-20,0.2316
2005-04-21,0.2345
2005-04-22,0.2331
2005-04-25,0.2329
2005-04-26,0.2314
2005-04-27,0.2301
2005-04-28,0.2273
2005-04-29,0.2309
2005-05-02,0.2317
2005-05-03,0.2325
2005-05-04,0.2341
2005-05-05,0.234
2005-05-06,0.2394
2005-05-09,0.2409
2005-05-10,0.2379
2005-05-11,0.2359
2005-05-12,0.233
2005-05-13,0.2275
2005-05-16,0.2269
2005-05-17,0.2255
2005-05-18,0.2279
2005-05-19,0.2257
2005-05-20,0.2284
2005-05-23,0.2321
2005-05-24,0.234
2005-05-25,0.2393
2005-05-26,0.2446
2005-05-27,0.2394
2005-05-31,0.2383
2005-06-01,0.2418
2005-06-02,0.2361
2005-06-03,0.2363
2005-06-06,0.2384
2005-06-07,0.2374
2005-06-08,0.2378
2005-06-09,0.2381
2005-06-10,0.2342
2005-06-13,0.2369
2005-06-14,0.2395
2005-06-15,0.2485
2005-06-16,0.2478
2005-06-17,0.2576
2005-06-20,0.2626
2005-06-21,0.2612
2005-06-22,0.26
2005-06-23,0.2592
2005-06-24,0.2683
2005-06-27,0.252
2005-06-28,0.2485
2005-06-29,0.2522
2005-06-30,0.2429
2005-07-01,0.2483
2005-07-05,0.2613
2005-07-06,0.2574
2005-07-07,0.2579
2005-07-08,0.2528
2005-07-11,0.2549
2005-07-12,0.2569
2005-07-13,0.2608
2005-07-14,0.2615
2005-07-15,0.2612
2005-07-18,0.2619
2005-07-19,0.2511
2005-07-20,0.2533
2005-07-21,0.2491
2005-07-22,0.2516
2005-07-25,0.2519
2005-07-26,0.2503
2005-07-27,0.2491
2005-07-28,0.251
2005-07-29,0.2491
2005-08-01,0.2479
2005-08-02,0.2569
2005-08-03,0.251
2005-08-04,0.2491
2005-08-05,0.2491
2005-08-08,0.2419
2005-08-09,0.2359
2005-08-10,0.2347
2005-08-11,0.2338
2005-08-12,0.2343
2005-08-15,0.23
2005-08-16,0.2289
2005-08-17,0.2323
2005-08-18,0.2314
2005-08-19,0.2291
2005-08-22,0.2306
2005-08-23,0.2319
2005-08-24,0.2313
2005-08-25,0.2269
2005-08-26,0.2278
2005-08-29,0.2294
2005-08-30,0.2361
2005-08-31,0.2321
2005-09-01,0.2362
2005-09-02,0.2342
2005-09-06,0.2373
2005-09-07,0.2331
2005-09-08,0.2315
2005-09-09,0.2286
2005-09-12,0.2277
2005-09-13,0.2267
2005-09-14,0.2282
2005-09-15,0.2278
2005-09-16,0.2259
2005-09-19,0.2335
2005-09-20,0.2313
2005-09-21,0.235
2005-09-22,0.2387
2005-09-23,0.2346
2005-09-26,0.2325
2005-09-27,0.2267
2005-09-28,0.2297
2005-09-29,0.231
2005-09-30,0.241
2005-10-03,0.2484
2005-10-04,0.2418
2005-10-05,0.2443
2005-10-06,0.244
2005-10-07,0.2405
2005-10-10,0.2365
2005-10-11,0.2398
2005-10-12,0.2474
2005-10-13,0.2444
2005-10-14,0.2458
2005-10-17,0.2494
2005-10-18,0.2499
2005-10-19,0.2486
2005-10-20,0.2428
2005-10-21,0.2378
2005-10-24,0.2406
2005-10-25,0.2408
2005-10-26,0.2378
2005-10-27,0.2363
2005-10-28,0.2358
2005-10-31,0.2311
2005-11-01,0.2327
2005-11-02,0.2309
2005-11-03,0.2378
2005-11-04,0.2319
2005-11-07,0.2292
2005-11-08,0.2306
2005-11-09,0.2316
2005-11-10,0.2297
2005-11-11,0.2294
2005-11-14,0.2271
2005-11-15,0.2244
2005-11-16,0.2239
2005-11-17,0.2236
2005-11-18,0.2221
2005-11-21,0.2213
2005-11-22,0.2218
2005-11-23,0.2188
2005-11-25,0.2213
2005-11-28,0.2149
2005-11-29,0.212
2005-11-30,0.209
2005-12-01,0.2089
2005-12-02,0.2114
2005-12-05,0.2176
2005-12-06,0.2118
2005-12-07,0.2104
2005-12-08,0.2097
2005-12-09,0.2062
2005-12-12,0.2077
2005-12-13,0.208
2005-12-14,0.2105
2005-12-15,0.2115
2005-12-16,0.2105
2005-12-19,0.2132
2005-12-20,0.2106
2005-12-21,0.2097
2005-12-22,0.2115
2005-12-23,0.2103
2005-12-27,0.2073
2005-12-28,0.2059
2005-12-29,0.2065
2005-12-30,0.2105
2006-01-03,0.2271
2006-01-04,0.2297
2006-01-05,0.2258
2006-01-06,0.2238
2006-01-09,0.2222
2006-01-10,0.2206
2006-01-11,0.2178
2006-01-12,0.2132
2006-01-13,0.2132
2006-01-17,0.2085
2006-01-18,0.2079
2006-01-19,0.2071
2006-01-20,0.2091
2006-01-23,0.2115
2006-01-24,0.2115
2006-01-25,0.2115
2006-01-26,0.2114
2006-01-27,0.2168
2006-01-30,0.2183
2006-01-31,0.2198
2006-02-01,0.2145
2006-02-02,0.2158
2006-02-03,0.2229
2006-02-06,0.222
2006-02-07,0.2191
2006-02-08,0.2178
2006-02-09,0.2228
2006-02-10,0.219
2006-02-13,0.2222
2006-02-14,0.2165
2006-02-15,0.219
2006-02-16,0.222
2006-02-17,0.2296
2006-02-21,0.2268
2006-02-22,0.2238
2006-02-23,0.2201
2006-02-24,0.2259
2006-02-27,0.2262
2006-02-28,0.2322
2006-03-01,0.2365
2006-03-02,0.245
2006-03-03,0.2466
2006-03-06,0.2454
2006-03-07,0.2406
2006-03-08,0.2367
2006-03-09,0.2382
2006-03-10,0.2391
2006-03-13,0.2346
2006-03-14,0.2327
2006-03-15,0.228
2006-03-16,0.2306
2006-03-17,0.2287
2006-03-20,0.2254
2006-03-21,0.2246
2006-03-22,0.2251
2006-03-23,0.2266
2006-03-24,0.2237
2006-03-27,0.2229
2006-03-28,0.2254
2006-03-29,0.226
2006-03-30,0.228
2006-03-31,0.2242
2006-04-03,0.2227
2006-04-04,0.2194
2006-04-05,0.2182
2006-04-06,0.2212
2006-04-07,0.2199
2006-04-10,0.2208
2006-04-11,0.2241
2006-04-12,0.2209
2006-04-13,0.2201
2006-04-17,0.2215
2006-04-18,0.227
2006-04-19,0.2334
2006-04-20,0.2359
2006-04-21,0.2411
2006-04-24,0.2395
2006-04-25,0.2423
2006-04-26,0.2427
2006-04-27,0.2462
2006-04-28,0.2499
2006-05-01,0.2492
2006-05-02,0.2477
2006-05-03,0.2517
2006-05-04,0.2476
2006-05-05,0.2498
2006-05-08,0.2437
2006-05-09,0.2453
2006-05-10,0.2473
2006-05-11,0.2577
2006-05-12,0.2564
2006-05-15,0.2494
2006-05-16,0.2496
2006-05-17,0.2507
2006-05-18,0.2482
2006-05-19,0.2428
2006-05-22,0.2417
2006-05-23,0.2468
2006-05-24,0.2433
2006-05-25,0.2434
2006-05-26,0.2436
2006-05-30,0.2465
2006-05-31,0.2441
2006-06-01,0.244
2006-06-02,0.2468
2006-06-05,0.2455
2006-06-06,0.2428
2006-06-07,0.242
2006-06-08,0.239
2006-06-09,0.2411
2006-06-12,0.2455
2006-06-13,0.2422
2006-06-14,0.2402
2006-06-15,0.2407
2006-06-16,0.2411
2006-06-19,0.2345
2006-06-20,0.2353
2006-06-21,0.2369
2006-06-22,0.2374
2006-06-23,0.2387
2006-06-26,0.2369
2006-06-27,0.2439
2006-06-28,0.2452
2006-06-29,0.2489
2006-06-30,0.2561
2006-07-03,0.2542
2006-07-05,0.2557
2006-07-06,0.2637
2006-07-07,0.2635
2006-07-10,0.2655
2006-07-11,0.2669
2006-07-12,0.2623
2006-07-13,0.2631
2006-07-14,0.2649
2006-07-17,0.2603
2006-07-18,0.256
2006-07-19,0.254
2006-07-20,0.2566
2006-07-21,0.2542
2006-07-24,0.2555
2006-07-25,0.2553
2006-07-26,0.2533
2006-07-27,0.2512
2006-07-28,0.2564
2006-07-31,0.2597
2006-08-01,0.2578
2006-08-02,0.2625
2006-08-03,0.2597
2006-08-04,0.258
2006-08-07,0.2556
2006-08-08,0.2544
2006-08-09,0.2577
2006-08-10,0.2545
2006-08-11,0.2474
2006-08-14,0.2432
2006-08-15,0.2463
2006-08-16,0.244
2006-08-17,0.2411
2006-08-18,0.2417
2006-08-21,0.2443
2006-08-22,0.2473
2006-08-23,0.247
2006-08-24,0.2416
2006-08-25,0.2413
2006-08-28,0.2372
2006-08-29,0.2361
2006-08-30,0.2412
2006-08-31,0.2439
2006-09-01,0.2396
2006-09-05,0.2372
2006-09-06,0.2363
2006-09-07,0.236
2006-09-08,0.239
2006-09-11,0.2368
2006-09-12,0.2349
2006-09-13,0.2388
2006-09-14,0.2411
2006-09-15,0.2394
2006-09-18,0.2379
2006-09-19,0.2348
2006-09-20,0.2341
2006-09-21,0.2355
2006-09-22,0.2312
2006-09-25,0.2307
2006-09-26,0.2301
2006-09-27,0.2307
2006-09-28,0.2331
2006-09-29,0.2315
2006-10-02,0.2296
2006-10-03,0.2266
2006-10-04,0.229
2006-10-05,0.232
2006-10-06,0.2338
2006-10-09,0.2408
2006-10-10,0.2364
2006-10-11,0.2388
2006-10-12,0.2427
2006-10-13,0.2431
2006-10-16,0.2431
2006-10-17,0.2506
2006-10-18,0.2532
2006-10-19,0.2592
2006-10-20,0.2555
2006-10-23,0.2531
2006-10-24,0.2602
2006-10-25,0.2596
2006-10-26,0.2642
2006-10-27,0.2688
2006-10-30,0.2665
2006-10-31,0.2621
2006-11-01,0.2685
2006-11-02,0.2688
2006-11-03,0.2706
2006-11-06,0.2692
2006-11-07,0.2705
2006-11-08,0.271
2006-11-09,0.2709
2006-11-10,0.2707
2006-11-13,0.2737
2006-11-14,0.2804
2006-11-15,0.2777
2006-11-16,0.2771
2006-11-17,0.2766
2006-11-20,0.2747
2006-11-21,0.2826
2006-11-22,0.2825
2006-11-24,0.2747
2006-11-27,0.2849
2006-11-28,0.2814
2006-11-29,0.2836
2006-11-30,0.2856
2006-12-01,0.2861
2006-12-04,0.2797
2006-12-05,0.2822
2006-12-06,0.2778
2006-12-07,0.2773
2006-12-08,0.2763
2006-12-11,0.2803
2006-12-12,0.2769
2006-12-13,0.2781
2006-12-14,0.2739
2006-12-15,0.2715
2006-12-18,0.2671
2006-12-19,0.27
2006-12-20,0.269
2006-12-21,0.271
2006-12-22,0.2742
2006-12-26,0.2786
2006-12-27,0.2786
2006-12-28,0.2818
2006-12-29,0.2826
2007-01-02,0.297
2007-01-03,0.2821
2007-01-04,0.2779
2007-01-05,0.2793
2007-01-08,0.2762
2007-01-09,0.273
2007-01-10,0.2683
2007-01-11,0.2749
2007-01-12,0.2828
2007-01-16,0.2792
2007-01-17,0.2809
2007-01-18,0.2794
2007-01-19,0.2843
2007-01-22,0.2843
2007-01-23,0.2905
2007-01-24,0.2835
2007-01-25,0.2804
2007-01-26,0.28
2007-01-29,0.2782
2007-01-30,0.2833
2007-01-31,0.2809
2007-02-01,0.2833
2007-02-02,0.2912
2007-02-05,0.2937
2007-02-06,0.2912
2007-02-07,0.2918
2007-02-08,0.2918
2007-02-09,0.2909
2007-02-12,0.2864
2007-02-13,0.2864
2007-02-14,0.2843
2007-02-15,0.2851
2007-02-16,0.2866
2007-02-20,0.2844
2007-02-21,0.2887
2007-02-22,0.2907
2007-02-23,0.2914
2007-02-26,0.2946
2007-02-27,0.2889
2007-02-28,0.2963
2007-03-01,0.2888
2007-03-02,0.2895
2007-03-05,0.2885
2007-03-06,0.2872
2007-03-07,0.2908
2007-03-08,0.2907
2007-03-09,0.2946
2007-03-12,0.2958
2007-03-13,0.2934
2007-03-14,0.2945
2007-03-15,0.2888
2007-03-16,0.294
2007-03-19,0.2961
2007-03-20,0.2986
2007-03-21,0.2972
2007-03-22,0.299
2007-03-23,0.3058
2007-03-26,0.3029
2007-03-27,0.3043
2007-03-28,0.3091
2007-03-29,0.3147
2007-03-30,0.3098
2007-04-02,0.3126
2007-04-03,0.3087
2007-04-04,0.3119
2007-04-05,0.3105
2007-04-09,0.307
2007-04-10,0.3108
2007-04-11,0.314
2007-04-12,0.3127
2007-04-13,0.3159
2007-04-16,0.3141
2007-04-17,0.3049
2007-04-18,0.2969
2007-04-19,0.3031
2007-04-20,0.311
2007-04-23,0.3088
2007-04-24,0.3061
2007-04-25,0.3147
2007-04-26,0.3096
2007-04-27,0.3168
2007-04-30,0.321
2007-05-01,0.3214
2007-05-02,0.3196
2007-05-03,0.32
2007-05-04,0.3154
2007-05-07,0.3141
2007-05-08,0.3141
2007-05-09,0.3168
2007-05-10,0.3209
2007-05-11,0.3276
2007-05-14,0.3286
2007-05-15,0.3297
2007-05-16,0.331
2007-05-17,0.3334
2007-05-18,0.3352
2007-05-21,0.3376
2007-05-22,0.3333
2007-05-23,0.3339
2007-05-24,0.3408
2007-05-25,0.3434
2007-05-29,0.3368
2007-05-30,0.3406
2007-05-31,0.3421
2007-06-01,0.3431
2007-06-04,0.3425
2007-06-05,0.3477
2007-06-06,0.344
2007-06-07,0.3486
2007-06-08,0.3387
2007-06-11,0.3392
2007-06-12,0.3377
2007-06-13,0.3337
2007-06-14,0.3366
2007-06-15,0.3438
2007-06-18,0.3459
2007-06-19,0.3382
2007-06-20,0.3381
2007-06-21,0.3354
2007-06-22,0.3323
2007-06-25,0.3358
2007-06-26,0.3348
2007-06-27,0.3346
2007-06-28,0.3407
2007-06-29,0.3513
2007-07-02,0.3523
2007-07-03,0.3486
2007-07-05,0.3566
2007-07-06,0.3608
2007-07-09,0.3626
2007-07-10,0.3659
2007-07-11,0.361
2007-07-12,0.3629
2007-07-13,0.3634
2007-07-16,0.356
2007-07-17,0.3529
2007-07-18,0.355
2007-07-19,0.3613
2007-07-20,0.3599
2007-07-23,0.3517
2007-07-24,0.3529
2007-07-25,0.3512
2007-07-26,0.3509
2007-07-27,0.3525
2007-07-30,0.359
2007-07-31,0.3626
2007-08-01,0.3619
2007-08-02,0.3626
2007-08-03,0.3621
2007-08-06,0.3536
2007-08-07,0.3557
2007-08-08,0.3601
2007-08-09,0.357
2007-08-10,0.3516
2007-08-13,0.3523
2007-08-14,0.3448
2007-08-15,0.3446
2007-08-16,0.3342
2007-08-17,0.3401
2007-08-20,0.3361
2007-08-21,0.3354
2007-08-22,0.3382
2007-08-23,0.3391
2007-08-24,0.3454
2007-08-27,0.348
2007-08-28,0.3469
2007-08-29,0.3488
2007-08-30,0.3495
2007-08-31,0.3514
2007-09-04,0.3581
2007-09-05,0.356
2007-09-06,0.3587
2007-09-07,0.3556
2007-09-10,0.3602
2007-09-11,0.3614
2007-09-12,0.3707
2007-09-13,0.3729
2007-09-14,0.3764
2007-09-17,0.3784
2007-09-18,0.376
2007-09-19,0.374
2007-09-20,0.3756
2007-09-21,0.3712
2007-09-24,0.3758
2007-09-25,0.3676
2007-09-26,0.3709
2007-09-27,0.378
2007-09-28,0.3761
2007-10-01,0.3717
2007-10-02,0.3615
2007-10-03,0.367
2007-10-04,0.3718
2007-10-05,0.3703
2007-10-08,0.3648
2007-10-09,0.3699
2007-10-10,0.3747
2007-10-11,0.3797
2007-10-12,0.3753
2007-10-15,0.3806
2007-10-16,0.3823
2007-10-17,0.3815
2007-10-18,0.3899
2007-10-19,0.3856
2007-10-22,0.3822
2007-10-23,0.3842
2007-10-24,0.3848
2007-10-25,0.3892
2007-10-26,0.3938
2007-10-29,0.402
2007-10-30,0.3968
2007-10-31,0.4031
2007-11-01,0.4007
2007-11-02,0.4064
2007-11-05,0.4056
2007-11-06,0.4162
2007-11-07,0.4164
2007-11-08,0.4215
2007-11-09,0.4308
2007-11-12,0.4246
2007-11-13,0.4223
2007-11-14,0.4305
2007-11-15,0.4266
2007-11-16,0.4282
2007-11-19,0.428
2007-11-20,0.4372
2007-11-21,0.4382
2007-11-23,0.4382
2007-11-26,0.4456
2007-11-27,0.4417
2007-11-28,0.44
2007-11-29,0.4407
2007-11-30,0.4351
2007-12-03,0.4329
2007-12-04,0.4337
2007-12-05,0.437
2007-12-06,0.4414
2007-12-07,0.442
2007-12-10,0.442
2007-12-11,0.4442
2007-12-12,0.4519
2007-12-13,0.4476
2007-12-14,0.4472
2007-12-17,0.4467
2007-12-18,0.4483
2007-12-19,0.4545
2007-12-20,0.4525
2007-12-21,0.4577
2007-12-24,0.4577
2007-12-26,0.4768
2007-12-27,0.4736
2007-12-28,0.4745
2007-12-31,0.4747
2008-01-02,0.4855
2008-01-03,0.4893
2008-01-04,0.4893
2008-01-07,0.485
2008-01-08,0.4875
2008-01-09,0.4908
2008-01-10,0.4927
2008-01-11,0.5066
2008-01-14,0.5117
2008-01-15,0.5131
2008-01-16,0.506
2008-01-17,0.5078
2008-01-18,0.5101
2008-01-22,0.4955
2008-01-23,0.4743
2008-01-24,0.4918
2008-01-25,0.4926
2008-01-28,0.4967
2008-01-29,0.5067
2008-01-30,0.5083
2008-01-31,0.5083
2008-02-01,0.5149
2008-02-04,0.5301
2008-02-05,0.5265
2008-02-06,0.5253
2008-02-07,0.5249
2008-02-08,0.5279
2008-02-11,0.5267
2008-02-12,0.5303
2008-02-13,0.5313
2008-02-14,0.5553
2008-02-15,0.5594
2008-02-19,0.5758
2008-02-20,0.5805
2008-02-21,0.5856
2008-02-22,0.5955
2008-02-25,0.6085
2008-02-26,0.6152
2008-02-27,0.6184
2008-02-28,0.6417
2008-02-29,0.6569
2008-03-03,0.6769
2008-03-04,0.6569
2008-03-05,0.642
2008-03-06,0.622
2008-03-07,0.602
2008-03-10,0.5901
2008-03-11,0.6006
2008-03-12,0.5899
2008-03-13,0.5931
2008-03-14,0.5731
2008-03-17,0.5731
2008-03-18,0.5515
2008-03-19,0.5315
2008-03-20,0.5102
2008-03-24,0.5239
2008-03-25,0.5439
2008-03-26,0.5462
2008-03-27,0.5435
2008-03-28,0.5185
2008-03-31,0.4835
2008-04-01,0.4902
2008-04-02,0.5205
2008-04-03,0.5237
2008-04-04,0.5361
2008-04-07,0.5297
2008-04-08,0.5284
2008-04-09,0.5532
2008-04-10,0.578
2008-04-11,0.5819
2008-04-14,0.6
2008-04-15,0.6102
2008-04-16,0.6003
2008-04-17,0.5933
2008-04-18,0.5948
2008-04-21,0.5749
2008-04-22,0.5947
2008-04-23,0.5973
2008-04-24,0.5867
2008-04-25,0.5747
2008-04-28,0.5625
2008-04-29,0.5534
2008-04-30,0.5629
2008-05-01,0.5385
2008-05-02,0.5476
2008-05-05,0.5505
2008-05-06,0.5534
2008-05-07,0.5666
2008-05-08,0.5705
2008-05-09,0.595
2008-05-12,0.5878
2008-05-13,0.596
2008-05-14,0.591
2008-05-15,0.5763
2008-05-16,0.5945
2008-05-19,0.578
2008-05-20,0.5863
2008-05-21,0.61
2008-05-22,0.5959
2008-05-23,0.6131
2008-05-27,0.5995
2008-05-28,0.6065
2008-05-29,0.5855
2008-05-30,0.5956
2008-06-02,0.5995
2008-06-03,0.5929
2008-06-04,0.5872
2008-06-05,0.6107
2008-06-06,0.6259
2008-06-09,0.6255
2008-06-10,0.609
2008-06-11,0.6325
2008-06-12,0.6445
2008-06-13,0.6444
2008-06-16,0.639
2008-06-17,0.6405
2008-06-18,0.6371
2008-06-19,0.6237
2008-06-20,0.6213
2008-06-23,0.6152
2008-06-24,0.6135
2008-06-25,0.6258
2008-06-26,0.6403
2008-06-27,0.6394
2008-06-30,0.6441
2008-07-01,0.6508
2008-07-02,0.6624
2008-07-03,0.6578
2008-07-07,0.6332
2008-07-08,0.6179
2008-07-09,0.6207
2008-07-10,0.6274
2008-07-11,0.6275
2008-07-14,0.6191
2008-07-15,0.6115
2008-07-16,0.6221
2008-07-17,0.6154
2008-07-18,0.6022
2008-07-21,0.5803
2008-07-22,0.575
2008-07-23,0.5642
2008-07-24,0.5642
2008-07-25,0.5704
2008-07-28,0.5717
2008-07-29,0.557
2008-07-30,0.5601
2008-07-31,0.5601
2008-08-01,0.5436
2008-08-04,0.5185
2008-08-05,0.5073
2008-08-06,0.4923
2008-08-07,0.4984
2008-08-08,0.4814
2008-08-11,0.4816
2008-08-12,0.4758
2008-08-13,0.5034
2008-08-14,0.4999
2008-08-15,0.4791
2008-08-18,0.5039
2008-08-19,0.5025
2008-08-20,0.5107
2008-08-21,0.5356
2008-08-22,0.5215
2008-08-25,0.5252
2008-08-26,0.5192
2008-08-27,0.5272
2008-08-28,0.5184
2008-08-29,0.519
2008-09-02,0.5053
2008-09-03,0.4898
2008-09-04,0.4803
2008-09-05,0.468
2008-09-08,0.4715
2008-09-09,0.468
2008-09-10,0.4657
2008-09-11,0.4587
2008-09-12,0.4626
2008-09-15,0.4483
2008-09-16,0.4235
2008-09-17,0.4284
2008-09-18,0.4344
2008-09-19,0.4604
2008-09-22,0.4841
2008-09-23,0.4631
2008-09-24,0.4657
2008-09-25,0.4677
2008-09-26,0.464
2008-09-29,0.437
2008-09-30,0.4287
2008-10-01,0.4343
2008-10-02,0.4193
2008-10-03,0.4125
2008-10-06,0.3875
2008-10-07,0.3857
2008-10-08,0.3839
2008-10-09,0.3841
2008-10-10,0.3591
2008-10-13,0.3783
2008-10-14,0.3662
2008-10-15,0.3415
2008-10-16,0.3407
2008-10-17,0.3412
2008-10-20,0.3623
2008-10-21,0.3442
2008-10-22,0.3192
2008-10-23,0.3144
2008-10-24,0.3009
2008-10-27,0.3009
2008-10-28,0.305
2008-10-29,0.3295
2008-10-30,0.331
2008-10-31,0.321
2008-11-03,0.3324
2008-11-04,0.3447
2008-11-05,0.3252
2008-11-06,0.3267
2008-11-07,0.3252
2008-11-10,0.3388
2008-11-11,0.3223
2008-11-12,0.3108
2008-11-13,0.3131
2008-11-14,0.311
2008-11-17,0.3082
2008-11-18,0.3078
2008-11-19,0.3022
2008-11-20,0.29
2008-11-21,0.2907
2008-11-24,0.3111
2008-11-25,0.3074
2008-11-26,0.31
2008-11-28,0.3074
2008-12-01,0.2961
2008-12-02,0.2892
2008-12-03,0.2908
2008-12-04,0.28
2008-12-05,0.2705
2008-12-08,0.2839
2008-12-09,0.2843
2008-12-10,0.291
2008-12-11,0.2997
2008-12-12,0.2929
2008-12-15,0.2892
2008-12-16,0.2972
2008-12-17,0.2937
2008-12-18,0.2907
2008-12-19,0.2897
2008-12-22,0.2931
2008-12-23,0.2948
2008-12-24,0.2968
2008-12-26,0.2968
2008-12-29,0.3058
2008-12-30,0.3049
2008-12-31,0.3156
2009-01-02,0.3195
2009-01-05,0.3327
2009-01-06,0.3542
2009-01-07,0.343
2009-01-08,0.339
2009-01-09,0.3484
2009-01-12,0.3253
2009-01-13,0.3295
2009-01-14,0.3167
2009-01-15,0.3202
2009-01-16,0.3219
2009-01-20,0.3143
2009-01-21,0.3157
2009-01-22,0.3115
2009-01-23,0.3122
2009-01-26,0.3139
2009-01-27,0.3039
2009-01-28,0.3053
2009-01-29,0.2999
2009-01-30,0.3035
2009-02-02,0.2938
2009-02-03,0.2915
2009-02-04,0.2922
2009-02-05,0.298
2009-02-06,0.3015
2009-02-09,0.311
2009-02-10,0.3039
2009-02-11,0.3035
2009-02-12,0.3
2009-02-13,0.3017
2009-02-17,0.2832
2009-02-18,0.2759
2009-02-19,0.2729
2009-02-20,0.2709
2009-02-23,0.2718
2009-02-24,0.2738
2009-02-25,0.2877
2009-02-26,0.2851
2009-02-27,0.2772
2009-03-02,0.2697
2009-03-03,0.2706
2009-03-04,0.2786
2009-03-05,0.2768
2009-03-06,0.28
2009-03-09,0.2773
2009-03-10,0.2795
2009-03-11,0.2688
2009-03-12,0.2735
2009-03-13,0.2714
2009-03-16,0.2783
2009-03-17,0.2828
2009-03-18,0.2828
2009-03-19,0.2855
2009-03-20,0.2862
2009-03-23,0.2947
2009-03-24,0.2964
2009-03-25,0.2974
2009-03-26,0.2997
2009-03-27,0.291
2009-03-30,0.2841
2009-03-31,0.2999
2009-04-01,0.3012
2009-04-02,0.3197
2009-04-03,0.3219
2009-04-06,0.3186
2009-04-07,0.3194
2009-04-08,0.3218
2009-04-09,0.3252
2009-04-13,0.3316
2009-04-14,0.3405
2009-04-15,0.3405
2009-04-16,0.3385
2009-04-17,0.3387
2009-04-20,0.3255
2009-04-21,0.3313
2009-04-22,0.3316
2009-04-23,0.3327
2009-04-24,0.3341
2009-04-27,0.3261
2009-04-28,0.3197
2009-04-29,0.3263
2009-04-30,0.3344
2009-05-01,0.3465
2009-05-04,0.3516
2009-05-05,0.3491
2009-05-06,0.361
2009-05-07,0.3592
2009-05-08,0.365
2009-05-11,0.3673
2009-05-12,0.373
2009-05-13,0.3678
2009-05-14,0.3651
2009-05-15,0.3552
2009-05-18,0.3578
2009-05-19,0.3619
2009-05-20,0.3639
2009-05-21,0.3598
2009-05-22,0.3598
2009-05-26,0.3575
2009-05-27,0.3581
2009-05-28,0.3581
2009-05-29,0.3705
2009-06-01,0.3845
2009-06-02,0.387
2009-06-03,0.3737
2009-06-04,0.3846
2009-06-05,0.3785
2009-06-08,0.3752
2009-06-09,0.3757
2009-06-10,0.3661
2009-06-11,0.362
2009-06-12,0.3516
2009-06-15,0.3462
2009-06-16,0.3496
2009-06-17,0.351
2009-06-18,0.3495
2009-06-19,0.3495
2009-06-22,0.3393
2009-06-23,0.3493
2009-06-24,0.3369
2009-06-25,0.3404
2009-06-26,0.3358
2009-06-29,0.3358
2009-06-30,0.3252
2009-07-01,0.3332
2009-07-02,0.3268
2009-07-06,0.3179
2009-07-07,0.3027
2009-07-08,0.2955
2009-07-09,0.3003
2009-07-10,0.3021
2009-07-13,0.3077
2009-07-14,0.3114
2009-07-15,0.3087
2009-07-16,0.3055
2009-07-17,0.3157
2009-07-20,0.3209
2009-07-21,0.3177
2009-07-22,0.3127
2009-07-23,0.3142
2009-07-24,0.3064
2009-07-27,0.3035
2009-07-28,0.3035
2009-07-29,0.2982
2009-07-30,0.3168
2009-07-31,0.3156
2009-08-03,0.3404
2009-08-04,0.3395
2009-08-05,0.3459
2009-08-06,0.3383
2009-08-07,0.3378
2009-08-10,0.3349
2009-08-11,0.3349
2009-08-12,0.3502
2009-08-13,0.3464
2009-08-14,0.3418
2009-08-17,0.3287
2009-08-18,0.3294
2009-08-19,0.3311
2009-08-20,0.328
2009-08-21,0.3333
2009-08-24,0.3411
2009-08-25,0.3354
2009-08-26,0.3346
2009-08-27,0.3321
2009-08-28,0.3307
2009-08-31,0.3199
2009-09-01,0.3153
2009-09-02,0.3112
2009-09-03,0.3108
2009-09-04,0.3065
2009-09-08,0.3123
2009-09-09,0.306
2009-09-10,0.3057
2009-09-11,0.3023
2009-09-14,0.3077
2009-09-15,0.318
2009-09-16,0.3175
2009-09-17,0.3192
2009-09-18,0.3205
2009-09-21,0.3114
2009-09-22,0.3113
2009-09-23,0.3078
2009-09-24,0.3071
2009-09-25,0.3054
2009-09-28,0.2974
2009-09-29,0.2997
2009-09-30,0.3072
2009-10-01,0.31
2009-10-02,0.3048
2009-10-05,0.3028
2009-10-06,0.3076
2009-10-07,0.3035
2009-10-08,0.309
2009-10-09,0.3175
2009-10-12,0.3292
2009-10-13,0.3248
2009-10-14,0.3338
2009-10-15,0.3398
2009-10-16,0.3414
2009-10-19,0.3479
2009-10-20,0.3479
2009-10-21,0.3551
2009-10-22,0.3525
2009-10-23,0.3489
2009-10-26,0.3489
2009-10-27,0.3443
2009-10-28,0.3406
2009-10-29,0.3497
2009-10-30,0.339
2009-11-02,0.3429
2009-11-03,0.3503
2009-11-04,0.3505
2009-11-05,0.3518
2009-11-06,0.3477
2009-11-09,0.3577
2009-11-10,0.3556
2009-11-11,0.3637
2009-11-12,0.3649
2009-11-13,0.3673
2009-11-16,0.3789
2009-11-17,0.3789
2009-11-18,0.3767
2009-11-19,0.3737
2009-11-20,0.3763
2009-11-23,0.3732
2009-11-24,0.3762
2009-11-25,0.3849
2009-11-27,0.3849
2009-11-30,0.3819
2009-12-01,0.3858
2009-12-02,0.3775
2009-12-03,0.3775
2009-12-04,0.3776
2009-12-07,0.3823
2009-12-08,0.3805
2009-12-09,0.3675
2009-12-10,0.3694
2009-12-11,0.3707
2009-12-14,0.373
2009-12-15,0.3731
2009-12-16,0.3818
2009-12-17,0.3646
2009-12-18,0.3528
2009-12-21,0.351
2009-12-22,0.3487
2009-12-23,0.349
2009-12-24,0.3528
2009-12-28,0.3645
2009-12-29,0.3625
2009-12-30,0.3633
2009-12-31,0.3633
2010-01-04,0.3772
2010-01-05,0.3772
2010-01-06,0.3769
2010-01-07,0.3661
2010-01-08,0.3678
2010-01-11,0.3617
2010-01-12,0.3525
2010-01-13,0.3563
2010-01-14,0.3528
2010-01-15,0.3428
2010-01-19,0.339
2010-01-20,0.3332
2010-01-21,0.3375
2010-01-22,0.3346
2010-01-25,0.3325
2010-01-26,0.3352
2010-01-27,0.3307
2010-01-28,0.329
2010-01-29,0.329
2010-02-01,0.3294
2010-02-02,0.3422
2010-02-03,0.334
2010-02-04,0.3371
2010-02-05,0.335
2010-02-08,0.3445
2010-02-09,0.3488
2010-02-10,0.3477
2010-02-11,0.3464
2010-02-12,0.3434
2010-02-16,0.3545
2010-02-17,0.3525
2010-02-18,0.352
2010-02-19,0.3502
2010-02-22,0.3533
2010-02-23,0.3481
2010-02-24,0.3578
2010-02-25,0.3528
2010-02-26,0.3604
2010-03-01,0.3625
2010-03-02,0.3656
2010-03-03,0.3677
2010-03-04,0.3638
2010-03-05,0.3647
2010-03-08,0.367
2010-03-09,0.3672
2010-03-10,0.3777
2010-03-11,0.3686
2010-03-12,0.363
2010-03-15,0.359
2010-03-16,0.3612
2010-03-17,0.367
2010-03-18,0.3612
2010-03-19,0.363
2010-03-22,0.3672
2010-03-23,0.3654
2010-03-24,0.362
2010-03-25,0.3595
2010-03-26,0.362
2010-03-29,0.3652
2010-03-30,0.3582
2010-03-31,0.3556
2010-04-01,0.3635
2010-04-05,0.3685
2010-04-06,0.3727
2010-04-07,0.3765
2010-04-08,0.3754
2010-04-09,0.3766
2010-04-12,0.3744
2010-04-13,0.3759
2010-04-14,0.3771
2010-04-15,0.3792
2010-04-16,0.3765
2010-04-19,0.3678
2010-04-20,0.3692
2010-04-21,0.3675
2010-04-22,0.3689
2010-04-23,0.3715
2010-04-26,0.3709
2010-04-27,0.3692
2010-04-28,0.3629
2010-04-29,0.3655
2010-04-30,0.3633
2010-05-03,0.364
2010-05-04,0.3611
2010-05-05,0.3668
2010-05-06,0.3587
2010-05-07,0.3619
2010-05-10,0.3619
2010-05-11,0.3632
2010-05-12,0.3618
2010-05-13,0.358
2010-05-14,0.3526
2010-05-17,0.3488
2010-05-18,0.3494
2010-05-19,0.3475
2010-05-20,0.3464
2010-05-21,0.3421
2010-05-24,0.3477
2010-05-25,0.3442
2010-05-26,0.3485
2010-05-27,0.3525
2010-05-28,0.3468
2010-06-01,0.3417
2010-06-02,0.3449
2010-06-03,0.3473
2010-06-04,0.3385
2010-06-07,0.3354
2010-06-08,0.3374
2010-06-09,0.3395
2010-06-10,0.3395
2010-06-11,0.341
2010-06-14,0.3459
2010-06-15,0.3501
2010-06-16,0.3545
2010-06-17,0.3537
2010-06-18,0.3524
2010-06-21,0.3537
2010-06-22,0.3525
2010-06-23,0.3491
2010-06-24,0.3449
2010-06-25,0.3448
2010-06-28,0.3426
2010-06-29,0.3325
2010-06-30,0.336
2010-07-01,0.3312
2010-07-02,0.3326
2010-07-06,0.3309
2010-07-07,0.3393
2010-07-08,0.3398
2010-07-09,0.345
2010-07-12,0.3462
2010-07-13,0.3509
2010-07-14,0.3523
2010-07-15,0.3571
2010-07-16,0.3543
2010-07-19,0.3508
2010-07-20,0.3545
2010-07-21,0.3531
2010-07-22,0.3595
2010-07-23,0.3612
2010-07-26,0.3585
2010-07-27,0.3561
2010-07-28,0.3589
2010-07-29,0.3632
2010-07-30,0.3688
2010-08-02,0.3749
2010-08-03,0.38
2010-08-04,0.3828
2010-08-05,0.3826
2010-08-06,0.3831
2010-08-09,0.3864
2010-08-10,0.3813
2010-08-11,0.3869
2010-08-12,0.3813
2010-08-13,0.3944
2010-08-16,0.3837
2010-08-17,0.3851
2010-08-18,0.3773
2010-08-19,0.3676
2010-08-20,0.3639
2010-08-23,0.3612
2010-08-24,0.3635
2010-08-25,0.3601
2010-08-26,0.3636
2010-08-27,0.3707
2010-08-30,0.3682
2010-08-31,0.3635
2010-09-01,0.366
2010-09-02,0.3666
2010-09-03,0.3731
2010-09-07,0.3826
2010-09-08,0.3808
2010-09-09,0.3806
2010-09-10,0.3823
2010-09-13,0.3829
2010-09-14,0.3825
2010-09-15,0.3863
2010-09-16,0.3838
2010-09-17,0.3838
2010-09-20,0.3967
2010-09-21,0.3944
2010-09-22,0.3994
2010-09-23,0.4058
2010-09-24,0.4155
2010-09-27,0.4173
2010-09-28,0.4171
2010-09-29,0.4121
2010-09-30,0.4185
2010-10-01,0.4064
2010-10-04,0.4017
2010-10-05,0.4062
2010-10-06,0.4083
2010-10-07,0.4117
2010-10-08,0.4367
2010-10-11,0.434
2010-10-12,0.44
2010-10-13,0.4458
2010-10-14,0.4502
2010-10-15,0.4477
2010-10-18,0.4466
2010-10-19,0.441
2010-10-20,0.4547
2010-10-21,0.4511
2010-10-22,0.4505
2010-10-25,0.4622
2010-10-26,0.4628
2010-10-27,0.463
2010-10-28,0.4645
2010-10-29,0.46
2010-11-01,0.4645
2010-11-02,0.4633
2010-11-03,0.4655
2010-11-04,0.479
2010-11-05,0.4887
2010-11-08,0.487
2010-11-09,0.5005
2010-11-10,0.506
2010-11-11,0.5168
2010-11-12,0.4918
2010-11-15,0.4912
2010-11-16,0.4662
2010-11-17,0.4554
2010-11-18,0.4752
2010-11-19,0.4556
2010-11-22,0.4578
2010-11-23,0.4582
2010-11-24,0.4673
2010-11-26,0.4673
2010-11-29,0.4637
2010-11-30,0.4715
2010-12-01,0.49
2010-12-02,0.4922
2010-12-03,0.4983
2010-12-06,0.4988
2010-12-07,0.5014
2010-12-08,0.508
2010-12-09,0.5077
2010-12-10,0.5078
2010-12-13,0.5207
2010-12-14,0.5168
2010-12-15,0.5092
2010-12-16,0.5079
2010-12-17,0.5085
2010-12-20,0.517
2010-12-21,0.5228
2010-12-22,0.5279
2010-12-23,0.5279
2010-12-27,0.5397
2010-12-28,0.5364
2010-12-29,0.5338
2010-12-30,0.5361
2010-12-31,0.5361
2011-01-03,0.5396
2011-01-04,0.532
2011-01-05,0.5438
2011-01-06,0.5403
2011-01-07,0.5344
2011-01-10,0.5375
2011-01-11,0.5323
2011-01-12,0.5449
2011-01-13,0.5433
2011-01-14,0.5413
2011-01-18,0.5417
2011-01-19,0.5426
2011-01-20,0.5383
2011-01-21,0.5413
2011-01-24,0.5375
2011-01-25,0.5285
2011-01-26,0.5327
2011-01-27,0.5398
2011-01-28,0.5384
2011-01-31,0.5445
2011-02-01,0.5529
2011-02-02,0.5582
2011-02-03,0.5545
2011-02-04,0.5565
2011-02-07,0.5508
2011-02-08,0.5544
2011-02-09,0.5639
2011-02-10,0.5571
2011-02-11,0.5516
2011-02-14,0.5436
2011-02-15,0.5321
2011-02-16,0.5333
2011-02-17,0.5497
2011-02-18,0.5317
2011-02-22,0.5071
2011-02-23,0.5174
2011-02-24,0.5133
2011-02-25,0.5367
2011-02-28,0.5349
2011-03-01,0.5379
2011-03-02,0.5592
2011-03-03,0.5587
2011-03-04,0.566
2011-03-07,0.562
2011-03-08,0.5558
2011-03-09,0.5424
2011-03-10,0.5405
2011-03-11,0.5302
2011-03-14,0.525
2011-03-15,0.5
2011-03-16,0.4996
2011-03-17,0.5152
2011-03-18,0.5277
2011-03-21,0.533
2011-03-22,0.5328
2011-03-23,0.5335
2011-03-24,0.5424
2011-03-25,0.5496
2011-03-28,0.5365
2011-03-29,0.5514
2011-03-30,0.5514
2011-03-31,0.5708
2011-04-01,0.5698
2011-04-04,0.5718
2011-04-05,0.5715
2011-04-06,0.5733
2011-04-07,0.5687
2011-04-08,0.584
2011-04-11,0.5745
2011-04-12,0.5587
2011-04-13,0.5601
2011-04-14,0.5552
2011-04-15,0.5549
2011-04-18,0.5604
2011-04-19,0.5618
2011-04-20,0.5679
2011-04-21,0.5692
2011-04-25,0.5686
2011-04-26,0.567
2011-04-27,0.5664
2011-04-28,0.5533
2011-04-29,0.5726
2011-05-02,0.5732
2011-05-03,0.564
2011-05-04,0.5612
2011-05-05,0.5473
2011-05-06,0.5469
2011-05-09,0.5529
2011-05-10,0.558
2011-05-11,0.553
2011-05-12,0.5546
2011-05-13,0.5514
2011-05-16,0.5491
2011-05-17,0.5504
2011-05-18,0.563
2011-05-19,0.5646
2011-05-20,0.5646
2011-05-23,0.5622
2011-05-24,0.5648
2011-05-25,0.5696
2011-05-26,0.577
2011-05-27,0.5761
2011-05-31,0.5749
2011-06-01,0.5743
2011-06-02,0.5791
2011-06-03,0.5766
2011-06-06,0.5696
2011-06-07,0.5686
2011-06-08,0.5687
2011-06-09,0.5633
2011-06-10,0.5578
2011-06-13,0.5582
2011-06-14,0.5585
2011-06-15,0.5605
2011-06-16,0.5532
2011-06-17,0.5492
2011-06-20,0.5452
2011-06-21,0.556
2011-06-22,0.5515
2011-06-23,0.5415
2011-06-24,0.5422
2011-06-27,0.5391
2011-06-28,0.5433
2011-06-29,0.5483
2011-06-30,0.5404
2011-07-01,0.5416
2011-07-05,0.541
2011-07-06,0.5443
2011-07-07,0.5561
2011-07-08,0.5532
2011-07-11,0.5532
2011-07-12,0.554
2011-07-13,0.5618
2011-07-14,0.5594
2011-07-15,0.5598
2011-07-18,0.5555
2011-07-19,0.5532
2011-07-20,0.554
2011-07-21,0.5546
2011-07-22,0.5514
2011-07-25,0.5473
2011-07-26,0.5522
2011-07-27,0.5528
2011-07-28,0.5464
2011-07-29,0.5453
2011-08-01,0.5503
2011-08-02,0.5597
2011-08-03,0.5516
2011-08-04,0.5393
2011-08-05,0.5378
2011-08-08,0.527
2011-08-09,0.5191
2011-08-10,0.5188
2011-08-11,0.5285
2011-08-12,0.5291
2011-08-15,0.5366
2011-08-16,0.5375
2011-08-17,0.544
2011-08-18,0.5402
2011-08-19,0.5427
2011-08-22,0.5448
2011-08-23,0.545
2011-08-24,0.5453
2011-08-25,0.5448
2011-08-26,0.5448
2011-08-29,0.5675
2011-08-30,0.5695
2011-08-31,0.5755
2011-09-01,0.5696
2011-09-02,0.5699
2011-09-06,0.5694
2011-09-07,0.5768
2011-09-08,0.5758
2011-09-09,0.5797
2011-09-12,0.5689
2011-09-13,0.5665
2011-09-14,0.5641
2011-09-15,0.5597
2011-09-16,0.563
2011-09-19,0.5528
2011-09-20,0.5506
2011-09-21,0.5529
2011-09-22,0.5393
2011-09-23,0.5265
2011-09-26,0.5247
2011-09-27,0.5282
2011-09-28,0.518
2011-09-29,0.5188
2011-09-30,0.502
2011-10-03,0.5001
2011-10-04,0.4904
2011-10-05,0.497
2011-10-06,0.4964
2011-10-07,0.4995
2011-10-10,0.5074
2011-10-11,0.5281
2011-10-12,0.5249
2011-10-13,0.5307
2011-10-14,0.5417
2011-10-17,0.5353
2011-10-18,0.5333
2011-10-19,0.5211
2011-10-20,0.5189
2011-10-21,0.5175
2011-10-24,0.5229
2011-10-25,0.52
2011-10-26,0.5139
2011-10-27,0.5261
2011-10-28,0.5227
2011-10-31,0.5167
2011-11-01,0.5143
2011-11-02,0.5148
2011-11-03,0.5266
2011-11-04,0.525
2011-11-07,0.5183
2011-11-08,0.5248
2011-11-09,0.5162
2011-11-10,0.5115
2011-11-11,0.5161
2011-11-14,0.5195
2011-11-15,0.5323
2011-11-16,0.5303
2011-11-17,0.5195
2011-11-18,0.5141
2011-11-21,0.5044
2011-11-22,0.5133
2011-11-23,0.4987
2011-11-25,0.4987
2011-11-28,0.4941
2011-11-29,0.4973
2011-11-30,0.4977
2011-12-01,0.5002
2011-12-02,0.507
2011-12-05,0.507
2011-12-06,0.5061
2011-12-07,0.5073
2011-12-08,0.5045
2011-12-09,0.496
2011-12-12,0.4932
2011-12-13,0.4925
2011-12-14,0.484
2011-12-15,0.4898
2011-12-16,0.4955
2011-12-19,0.4905
2011-12-20,0.4938
2011-12-21,0.4933
2011-12-22,0.5033
2011-12-23,0.5084
2011-12-27,0.5172
2011-12-28,0.5166
2011-12-29,0.5102
2011-12-30,0.5197
2012-01-03,0.5268
2012-01-04,0.5266
2012-01-05,0.5169
2012-01-06,0.5075
2012-01-09,0.5196
2012-01-10,0.5213
2012-01-11,0.5152
2012-01-12,0.5096
2012-01-13,0.4979
2012-01-17,0.5027
2012-01-18,0.4978
2012-01-19,0.5044
2012-01-20,0.4981
2012-01-23,0.5092
2012-01-24,0.5085
2012-01-25,0.5089
2012-01-26,0.5144
2012-01-27,0.5109
2012-01-30,0.4975
2012-01-31,0.5037
2012-02-01,0.5068
2012-02-02,0.5069
2012-02-03,0.5115
2012-02-06,0.5154
2012-02-07,0.5142
2012-02-08,0.5176
2012-02-09,0.5172
2012-02-10,0.5183
2012-02-13,0.523
2012-02-14,0.5227
2012-02-15,0.526
2012-02-16,0.523
2012-02-17,0.5265
2012-02-21,0.5331
2012-02-22,0.5345
2012-02-23,0.5343
2012-02-24,0.5352
2012-02-27,0.5369
2012-02-28,0.5365
2012-02-29,0.5319
2012-03-01,0.5304
2012-03-02,0.5286
2012-03-05,0.5251
2012-03-06,0.5202
2012-03-07,0.5198
2012-03-08,0.5239
2012-03-09,0.5327
2012-03-12,0.5296
2012-03-13,0.5387
2012-03-14,0.538
2012-03-15,0.5448
2012-03-16,0.545
2012-03-19,0.544
2012-03-20,0.5333
2012-03-21,0.5351
2012-03-22,0.5309
2012-03-23,0.5401
2012-03-26,0.5456
2012-03-27,0.5423
2012-03-28,0.5375
2012-03-29,0.5274
2012-03-30,0.5425
2012-04-02,0.5531
2012-04-03,0.5505
2012-04-04,0.5502
2012-04-05,0.5564
2012-04-09,0.5571
2012-04-10,0.5597
2012-04-11,0.5545
2012-04-12,0.5623
2012-04-13,0.5552
2012-04-16,0.5466
2012-04-17,0.5476
2012-04-18,0.5419
2012-04-19,0.5417
2012-04-20,0.5483
2012-04-23,0.5409
2012-04-24,0.5429
2012-04-25,0.5503
2012-04-26,0.5475
2012-04-27,0.5453
2012-04-30,0.5405
2012-05-01,0.5391
2012-05-02,0.5371
2012-05-03,0.5316
2012-05-04,0.5265
2012-05-07,0.5258
2012-05-08,0.5227
2012-05-09,0.5195
2012-05-10,0.5263
2012-05-11,0.5137
2012-05-14,0.5043
2012-05-15,0.506
2012-05-16,0.4956
2012-05-17,0.4985
2012-05-18,0.4945
2012-05-21,0.5005
2012-05-22,0.4959
2012-05-23,0.4791
2012-05-24,0.4842
2012-05-25,0.4912
2012-05-29,0.4917
2012-05-30,0.4917
2012-05-31,0.482
2012-06-01,0.4759
2012-06-04,0.4731
2012-06-05,0.475
2012-06-06,0.4825
2012-06-07,0.4939
2012-06-08,0.4846
2012-06-11,0.4874
2012-06-12,0.4872
2012-06-13,0.481
2012-06-14,0.4655
2012-06-15,0.4744
2012-06-18,0.4776
2012-06-19,0.4944
2012-06-20,0.4944
2012-06-21,0.4844
2012-06-22,0.4837
2012-06-25,0.499
2012-06-26,0.4951
2012-06-27,0.4999
2012-06-28,0.4935
2012-06-29,0.5084
2012-07-02,0.5081
2012-07-03,0.5158
2012-07-05,0.5296
2012-07-06,0.5207
2012-07-09,0.5334
2012-07-10,0.5282
2012-07-11,0.5237
2012-07-12,0.5189
2012-07-13,0.5225
2012-07-16,0.532
2012-07-17,0.5269
2012-07-18,0.5251
2012-07-19,0.529
2012-07-20,0.5286
2012-07-23,0.5225
2012-07-24,0.5008
2012-07-25,0.5097
2012-07-26,0.5251
2012-07-27,0.5077
2012-07-30,0.513
2012-07-31,0.5128
2012-08-01,0.5046
2012-08-02,0.5027
2012-08-03,0.5077
2012-08-06,0.5021
2012-08-07,0.5002
2012-08-08,0.5031
2012-08-09,0.5112
2012-08-10,0.5233
2012-08-13,0.5183
2012-08-14,0.5152
2012-08-15,0.5182
2012-08-16,0.5179
2012-08-17,0.5186
2012-08-20,0.5264
2012-08-21,0.5432
2012-08-22,0.5492
2012-08-23,0.5487
2012-08-24,0.5499
2012-08-27,0.5466
2012-08-28,0.5448
2012-08-29,0.5539
2012-08-30,0.5534
2012-08-31,0.5517
2012-09-04,0.5632
2012-09-05,0.5611
2012-09-06,0.5553
2012-09-07,0.5482
2012-09-10,0.5471
2012-09-11,0.5406
2012-09-12,0.5482
2012-09-13,0.5535
2012-09-14,0.5572
2012-09-17,0.5373
2012-09-18,0.5366
2012-09-19,0.5458
2012-09-20,0.5338
2012-09-21,0.532
2012-09-24,0.5251
2012-09-25,0.5184
2012-09-26,0.5035
2012-09-27,0.5086
2012-09-28,0.5093
2012-10-01,0.4947
2012-10-02,0.4902
2012-10-03,0.4908
2012-10-04,0.4979
2012-10-05,0.4954
2012-10-08,0.4928
2012-10-09,0.496
2012-10-10,0.4906
2012-10-11,0.4976
2012-10-12,0.491
2012-10-15,0.4844
2012-10-16,0.489
2012-10-17,0.4946
2012-10-18,0.5073
2012-10-19,0.5001
2012-10-22,0.5009
2012-10-23,0.497
2012-10-24,0.4997
2012-10-25,0.4958
2012-10-26,0.4909
2012-10-29,0.4909
2012-10-30,0.4822
2012-10-31,0.4804
2012-11-01,0.4831
2012-11-02,0.4714
2012-11-05,0.462
2012-11-06,0.4656
2012-11-07,0.465
2012-11-08,0.4665
2012-11-09,0.4565
2012-11-12,0.4527
2012-11-13,0.449
2012-11-14,0.453
2012-11-15,0.4509
2012-11-16,0.4468
2012-11-19,0.4552
2012-11-20,0.4595
2012-11-21,0.4616
2012-11-23,0.4616
2012-11-26,0.4665
2012-11-27,0.475
2012-11-28,0.4749
2012-11-29,0.4715
2012-11-30,0.4679
2012-12-03,0.4728
2012-12-04,0.4712
2012-12-05,0.4838
2012-12-06,0.4858
2012-12-07,0.4851
2012-12-10,0.4853
2012-12-11,0.4758
2012-12-12,0.4729
2012-12-13,0.4675
2012-12-14,0.4774
2012-12-17,0.4754
2012-12-18,0.4692
2012-12-19,0.4616
2012-12-20,0.4566
2012-12-21,0.4646
2012-12-24,0.4646
2012-12-26,0.4604
2012-12-27,0.4604
2012-12-28,0.4669
2012-12-31,0.4686
2013-01-02,0.4835
2013-01-03,0.4804
2013-01-04,0.4725
2013-01-07,0.4728
2013-01-08,0.4692
2013-01-09,0.475
2013-01-10,0.4763
2013-01-11,0.4712
2013-01-14,0.4833
2013-01-15,0.4875
2013-01-16,0.4869
2013-01-17,0.4937
2013-01-18,0.4956
2013-01-22,0.5031
2013-01-23,0.4991
2013-01-24,0.4999
2013-01-25,0.4998
2013-01-28,0.4977
2013-01-29,0.4959
2013-01-30,0.5048
2013-01-31,0.5074
2013-02-01,0.5087
2013-02-04,0.5099
2013-02-05,0.5086
2013-02-06,0.5033
2013-02-07,0.4973
2013-02-08,0.4931
2013-02-11,0.4912
2013-02-12,0.4898
2013-02-13,0.4954
2013-02-14,0.4958
2013-02-15,0.495
2013-02-19,0.5041
2013-02-20,0.5025
2013-02-21,0.4949
2013-02-22,0.4853
2013-02-25,0.4825
2013-02-26,0.4825
2013-02-27,0.4745
2013-02-28,0.47
2013-03-01,0.4785
2013-03-04,0.4843
2013-03-05,0.483
2013-03-06,0.4844
2013-03-07,0.4878
2013-03-08,0.4854
2013-03-11,0.4862
2013-03-12,0.4821
2013-03-13,0.479
2013-03-14,0.4772
2013-03-15,0.4829
2013-03-18,0.4806
2013-03-19,0.4786
2013-03-20,0.4884
2013-03-21,0.4942
2013-03-22,0.4943
2013-03-25,0.4944
2013-03-26,0.4982
2013-03-27,0.4957
2013-03-28,0.4886
2013-04-01,0.4981
2013-04-02,0.4934
2013-04-03,0.489
2013-04-04,0.4843
2013-04-05,0.4871
2013-04-08,0.494
2013-04-09,0.4986
2013-04-10,0.5016
2013-04-11,0.499
2013-04-12,0.4936
2013-04-15,0.4831
2013-04-16,0.4911
2013-04-17,0.4942
2013-04-18,0.4969
2013-04-19,0.4919
2013-04-22,0.4865
2013-04-23,0.486
2013-04-24,0.4921
2013-04-25,0.498
2013-04-26,0.4969
2013-04-29,0.4949
2013-04-30,0.4916
2013-05-01,0.4889
2013-05-02,0.4867
2013-05-03,0.4941
2013-05-06,0.4894
2013-05-07,0.4934
2013-05-08,0.4907
2013-05-09,0.4947
2013-05-10,0.4948
2013-05-13,0.4986
2013-05-14,0.5001
2013-05-15,0.496
2013-05-16,0.4977
2013-05-17,0.4977
2013-05-20,0.4945
2013-05-21,0.4973
2013-05-22,0.4977
2013-05-23,0.4959
2013-05-24,0.4917
2013-05-28,0.4947
2013-05-29,0.4856
2013-05-30,0.4851
2013-05-31,0.4831
2013-06-03,0.4859
2013-06-04,0.4852
2013-06-05,0.4823
2013-06-06,0.4779
2013-06-07,0.4816
2013-06-10,0.477
2013-06-11,0.4767
2013-06-12,0.4774
2013-06-13,0.4747
2013-06-14,0.4838
2013-06-17,0.4874
2013-06-18,0.4869
2013-06-19,0.4923
2013-06-20,0.4828
2013-06-21,0.479
2013-06-24,0.4755
2013-06-25,0.4714
2013-06-26,0.4651
2013-06-27,0.4628
2013-06-28,0.4625
2013-07-01,0.4668
2013-07-02,0.4675
2013-07-03,0.4705
2013-07-05,0.4706
2013-07-08,0.4684
2013-07-09,0.4691
2013-07-10,0.4685
2013-07-11,0.4685
2013-07-12,0.4605
2013-07-15,0.4567
2013-07-16,0.4554
2013-07-17,0.4562
2013-07-18,0.4535
2013-07-19,0.4533
2013-07-22,0.4524
2013-07-23,0.4461
2013-07-24,0.4396
2013-07-25,0.4351
2013-07-26,0.4328
2013-07-29,0.4328
2013-07-30,0.4181
2013-07-31,0.4167
2013-08-01,0.4197
2013-08-02,0.4186
2013-08-05,0.422
2013-08-06,0.4159
2013-08-07,0.4124
2013-08-08,0.4125
2013-08-09,0.41
2013-08-12,0.4192
2013-08-13,0.4218
2013-08-14,0.4184
2013-08-15,0.4262
2013-08-16,0.4231
2013-08-19,0.4295
2013-08-20,0.4223
2013-08-21,0.4215
2013-08-22,0.4176
2013-08-23,0.4176
2013-08-26,0.4382
2013-08-27,0.4356
2013-08-28,0.4394
2013-08-29,0.4341
2013-08-30,0.4352
2013-09-03,0.4345
2013-09-04,0.4319
2013-09-05,0.4282
2013-09-06,0.4299
2013-09-09,0.4244
2013-09-10,0.4236
2013-09-11,0.4247
2013-09-12,0.4253
2013-09-13,0.4209
2013-09-16,0.4188
2013-09-17,0.4175
2013-09-18,0.4222
2013-09-19,0.4246
2013-09-20,0.4184
2013-09-23,0.4172
2013-09-24,0.4159
2013-09-25,0.4132
2013-09-26,0.4154
2013-09-27,0.4126
2013-09-30,0.4058
2013-10-01,0.4058
2013-10-02,0.4058
2013-10-03,0.4058
2013-10-04,0.4058
2013-10-07,0.4058
2013-10-08,0.4058
2013-10-09,0.4058
2013-10-10,0.4058
2013-10-11,0.4058
2013-10-14,0.4058
2013-10-15,0.4058
2013-10-16,0.4058
2013-10-17,0.4058
2013-10-18,0.4058
2013-10-21,0.4052
2013-10-22,0.404
2013-10-23,0.4038
2013-10-24,0.4013
2013-10-25,0.3936
2013-10-28,0.3899
2013-10-29,0.396
2013-10-30,0.4025
2013-10-31,0.4021
2013-11-01,0.4059
2013-11-04,0.4025
2013-11-05,0.4015
2013-11-06,0.4002
2013-11-07,0.3962
2013-11-08,0.3912
2013-11-11,0.393
2013-11-12,0.3963
2013-11-13,0.3984
2013-11-14,0.3985
2013-11-15,0.3935
2013-11-18,0.3899
2013-11-19,0.3874
2013-11-20,0.3907
2013-11-21,0.4029
2013-11-22,0.3991
2013-11-25,0.3941
2013-11-26,0.391
2013-11-27,0.3875
2013-11-29,0.3875
2013-12-02,0.3909
2013-12-03,0.3865
2013-12-04,0.3827
2013-12-05,0.3851
2013-12-06,0.3841
2013-12-09,0.3818
2013-12-10,0.3804
2013-12-11,0.3853
2013-12-12,0.3812
2013-12-13,0.3796
2013-12-16,0.3788
2013-12-17,0.3744
2013-12-18,0.3681
2013-12-19,0.3708
2013-12-20,0.3719
2013-12-23,0.3703
2013-12-24,0.3685
2013-12-26,0.3662
2013-12-27,0.3677
2013-12-30,0.3637
2013-12-31,0.3657
2014-01-02,0.3618
2014-01-03,0.3598
2014-01-06,0.355
2014-01-07,0.3531
2014-01-08,0.3506
2014-01-09,0.3534
2014-01-10,0.3561
2014-01-13,0.3522
2014-01-14,0.3514
2014-01-15,0.3537
2014-01-16,0.3493
2014-01-17,0.3462
2014-01-21,0.3498
2014-01-22,0.3472
2014-01-23,0.3474
2014-01-24,0.3447
2014-01-27,0.3399
2014-01-28,0.3433
2014-01-29,0.3433
2014-01-30,0.34
2014-01-31,0.3457
2014-02-03,0.3438
2014-02-04,0.3464
2014-02-05,0.3516
2014-02-06,0.3571
2014-02-07,0.3561
2014-02-10,0.3578
2014-02-11,0.359
2014-02-12,0.3632
2014-02-13,0.3687
2014-02-14,0.3648
2014-02-18,0.3769
2014-02-19,0.3769
2014-02-20,0.3852
2014-02-21,0.3903
2014-02-24,0.3883
2014-02-25,0.3866
2014-02-26,0.3928
2014-02-27,0.3898
2014-02-28,0.396
2014-03-03,0.4019
2014-03-04,0.4154
2014-03-05,0.4173
2014-03-06,0.4304
2014-03-07,0.4287
2014-03-10,0.4241
2014-03-11,0.423
2014-03-12,0.4205
2014-03-13,0.4162
2014-03-14,0.4162
2014-03-17,0.4052
2014-03-18,0.409
2014-03-19,0.4073
2014-03-20,0.3994
2014-03-21,0.3965
2014-03-24,0.3959
2014-03-25,0.3962
2014-03-26,0.3961
2014-03-27,0.3931
2014-03-28,0.3936
2014-03-31,0.393
2014-04-01,0.4053
2014-04-02,0.3998
2014-04-03,0.408
2014-04-04,0.407
2014-04-07,0.4056
2014-04-08,0.4124
2014-04-09,0.4241
2014-04-10,0.42
2014-04-11,0.416
2014-04-14,0.416
2014-04-15,0.4233
2014-04-16,0.4321
2014-04-17,0.4316
2014-04-21,0.4275
2014-04-22,0.4249
2014-04-23,0.4225
2014-04-24,0.4234
2014-04-25,0.4267
2014-04-28,0.4237
2014-04-29,0.4252
2014-04-30,0.4163
2014-05-01,0.4129
2014-05-02,0.4164
2014-05-05,0.413
2014-05-06,0.4124
2014-05-07,0.4096
2014-05-08,0.4125
2014-05-09,0.4131
2014-05-12,0.4111
2014-05-13,0.4134
2014-05-14,0.4151
2014-05-15,0.4117
2014-05-16,0.4088
2014-05-19,0.4055
2014-05-20,0.402
2014-05-21,0.4035
2014-05-22,0.4074
2014-05-23,0.4026
2014-05-27,0.3982
2014-05-28,0.3951
2014-05-29,0.3941
2014-05-30,0.385
2014-06-02,0.3831
2014-06-03,0.3835
2014-06-04,0.3925
2014-06-05,0.3869
2014-06-06,0.3939
2014-06-09,0.3966
2014-06-10,0.3932
2014-06-11,0.388
2014-06-12,0.3896
2014-06-13,0.4007
2014-06-16,0.3988
2014-06-17,0.4006
2014-06-18,0.4051
2014-06-19,0.4099
2014-06-20,0.4051
2014-06-23,0.4106
2014-06-24,0.4135
2014-06-25,0.4103
2014-06-26,0.4089
2014-06-27,0.4036
2014-06-30,0.3923
2014-07-01,0.3925
2014-07-02,0.3885
2014-07-03,0.3894
2014-07-07,0.3874
2014-07-08,0.3818
2014-07-09,0.3752
2014-07-10,0.3823
2014-07-11,0.3752
2014-07-14,0.3752
2014-07-15,0.3765
2014-07-16,0.3758
2014-07-17,0.3712
2014-07-18,0.3732
2014-07-21,0.3689
2014-07-22,0.3668
2014-07-23,0.3695
2014-07-24,0.3699
2014-07-25,0.3684
2014-07-28,0.3727
2014-07-29,0.37
2014-07-30,0.3705
2014-07-31,0.3711
2014-08-01,0.3645
2014-08-04,0.3715
2014-08-05,0.366
2014-08-06,0.3661
2014-08-07,0.3645
2014-08-08,0.3627
2014-08-11,0.3567
2014-08-12,0.3539
2014-08-13,0.3523
2014-08-14,0.3476
2014-08-15,0.3412
2014-08-18,0.3421
2014-08-19,0.3391
2014-08-20,0.3436
2014-08-21,0.3428
2014-08-22,0.3386
2014-08-25,0.3422
2014-08-26,0.3453
2014-08-27,0.3417
2014-08-28,0.3414
2014-08-29,0.3354
2014-09-02,0.3351
2014-09-03,0.3323
2014-09-04,0.3347
2014-09-05,0.3385
2014-09-08,0.3353
2014-09-09,0.3309
2014-09-10,0.3338
2014-09-11,0.3325
2014-09-12,0.343
2014-09-15,0.3502
2014-09-16,0.3456
2014-09-17,0.3514
2014-09-18,0.3447
2014-09-19,0.3421
2014-09-22,0.3375
2014-09-23,0.3398
2014-09-24,0.3437
2014-09-25,0.3437
2014-09-26,0.3367
2014-09-29,0.3454
2014-09-30,0.3402
2014-10-01,0.3466
2014-10-02,0.3467
2014-10-03,0.3429
2014-10-06,0.3532
2014-10-07,0.3496
2014-10-08,0.3452
2014-10-09,0.3451
2014-10-10,0.3394
2014-10-13,0.3394
2014-10-14,0.3437
2014-10-15,0.3311
2014-10-16,0.3349
2014-10-17,0.3315
2014-10-20,0.3283
2014-10-21,0.3289
2014-10-22,0.3314
2014-10-23,0.3367
2014-10-24,0.3339
2014-10-27,0.3323
2014-10-28,0.3378
2014-10-29,0.3518
2014-10-30,0.3531
2014-10-31,0.358
2014-11-03,0.3503
2014-11-04,0.3407
2014-11-05,0.3335
2014-11-06,0.3316
2014-11-07,0.3303
2014-11-10,0.3299
2014-11-11,0.3299
2014-11-12,0.3285
2014-11-13,0.327
2014-11-14,0.3283
2014-11-17,0.3308
2014-11-18,0.3328
2014-11-19,0.3326
2014-11-20,0.3342
2014-11-21,0.3344
2014-11-24,0.3395
2014-11-25,0.3417
2014-11-26,0.3411
2014-11-28,0.3411
2014-12-01,0.3285
2014-12-02,0.318
2014-12-03,0.3236
2014-12-04,0.321
2014-12-05,0.3251
2014-12-08,0.3227
2014-12-09,0.3241
2014-12-10,0.3255
2014-12-11,0.3282
2014-12-12,0.3316
2014-12-15,0.3307
2014-12-16,0.3257
2014-12-17,0.3232
2014-12-18,0.3244
2014-12-19,0.3252
2014-12-22,0.3259
2014-12-23,0.3277
2014-12-24,0.3218
2014-12-26,0.3271
2014-12-29,0.3304
2014-12-30,0.3314
2014-12-31,0.3222
2015-01-02,0.322
2015-01-05,0.3295
2015-01-06,0.3294
2015-01-07,0.3354
2015-01-08,0.3414
2015-01-09,0.3406
2015-01-12,0.3298
2015-01-13,0.3292
2015-01-14,0.3295
2015-01-15,0.3312
2015-01-16,0.3352
2015-01-20,0.3297
2015-01-21,0.3249
2015-01-22,0.3205
2015-01-23,0.3168
2015-01-26,0.3168
2015-01-27,0.3117
2015-01-28,0.3034
2015-01-29,0.2954
2015-01-30,0.3
2015-02-02,0.3041
2015-02-03,0.308
2015-02-04,0.3059
2015-02-05,0.3171
2015-02-06,0.3182
2015-02-09,0.3201
2015-02-10,0.3145
2015-02-11,0.3175
2015-02-12,0.3201
2015-02-13,0.324
2015-02-17,0.3232
2015-02-18,0.3189
2015-02-19,0.3171
2015-02-20,0.3136
2015-02-23,0.3102
2015-02-24,0.313
2015-02-25,0.3134
2015-02-26,0.3147
2015-02-27,0.3243
2015-03-02,0.3228
2015-03-03,0.3243
2015-03-04,0.3166
2015-03-05,0.3132
2015-03-06,0.3103
2015-03-09,0.3075
2015-03-10,0.3071
2015-03-11,0.3098
2015-03-12,0.3075
2015-03-13,0.3037
2015-03-16,0.3027
2015-03-17,0.2992
2015-03-18,0.3051
2015-03-19,0.305
2015-03-20,0.3056
2015-03-23,0.3103
2015-03-24,0.3099
2015-03-25,0.3104
2015-03-26,0.3117
2015-03-27,0.306
2015-03-30,0.3049
2015-03-31,0.3039
2015-04-01,0.3057
2015-04-02,0.3092
2015-04-06,0.3114
2015-04-07,0.3091
2015-04-08,0.3058
2015-04-09,0.3047
2015-04-10,0.3072
2015-04-13,0.3067
2015-04-14,0.3093
2015-04-15,0.3143
2015-04-16,0.3139
2015-04-17,0.3115
2015-04-20,0.3122
2015-04-21,0.3145
2015-04-22,0.3144
2015-04-23,0.319
2015-04-24,0.3155
2015-04-27,0.3154
2015-04-28,0.3111
2015-04-29,0.3135
2015-04-30,0.3139
2015-05-01,0.3132
2015-05-04,0.3235
2015-05-05,0.3276
2015-05-06,0.3292
2015-05-07,0.3249
2015-05-08,0.3296
2015-05-11,0.3319
2015-05-12,0.3297
2015-05-13,0.3324
2015-05-14,0.3334
2015-05-15,0.3307
2015-05-18,0.3278
2015-05-19,0.3218
2015-05-20,0.3258
2015-05-21,0.3263
2015-05-22,0.3202
2015-05-26,0.3239
2015-05-27,0.3173
2015-05-28,0.3206
2015-05-29,0.3333
2015-06-01,0.3451
2015-06-02,0.3417
2015-06-03,0.3473
2015-06-04,0.3453
2015-06-05,0.3478
2015-06-08,0.341
2015-06-09,0.3393
2015-06-10,0.3415
2015-06-11,0.3359
2015-06-12,0.3337
2015-06-15,0.3302
2015-06-16,0.3331
2015-06-17,0.3329
2015-06-18,0.3263
2015-06-19,0.3296
2015-06-22,0.3331
2015-06-23,0.332
2015-06-24,0.337
2015-06-25,0.3385
2015-06-26,0.3365
2015-06-29,0.3341
2015-06-30,0.3407
2015-07-01,0.3349
2015-07-02,0.3392
2015-07-06,0.3312
2015-07-07,0.318
2015-07-08,0.3205
2015-07-09,0.3277
2015-07-10,0.3285
2015-07-13,0.332
2015-07-14,0.3281
2015-07-15,0.3202
2015-07-16,0.318
2015-07-17,0.3216
2015-07-20,0.3206
2015-07-21,0.3235
2015-07-22,0.3172
2015-07-23,0.3159
2015-07-24,0.3085
2015-07-27,0.3048
2015-07-28,0.3108
2015-07-29,0.3062
2015-07-30,0.3072
2015-07-31,0.3039
2015-08-03,0.303
2015-08-04,0.3028
2015-08-05,0.3004
2015-08-06,0.3007
2015-08-07,0.3046
2015-08-10,0.3083
2015-08-11,0.3047
2015-08-12,0.2942
2015-08-13,0.2931
2015-08-14,0.294
2015-08-17,0.2937
2015-08-18,0.2862
2015-08-19,0.2821
2015-08-20,0.2828
2015-08-21,0.2767
2015-08-24,0.2686
2015-08-25,0.2715
2015-08-26,0.2644
2015-08-27,0.2724
2015-08-28,0.2817
2015-08-31,0.2825
2015-09-01,0.2755
2015-09-02,0.2709
2015-09-03,0.2707
2015-09-04,0.2673
2015-09-08,0.2717
2015-09-09,0.269
2015-09-10,0.2717
2015-09-11,0.2685
2015-09-14,0.2713
2015-09-15,0.2666
2015-09-16,0.2689
2015-09-17,0.2687
2015-09-18,0.2625
2015-09-21,0.2671
2015-09-22,0.2634
2015-09-23,0.2654
2015-09-24,0.2718
2015-09-25,0.2791
2015-09-28,0.2737
2015-09-29,0.2769
2015-09-30,0.2734
2015-10-01,0.2732
2015-10-02,0.2806
2015-10-05,0.2866
2015-10-06,0.2871
2015-10-07,0.2862
2015-10-08,0.2836
2015-10-09,0.2834
2015-10-12,0.2818
2015-10-13,0.2879
2015-10-14,0.2883
2015-10-15,0.2858
2015-10-16,0.286
2015-10-19,0.2814
2015-10-20,0.2866
2015-10-21,0.2918
2015-10-22,0.2885
2015-10-23,0.2857
2015-10-26,0.2778
2015-10-27,0.2789
2015-10-28,0.2811
2015-10-29,0.2788
2015-10-30,0.282
2015-11-02,0.2785
2015-11-03,0.2815
2015-11-04,0.285
2015-11-05,0.2783
2015-11-06,0.2804
2015-11-09,0.2777
2015-11-10,0.2727
2015-11-11,0.2718
2015-11-12,0.2744
2015-11-13,0.2704
2015-11-16,0.2758
2015-11-17,0.2778
2015-11-18,0.2773
2015-11-19,0.2784
2015-11-20,0.2818
2015-11-23,0.2819
2015-11-24,0.2859
2015-11-25,0.2921
2015-11-27,0.2908
2015-11-30,0.2942
2015-12-01,0.3008
2015-12-02,0.3057
2015-12-03,0.3087
2015-12-04,0.3208
2015-12-07,0.3147
2015-12-08,0.317
2015-12-09,0.3134
2015-12-10,0.3203
2015-12-11,0.316
2015-12-14,0.3137
2015-12-15,0.3094
2015-12-16,0.306
2015-12-17,0.3031
2015-12-18,0.3079
2015-12-21,0.3103
2015-12-22,0.3069
2015-12-23,0.3076
2015-12-24,0.311
2015-12-28,0.3044
2015-12-29,0.3077
2015-12-30,0.3107
2015-12-31,0.3075
2016-01-04,0.3012
2016-01-05,0.2981
2016-01-06,0.2978
2016-01-07,0.2962
2016-01-08,0.2964
2016-01-11,0.2925
2016-01-12,0.2918
2016-01-13,0.2954
2016-01-14,0.2975
2016-01-15,0.2965
2016-01-19,0.3003
2016-01-20,0.2981
2016-01-21,0.2994
2016-01-22,0.305
2016-01-25,0.3044
2016-01-26,0.3074
2016-01-27,0.3087
2016-01-28,0.3069
2016-01-29,0.3088
2016-02-01,0.3076
2016-02-02,0.3079
2016-02-03,0.3098
2016-02-04,0.3124
2016-02-05,0.3123
2016-02-08,0.3075
2016-02-09,0.3094
2016-02-10,0.3126
2016-02-11,0.3181
2016-02-12,0.3202
2016-02-16,0.3184
2016-02-17,0.3222
2016-02-18,0.3206
2016-02-19,0.3163
2016-02-22,0.3174
2016-02-23,0.3101
2016-02-24,0.3119
2016-02-25,0.3091
2016-02-26,0.3123
2016-02-29,0.3087
2016-03-01,0.3054
2016-03-02,0.3037
2016-03-03,0.3061
2016-03-04,0.3096
2016-03-07,0.3117
2016-03-08,0.3114
2016-03-09,0.3174
2016-03-10,0.3162
2016-03-11,0.3213
2016-03-14,0.3245
2016-03-15,0.3249
2016-03-16,0.3269
2016-03-17,0.3341
2016-03-18,0.3342
2016-03-21,0.3358
2016-03-22,0.3393
2016-03-23,0.3336
2016-03-24,0.3318
2016-03-28,0.3363
2016-03-29,0.3405
2016-03-30,0.3379
2016-03-31,0.3422
2016-04-01,0.3445
2016-04-04,0.3469
2016-04-05,0.3399
2016-04-06,0.3426
2016-04-07,0.341
2016-04-08,0.3394
2016-04-11,0.339
2016-04-12,0.3396
2016-04-13,0.3424
2016-04-14,0.3397
2016-04-15,0.3364
2016-04-18,0.3423
2016-04-19,0.3507
2016-04-20,0.3493
2016-04-21,0.345
2016-04-22,0.343
2016-04-25,0.342
2016-04-26,0.3421
2016-04-27,0.3387
2016-04-28,0.3327
2016-04-29,0.3314
2016-05-02,0.325
2016-05-03,0.3241
2016-05-04,0.3247
2016-05-05,0.3226
2016-05-06,0.3306
2016-05-09,0.3283
2016-05-10,0.3344
2016-05-11,0.3336
2016-05-12,0.3257
2016-05-13,0.325
2016-05-16,0.3279
2016-05-17,0.3278
2016-05-18,0.3245
2016-05-19,0.3191
2016-05-20,0.3127
2016-05-23,0.3115
2016-05-24,0.3089
2016-05-25,0.3134
2016-05-26,0.3104
2016-05-27,0.3148
2016-05-31,0.3182
2016-06-01,0.3219
2016-06-02,0.3226
2016-06-03,0.3226
2016-06-06,0.3251
2016-06-07,0.3229
2016-06-08,0.3289
2016-06-09,0.3303
2016-06-10,0.3346
2016-06-13,0.3324
2016-06-14,0.3326
2016-06-15,0.3268
2016-06-16,0.3185
2016-06-17,0.326
2016-06-20,0.323
2016-06-21,0.32
2016-06-22,0.3224
2016-06-23,0.3246
2016-06-24,0.3166
2016-06-27,0.3193
2016-06-28,0.3176
2016-06-29,0.3144
2016-06-30,0.3207
2016-07-01,0.3164
2016-07-05,0.3132
2016-07-06,0.3079
2016-07-07,0.3018
2016-07-08,0.3078
2016-07-11,0.3075
2016-07-12,0.3132
2016-07-13,0.3124
2016-07-14,0.3119
2016-07-15,0.3142
2016-07-18,0.3147
2016-07-19,0.3118
2016-07-20,0.3125
2016-07-21,0.316
2016-07-22,0.307
2016-07-25,0.2996
2016-07-26,0.3008
2016-07-27,0.3002
2016-07-28,0.2998
2016-07-29,0.3085
2016-08-01,0.3022
2016-08-02,0.3054
2016-08-03,0.3081
2016-08-04,0.3103
2016-08-05,0.3101
2016-08-08,0.3142
2016-08-09,0.3165
2016-08-10,0.3199
2016-08-11,0.3221
2016-08-12,0.3245
2016-08-15,0.3364
2016-08-16,0.3382
2016-08-17,0.3444
2016-08-18,0.3461
2016-08-19,0.3456
2016-08-22,0.3431
2016-08-23,0.3432
2016-08-24,0.3399
2016-08-25,0.3332
2016-08-26,0.3335
2016-08-29,0.3322
2016-08-30,0.3314
2016-08-31,0.3287
2016-09-01,0.3255
2016-09-02,0.3304
2016-09-06,0.3313
2016-09-07,0.3315
2016-09-08,0.3327
2016-09-09,0.3337
2016-09-12,0.3264
2016-09-13,0.3185
2016-09-14,0.3186
2016-09-15,0.3228
2016-09-16,0.3223
2016-09-19,0.3308
2016-09-20,0.3409
2016-09-21,0.3366
2016-09-22,0.3421
2016-09-23,0.3356
2016-09-26,0.3335
2016-09-27,0.3335
2016-09-28,0.3289
2016-09-29,0.3334
2016-09-30,0.3344
2016-10-03,0.3324
2016-10-04,0.331
2016-10-05,0.3284
2016-10-06,0.333
2016-10-07,0.3331
2016-10-10,0.3382
2016-10-11,0.3335
2016-10-12,0.3334
2016-10-13,0.3338
2016-10-14,0.3438
2016-10-17,0.3544
2016-10-18,0.3507
2016-10-19,0.354
2016-10-20,0.3505
2016-10-21,0.3512
2016-10-24,0.3599
2016-10-25,0.358
2016-10-26,0.3572
2016-10-27,0.3511
2016-10-28,0.3541
2016-10-31,0.3517
2016-11-01,0.3485
2016-11-02,0.3498
2016-11-03,0.351
2016-11-04,0.3471
2016-11-07,0.3479
2016-11-08,0.3531
2016-11-09,0.3431
2016-11-10,0.3477
2016-11-11,0.3444
2016-11-14,0.3418
2016-11-15,0.3446
2016-11-16,0.3436
2016-11-17,0.3396
2016-11-18,0.3431
2016-11-21,0.3493
2016-11-22,0.3477
2016-11-23,0.3714
2016-11-25,0.3694
2016-11-28,0.3697
2016-11-29,0.3662
2016-11-30,0.3699
2016-12-01,0.3785
2016-12-02,0.3772
2016-12-05,0.3767
2016-12-06,0.3782
2016-12-07,0.3793
2016-12-08,0.3726
2016-12-09,0.3721
2016-12-12,0.3724
2016-12-13,0.3704
2016-12-14,0.3717
2016-12-15,0.3701
2016-12-16,0.3703
2016-12-19,0.3685
2016-12-20,0.3635
2016-12-21,0.3634
2016-12-22,0.3509
2016-12-23,0.3488
2016-12-27,0.354
2016-12-28,0.3512
2016-12-29,0.3479
2016-12-30,0.3466
2017-01-03,0.3481
2017-01-04,0.3521
2017-01-05,0.3522
2017-01-06,0.3498
2017-01-09,0.3549
2017-01-10,0.3564
2017-01-11,0.36
2017-01-12,0.3607
2017-01-13,0.356
2017-01-17,0.3556
2017-01-18,0.3558
2017-01-19,0.3544
2017-01-20,0.3515
2017-01-23,0.3513
2017-01-24,0.3528
2017-01-25,0.3487
2017-01-26,0.3447
2017-01-27,0.3427
2017-01-30,0.3361
2017-01-31,0.3385
2017-02-01,0.3431
2017-02-02,0.3459
2017-02-03,0.3386
2017-02-06,0.3444
2017-02-07,0.343
2017-02-08,0.3469
2017-02-09,0.3495
2017-02-10,0.3489
2017-02-13,0.3444
2017-02-14,0.3441
2017-02-15,0.3422
2017-02-16,0.3381
2017-02-17,0.3316
2017-02-21,0.3295
2017-02-22,0.33
2017-02-23,0.3259
2017-02-24,0.3267
2017-02-27,0.3263
2017-02-28,0.3393
2017-03-01,0.3474
2017-03-02,0.3413
2017-03-03,0.3438
2017-03-06,0.3427
2017-03-07,0.3373
2017-03-08,0.3354
2017-03-09,0.3311
2017-03-10,0.3268
2017-03-13,0.3212
2017-03-14,0.323
2017-03-15,0.3222
2017-03-16,0.3226
2017-03-17,0.323
2017-03-20,0.3274
2017-03-21,0.3314
2017-03-22,0.3352
2017-03-23,0.3322
2017-03-24,0.3223
2017-03-27,0.3229
2017-03-28,0.3247
2017-03-29,0.3221
2017-03-30,0.3201
2017-03-31,0.3178
2017-04-03,0.3142
2017-04-04,0.3143
2017-04-05,0.3183
2017-04-06,0.3137
2017-04-07,0.3162
2017-04-10,0.3162
2017-04-11,0.3131
2017-04-12,0.3146
2017-04-13,0.3138
2017-04-17,0.3203
2017-04-18,0.3138
2017-04-19,0.3179
2017-04-20,0.3212
2017-04-21,0.3216
2017-04-24,0.3193
2017-04-25,0.3185
2017-04-26,0.3216
2017-04-27,0.3196
2017-04-28,0.3171
2017-05-01,0.3216
2017-05-02,0.3262
2017-05-03,0.3256
2017-05-04,0.325
2017-05-05,0.329
2017-05-08,0.3294
2017-05-09,0.3289
2017-05-10,0.3228
2017-05-11,0.3249
2017-05-12,0.3284
2017-05-15,0.3302
2017-05-16,0.3301
2017-05-17,0.3315
2017-05-18,0.3244
2017-05-19,0.3304
2017-05-22,0.3294
2017-05-23,0.3234
2017-05-24,0.3228
2017-05-25,0.3204
2017-05-26,0.316
2017-05-30,0.3142
2017-05-31,0.3134
2017-06-01,0.3125
2017-06-02,0.3101
2017-06-05,0.3131
2017-06-06,0.3139
2017-06-07,0.3136
2017-06-08,0.3185
2017-06-09,0.3229
2017-06-12,0.3242
2017-06-13,0.3253
2017-06-14,0.3256
2017-06-15,0.3324
2017-06-16,0.3365
2017-06-19,0.334
2017-06-20,0.3262
2017-06-21,0.3237
2017-06-22,0.3205
2017-06-23,0.3209
2017-06-26,0.3199
2017-06-27,0.3254
2017-06-28,0.3256
2017-06-29,0.3286
2017-06-30,0.3334
2017-07-03,0.3358
2017-07-05,0.3371
2017-07-06,0.3338
2017-07-07,0.3332
2017-07-10,0.3417
2017-07-11,0.3432
2017-07-12,0.3399
2017-07-13,0.335
2017-07-14,0.3368
2017-07-17,0.3344
2017-07-18,0.3359
2017-07-19,0.3388
2017-07-20,0.3445
2017-07-21,0.3427
2017-07-24,0.3405
2017-07-25,0.3397
2017-07-26,0.3421
2017-07-27,0.3429
2017-07-28,0.3502
2017-07-31,0.3513
2017-08-01,0.3428
2017-08-02,0.3457
2017-08-03,0.338
2017-08-04,0.3403
2017-08-07,0.3393
2017-08-08,0.3422
2017-08-09,0.3453
2017-08-10,0.3416
2017-08-11,0.3399
2017-08-14,0.3377
2017-08-15,0.3304
2017-08-16,0.3318
2017-08-17,0.3355
2017-08-18,0.3397
2017-08-21,0.3417
2017-08-22,0.3442
2017-08-23,0.3506
2017-08-24,0.3513
2017-08-25,0.3495
2017-08-28,0.3496
2017-08-29,0.3465
2017-08-30,0.3469
2017-08-31,0.3506
2017-09-01,0.3567
2017-09-05,0.3544
2017-09-06,0.3556
2017-09-07,0.3543
2017-09-08,0.3494
2017-09-11,0.3515
2017-09-12,0.3519
2017-09-13,0.3509
2017-09-14,0.3508
2017-09-15,0.3481
2017-09-18,0.3443
2017-09-19,0.3476
2017-09-20,0.3491
2017-09-21,0.3434
2017-09-22,0.3422
2017-09-25,0.3401
2017-09-26,0.3345
2017-09-27,0.3322
2017-09-28,0.3282
2017-09-29,0.3282
2017-10-02,0.3252
2017-10-03,0.3275
2017-10-04,0.3323
2017-10-05,0.33
2017-10-06,0.3295
2017-10-09,0.3326
2017-10-10,0.3311
2017-10-11,0.3315
2017-10-12,0.3328
2017-10-13,0.3369
2017-10-16,0.3359
2017-10-17,0.3359
2017-10-18,0.3341
2017-10-19,0.3383
2017-10-20,0.3416
2017-10-23,0.3463
2017-10-24,0.3434
2017-10-25,0.3426
2017-10-26,0.345
2017-10-27,0.3484
2017-10-30,0.3468
2017-10-31,0.3475
2017-11-01,0.349
2017-11-02,0.3486
2017-11-03,0.3442
2017-11-06,0.3473
2017-11-07,0.3502
2017-11-08,0.3537
2017-11-09,0.3514
2017-11-10,0.3481
2017-11-13,0.3433
2017-11-14,0.3401
2017-11-15,0.3475
2017-11-16,0.3443
2017-11-17,0.3444
2017-11-20,0.3395
2017-11-21,0.3417
2017-11-22,0.3405
2017-11-24,0.3394
2017-11-27,0.3363
2017-11-28,0.3405
2017-11-29,0.3402
2017-11-30,0.3383
2017-12-01,0.3369
2017-12-04,0.3344
2017-12-05,0.335
2017-12-06,0.3317
2017-12-07,0.3333
2017-12-08,0.3362
2017-12-11,0.3346
2017-12-12,0.3345
2017-12-13,0.3321
2017-12-14,0.3318
2017-12-15,0.3316
2017-12-18,0.3302
2017-12-19,0.3322
2017-12-20,0.3296
2017-12-21,0.3267
2017-12-22,0.3274
2017-12-26,0.3324
2017-12-27,0.3315
2017-12-28,0.3263
2017-12-29,0.3322
2018-01-02,0.3355
2018-01-03,0.339
2018-01-04,0.3387
2018-01-05,0.3376
2018-01-08,0.3354
2018-01-09,0.337
2018-01-10,0.3345
2018-01-11,0.3315
2018-01-12,0.3313
2018-01-16,0.3279
2018-01-17,0.3251
2018-01-18,0.3223
2018-01-19,0.3228
2018-01-22,0.3216
2018-01-23,0.3252
2018-01-24,0.3268
2018-01-25,0.325
2018-01-26,0.3279
2018-01-29,0.3287
2018-01-30,0.3308
2018-01-31,0.3307
2018-02-01,0.329
2018-02-02,0.3251
2018-02-05,0.325
2018-02-06,0.3316
2018-02-07,0.3256
2018-02-08,0.3221
2018-02-09,0.3196
2018-02-12,0.3185
2018-02-13,0.3157
2018-02-14,0.318
2018-02-15,0.317
2018-02-16,0.3154
2018-02-20,0.3186
2018-02-21,0.3207
2018-02-22,0.3204
2018-02-23,0.324
2018-02-26,0.3272
2018-02-27,0.3232
2018-02-28,0.3218
2018-03-01,0.3239
2018-03-02,0.323
2018-03-05,0.3221
2018-03-06,0.3248
2018-03-07,0.321
2018-03-08,0.3184
2018-03-09,0.3159
2018-03-12,0.3175
2018-03-13,0.3222
2018-03-14,0.3171
2018-03-15,0.3206
2018-03-16,0.3198
2018-03-19,0.3206
2018-03-20,0.3174
2018-03-21,0.3237
2018-03-22,0.3188
2018-03-23,0.3142
2018-03-26,0.3146
2018-03-27,0.3158
2018-03-28,0.3162
2018-03-29,0.3187
2018-04-02,0.3204
2018-04-03,0.3234
2018-04-04,0.3168
2018-04-05,0.3178
2018-04-06,0.3153
2018-04-09,0.3152
2018-04-10,0.3185
2018-04-11,0.3153
2018-04-12,0.3163
2018-04-13,0.3148
2018-04-16,0.3118
2018-04-17,0.3119
2018-04-18,0.3143
2018-04-19,0.3141
2018-04-20,0.313
2018-04-23,0.3104
2018-04-24,0.3101
2018-04-25,0.3084
2018-04-26,0.3092
2018-04-27,0.3061
2018-04-30,0.3057
2018-05-01,0.3033
2018-05-02,0.306
2018-05-03,0.3081
2018-05-04,0.3077
2018-05-07,0.3087
2018-05-08,0.3069
2018-05-09,0.3103
2018-05-10,0.3113
2018-05-11,0.3131
2018-05-14,0.3125
2018-05-15,0.3112
2018-05-16,0.3059
2018-05-17,0.3094
2018-05-18,0.3098
2018-05-21,0.3142
2018-05-22,0.3151
2018-05-23,0.317
2018-05-24,0.3171
2018-05-25,0.3134
2018-05-29,0.3121
2018-05-30,0.3148
2018-05-31,0.3112
2018-06-01,0.3119
2018-06-04,0.3093
2018-06-05,0.3079
2018-06-06,0.3065
2018-06-07,0.306
2018-06-08,0.3052
2018-06-11,0.3058
2018-06-12,0.3005
2018-06-13,0.3008
2018-06-14,0.3014
2018-06-15,0.295
2018-06-18,0.2957
2018-06-19,0.2885
2018-06-20,0.2937
2018-06-21,0.2919
2018-06-22,0.2921
2018-06-25,0.2894
2018-06-26,0.2896
2018-06-27,0.2906
2018-06-28,0.2908
2018-06-29,0.2921
2018-07-02,0.2888
2018-07-03,0.2874
2018-07-05,0.2857
2018-07-06,0.2902
2018-07-09,0.2886
2018-07-10,0.2899
2018-07-11,0.2843
2018-07-12,0.2827
2018-07-13,0.2797
2018-07-16,0.2764
2018-07-17,0.2773
2018-07-18,0.2807
2018-07-19,0.2783
2018-07-20,0.2822
2018-07-23,0.2797
2018-07-24,0.2824
2018-07-25,0.2841
2018-07-26,0.2817
2018-07-27,0.286
2018-07-30,0.284
2018-07-31,0.2886
2018-08-01,0.2862
2018-08-02,0.2829
2018-08-03,0.2852
2018-08-06,0.2845
2018-08-07,0.2875
2018-08-08,0.2859
2018-08-09,0.2855
2018-08-10,0.281
2018-08-13,0.2836
2018-08-14,0.2828
2018-08-15,0.2788
2018-08-16,0.2815
2018-08-17,0.2823
2018-08-20,0.2854
2018-08-21,0.2859
2018-08-22,0.2822
2018-08-23,0.2803
2018-08-24,0.2815
2018-08-27,0.2837
2018-08-28,0.2821
2018-08-29,0.2809
2018-08-30,0.2836
2018-08-31,0.2848
2018-09-04,0.2853
2018-09-05,0.2831
2018-09-06,0.2828
2018-09-07,0.2804
2018-09-10,0.281
2018-09-11,0.2782
2018-09-12,0.2772
2018-09-13,0.2752
2018-09-14,0.2749
2018-09-17,0.2743
2018-09-18,0.2712
2018-09-19,0.2725
2018-09-20,0.276
2018-09-21,0.2809
2018-09-24,0.2826
2018-09-25,0.2843
2018-09-26,0.286
2018-09-27,0.2903
2018-09-28,0.2893
2018-10-01,0.2931
2018-10-02,0.2966
2018-10-03,0.2984
2018-10-04,0.2961
2018-10-05,0.2941
2018-10-08,0.2964
2018-10-09,0.2926
2018-10-10,0.2893
2018-10-11,0.2902
2018-10-12,0.2939
2018-10-15,0.2976
2018-10-16,0.2966
2018-10-17,0.2956
2018-10-18,0.2902
2018-10-19,0.2914
2018-10-22,0.2915
2018-10-23,0.2876
2018-10-24,0.2861
2018-10-25,0.2839
2018-10-26,0.2816
2018-10-29,0.2789
2018-10-30,0.28
2018-10-31,0.2802
2018-11-01,0.2832
2018-11-02,0.282
2018-11-05,0.279
2018-11-06,0.279
2018-11-07,0.282
2018-11-08,0.2802
2018-11-09,0.2762
2018-11-12,0.2771
2018-11-13,0.2755
2018-11-14,0.2757
2018-11-15,0.2769
2018-11-16,0.2737
2018-11-19,0.2732
2018-11-20,0.2734
2018-11-21,0.278
2018-11-23,0.2765
2018-11-26,0.2696
2018-11-27,0.2721
2018-11-28,0.2783
2018-11-29,0.2782
2018-11-30,0.2801
2018-12-03,0.2857
2018-12-04,0.289
2018-12-05,0.2884
2018-12-06,0.2871
2018-12-07,0.2874
2018-12-10,0.2876
2018-12-11,0.2896
2018-12-12,0.2904
2018-12-13,0.2883
2018-12-14,0.2849
2018-12-17,0.2817
2018-12-18,0.2841
2018-12-19,0.2846
2018-12-20,0.282
2018-12-21,0.2789
2018-12-24,0.2774
2018-12-26,0.2742
2018-12-27,0.2744
2018-12-28,0.2771
2018-12-31,0.2779
2019-01-02,0.2818
2019-01-03,0.2843
2019-01-04,0.2864
2019-01-07,0.2851
2019-01-08,0.2843
2019-01-09,0.286
2019-01-10,0.2819
2019-01-11,0.2841
2019-01-14,0.284
2019-01-15,0.2824
2019-01-16,0.2823
2019-01-17,0.2877
2019-01-18,0.2901
2019-01-22,0.2906
2019-01-23,0.2938
2019-01-24,0.2951
2019-01-25,0.3003
2019-01-28,0.303
2019-01-29,0.3011
2019-01-30,0.3042
2019-01-31,0.3017
2019-02-01,0.2989
2019-02-04,0.3013
2019-02-05,0.3038
2019-02-06,0.309
2019-02-07,0.3081
2019-02-08,0.3087
2019-02-11,0.3024
2019-02-12,0.3033
2019-02-13,0.2999
2019-02-14,0.2989
2019-02-15,0.2995
2019-02-19,0.2974
2019-02-20,0.2996
2019-02-21,0.3049
2019-02-22,0.3051
2019-02-25,0.3042
2019-02-26,0.3021
2019-02-27,0.2999
2019-02-28,0.3019
2019-03-01,0.3024
2019-03-04,0.3008
2019-03-05,0.3002
2019-03-06,0.2978
2019-03-07,0.2967
2019-03-08,0.2965
2019-03-11,0.2964
2019-03-12,0.2999
2019-03-13,0.2993
2019-03-14,0.2957
2019-03-15,0.2943
2019-03-18,0.2944
2019-03-19,0.2924
2019-03-20,0.2927
2019-03-21,0.291
2019-03-22,0.2866
2019-03-25,0.2882
2019-03-26,0.2865
2019-03-27,0.2882
2019-03-28,0.2863
2019-03-29,0.2836
2019-04-01,0.2857
2019-04-02,0.2896
2019-04-03,0.288
2019-04-04,0.292
2019-04-05,0.2915
2019-04-08,0.2888
2019-04-09,0.2904
2019-04-10,0.2907
2019-04-11,0.2898
2019-04-12,0.2895
2019-04-15,0.2881
2019-04-16,0.2872
2019-04-17,0.2846
2019-04-18,0.288
2019-04-22,0.287
2019-04-23,0.2806
2019-04-24,0.2792
2019-04-25,0.277
2019-04-26,0.2765
2019-04-29,0.2807
2019-04-30,0.2782
2019-05-01,0.2765
2019-05-02,0.275
2019-05-03,0.2735
2019-05-06,0.2713
2019-05-07,0.271
2019-05-08,0.27
2019-05-09,0.2663
2019-05-10,0.2679
2019-05-13,0.2661
2019-05-14,0.27
2019-05-15,0.2724
2019-05-16,0.2772
2019-05-17,0.2722
2019-05-20,0.275
2019-05-21,0.2714
2019-05-22,0.2731
2019-05-23,0.2678
2019-05-24,0.2701
2019-05-28,0.2729
2019-05-29,0.2773
2019-05-30,0.2778
2019-05-31,0.2759
2019-06-03,0.2734
2019-06-04,0.2749
2019-06-05,0.2722
2019-06-06,0.2776
2019-06-07,0.2738
2019-06-10,0.2738
2019-06-11,0.2722
2019-06-12,0.2756
2019-06-13,0.2802
2019-06-14,0.2761
2019-06-17,0.2814
2019-06-18,0.2833
2019-06-19,0.2837
2019-06-20,0.2859
2019-06-21,0.2844
2019-06-24,0.2835
2019-06-25,0.2803
2019-06-26,0.2787
2019-06-27,0.2788
2019-06-28,0.2834
2019-07-01,0.2813
2019-07-02,0.2781
2019-07-03,0.2817
2019-07-05,0.2756
2019-07-08,0.2799
2019-07-09,0.2801
2019-07-10,0.2809
2019-07-11,0.2818
2019-07-12,0.2831
2019-07-15,0.2828
2019-07-16,0.2799
2019-07-17,0.2768
2019-07-18,0.2764
2019-07-19,0.281
2019-07-22,0.2773
2019-07-23,0.2801
2019-07-24,0.283
2019-07-25,0.2827
2019-07-26,0.285
2019-07-29,0.2849
2019-07-30,0.2839
2019-07-31,0.2785
2019-08-01,0.278
2019-08-02,0.2832
2019-08-05,0.2787
2019-08-06,0.2756
2019-08-07,0.2801
2019-08-08,0.2901
2019-08-09,0.2958
2019-08-12,0.2966
2019-08-13,0.2917
2019-08-14,0.2917
2019-08-15,0.2907
2019-08-16,0.2913
2019-08-19,0.2868
2019-08-20,0.2843
2019-08-21,0.2874
2019-08-22,0.2854
2019-08-23,0.2834
2019-08-26,0.2833
2019-08-27,0.2804
2019-08-28,0.2816
2019-08-29,0.2837
2019-08-30,0.2864
2019-09-03,0.2894
2019-09-04,0.2884
2019-09-05,0.2846
2019-09-06,0.2846
2019-09-09,0.2826
2019-09-10,0.2835
2019-09-11,0.2865
2019-09-12,0.2901
2019-09-13,0.2929
2019-09-16,0.3014
2019-09-17,0.2985
2019-09-18,0.2987
2019-09-19,0.2981
2019-09-20,0.2928
2019-09-23,0.2919
2019-09-24,0.292
2019-09-25,0.2907
2019-09-26,0.2907
2019-09-27,0.2875
2019-09-30,0.2906
2019-10-01,0.2888
2019-10-02,0.2921
2019-10-03,0.2989
2019-10-04,0.2986
2019-10-07,0.3006
2019-10-08,0.2982
2019-10-09,0.2971
2019-10-10,0.2978
2019-10-11,0.2997
2019-10-14,0.3
2019-10-15,0.3039
2019-10-16,0.304
2019-10-17,0.3039
2019-10-18,0.3036
2019-10-21,0.3048
2019-10-22,0.3085
2019-10-23,0.3058
2019-10-24,0.3134
2019-10-25,0.3096
2019-10-28,0.3078
2019-10-29,0.31
2019-10-30,0.3098
2019-10-31,0.3075
2019-11-01,0.3103
2019-11-04,0.3187
2019-11-05,0.3157
2019-11-06,0.3175
2019-11-07,0.3143
2019-11-08,0.315
2019-11-11,0.3142
2019-11-12,0.3103
2019-11-13,0.3053
2019-11-14,0.3078
2019-11-15,0.3043
2019-11-18,0.3064
2019-11-19,0.3096
2019-11-20,0.312
2019-11-21,0.3069
2019-11-22,0.3088
2019-11-25,0.3047
2019-11-26,0.3029
2019-11-27,0.3045
2019-11-29,0.3055
2019-12-02,0.3016
2019-12-03,0.3019
2019-12-04,0.3047
2019-12-05,0.305
2019-12-06,0.3122
2019-12-09,0.3159
2019-12-10,0.3168
2019-12-11,0.3144
2019-12-12,0.3223
2019-12-13,0.326
2019-12-16,0.3314
2019-12-17,0.3382
2019-12-18,0.3343
2019-12-19,0.3379
2019-12-20,0.3379
2019-12-23,0.3378
2019-12-24,0.3388
2019-12-26,0.3444
2019-12-27,0.3485
2019-12-30,0.3534
2019-12-31,0.3471
2020-01-02,0.3524
2020-01-03,0.3508
2020-01-06,0.3452
2020-01-07,0.3474
2020-01-08,0.3456
2020-01-09,0.3464
2020-01-10,0.3435
2020-01-13,0.3395
2020-01-14,0.3407
2020-01-15,0.333
2020-01-16,0.3303
2020-01-17,0.3335
2020-01-21,0.3275
2020-01-22,0.3302
2020-01-23,0.3248
2020-01-24,0.3202
2020-01-27,0.3152
2020-01-28,0.3146
2020-01-29,0.3152
2020-01-30,0.3063
2020-01-31,0.2994
2020-02-03,0.3029
2020-02-04,0.3073
2020-02-05,0.3132
2020-02-06,0.3124
2020-02-07,0.3097
2020-02-10,0.3062
2020-02-11,0.3072
2020-02-12,0.3103
2020-02-13,0.3072
2020-02-14,0.3057
2020-02-18,0.3048
2020-02-19,0.3034
2020-02-20,0.3012
2020-02-21,0.3064
2020-02-24,0.2949
2020-02-25,0.2931
2020-02-26,0.2922
2020-02-27,0.2905
2020-02-28,0.2861
2020-03-02,0.2891
2020-03-03,0.2916
2020-03-04,0.2974
2020-03-05,0.2939
2020-03-06,0.2875
2020-03-09,0.2754
2020-03-10,0.2767
2020-03-11,0.2753
2020-03-12,0.2638
2020-03-13,0.2637
2020-03-16,0.2499
2020-03-17,0.2524
2020-03-18,0.2504
2020-03-19,0.2548
2020-03-20,0.2564
2020-03-23,0.2614
2020-03-24,0.2655
2020-03-25,0.2664
2020-03-26,0.265
2020-03-27,0.2685
2020-03-30,0.2687
2020-03-31,0.2701
2020-04-01,0.2605
2020-04-02,0.2624
2020-04-03,0.2643
2020-04-06,0.2683
2020-04-07,0.2748
2020-04-08,0.2718
2020-04-09,0.2741
2020-04-13,0.269
2020-04-14,0.2674
2020-04-15,0.2655
2020-04-16,0.263
2020-04-17,0.2629
2020-04-20,0.2598
2020-04-21,0.2535
2020-04-22,0.2557
2020-04-23,0.2561
2020-04-24,0.2505
2020-04-27,0.2509
2020-04-28,0.2549
2020-04-29,0.2601
2020-04-30,0.2653
2020-05-01,0.265
2020-05-04,0.2615
2020-05-05,0.2631
2020-05-06,0.2584
2020-05-07,0.2626
2020-05-08,0.2654
2020-05-11,0.2649
2020-05-12,0.2626
2020-05-13,0.2591
2020-05-14,0.2618
2020-05-15,0.2658
2020-05-18,0.2732
2020-05-19,0.2709
2020-05-20,0.2736
2020-05-21,0.2711
2020-05-22,0.2664
2020-05-26,0.2727
2020-05-27,0.276
2020-05-28,0.2739
2020-05-29,0.2738
2020-06-01,0.276
2020-06-02,0.2794
2020-06-03,0.2786
2020-06-04,0.2782
2020-06-05,0.2814
2020-06-08,0.281
2020-06-09,0.2823
2020-06-10,0.28
2020-06-11,0.275
2020-06-12,0.275
2020-06-15,0.2774
2020-06-16,0.2799
2020-06-17,0.281
2020-06-18,0.2806
2020-06-19,0.2852
2020-06-22,0.2835
2020-06-23,0.2817
2020-06-24,0.2765
2020-06-25,0.2758
2020-06-26,0.2728
2020-06-29,0.2772
2020-06-30,0.2811
2020-07-01,0.2836
2020-07-02,0.2809
2020-07-06,0.2854
2020-07-07,0.2887
2020-07-08,0.2855
2020-07-09,0.2829
2020-07-10,0.2822
2020-07-13,0.2808
2020-07-14,0.2846
2020-07-15,0.288
2020-07-16,0.2927
2020-07-17,0.2992
2020-07-20,0.2993
2020-07-21,0.3007
2020-07-22,0.2993
2020-07-23,0.2979
2020-07-24,0.298
2020-07-27,0.296
2020-07-28,0.2944
2020-07-29,0.2969
2020-07-30,0.2993
2020-07-31,0.3056
2020-08-03,0.3122
2020-08-04,0.3105
2020-08-05,0.311
2020-08-06,0.3122
2020-08-07,0.3085
2020-08-10,0.3073
2020-08-11,0.3062
2020-08-12,0.3156
2020-08-13,0.3123
2020-08-14,0.3106
2020-08-17,0.313
2020-08-18,0.3158
2020-08-19,0.3167
2020-08-20,0.313
2020-08-21,0.3141
2020-08-24,0.3166
2020-08-25,0.3198
2020-08-26,0.3225
2020-08-27,0.3331
2020-08-28,0.3322
2020-08-31,0.3278
2020-09-01,0.3276
2020-09-02,0.3339
2020-09-03,0.3314
2020-09-04,0.3277
2020-09-08,0.3327
2020-09-09,0.33
2020-09-10,0.3303
2020-09-11,0.3361
2020-09-14,0.3423
2020-09-15,0.3408
2020-09-16,0.3494
2020-09-17,0.3491
2020-09-18,0.3523
2020-09-21,0.3427
2020-09-22,0.3367
2020-09-23,0.3269
2020-09-24,0.3236
2020-09-25,0.3284
2020-09-28,0.3322
2020-09-29,0.3276
2020-09-30,0.3318
2020-10-01,0.3242
2020-10-02,0.3166
2020-10-05,0.3256
2020-10-06,0.3309
2020-10-07,0.3303
2020-10-08,0.33
2020-10-09,0.3401
2020-10-12,0.3316
2020-10-13,0.3362
2020-10-14,0.3388
2020-10-15,0.3317
2020-10-16,0.3299
2020-10-19,0.3253
2020-10-20,0.3331
2020-10-21,0.332
2020-10-22,0.3369
2020-10-23,0.3411
2020-10-26,0.3446
2020-10-27,0.3411
2020-10-28,0.3342
2020-10-29,0.3306
2020-10-30,0.3361
2020-11-02,0.3319
2020-11-03,0.3378
2020-11-04,0.3439
2020-11-05,0.3547
2020-11-06,0.3534
2020-11-09,0.3548
2020-11-10,0.3606
2020-11-11,0.3713
2020-11-12,0.3705
2020-11-13,0.3713
2020-11-16,0.3743
2020-11-17,0.375
2020-11-18,0.3846
2020-11-19,0.3881
2020-11-20,0.3866
2020-11-23,0.3855
2020-11-24,0.3799
2020-11-25,0.3805
2020-11-27,0.3854
2020-11-30,0.3757
2020-12-01,0.3701
2020-12-02,0.3692
2020-12-03,0.3773
2020-12-04,0.3841
2020-12-07,0.3803
2020-12-08,0.3744
2020-12-09,0.3786
2020-12-10,0.3806
2020-12-11,0.3824
2020-12-14,0.3873
2020-12-15,0.3919
2020-12-16,0.3905
2020-12-17,0.3993
2020-12-18,0.4007
2020-12-21,0.3996
2020-12-22,0.4055
2020-12-23,0.4135
2020-12-24,0.4184
2020-12-28,0.4159
2020-12-29,0.4219
2020-12-30,0.4218
2020-12-31,0.4259
2021-01-04,0.4213
2021-01-05,0.436
2021-01-06,0.4384
2021-01-07,0.4379
2021-01-08,0.4359
2021-01-11,0.4263
2021-01-12,0.4263
2021-01-13,0.4218
2021-01-14,0.4311
2021-01-15,0.4185
2021-01-19,0.417
2021-01-20,0.4254
2021-01-21,0.4343
2021-01-22,0.4227
2021-01-25,0.4294
2021-01-26,0.4391
2021-01-27,0.4452
2021-01-28,0.4465
2021-01-29,0.4462
2021-02-01,0.4497
2021-02-02,0.4432
2021-02-03,0.4448
2021-02-04,0.4494
2021-02-05,0.4466
2021-02-08,0.4563
2021-02-09,0.4652
2021-02-10,0.4569
2021-02-11,0.4563
2021-02-12,0.4604
2021-02-16,0.4727
2021-02-17,0.4677
2021-02-18,0.4691
2021-02-19,0.4755
2021-02-22,0.479
2021-02-23,0.4908
2021-02-24,0.507
2021-02-25,0.5019
2021-02-26,0.5022
2021-03-01,0.4923
2021-03-02,0.4966
2021-03-03,0.4978
2021-03-04,0.5071
2021-03-05,0.518
2021-03-08,0.5246
2021-03-09,0.5355
2021-03-10,0.5351
2021-03-11,0.5461
2021-03-12,0.5536
2021-03-15,0.5509
2021-03-16,0.5509
2021-03-17,0.546
2021-03-18,0.5352
2021-03-19,0.5387
2021-03-22,0.5637
2021-03-23,0.5702
2021-03-24,0.5748
2021-03-25,0.5498
2021-03-26,0.5248
2021-03-29,0.5296
2021-03-30,0.5046
2021-03-31,0.5292
2021-04-01,0.5213
2021-04-05,0.5281
2021-04-06,0.5392
2021-04-07,0.5285
2021-04-08,0.5338
2021-04-09,0.5285
2021-04-12,0.5145
2021-04-13,0.5303
2021-04-14,0.5424
2021-04-15,0.5489
2021-04-16,0.5633
2021-04-19,0.5627
2021-04-20,0.5832
2021-04-21,0.6019
2021-04-22,0.6252
2021-04-23,0.6271
2021-04-26,0.6521
2021-04-27,0.6534
2021-04-28,0.6583
2021-04-29,0.6233
2021-04-30,0.636
2021-05-03,0.6306
2021-05-04,0.6358
2021-05-05,0.6346
2021-05-06,0.6435
2021-05-07,0.6448
2021-05-10,0.6384
2021-05-11,0.648
2021-05-12,0.664
2021-05-13,0.6578
2021-05-14,0.6758
2021-05-17,0.6897
2021-05-18,0.6867
2021-05-19,0.6647
2021-05-20,0.6576
2021-05-21,0.6549
2021-05-24,0.6513
2021-05-25,0.6669
2021-05-26,0.6568
2021-05-27,0.6681
2021-05-28,0.6579
2021-06-01,0.6739
2021-06-02,0.7038
2021-06-03,0.6885
2021-06-04,0.7134
2021-06-07,0.7083
2021-06-08,0.7208
2021-06-09,0.7159
2021-06-10,0.7046
2021-06-11,0.6698
2021-06-14,0.6596
2021-06-15,0.6557
2021-06-16,0.6207
2021-06-17,0.5657
2021-06-18,0.5812
2021-06-21,0.6033
2021-06-22,0.6067
2021-06-23,0.6213
2021-06-24,0.627
2021-06-25,0.5941
2021-06-28,0.6157
2021-06-29,0.6296
2021-06-30,0.6377
2021-07-01,0.6265
2021-07-02,0.6347
2021-07-05,0.6347
2021-07-06,0.604
2021-07-07,0.6106
2021-07-08,0.6048
2021-07-09,0.6235
2021-07-12,0.6405
2021-07-13,0.6554
2021-07-14,0.6622
2021-07-15,0.6731
2021-07-16,0.6831
2021-07-19,0.6669
2021-07-20,0.6702
2021-07-21,0.6546
2021-07-22,0.65
2021-07-23,0.6566
2021-07-26,0.6643
2021-07-27,0.6589
2021-07-28,0.659
2021-07-29,0.665
2021-07-30,0.647
2021-08-02,0.6371
2021-08-03,0.6245
2021-08-04,0.6232
2021-08-05,0.6147
2021-08-06,0.6181
2021-08-09,0.6072
2021-08-10,0.6119
2021-08-11,0.6222
2021-08-12,0.6225
2021-08-13,0.6372
2021-08-16,0.6329
2021-08-17,0.6254
2021-08-18,0.6193
2021-08-19,0.606
2021-08-20,0.5749
2021-08-23,0.5925
2021-08-24,0.6109
2021-08-25,0.6189
2021-08-26,0.6111
2021-08-27,0.6099
2021-08-30,0.5993
2021-08-31,0.5898
2021-09-01,0.5811
2021-09-02,0.5887
2021-09-03,0.59
2021-09-06,0.59
2021-09-07,0.5772
2021-09-08,0.5746
2021-09-09,0.5606
2021-09-10,0.5578
2021-09-13,0.558
2021-09-14,0.5674
2021-09-15,0.5831
2021-09-16,0.5683
2021-09-17,0.5629
2021-09-20,0.5491
2021-09-21,0.5532
2021-09-22,0.5639
2021-09-23,0.571
2021-09-24,0.5797
2021-09-27,0.5826
2021-09-28,0.5765
2021-09-29,0.5781
2021-09-30,0.5871
2021-10-01,0.5882
2021-10-04,0.5883
2021-10-05,0.6114
2021-10-06,0.6034
2021-10-07,0.6206
2021-10-08,0.6151
2021-10-11,0.6051
2021-10-12,0.5885
2021-10-13,0.5959
2021-10-14,0.6044
2021-10-15,0.6129
2021-10-18,0.6202
2021-10-19,0.6239
2021-10-20,0.647
2021-10-21,0.6258
2021-10-22,0.6209
2021-10-25,0.6314
2021-10-26,0.6231
2021-10-27,0.6142
2021-10-28,0.6087
2021-10-29,0.6127
2021-11-01,0.6197
2021-11-02,0.6199
2021-11-03,0.6103
2021-11-04,0.5958
2021-11-05,0.5878
2021-11-08,0.5805
2021-11-09,0.5847
2021-11-10,0.5914
2021-11-11,0.5914
2021-11-12,0.5897
2021-11-15,0.582
2021-11-16,0.5917
2021-11-17,0.5923
2021-11-18,0.5917
2021-11-19,0.5816
2021-11-22,0.5941
2021-11-23,0.6014
2021-11-24,0.6089
2021-11-26,0.5896
2021-11-29,0.5827
2021-11-30,0.5519
2021-12-01,0.5518
2021-12-02,0.5634
2021-12-03,0.5722
2021-12-06,0.5786
2021-12-07,0.571
2021-12-08,0.5555
2021-12-09,0.5485
2021-12-10,0.5369
2021-12-13,0.5335
2021-12-14,0.5224
2021-12-15,0.5347
2021-12-16,0.5465
2021-12-17,0.5388
2021-12-20,0.5294
2021-12-21,0.539
2021-12-22,0.5483
2021-12-23,0.5544
2021-12-24,0.5544
2021-12-26,0.5544
2021-12-27,0.5672
2021-12-28,0.5657
2021-12-29,0.5678
2021-12-30,0.5599
2021-12-31,0.5648
2022-01-03,0.5642
2022-01-04,0.5833
2022-01-05,0.5944
2022-01-06,0.589
2022-01-07,0.5878
2022-01-10,0.5803
2022-01-11,0.5887
2022-01-12,0.5937
2022-01-13,0.5844
2022-01-14,0.5846
2022-01-18,0.5908
2022-01-19,0.6076
2022-01-20,0.6288
2022-01-21,0.63
2022-01-24,0.6197
2022-01-25,0.6251
2022-01-26,0.6393
2022-01-27,0.6434
2022-01-28,0.6527
2022-01-31,0.6482
2022-02-01,0.6583
2022-02-02,0.6598
2022-02-03,0.6575
2022-02-04,0.6536
2022-02-07,0.6534
2022-02-08,0.6335
2022-02-09,0.641
2022-02-10,0.6451
2022-02-11,0.6572
2022-02-14,0.6581
2022-02-15,0.6563
2022-02-16,0.6697
2022-02-17,0.6681
2022-02-18,0.6757
2022-02-21,0.6757
2022-02-22,0.7015
2022-02-23,0.7069
2022-02-24,0.7199
2022-02-25,0.6886
2022-02-28,0.7259
2022-03-01,0.7621
2022-03-02,0.7587
2022-03-03,0.7481
2022-03-04,0.728
2022-03-07,0.7422
2022-03-08,0.7575
2022-03-09,0.7415
2022-03-10,0.7468
2022-03-11,0.7603
2022-03-14,0.7395
2022-03-15,0.7368
2022-03-16,0.7355
2022-03-17,0.7463
2022-03-18,0.7229
2022-03-21,0.7371
2022-03-22,0.7454
2022-03-23,0.7597
2022-03-24,0.7429
2022-03-25,0.7475
2022-03-28,0.7245
2022-03-29,0.7166
2022-03-30,0.7222
2022-03-31,0.6994
2022-04-01,0.712
2022-04-04,0.7234
2022-04-05,0.7241
2022-04-06,0.7183
2022-04-07,0.7302
2022-04-08,0.7512
2022-04-11,0.743
2022-04-12,0.7543
2022-04-13,0.7811
2022-04-14,0.7891
2022-04-15,0.7891
2022-04-18,0.7999
2022-04-19,0.8021
2022-04-20,0.8081
2022-04-21,0.815
2022-04-22,0.8326
2022-04-25,0.8274
2022-04-26,0.8472
2022-04-27,0.8657
2022-04-28,0.882
2022-04-29,0.8518
2022-05-02,0.8009
2022-05-03,0.8028
2022-05-04,0.8243
2022-05-05,0.8185
2022-05-06,0.809
2022-05-09,0.7974
2022-05-10,0.8104
2022-05-11,0.8345
2022-05-12,0.8252
2022-05-13,0.8379
2022-05-16,0.8299
2022-05-17,0.8349
2022-05-18,0.8055
2022-05-19,0.7953
2022-05-20,0.8093
2022-05-23,0.8047
2022-05-24,0.8012
2022-05-25,0.7892
2022-05-26,0.8052
2022-05-27,0.7957
2022-05-31,0.7792
2022-06-01,0.7811
2022-06-02,0.8144
2022-06-03,0.8185
2022-06-06,0.8119
2022-06-07,0.8144
2022-06-08,0.8294
2022-06-09,0.8263
2022-06-10,0.8081
2022-06-13,0.7951
2022-06-14,0.7828
2022-06-15,0.7767
2022-06-16,0.7634
2022-06-17,0.7379
2022-06-20,0.7379
2022-06-21,0.7337
2022-06-22,0.7066
2022-06-23,0.6771
2022-06-24,0.6975
2022-06-27,0.7023
2022-06-28,0.7085
2022-06-29,0.7074
2022-06-30,0.7012
2022-07-01,0.6568
2022-07-05,0.6052
2022-07-06,0.6022
2022-07-07,0.6317
2022-07-08,0.6407
2022-07-11,0.6521
2022-07-12,0.6141
2022-07-13,0.6021
2022-07-14,0.598
2022-07-15,0.6008
2022-07-18,0.632
2022-07-19,0.6189
2022-07-20,0.6003
2022-07-21,0.586
2022-07-22,0.6032
2022-07-25,0.6001
2022-07-26,0.6042
2022-07-27,0.6118
2022-07-28,0.6584
2022-07-29,0.686
2022-08-01,0.6623
2022-08-02,0.652
2022-08-03,0.6508
2022-08-04,0.6604
2022-08-05,0.6859
2022-08-08,0.692
2022-08-09,0.6969
2022-08-10,0.7056
2022-08-11,0.7197
2022-08-12,0.7197
2022-08-15,0.6894
2022-08-16,0.6784
2022-08-17,0.6741
2022-08-18,0.6626
2022-08-19,0.679
2022-08-22,0.6877
2022-08-23,0.6959
2022-08-24,0.6877
2022-08-25,0.6909
2022-08-26,0.7082
2022-08-29,0.7098
2022-08-30,0.7079
2022-08-31,0.7274
2022-09-01,0.6852
2022-09-02,0.715
2022-09-06,0.6896
2022-09-07,0.6773
2022-09-08,0.6886
2022-09-09,0.7025
2022-09-12,0.7192
2022-09-13,0.7196
2022-09-14,0.6851
2022-09-15,0.6679
2022-09-16,0.6866
2022-09-19,0.68
2022-09-20,0.6859
2022-09-21,0.6783
2022-09-22,0.6943
2022-09-23,0.67
2022-09-26,0.6611
2022-09-27,0.6566
2022-09-28,0.6552
2022-09-29,0.6748
2022-09-30,0.6535
2022-10-03,0.6688
2022-10-04,0.6863
2022-10-05,0.6902
2022-10-06,0.6967
2022-10-07,0.7008
2022-10-10,0.6954
2022-10-11,0.6898
2022-10-12,0.6917
2022-10-13,0.7001
2022-10-14,0.6957
2022-10-17,0.6684
2022-10-18,0.6874
2022-10-19,0.7064
2022-10-20,0.7042
2022-10-21,0.715
2022-10-24,0.7187
2022-10-25,0.7228
2022-10-26,0.7342
2022-10-27,0.723
2022-10-28,0.7179
2022-10-31,0.7321
2022-11-01,0.7337
2022-11-02,0.7561
2022-11-03,0.7529
2022-11-04,0.7717
2022-11-07,0.7633
2022-11-08,0.7503
2022-11-09,0.7554
2022-11-10,0.7609
2022-11-11,0.7697
2022-11-14,0.7628
2022-11-15,0.7698
2022-11-16,0.7408
2022-11-17,0.7213
2022-11-18,0.7274
2022-11-21,0.73
2022-11-22,0.7384
2022-11-23,0.7491
2022-11-25,0.7452
2022-11-28,0.7607
2022-11-29,0.7654
2022-11-30,0.7523
2022-12-01,0.684
2022-12-02,0.6759
2022-12-05,0.649
2022-12-06,0.6387
2022-12-07,0.6315
2022-12-08,0.635
2022-12-09,0.622
2022-12-12,0.6439
2022-12-13,0.6631
2022-12-14,0.6631
2022-12-15,0.6382
2022-12-16,0.6336
2022-12-19,0.6441
2022-12-20,0.6605
2022-12-21,0.6631
2022-12-22,0.658
2022-12-23,0.6593
2022-12-27,0.6765
2022-12-28,0.658
2022-12-29,0.664
2022-12-30,0.6381
2023-01-03,0.6316
2023-01-04,0.6311
2023-01-05,0.6294
2023-01-06,0.6373
2023-01-09,0.6391
2023-01-10,0.6313
2023-01-11,0.6239
2023-01-12,0.6325
2023-01-13,0.6325
2023-01-17,0.6384
2023-01-18,0.6412
2023-01-19,0.6315
2023-01-20,0.6197
2023-01-23,0.6204
2023-01-24,0.6098
2023-01-25,0.6054
2023-01-26,0.6079
2023-01-27,0.6062
2023-01-30,0.6132
2023-01-31,0.6233
2023-02-01,0.6079
2023-02-02,0.6094
2023-02-03,0.5906
2023-02-06,0.5931
2023-02-07,0.6089
2023-02-08,0.6058
2023-02-09,0.5904
2023-02-10,0.6054
2023-02-13,0.6014
2023-02-14,0.604
2023-02-15,0.6124
2023-02-16,0.619
2023-02-17,0.6151
2023-02-21,0.6277
2023-02-22,0.6283
2023-02-23,0.6204
2023-02-24,0.6111
2023-02-27,0.6004
2023-02-28,0.5975
2023-03-01,0.6054
2023-03-02,0.6139
2023-03-03,0.6061
2023-03-06,0.5988
2023-03-07,0.5816
2023-03-08,0.5849
2023-03-09,0.5657
2023-03-10,0.561
2023-03-13,0.5534
2023-03-14,0.5584
2023-03-15,0.5634
2023-03-16,0.5773
2023-03-17,0.5746
2023-03-20,0.5799
2023-03-21,0.5624
2023-03-22,0.5464
2023-03-23,0.5217
2023-03-24,0.5327
2023-03-27,0.5455
2023-03-28,0.5505
2023-03-29,0.5538
2023-03-30,0.5437
2023-03-31,0.5549
2023-04-03,0.5668
2023-04-04,0.5574
2023-04-05,0.5522
2023-04-06,0.5453
2023-04-10,0.5448
2023-04-11,0.5489
2023-04-12,0.54
2023-04-13,0.5372
2023-04-14,0.5366
2023-04-17,0.5457
2023-04-18,0.5536
2023-04-19,0.5502
2023-04-20,0.5443
2023-04-21,0.534
2023-04-24,0.5256
2023-04-25,0.5171
2023-04-26,0.5208
2023-04-27,0.5078
2023-04-28,0.5161
2023-05-01,0.5155
2023-05-02,0.5139
2023-05-03,0.5237
2023-05-04,0.5227
2023-05-05,0.5409
2023-05-08,0.5334
2023-05-09,0.5272
2023-05-10,0.5185
2023-05-11,0.5091
2023-05-12,0.4989
2023-05-15,0.4969
2023-05-16,0.4745
2023-05-17,0.4641
2023-05-18,0.4729
2023-05-19,0.4727
2023-05-22,0.4877
2023-05-23,0.4776
2023-05-24,0.48
2023-05-25,0.4852
2023-05-26,0.4882
2023-05-30,0.462
2023-05-31,0.462
2023-06-01,0.4786
2023-06-02,0.495
2023-06-05,0.4926
2023-06-06,0.5092
2023-06-07,0.5047
2023-06-08,0.525
2023-06-09,0.5459
2023-06-12,0.5398
2023-06-13,0.5543
2023-06-14,0.5596
2023-06-15,0.5843
2023-06-16,0.5969
2023-06-20,0.5963
2023-06-21,0.5563
2023-06-22,0.5577
2023-06-23,0.5794
2023-06-26,0.5951
2023-06-27,0.6055
2023-06-28,0.5962
2023-06-29,0.6083
2023-06-30,0.6501
2023-07-03,0.6702
2023-07-05,0.6858
2023-07-06,0.6595
2023-07-07,0.6655
2023-07-10,0.6922
2023-07-11,0.6853
2023-07-12,0.6868
2023-07-13,0.6967
2023-07-14,0.6789
2023-07-17,0.6476
2023-07-18,0.6405
2023-07-19,0.6605
2023-07-20,0.6764
2023-07-21,0.694
2023-07-24,0.7199
2023-07-25,0.7256
2023-07-26,0.7027
2023-07-27,0.6861
2023-07-28,0.676
2023-07-31,0.6558
2023-08-01,0.6709
2023-08-02,0.6731
2023-08-03,0.6699
2023-08-04,0.68
2023-08-07,0.6666
2023-08-08,0.6658
2023-08-09,0.6679
2023-08-10,0.666
2023-08-11,0.6634
2023-08-14,0.6632
2023-08-15,0.659
2023-08-16,0.6677
2023-08-17,0.6776
2023-08-18,0.6829
2023-08-21,0.6799
2023-08-22,0.6521
2023-08-23,0.6615
2023-08-24,0.6554
2023-08-25,0.6673
2023-08-28,0.669
2023-08-29,0.6656
2023-08-30,0.6554
2023-08-31,0.6552
2023-09-01,0.6655
2023-09-05,0.66
2023-09-06,0.6535
2023-09-07,0.6386
2023-09-08,0.6315
2023-09-11,0.6315
2023-09-12,0.6272
2023-09-13,0.6443
2023-09-14,0.6443
2023-09-15,0.6338
2023-09-18,0.6239
2023-09-19,0.6176
2023-09-20,0.6068
2023-09-21,0.5965
2023-09-22,0.6085
2023-09-25,0.5875
2023-09-26,0.5886
2023-09-27,0.5961
2023-09-28,0.5853
2023-09-29,0.5744
2023-10-02,0.5985
2023-10-03,0.5945
2023-10-04,0.5843
2023-10-05,0.5786
2023-10-06,0.5729
2023-10-09,0.5613
2023-10-10,0.5399
2023-10-11,0.5352
2023-10-12,0.5447
2023-10-13,0.5535
2023-10-16,0.559
2023-10-17,0.5535
2023-10-18,0.5486
2023-10-19,0.5311
2023-10-20,0.5339
2023-10-23,0.5194
2023-10-24,0.5132
2023-10-25,0.526
2023-10-26,0.5174
2023-10-27,0.5227
2023-10-30,0.5239
2023-10-31,0.5142
2023-11-01,0.499
2023-11-02,0.5032
2023-11-03,0.4936
2023-11-06,0.508
2023-11-07,0.4949
2023-11-08,0.4995
2023-11-09,0.5045
2023-11-10,0.512
2023-11-13,0.5154
2023-11-14,0.5275
2023-11-15,0.5305
2023-11-16,0.5163
2023-11-17,0.5201
2023-11-20,0.5311
2023-11-21,0.5419
2023-11-22,0.536
2023-11-24,0.5153
2023-11-27,0.5191
2023-11-28,0.5334
2023-11-29,0.5268
2023-11-30,0.5229
2023-12-01,0.5138
2023-12-04,0.5119
2023-12-05,0.5022
2023-12-06,0.4929
2023-12-07,0.5111
2023-12-08,0.5015
2023-12-11,0.5106
2023-12-12,0.5039
2023-12-13,0.4982
2023-12-14,0.4928
2023-12-15,0.4999
2023-12-18,0.5064
2023-12-19,0.5073
2023-12-20,0.5056
2023-12-21,0.4904
2023-12-22,0.4853
2023-12-26,0.4791
2023-12-27,0.4824
2023-12-28,0.4749
2023-12-29,0.4784
2024-01-02,0.4779
2024-01-03,0.481
2024-01-04,0.4788
2024-01-05,0.4717
2024-01-08,0.4744
2024-01-09,0.4812
2024-01-10,0.4786
2024-01-11,0.4837
2024-01-12,0.4775
2024-01-16,0.4725
2024-01-17,0.477
2024-01-18,0.4762
2024-01-19,0.469
2024-01-22,0.4816
2024-01-23,0.4821
2024-01-24,0.4732
2024-01-25,0.4653
2024-01-26,0.4693
2024-01-29,0.4555
2024-01-30,0.46
2024-01-31,0.4602
2024-02-01,0.456
2024-02-02,0.4473
2024-02-05,0.4533
2024-02-06,0.4594
2024-02-07,0.4676
2024-02-08,0.4794
2024-02-09,0.4726
2024-02-12,0.469
2024-02-13,0.473
2024-02-14,0.4635
2024-02-15,0.46
2024-02-16,0.4559
2024-02-20,0.4541
2024-02-21,0.4483
2024-02-22,0.4421
2024-02-23,0.4402
2024-02-26,0.444
2024-02-27,0.4491
2024-02-28,0.4466
2024-02-29,0.4466
2024-03-01,0.4462
2024-03-04,0.4465
2024-03-05,0.4451
2024-03-06,0.4478
2024-03-07,0.4583
2024-03-08,0.456
2024-03-11,0.4605
2024-03-12,0.4723
2024-03-13,0.4799
2024-03-14,0.4794
2024-03-15,0.4942
2024-03-18,0.487
2024-03-19,0.4814
2024-03-20,0.49
2024-03-21,0.4879
2024-03-22,0.4764
2024-03-25,0.4902
2024-03-26,0.4842
2024-03-27,0.4767
2024-03-28,0.4795
2024-04-01,0.4824
2024-04-02,0.486
2024-04-03,0.4885
2024-04-04,0.4815
2024-04-05,0.4889
2024-04-08,0.479
2024-04-09,0.4752
2024-04-10,0.476
2024-04-11,0.4602
2024-04-12,0.4589
2024-04-15,0.4547
2024-04-16,0.4491
2024-04-17,0.45
2024-04-18,0.4412
2024-04-19,0.4438
2024-04-22,0.4504
2024-04-23,0.4531
2024-04-24,0.4466
2024-04-25,0.4482
2024-04-26,0.4493
2024-04-29,0.4369
2024-04-30,0.4229
2024-05-01,0.4257
2024-05-02,0.4257
2024-05-03,0.4242
2024-05-06,0.4317
2024-05-07,0.4385
2024-05-08,0.4315
2024-05-09,0.4201
2024-05-10,0.4381
2024-05-13,0.4452
2024-05-14,0.4268
2024-05-15,0.4355
2024-05-16,0.4452
2024-05-17,0.4527
2024-05-20,0.4632
2024-05-21,0.4581
2024-05-22,0.4588
2024-05-23,0.4519
2024-05-24,0.4495
2024-05-28,0.4552
2024-05-29,0.4588
2024-05-30,0.4572
2024-05-31,0.4552
2024-06-03,0.4414
2024-06-04,0.4362
2024-06-05,0.4313
2024-06-06,0.4435
2024-06-07,0.4363
2024-06-10,0.4366
2024-06-11,0.4367
2024-06-12,0.4379
2024-06-13,0.4386
2024-06-14,0.4368
2024-06-17,0.4373
2024-06-18,0.443
2024-06-20,0.4397
2024-06-21,0.4394
2024-06-24,0.4349
2024-06-25,0.4276
2024-06-26,0.4345
2024-06-27,0.4349
2024-06-28,0.4377
2024-07-01,0.4583
2024-07-02,0.4693
2024-07-03,0.486
2024-07-05,0.4962
2024-07-08,0.49
2024-07-09,0.4686
2024-07-10,0.4626
2024-07-11,0.4711
2024-07-12,0.4755
2024-07-15,0.4642
2024-07-16,0.467
2024-07-17,0.4621
2024-07-18,0.4645
2024-07-19,0.4656
2024-07-22,0.47
2024-07-23,0.4666
2024-07-24,0.4602
2024-07-25,0.4581
2024-07-26,0.4366
2024-07-29,0.4284
2024-07-30,0.4275
2024-07-31,0.433
2024-08-01,0.4287
2024-08-02,0.4171
2024-08-05,0.4104
2024-08-06,0.4087
2024-08-07,0.4225
2024-08-08,0.4236
2024-08-09,0.4274
2024-08-12,0.4161
2024-08-13,0.4068
2024-08-14,0.4005
2024-08-15,0.3947
2024-08-16,0.3995
2024-08-19,0.4047
2024-08-20,0.4071
2024-08-21,0.41
2024-08-22,0.4044
2024-08-23,0.4147
2024-08-26,0.417
2024-08-27,0.4115
2024-08-28,0.418
2024-08-29,0.4317
2024-08-30,0.4314
2024-09-03,0.4207
2024-09-04,0.4135
2024-09-05,0.4232
2024-09-06,0.4077
2024-09-09,0.4161
2024-09-10,0.4085
2024-09-11,0.4032
2024-09-12,0.4081
2024-09-13,0.4069
2024-09-16,0.3975
2024-09-17,0.4055
2024-09-18,0.4099
2024-09-19,0.4175
2024-09-20,0.4216
2024-09-23,0.4262
2024-09-24,0.4395
2024-09-25,0.4438
2024-09-26,0.4292
2024-09-27,0.4218
2024-09-30,0.4351
2024-10-01,0.4291
2024-10-02,0.4372
2024-10-03,0.4469
2024-10-04,0.4404
2024-10-07,0.4456
2024-10-08,0.4337
2024-10-09,0.4326
2024-10-10,0.4387
2024-10-11,0.4344
2024-10-14,0.4216
2024-10-15,0.4245
2024-10-16,0.4168
2024-10-17,0.4259
2024-10-18,0.4182
2024-10-21,0.4239
2024-10-22,0.4369
2024-10-23,0.4339
2024-10-24,0.4433
2024-10-25,0.4415
2024-10-28,0.4269
2024-10-29,0.428
2024-10-30,0.4381
2024-10-31,0.4514
2024-11-01,0.463
2024-11-04,0.4556
2024-11-05,0.4499
2024-11-06,0.4634
2024-11-07,0.4832
2024-11-08,0.4877
2024-11-11,0.4814
2024-11-12,0.4623
2024-11-13,0.4518
2024-11-14,0.4444
2024-11-15,0.4535
2024-11-18,0.4552
2024-11-19,0.4484
2024-11-20,0.4328
2024-11-21,0.4218
2024-11-22,0.4177
2024-11-25,0.4121
2024-11-26,0.4259
2024-11-27,0.4075
2024-11-29,0.4161
2024-12-02,0.4127
2024-12-03,0.4195
2024-12-04,0.4123
2024-12-05,0.4212
2024-12-06,0.4278
2024-12-09,0.4263
2024-12-10,0.4256
2024-12-11,0.4226
2024-12-12,0.4247
2024-12-13,0.4228
2024-12-16,0.4172
2024-12-17,0.4062
2024-12-18,0.3955
2024-12-19,0.4001
2024-12-20,0.3948
2024-12-23,0.4023
2024-12-24,0.3984
2024-12-26,0.3947
2024-12-27,0.3952
2024-12-30,0.3972
2024-12-31,0.3978
2025-01-02,0.3972
2025-01-03,0.394
2025-01-06,0.3976
2025-01-07,0.4072
2025-01-08,0.4111
2025-01-09,0.4228
2025-01-10,0.4505
2025-01-13,0.4547
2025-01-14,0.4573
2025-01-15,0.4627
2025-01-16,0.4503
2025-01-17,0.4569
2025-01-21,0.4577
2025-01-22,0.4442
2025-01-23,0.4504
2025-01-24,0.4522
2025-01-27,0.45
2025-01-28,0.4513
2025-01-29,0.4497
2025-01-30,0.4498
2025-01-31,0.4611
2025-02-03,0.4651
2025-02-04,0.4576
2025-02-05,0.4509
2025-02-06,0.454
2025-02-07,0.4598
2025-02-10,0.4573
2025-02-11,0.4613
2025-02-12,0.4566
2025-02-13,0.4625
2025-02-14,0.4607
2025-02-18,0.473
2025-02-19,0.463
2025-02-20,0.4726
2025-02-21,0.4681
2025-02-24,0.457
2025-02-25,0.4544
2025-02-26,0.4497
2025-02-27,0.4475
2025-02-28,0.4353
2025-03-03,0.429
2025-03-04,0.4227
2025-03-05,0.4244
2025-03-06,0.426
2025-03-07,0.4287
2025-03-10,0.4171
2025-03-11,0.4143
2025-03-12,0.4118
2025-03-13,0.4078
2025-03-14,0.41
2025-03-17,0.421
2025-03-18,0.4254
2025-03-19,0.4236
2025-03-20,0.4271
2025-03-21,0.4201
2025-03-24,0.4215
2025-03-25,0.423
2025-03-26,0.4264
2025-03-27,0.4427
2025-03-28,0.4516
2025-03-31,0.4489
2025-04-01,0.4744
2025-04-02,0.485
2025-04-03,0.4706
2025-04-04,0.4584
2025-04-07,0.4515
2025-04-08,0.4494
2025-04-09,0.4619
2025-04-10,0.4632
2025-04-11,0.4735
2025-04-14,0.4632
2025-04-15,0.4733
2025-04-16,0.4748
2025-04-17,0.4787
2025-04-21,0.4782
2025-04-22,0.4758
2025-04-23,0.4791
2025-04-24,0.4965
2025-04-25,0.4928
2025-04-28,0.4991
2025-04-29,0.4885
2025-04-30,0.4858
2025-05-01,0.4936
2025-05-02,0.4908
2025-05-05,0.4837
2025-05-06,0.4798
2025-05-07,0.4695
2025-05-08,0.4803
2025-05-09,0.4815
2025-05-12,0.4949
2025-05-13,0.511
2025-05-14,0.5162
2025-05-15,0.4932
2025-05-16,0.4893
2025-05-19,0.4944
2025-05-20,0.495
2025-05-21,0.4983
2025-05-22,0.4911
2025-05-23,0.4935
2025-05-27,0.4957
2025-05-28,0.4893
2025-05-29,0.4839
2025-05-30,0.4689
2025-06-02,0.4628
2025-06-03,0.4681
2025-06-04,0.4681
2025-06-05,0.4665
2025-06-06,0.475
2025-06-09,0.4738
2025-06-10,0.4779
2025-06-11,0.4802
2025-06-12,0.4761
2025-06-13,0.5061
2025-06-16,0.5511
2025-06-17,0.5479
2025-06-18,0.5477
2025-06-20,0.5447
2025-06-23,0.5324
2025-06-24,0.5217
2025-06-25,0.5182
2025-06-26,0.5252
2025-06-27,0.5245
2025-06-30,0.5251
2025-07-01,0.5376
2025-07-02,0.5506
2025-07-03,0.547
2025-07-07,0.5407
2025-07-08,0.5411
2025-07-09,0.5335
2025-07-10,0.5367
2025-07-11,0.5441
2025-07-14,0.5441
2025-07-15,0.5456
2025-07-16,0.5482
2025-07-17,0.5622
2025-07-18,0.5582
2025-07-21,0.5607
2025-07-22,0.5563
2025-07-23,0.5614
2025-07-24,0.5667
2025-07-25,0.5649
2025-07-28,0.5655
2025-07-29,0.5754
2025-07-30,0.565
2025-07-31,0.5558
2025-08-01,0.5472
2025-08-04,0.545
2025-08-05,0.5384
2025-08-06,0.5379
2025-08-07,0.5354
2025-08-08,0.5276
2025-08-11,0.5329
2025-08-12,0.533
2025-08-13,0.5335
2025-08-14,0.5199
2025-08-15,0.5318
2025-08-18,0.5327
2025-08-19,0.5168
2025-08-20,0.512
2025-08-21,0.5364
2025-08-22,0.5484
2025-08-25,0.5431
2025-08-26,0.5276
2025-08-27,0.5247
2025-08-28,0.5175
2025-08-29,0.5147
2025-09-02,0.5197
2025-09-03,0.5116
2025-09-04,0.5123
2025-09-05,0.5056
2025-09-08,0.5073
2025-09-09,0.497
2025-09-10,0.5022
2025-09-11,0.5082
2025-09-12,0.5138
2025-09-15,0.5176
2025-09-16,0.5269
2025-09-17,0.5124
2025-09-18,0.5057
2025-09-19,0.5003
2025-09-22,0.4917
2025-09-23,0.4935
2025-09-24,0.4929
2025-09-25,0.4974
2025-09-26,0.496
2025-09-29,0.4911
2025-09-30,0.4887
2025-10-01,0.4975
2025-10-02,0.4982
2025-10-03,0.4943
2025-10-06,0.4979
2025-10-07,0.5053
2025-10-08,0.5097
2025-10-09,0.5038
2025-10-10,0.494
2025-10-13,0.5004
2025-10-14,0.4992
2025-10-15,0.508
2025-10-16,0.5087
2025-10-17,0.5113
2025-10-20,0.5131
2025-10-21,0.5065
2025-10-22,0.5007
2025-10-23,0.5087
2025-10-24,0.5027
2025-10-27,0.5077
2025-10-28,0.5026
2025-10-29,0.5016
2025-10-30,0.4965
2025-10-31,0.4868
2025-11-03,0.4984
2025-11-04,0.4953
2025-11-05,0.4969
2025-11-06,0.4935
2025-11-07,0.4968
2025-11-10,0.5058
2025-11-11,0.511
2025-11-12,0.5062
2025-11-13,0.5025
2025-11-14,0.5015
2025-11-17,0.5114
2025-11-18,0.5217
2025-11-19,0.511
2025-11-20,0.5066
2025-11-21,0.5026
2025-11-24,0.5018
2025-11-25,0.503
2025-11-26,0.5087
2025-11-28,0.5176
2025-12-01,0.5206
2025-12-02,0.5235
2025-12-03,0.5135
2025-12-04,0.5153
2025-12-05,0.5136
2025-12-08,0.509
2025-12-09,0.5073
2025-12-10,0.5081
2025-12-11,0.5056
2025-12-12,0.4973
2025-12-15,0.4948
2025-12-16,0.4836
2025-12-17,0.4852
2025-12-18,0.4811
2025-12-19,0.479
2025-12-22,0.4855
2025-12-23,0.483
2025-12-24,0.4903
2025-12-26,0.4872
2025-12-29,0.4878
2025-12-30,0.4893
2025-12-31,0.4807
2026-01-02,0.4887
2026-01-05,0.4947
2026-01-06,0.49
2026-01-07,0.4882
2026-01-08,0.4903
2026-01-09,0.4926
2026-01-12,0.4982
2026-01-13,0.5078
2026-01-14,0.5076
2026-01-15,0.5297
2026-01-16,0.5261
2026-01-20,0.5256
2026-01-21,0.5401
2026-01-22,0.5378
2026-01-23,0.5399
2026-01-26,0.5389
2026-01-27,0.5441
2026-01-28,0.5431
2026-01-29,0.5403
2026-01-30,0.5351
2026-02-02,0.532
2026-02-03,0.5449
2026-02-04,0.5566
2026-02-05,0.5565
2026-02-06,0.5533
2026-02-09,0.5669
2026-02-10,0.5727
2026-02-11,0.5705
2026-02-12,0.5754
2026-02-13,0.5708
2026-02-17,0.5729
2026-02-18,0.5859
2026-02-19,0.5968
2026-02-20,0.5892
2026-02-23,0.5939
2026-02-24,0.6003
2026-02-25,0.6026
2026-02-26,0.6129
2026-02-27,0.6129
2026-03-02,0.6217
2026-03-03,0.6227
2026-03-04,0.6309
2026-03-05,0.6532
2026-03-06,0.6647
