Date,Value
1986-01-02,5.265
1986-01-03,5.205
1986-01-06,5.245
1986-01-07,5.31
1986-01-08,5.33
1986-01-09,5.33
1986-01-10,5.24
1986-01-13,5.12
1986-01-14,5.195
1986-01-15,5.3
1986-01-16,5.28
1986-01-17,5.295
1986-01-20,5.375
1986-01-21,5.27
1986-01-22,5.325
1986-01-23,5.31
1986-01-24,5.34
1986-01-27,5.335
1986-01-28,5.35
1986-01-29,5.35
1986-01-30,5.355
1986-01-31,5.285
1986-02-03,5.24
1986-02-04,5.26
1986-02-05,5.335
1986-02-06,5.29
1986-02-07,5.28
1986-02-10,5.31
1986-02-11,5.3
1986-02-12,5.21
1986-02-13,5.255
1986-02-14,5.25
1986-02-18,5.23
1986-02-19,5.17
1986-02-20,5.16
1986-02-21,5.255
1986-02-24,5.24
1986-02-25,5.215
1986-02-26,5.21
1986-02-27,5.255
1986-02-28,5.27
1986-03-03,5.23
1986-03-04,5.315
1986-03-05,5.3
1986-03-06,5.32
1986-03-07,5.275
1986-03-10,5.31
1986-03-11,5.285
1986-03-12,5.32
1986-03-13,5.29
1986-03-14,5.31
1986-03-17,5.325
1986-03-18,5.345
1986-03-19,5.325
1986-03-20,5.29
1986-03-21,5.305
1986-03-24,5.28
1986-03-25,5.305
1986-03-26,5.305
1986-03-27,5.3
1986-03-31,5.33
1986-04-01,5.35
1986-04-02,5.305
1986-04-03,5.175
1986-04-04,5.165
1986-04-07,5.21
1986-04-08,5.225
1986-04-09,5.185
1986-04-10,5.195
1986-04-11,5.195
1986-04-14,5.205
1986-04-15,5.21
1986-04-16,5.185
1986-04-17,5.21
1986-04-18,5.21
1986-04-21,5.22
1986-04-22,5.23
1986-04-23,5.23
1986-04-24,5.235
1986-04-25,5.235
1986-04-28,5.25
1986-04-29,5.295
1986-04-30,5.375
1986-05-01,5.25
1986-05-02,5.25
1986-05-05,5.3
1986-05-06,5.27
1986-05-07,5.24
1986-05-08,5.285
1986-05-09,5.305
1986-05-12,5.265
1986-05-13,5.3
1986-05-14,5.285
1986-05-15,5.22
1986-05-16,5.22
1986-05-19,5.22
1986-05-20,5.225
1986-05-21,5.22
1986-05-22,5.235
1986-05-23,5.245
1986-05-27,5.245
1986-05-28,5.275
1986-05-29,5.265
1986-05-30,5.215
1986-06-02,5.225
1986-06-03,5.225
1986-06-04,5.24
1986-06-05,5.27
1986-06-06,5.285
1986-06-09,5.245
1986-06-10,5.285
1986-06-11,5.285
1986-06-12,5.275
1986-06-13,5.235
1986-06-16,5.23
1986-06-17,5.25
1986-06-18,5.29
1986-06-19,5.31
1986-06-20,5.29
1986-06-23,5.27
1986-06-24,5.22
1986-06-25,5.175
1986-06-26,5.15
1986-06-27,5.135
1986-06-30,5.05
1986-07-01,5.015
1986-07-02,5.04
1986-07-03,5.07
1986-07-07,5.015
1986-07-08,5.05
1986-07-09,5.05
1986-07-10,5.095
1986-07-11,5.115
1986-07-14,5.135
1986-07-15,5.2
1986-07-16,5.285
1986-07-17,5.215
1986-07-18,5.185
1986-07-21,5.24
1986-07-22,5.18
1986-07-23,5.195
1986-07-24,5.175
1986-07-25,5.205
1986-07-28,5.215
1986-07-29,5.185
1986-07-30,5.18
1986-07-31,5.115
1986-08-01,5.075
1986-08-04,5.0
1986-08-05,4.92
1986-08-06,4.925
1986-08-07,4.855
1986-08-08,4.855
1986-08-11,4.84
1986-08-12,4.74
1986-08-13,4.79
1986-08-14,4.885
1986-08-15,4.915
1986-08-18,4.985
1986-08-19,4.935
1986-08-20,4.955
1986-08-21,5.03
1986-08-22,5.01
1986-08-25,5.045
1986-08-26,5.11
1986-08-27,5.045
1986-08-28,5.075
1986-08-29,4.945
1986-09-02,4.845
1986-09-03,4.895
1986-09-04,5.005
1986-09-05,4.955
1986-09-08,4.75
1986-09-09,4.805
1986-09-10,4.83
1986-09-11,4.835
1986-09-12,4.785
1986-09-15,4.62
1986-09-16,4.63
1986-09-17,4.62
1986-09-18,4.665
1986-09-19,4.71
1986-09-22,4.715
1986-09-23,4.75
1986-09-24,4.76
1986-09-25,4.735
1986-09-26,4.73
1986-09-29,4.78
1986-09-30,4.785
1986-10-01,4.81
1986-10-02,4.78
1986-10-03,4.735
1986-10-06,4.575
1986-10-07,4.54
1986-10-08,4.57
1986-10-09,4.565
1986-10-10,4.565
1986-10-13,4.55
1986-10-14,4.575
1986-10-15,4.565
1986-10-16,4.605
1986-10-17,4.57
1986-10-20,4.63
1986-10-21,4.64
1986-10-22,4.705
1986-10-23,4.68
1986-10-24,4.7
1986-10-27,4.78
1986-10-28,4.785
1986-10-29,4.74
1986-10-30,4.85
1986-10-31,4.855
1986-11-03,4.87
1986-11-04,4.86
1986-11-05,4.915
1986-11-06,4.89
1986-11-07,4.885
1986-11-10,4.865
1986-11-11,4.88
1986-11-12,4.88
1986-11-13,4.935
1986-11-14,4.92
1986-11-17,4.845
1986-11-18,4.855
1986-11-19,4.9
1986-11-20,4.88
1986-11-21,4.86
1986-11-24,4.84
1986-11-25,4.86
1986-11-26,4.915
1986-11-28,4.905
1986-12-01,4.915
1986-12-02,4.895
1986-12-03,4.895
1986-12-04,4.85
1986-12-05,4.85
1986-12-08,4.83
1986-12-09,4.805
1986-12-10,4.81
1986-12-11,4.76
1986-12-12,4.735
1986-12-15,4.745
1986-12-16,4.75
1986-12-17,4.73
1986-12-18,4.725
1986-12-19,4.745
1986-12-22,4.765
1986-12-23,4.745
1986-12-24,4.745
1986-12-26,4.775
1986-12-29,4.72
1986-12-30,4.74
1986-12-31,4.755
1987-01-02,4.735
1987-01-05,4.755
1987-01-06,4.69
1987-01-07,4.735
1987-01-08,4.78
1987-01-09,4.775
1987-01-12,4.82
1987-01-13,4.795
1987-01-14,4.82
1987-01-15,4.82
1987-01-16,4.84
1987-01-19,4.84
1987-01-20,4.8
1987-01-21,4.805
1987-01-22,4.805
1987-01-23,4.84
1987-01-26,4.835
1987-01-27,4.83
1987-01-28,4.805
1987-01-29,4.83
1987-01-30,4.82
1987-02-02,4.815
1987-02-03,4.825
1987-02-04,4.81
1987-02-05,4.7725
1987-02-06,4.745
1987-02-09,4.76
1987-02-10,4.76
1987-02-11,4.765
1987-02-12,4.7
1987-02-13,4.675
1987-02-17,4.705
1987-02-18,4.695
1987-02-19,4.7
1987-02-20,4.715
1987-02-23,4.69
1987-02-24,4.69
1987-02-25,4.655
1987-02-26,4.635
1987-02-27,4.65
1987-03-02,4.68
1987-03-03,4.685
1987-03-04,4.675
1987-03-05,4.705
1987-03-06,4.725
1987-03-09,4.745
1987-03-10,4.71
1987-03-11,4.725
1987-03-12,4.735
1987-03-13,4.75
1987-03-16,4.72
1987-03-17,4.735
1987-03-18,4.74
1987-03-19,4.76
1987-03-20,4.725
1987-03-23,4.72
1987-03-24,4.74
1987-03-25,4.795
1987-03-26,4.785
1987-03-27,4.78
1987-03-30,4.815
1987-03-31,4.79
1987-04-01,4.815
1987-04-02,4.785
1987-04-03,4.79
1987-04-06,4.81
1987-04-07,4.86
1987-04-08,4.87
1987-04-09,4.92
1987-04-10,4.895
1987-04-13,4.945
1987-04-14,4.97
1987-04-15,4.925
1987-04-16,4.925
1987-04-20,4.96
1987-04-21,4.945
1987-04-22,4.945
1987-04-23,4.985
1987-04-24,5.04
1987-04-27,4.985
1987-04-28,5.035
1987-04-29,5.115
1987-04-30,5.165
1987-05-01,5.17
1987-05-04,5.245
1987-05-05,5.18
1987-05-06,5.21
1987-05-07,5.32
1987-05-08,5.375
1987-05-11,5.515
1987-05-12,5.365
1987-05-13,5.44
1987-05-14,5.52
1987-05-15,5.51
1987-05-18,5.165
1987-05-19,5.28
1987-05-20,5.235
1987-05-21,5.35
1987-05-22,5.36
1987-05-26,5.27
1987-05-27,5.36
1987-05-28,5.35
1987-05-29,5.34
1987-06-01,5.365
1987-06-02,5.415
1987-06-03,5.505
1987-06-04,5.465
1987-06-05,5.51
1987-06-08,5.435
1987-06-09,5.46
1987-06-10,5.475
1987-06-11,5.55
1987-06-12,5.59
1987-06-15,5.805
1987-06-16,5.725
1987-06-17,5.605
1987-06-18,5.53
1987-06-19,5.43
1987-06-22,5.155
1987-06-23,5.275
1987-06-24,5.415
1987-06-25,5.345
1987-06-26,5.37
1987-06-29,5.23
1987-06-30,5.25
1987-07-01,5.24
1987-07-02,5.305
1987-07-06,5.34
1987-07-07,5.42
1987-07-08,5.275
1987-07-09,5.325
1987-07-10,5.345
1987-07-13,5.285
1987-07-14,5.305
1987-07-15,5.325
1987-07-16,5.23
1987-07-17,5.155
1987-07-20,5.32
1987-07-21,5.25
1987-07-22,5.24
1987-07-23,5.265
1987-07-24,5.315
1987-07-27,5.39
1987-07-28,5.415
1987-07-29,5.325
1987-07-30,5.295
1987-07-31,5.305
1987-08-03,5.18
1987-08-04,5.14
1987-08-05,5.135
1987-08-06,5.095
1987-08-07,5.07
1987-08-10,5.07
1987-08-11,5.04
1987-08-12,5.06
1987-08-13,5.06
1987-08-14,5.08
1987-08-17,5.1
1987-08-18,5.1
1987-08-19,5.15
1987-08-20,5.12
1987-08-21,5.14
1987-08-24,5.115
1987-08-25,5.11
1987-08-26,5.115
1987-08-27,5.105
1987-08-28,5.01
1987-08-31,4.93
1987-09-01,4.915
1987-09-02,4.96
1987-09-03,4.96
1987-09-04,5.01
1987-09-08,5.055
1987-09-09,5.05
1987-09-10,5.11
1987-09-11,5.13
1987-09-14,5.15
1987-09-15,5.11
1987-09-16,5.17
1987-09-17,5.155
1987-09-18,5.155
1987-09-21,5.125
1987-09-22,5.095
1987-09-23,5.105
1987-09-24,5.06
1987-09-25,5.04
1987-09-28,5.07
1987-09-29,5.11
1987-09-30,5.11
1987-10-01,5.19
1987-10-02,5.185
1987-10-05,5.18
1987-10-06,5.14
1987-10-07,5.185
1987-10-08,5.19
1987-10-09,5.15
1987-10-12,5.105
1987-10-13,5.11
1987-10-14,5.155
1987-10-15,5.135
1987-10-16,5.16
1987-10-19,4.95
1987-10-20,5.09
1987-10-21,5.09
1987-10-22,5.15
1987-10-23,5.165
1987-10-26,5.15
1987-10-27,5.175
1987-10-28,5.17
1987-10-29,5.145
1987-10-30,5.155
1987-11-02,5.145
1987-11-03,5.095
1987-11-04,5.155
1987-11-05,5.245
1987-11-06,5.295
1987-11-09,5.315
1987-11-10,5.335
1987-11-11,5.335
1987-11-12,5.375
1987-11-13,5.45
1987-11-16,5.41
1987-11-17,5.495
1987-11-18,5.445
1987-11-19,5.53
1987-11-20,5.57
1987-11-23,5.625
1987-11-24,5.73
1987-11-25,5.76
1987-11-27,5.85
1987-11-30,5.82
1987-12-01,5.905
1987-12-02,5.785
1987-12-03,5.79
1987-12-04,5.655
1987-12-07,5.675
1987-12-08,5.67
1987-12-09,5.72
1987-12-10,5.78
1987-12-11,5.695
1987-12-14,5.68
1987-12-15,5.625
1987-12-16,5.61
1987-12-17,5.7
1987-12-18,5.74
1987-12-21,5.835
1987-12-22,5.81
1987-12-23,5.89
1987-12-24,5.89
1987-12-28,5.755
1987-12-29,5.84
1987-12-30,5.875
1987-12-31,5.875
1988-01-04,5.965
1988-01-05,5.94
1988-01-06,6.085
1988-01-07,6.01
1988-01-08,6.035
1988-01-11,5.97
1988-01-12,5.875
1988-01-13,5.97
1988-01-14,5.98
1988-01-15,6.045
1988-01-18,6.05
1988-01-19,6.05
1988-01-20,6.025
1988-01-21,6.05
1988-01-22,6.14
1988-01-25,6.125
1988-01-26,6.02
1988-01-27,5.95
1988-01-28,5.87
1988-01-29,5.915
1988-02-01,5.92
1988-02-02,5.815
1988-02-03,5.885
1988-02-04,5.96
1988-02-05,5.935
1988-02-08,5.91
1988-02-09,5.96
1988-02-10,5.98
1988-02-11,6.065
1988-02-12,6.13
1988-02-16,6.07
1988-02-17,6.2
1988-02-18,6.145
1988-02-19,6.16
1988-02-22,6.115
1988-02-23,6.055
1988-02-24,6.085
1988-02-25,6.065
1988-02-26,6.11
1988-02-29,6.185
1988-03-01,6.175
1988-03-02,6.14
1988-03-03,6.07
1988-03-04,5.975
1988-03-07,5.975
1988-03-08,6.02
1988-03-09,5.91
1988-03-10,5.88
1988-03-11,5.935
1988-03-14,6.02
1988-03-15,6.02
1988-03-16,5.99
1988-03-17,6.14
1988-03-18,6.105
1988-03-21,6.175
1988-03-22,6.225
1988-03-23,6.195
1988-03-24,6.29
1988-03-25,6.28
1988-03-28,6.34
1988-03-29,6.28
1988-03-30,6.27
1988-03-31,6.33
1988-04-04,6.465
1988-04-05,6.49
1988-04-06,6.435
1988-04-07,6.51
1988-04-08,6.56
1988-04-11,6.6
1988-04-12,6.575
1988-04-13,6.55
1988-04-14,6.57
1988-04-15,6.43
1988-04-18,6.465
1988-04-19,6.525
1988-04-20,6.47
1988-04-21,6.405
1988-04-22,6.44
1988-04-25,6.41
1988-04-26,6.6
1988-04-27,6.59
1988-04-28,6.595
1988-04-29,6.72
1988-05-02,6.72
1988-05-03,6.715
1988-05-04,6.675
1988-05-05,6.735
1988-05-06,6.78
1988-05-09,6.85
1988-05-10,6.92
1988-05-11,6.98
1988-05-12,6.92
1988-05-13,7.025
1988-05-16,7.295
1988-05-17,7.315
1988-05-18,7.385
1988-05-19,7.38
1988-05-20,7.485
1988-05-23,7.265
1988-05-24,7.535
1988-05-25,7.265
1988-05-26,7.245
1988-05-27,7.385
1988-05-31,7.66
1988-06-01,7.72
1988-06-02,7.885
1988-06-03,8.175
1988-06-06,8.44
1988-06-07,8.47
1988-06-08,8.25
1988-06-09,8.495
1988-06-10,8.475
1988-06-13,8.41
1988-06-14,8.545
1988-06-15,8.825
1988-06-16,9.045
1988-06-17,9.315
1988-06-20,9.61
1988-06-21,10.04
1988-06-22,9.95
1988-06-23,9.69
1988-06-24,9.67
1988-06-27,9.975
1988-06-28,9.22
1988-06-29,8.675
1988-06-30,9.385
1988-07-01,9.43
1988-07-05,9.135
1988-07-06,9.42
1988-07-07,8.975
1988-07-08,8.775
1988-07-11,8.2
1988-07-12,8.44
1988-07-13,8.91
1988-07-14,9.23
1988-07-15,9.535
1988-07-18,8.5
1988-07-19,8.445
1988-07-20,7.93
1988-07-21,8.08
1988-07-22,7.97
1988-07-25,7.585
1988-07-26,7.075
1988-07-27,7.275
1988-07-28,7.155
1988-07-29,7.5
1988-08-01,8.08
1988-08-02,8.16
1988-08-03,8.16
1988-08-04,8.435
1988-08-05,8.57
1988-08-08,8.19
1988-08-09,8.415
1988-08-10,8.485
1988-08-11,8.375
1988-08-12,8.255
1988-08-15,8.575
1988-08-16,8.54
1988-08-17,8.665
1988-08-18,8.735
1988-08-19,8.585
1988-08-22,8.19
1988-08-23,7.955
1988-08-24,8.225
1988-08-25,8.245
1988-08-26,8.21
1988-08-29,8.165
1988-08-30,8.355
1988-08-31,8.42
1988-09-01,8.54
1988-09-02,8.58
1988-09-06,8.72
1988-09-07,8.7
1988-09-08,8.745
1988-09-09,8.615
1988-09-12,8.38
1988-09-13,8.61
1988-09-14,8.65
1988-09-15,8.585
1988-09-16,8.305
1988-09-19,8.05
1988-09-20,8.065
1988-09-21,8.13
1988-09-22,8.195
1988-09-23,8.1
1988-09-26,7.84
1988-09-27,7.87
1988-09-28,7.905
1988-09-29,7.865
1988-09-30,7.93
1988-10-03,7.97
1988-10-04,8.09
1988-10-05,8.035
1988-10-06,7.885
1988-10-07,7.72
1988-10-10,7.74
1988-10-11,7.755
1988-10-12,7.7
1988-10-13,7.935
1988-10-14,7.845
1988-10-17,7.915
1988-10-18,7.865
1988-10-19,7.875
1988-10-20,7.66
1988-10-21,7.56
1988-10-24,7.465
1988-10-25,7.435
1988-10-26,7.51
1988-10-27,7.415
1988-10-28,7.52
1988-10-31,7.59
1988-11-01,7.61
1988-11-02,7.775
1988-11-03,7.75
1988-11-04,7.755
1988-11-07,7.735
1988-11-08,7.81
1988-11-09,7.8
1988-11-10,7.555
1988-11-11,7.555
1988-11-14,7.455
1988-11-15,7.31
1988-11-16,7.31
1988-11-17,7.07
1988-11-18,7.04
1988-11-21,7.205
1988-11-22,7.265
1988-11-23,7.31
1988-11-25,7.455
1988-11-28,7.28
1988-11-29,7.345
1988-11-30,7.455
1988-12-01,7.365
1988-12-02,7.5
1988-12-05,7.385
1988-12-06,7.555
1988-12-07,7.5
1988-12-08,7.56
1988-12-09,7.565
1988-12-12,7.54
1988-12-13,7.5
1988-12-14,7.64
1988-12-15,7.605
1988-12-16,7.72
1988-12-19,7.78
1988-12-20,7.685
1988-12-21,7.77
1988-12-22,7.745
1988-12-23,7.79
1988-12-27,7.81
1988-12-28,7.74
1988-12-29,7.745
1988-12-30,7.89
1989-01-03,7.865
1989-01-04,8.025
1989-01-05,7.995
1989-01-06,8.025
1989-01-09,7.915
1989-01-10,7.895
1989-01-11,7.85
1989-01-12,7.855
1989-01-13,7.855
1989-01-16,7.545
1989-01-17,7.485
1989-01-18,7.49
1989-01-19,7.4
1989-01-20,7.32
1989-01-23,7.36
1989-01-24,7.48
1989-01-25,7.305
1989-01-26,7.435
1989-01-27,7.385
1989-01-30,7.465
1989-01-31,7.59
1989-02-01,7.545
1989-02-02,7.515
1989-02-03,7.585
1989-02-06,7.43
1989-02-07,7.47
1989-02-08,7.36
1989-02-09,7.36
1989-02-10,7.255
1989-02-13,7.15
1989-02-14,7.285
1989-02-15,7.34
1989-02-16,7.22
1989-02-17,7.42
1989-02-21,7.43
1989-02-22,7.53
1989-02-23,7.55
1989-02-24,7.585
1989-02-27,7.54
1989-02-28,7.585
1989-03-01,7.46
1989-03-02,7.67
1989-03-03,7.64
1989-03-06,7.69
1989-03-07,7.63
1989-03-08,7.535
1989-03-09,7.63
1989-03-10,7.55
1989-03-13,7.685
1989-03-14,7.675
1989-03-15,7.665
1989-03-16,7.66
1989-03-17,7.7
1989-03-20,7.765
1989-03-21,7.705
1989-03-22,7.785
1989-03-23,7.7
1989-03-27,7.55
1989-03-28,7.495
1989-03-29,7.475
1989-03-30,7.25
1989-03-31,7.23
1989-04-03,6.975
1989-04-04,7.02
1989-04-05,7.02
1989-04-06,7.01
1989-04-07,6.99
1989-04-10,7.07
1989-04-11,7.08
1989-04-12,7.155
1989-04-13,7.16
1989-04-14,7.225
1989-04-17,7.36
1989-04-18,7.385
1989-04-19,7.375
1989-04-20,7.41
1989-04-21,7.545
1989-04-24,7.385
1989-04-25,7.26
1989-04-26,7.37
1989-04-27,7.265
1989-04-28,7.19
1989-05-01,7.325
1989-05-02,7.305
1989-05-03,7.43
1989-05-04,7.435
1989-05-05,7.53
1989-05-08,7.49
1989-05-09,7.49
1989-05-10,7.435
1989-05-11,7.34
1989-05-12,7.38
1989-05-15,7.28
1989-05-16,7.105
1989-05-17,7.09
1989-05-18,7.18
1989-05-19,7.195
1989-05-22,6.915
1989-05-23,7.005
1989-05-24,6.955
1989-05-25,6.95
1989-05-26,6.975
1989-05-30,7.01
1989-05-31,6.985
1989-06-01,6.95
1989-06-02,6.965
1989-06-05,6.96
1989-06-06,6.98
1989-06-07,6.97
1989-06-08,6.99
1989-06-09,6.9
1989-06-12,6.81
1989-06-13,6.9
1989-06-14,7.155
1989-06-15,7.175
1989-06-16,7.175
1989-06-19,7.33
1989-06-20,7.245
1989-06-21,7.225
1989-06-22,7.07
1989-06-23,7.14
1989-06-26,7.085
1989-06-27,7.17
1989-06-28,7.125
1989-06-29,7.085
1989-06-30,7.205
1989-07-03,7.33
1989-07-05,7.59
1989-07-06,7.475
1989-07-07,7.43
1989-07-10,7.13
1989-07-11,6.985
1989-07-12,6.65
1989-07-13,6.765
1989-07-14,6.885
1989-07-17,6.58
1989-07-18,6.715
1989-07-19,6.87
1989-07-20,6.87
1989-07-21,6.845
1989-07-24,6.69
1989-07-25,6.725
1989-07-26,6.74
1989-07-27,6.785
1989-07-28,6.59
1989-07-31,6.365
1989-08-01,6.25
1989-08-02,6.1
1989-08-03,5.735
1989-08-04,5.81
1989-08-07,5.895
1989-08-08,5.795
1989-08-09,5.925
1989-08-10,6.04
1989-08-11,6.18
1989-08-14,5.995
1989-08-15,6.105
1989-08-16,6.09
1989-08-17,6.12
1989-08-18,6.115
1989-08-21,6.145
1989-08-22,6.09
1989-08-23,6.05
1989-08-24,6.01
1989-08-25,5.88
1989-08-28,5.85
1989-08-29,5.92
1989-08-30,5.905
1989-08-31,6.005
1989-09-01,5.91
1989-09-05,5.91
1989-09-06,5.965
1989-09-07,6.06
1989-09-08,6.12
1989-09-11,6.105
1989-09-12,6.065
1989-09-13,6.01
1989-09-14,6.04
1989-09-15,5.93
1989-09-18,5.735
1989-09-19,5.685
1989-09-20,5.695
1989-09-21,5.745
1989-09-22,5.65
1989-09-25,5.63
1989-09-26,5.515
1989-09-27,5.485
1989-09-28,5.5
1989-09-29,5.49
1989-10-02,5.58
1989-10-03,5.55
1989-10-04,5.57
1989-10-05,5.54
1989-10-06,5.49
1989-10-09,5.405
1989-10-10,5.355
1989-10-11,5.37
1989-10-12,5.315
1989-10-13,5.285
1989-10-16,5.305
1989-10-17,5.395
1989-10-18,5.45
1989-10-19,5.505
1989-10-20,5.48
1989-10-23,5.485
1989-10-24,5.47
1989-10-25,5.55
1989-10-26,5.54
1989-10-27,5.5
1989-10-30,5.49
1989-10-31,5.47
1989-11-01,5.515
1989-11-02,5.56
1989-11-03,5.6
1989-11-06,5.55
1989-11-07,5.585
1989-11-08,5.565
1989-11-09,5.61
1989-11-10,5.67
1989-11-13,5.705
1989-11-14,5.745
1989-11-15,5.745
1989-11-16,5.785
1989-11-17,5.785
1989-11-20,5.69
1989-11-21,5.7
1989-11-22,5.78
1989-11-24,5.78
1989-11-27,5.635
1989-11-28,5.655
1989-11-29,5.68
1989-11-30,5.715
1989-12-01,5.645
1989-12-04,5.62
1989-12-05,5.655
1989-12-06,5.72
1989-12-07,5.65
1989-12-08,5.69
1989-12-11,5.69
1989-12-12,5.66
1989-12-13,5.7
1989-12-14,5.735
1989-12-15,5.77
1989-12-18,5.76
1989-12-19,5.73
1989-12-20,5.65
1989-12-21,5.65
1989-12-22,5.65
1989-12-26,5.61
1989-12-27,5.57
1989-12-28,5.615
1989-12-29,5.615
1990-01-02,5.56
1990-01-03,5.595
1990-01-04,5.565
1990-01-05,5.58
1990-01-08,5.655
1990-01-09,5.65
1990-01-10,5.62
1990-01-11,5.66
1990-01-12,5.635
1990-01-15,5.61
1990-01-16,5.55
1990-01-17,5.56
1990-01-18,5.59
1990-01-19,5.54
1990-01-22,5.55
1990-01-23,5.57
1990-01-24,5.555
1990-01-25,5.48
1990-01-26,5.485
1990-01-29,5.52
1990-01-30,5.48
1990-01-31,5.515
1990-02-01,5.52
1990-02-02,5.535
1990-02-05,5.505
1990-02-06,5.57
1990-02-07,5.615
1990-02-08,5.58
1990-02-09,5.61
1990-02-12,5.59
1990-02-13,5.57
1990-02-14,5.59
1990-02-15,5.635
1990-02-16,5.615
1990-02-20,5.59
1990-02-21,5.66
1990-02-22,5.625
1990-02-23,5.595
1990-02-26,5.56
1990-02-27,5.55
1990-02-28,5.605
1990-03-01,5.61
1990-03-02,5.62
1990-03-05,5.64
1990-03-06,5.705
1990-03-07,5.695
1990-03-08,5.725
1990-03-09,5.78
1990-03-12,5.735
1990-03-13,5.705
1990-03-14,5.64
1990-03-15,5.755
1990-03-16,5.73
1990-03-19,5.795
1990-03-20,5.83
1990-03-21,5.82
1990-03-22,5.855
1990-03-23,5.785
1990-03-26,5.84
1990-03-27,5.8
1990-03-28,5.68
1990-03-29,5.69
1990-03-30,5.72
1990-04-02,5.65
1990-04-03,5.66
1990-04-04,5.7
1990-04-05,5.76
1990-04-06,5.75
1990-04-09,5.745
1990-04-10,5.74
1990-04-11,5.75
1990-04-12,5.72
1990-04-16,5.755
1990-04-17,5.805
1990-04-18,5.8
1990-04-19,5.87
1990-04-20,5.905
1990-04-23,5.925
1990-04-24,5.855
1990-04-25,5.98
1990-04-26,6.14
1990-04-27,6.185
1990-04-30,6.17
1990-05-01,6.11
1990-05-02,6.21
1990-05-03,6.135
1990-05-04,6.115
1990-05-07,6.21
1990-05-08,6.17
1990-05-09,6.31
1990-05-10,6.305
1990-05-11,6.105
1990-05-14,6.065
1990-05-15,5.99
1990-05-16,5.995
1990-05-17,6.04
1990-05-18,5.94
1990-05-21,5.835
1990-05-22,5.835
1990-05-23,5.835
1990-05-24,5.9
1990-05-25,5.955
1990-05-29,5.87
1990-05-30,5.87
1990-05-31,5.905
1990-06-01,5.86
1990-06-04,5.775
1990-06-05,5.795
1990-06-06,5.815
1990-06-07,5.89
1990-06-08,5.87
1990-06-11,5.955
1990-06-12,5.96
1990-06-13,5.945
1990-06-14,5.81
1990-06-15,5.76
1990-06-18,5.85
1990-06-19,5.855
1990-06-20,5.9
1990-06-21,5.95
1990-06-22,5.92
1990-06-25,6.05
1990-06-26,6.0
1990-06-27,6.0
1990-06-28,5.99
1990-06-29,6.155
1990-07-02,6.38
1990-07-03,6.41
1990-07-05,6.195
1990-07-06,6.075
1990-07-09,6.1
1990-07-10,6.11
1990-07-11,6.06
1990-07-12,6.04
1990-07-13,6.075
1990-07-16,5.965
1990-07-17,5.96
1990-07-18,5.99
1990-07-19,6.025
1990-07-20,5.895
1990-07-23,5.895
1990-07-24,5.835
1990-07-25,5.835
1990-07-26,5.94
1990-07-27,5.865
1990-07-30,5.905
1990-07-31,5.98
1990-08-01,5.89
1990-08-02,5.85
1990-08-03,5.9
1990-08-06,5.98
1990-08-07,5.995
1990-08-08,5.99
1990-08-09,6.045
1990-08-10,6.14
1990-08-13,6.075
1990-08-14,6.135
1990-08-15,6.155
1990-08-16,6.16
1990-08-17,6.18
1990-08-20,6.115
1990-08-21,6.125
1990-08-22,6.165
1990-08-23,6.285
1990-08-24,6.31
1990-08-27,6.18
1990-08-28,6.2
1990-08-29,6.07
1990-08-30,6.03
1990-08-31,6.02
1990-09-04,6.11
1990-09-05,6.125
1990-09-06,6.18
1990-09-07,6.115
1990-09-10,6.18
1990-09-11,6.255
1990-09-12,6.275
1990-09-13,6.215
1990-09-14,6.21
1990-09-17,6.095
1990-09-18,6.14
1990-09-19,6.01
1990-09-20,6.01
1990-09-21,5.95
1990-09-24,5.97
1990-09-25,5.99
1990-09-26,5.985
1990-09-27,6.0
1990-09-28,5.985
1990-10-01,5.85
1990-10-02,5.88
1990-10-03,6.015
1990-10-04,5.995
1990-10-05,5.99
1990-10-08,6.16
1990-10-09,6.165
1990-10-10,6.075
1990-10-11,6.065
1990-10-12,6.035
1990-10-15,5.975
1990-10-16,5.94
1990-10-17,5.98
1990-10-18,5.94
1990-10-19,5.95
1990-10-22,5.965
1990-10-23,6.005
1990-10-24,5.97
1990-10-25,5.935
1990-10-26,5.825
1990-10-29,5.78
1990-10-30,5.79
1990-10-31,5.8
1990-11-01,5.84
1990-11-02,5.815
1990-11-05,5.705
1990-11-06,5.665
1990-11-07,5.75
1990-11-08,5.7
1990-11-09,5.61
1990-11-12,5.685
1990-11-13,5.595
1990-11-14,5.51
1990-11-15,5.575
1990-11-16,5.64
1990-11-19,5.665
1990-11-20,5.56
1990-11-21,5.66
1990-11-23,5.71
1990-11-26,5.66
1990-11-27,5.715
1990-11-28,5.77
1990-11-29,5.85
1990-11-30,5.8
1990-12-03,5.92
1990-12-04,5.92
1990-12-05,5.855
1990-12-06,5.905
1990-12-07,5.87
1990-12-10,5.88
1990-12-11,5.875
1990-12-12,5.88
1990-12-13,5.8
1990-12-14,5.8
1990-12-17,5.8
1990-12-18,5.765
1990-12-19,5.705
1990-12-20,5.65
1990-12-21,5.57
1990-12-24,5.565
1990-12-26,5.625
1990-12-27,5.575
1990-12-28,5.55
1990-12-31,5.57
1991-01-02,5.525
1991-01-03,5.56
1991-01-04,5.61
1991-01-07,5.64
1991-01-08,5.52
1991-01-09,5.555
1991-01-10,5.58
1991-01-11,5.465
1991-01-14,5.505
1991-01-15,5.555
1991-01-16,5.625
1991-01-17,5.685
1991-01-18,5.71
1991-01-21,5.675
1991-01-22,5.78
1991-01-23,5.775
1991-01-24,5.63
1991-01-25,5.65
1991-01-28,5.63
1991-01-29,5.575
1991-01-30,5.575
1991-01-31,5.605
1991-02-01,5.61
1991-02-04,5.65
1991-02-05,5.66
1991-02-06,5.685
1991-02-07,5.62
1991-02-08,5.64
1991-02-11,5.61
1991-02-12,5.665
1991-02-13,5.705
1991-02-14,5.695
1991-02-15,5.705
1991-02-19,5.715
1991-02-20,5.705
1991-02-21,5.7
1991-02-22,5.665
1991-02-25,5.74
1991-02-26,5.74
1991-02-27,5.705
1991-02-28,5.74
1991-03-01,5.84
1991-03-04,5.865
1991-03-05,5.91
1991-03-06,5.895
1991-03-07,5.86
1991-03-08,5.945
1991-03-11,5.815
1991-03-12,5.82
1991-03-13,5.825
1991-03-14,5.695
1991-03-15,5.625
1991-03-18,5.685
1991-03-19,5.705
1991-03-20,5.665
1991-03-21,5.69
1991-03-22,5.675
1991-03-25,5.615
1991-03-26,5.605
1991-03-27,5.645
1991-03-28,5.68
1991-04-01,5.9
1991-04-02,5.87
1991-04-03,5.81
1991-04-04,5.795
1991-04-05,5.84
1991-04-08,5.86
1991-04-09,5.78
1991-04-10,5.83
1991-04-11,5.87
1991-04-12,5.86
1991-04-15,5.845
1991-04-16,5.87
1991-04-17,5.805
1991-04-18,5.805
1991-04-19,5.885
1991-04-22,5.815
1991-04-23,5.91
1991-04-24,5.905
1991-04-25,5.905
1991-04-26,5.89
1991-04-29,5.755
1991-04-30,5.76
1991-05-01,5.82
1991-05-02,5.81
1991-05-03,5.82
1991-05-06,5.835
1991-05-07,5.76
1991-05-08,5.71
1991-05-09,5.74
1991-05-10,5.645
1991-05-13,5.66
1991-05-14,5.645
1991-05-15,5.64
1991-05-16,5.67
1991-05-17,5.665
1991-05-20,5.66
1991-05-21,5.72
1991-05-22,5.725
1991-05-23,5.76
1991-05-24,5.685
1991-05-28,5.72
1991-05-29,5.695
1991-05-30,5.74
1991-05-31,5.78
1991-06-03,5.81
1991-06-04,5.75
1991-06-05,5.76
1991-06-06,5.77
1991-06-07,5.8
1991-06-10,5.69
1991-06-11,5.71
1991-06-12,5.7
1991-06-13,5.685
1991-06-14,5.64
1991-06-17,5.595
1991-06-18,5.635
1991-06-19,5.67
1991-06-20,5.69
1991-06-21,5.595
1991-06-24,5.635
1991-06-25,5.605
1991-06-26,5.575
1991-06-27,5.44
1991-06-28,5.265
1991-07-01,5.315
1991-07-02,5.3
1991-07-03,5.31
1991-07-05,5.27
1991-07-08,5.195
1991-07-09,5.185
1991-07-10,5.22
1991-07-11,5.18
1991-07-12,5.245
1991-07-15,5.285
1991-07-16,5.42
1991-07-17,5.345
1991-07-18,5.185
1991-07-19,5.205
1991-07-22,5.33
1991-07-23,5.54
1991-07-24,5.445
1991-07-25,5.41
1991-07-26,5.57
1991-07-29,5.73
1991-07-30,5.665
1991-07-31,5.73
1991-08-01,6.025
1991-08-02,6.255
1991-08-05,5.735
1991-08-06,5.62
1991-08-07,5.5
1991-08-08,5.5
1991-08-09,5.52
1991-08-12,5.5
1991-08-13,5.445
1991-08-14,5.355
1991-08-15,5.475
1991-08-16,5.465
1991-08-19,5.285
1991-08-20,5.29
1991-08-21,5.595
1991-08-22,5.7
1991-08-23,5.655
1991-08-26,5.805
1991-08-27,5.73
1991-08-28,5.7
1991-08-29,5.69
1991-08-30,5.765
1991-09-03,5.73
1991-09-04,5.79
1991-09-05,5.72
1991-09-06,5.71
1991-09-09,5.73
1991-09-10,5.68
1991-09-11,5.79
1991-09-12,5.88
1991-09-13,5.835
1991-09-16,5.975
1991-09-17,5.99
1991-09-18,6.045
1991-09-19,5.885
1991-09-20,5.85
1991-09-23,5.78
1991-09-24,5.78
1991-09-25,5.77
1991-09-26,5.765
1991-09-27,5.725
1991-09-30,5.77
1991-10-01,5.78
1991-10-02,5.775
1991-10-03,5.635
1991-10-04,5.72
1991-10-07,5.665
1991-10-08,5.62
1991-10-09,5.605
1991-10-10,5.28
1991-10-11,5.345
1991-10-14,5.38
1991-10-15,5.365
1991-10-16,5.44
1991-10-17,5.39
1991-10-18,5.47
1991-10-21,5.4
1991-10-22,5.47
1991-10-23,5.425
1991-10-24,5.4
1991-10-25,5.345
1991-10-28,5.44
1991-10-29,5.515
1991-10-30,5.5
1991-10-31,5.56
1991-11-01,5.66
1991-11-04,5.605
1991-11-05,5.61
1991-11-06,5.53
1991-11-07,5.505
1991-11-08,5.5
1991-11-11,5.43
1991-11-12,5.44
1991-11-13,5.525
1991-11-14,5.59
1991-11-15,5.48
1991-11-18,5.625
1991-11-19,5.575
1991-11-20,5.59
1991-11-21,5.54
1991-11-22,5.565
1991-11-25,5.61
1991-11-26,5.6
1991-11-27,5.605
1991-11-29,5.535
1991-12-02,5.61
1991-12-03,5.52
1991-12-04,5.6
1991-12-05,5.55
1991-12-06,5.525
1991-12-09,5.515
1991-12-10,5.455
1991-12-11,5.455
1991-12-12,5.415
1991-12-13,5.5
1991-12-16,5.475
1991-12-17,5.485
1991-12-18,5.51
1991-12-19,5.505
1991-12-20,5.53
1991-12-23,5.61
1991-12-24,5.59
1991-12-26,5.63
1991-12-27,5.6
1991-12-30,5.49
1991-12-31,5.515
1992-01-02,5.45
1992-01-03,5.465
1992-01-06,5.53
1992-01-07,5.51
1992-01-08,5.59
1992-01-09,5.6
1992-01-10,5.57
1992-01-13,5.59
1992-01-14,5.53
1992-01-15,5.625
1992-01-16,5.625
1992-01-17,5.695
1992-01-20,5.65
1992-01-21,5.695
1992-01-22,5.68
1992-01-23,5.645
1992-01-24,5.73
1992-01-27,5.68
1992-01-28,5.73
1992-01-29,5.68
1992-01-30,5.655
1992-01-31,5.645
1992-02-03,5.7
1992-02-04,5.7
1992-02-05,5.69
1992-02-06,5.66
1992-02-07,5.64
1992-02-10,5.72
1992-02-11,5.605
1992-02-12,5.62
1992-02-13,5.63
1992-02-14,5.62
1992-02-18,5.67
1992-02-19,5.71
1992-02-20,5.72
1992-02-21,5.72
1992-02-24,5.755
1992-02-25,5.73
1992-02-26,5.695
1992-02-27,5.7
1992-02-28,5.77
1992-03-02,5.795
1992-03-03,5.77
1992-03-04,5.86
1992-03-05,5.86
1992-03-06,5.875
1992-03-09,5.86
1992-03-10,5.825
1992-03-11,5.85
1992-03-12,5.795
1992-03-13,5.83
1992-03-16,5.8
1992-03-17,5.86
1992-03-18,5.85
1992-03-19,5.87
1992-03-20,5.74
1992-03-23,5.75
1992-03-24,5.75
1992-03-25,5.795
1992-03-26,5.775
1992-03-27,5.76
1992-03-30,5.775
1992-03-31,5.805
1992-04-01,5.705
1992-04-02,5.69
1992-04-03,5.705
1992-04-06,5.72
1992-04-07,5.65
1992-04-08,5.625
1992-04-09,5.655
1992-04-10,5.68
1992-04-13,5.68
1992-04-14,5.675
1992-04-15,5.73
1992-04-16,5.72
1992-04-20,5.76
1992-04-21,5.81
1992-04-22,5.74
1992-04-23,5.795
1992-04-24,5.725
1992-04-27,5.715
1992-04-28,5.715
1992-04-29,5.705
1992-04-30,5.725
1992-05-01,5.83
1992-05-04,5.845
1992-05-05,5.85
1992-05-06,5.87
1992-05-07,5.905
1992-05-08,5.87
1992-05-11,5.87
1992-05-12,5.97
1992-05-13,6.08
1992-05-14,6.035
1992-05-15,6.015
1992-05-18,6.095
1992-05-19,5.95
1992-05-20,5.965
1992-05-21,5.83
1992-05-22,5.855
1992-05-26,5.93
1992-05-27,5.95
1992-05-28,5.94
1992-05-29,6.05
1992-06-01,6.14
1992-06-02,6.19
1992-06-03,6.11
1992-06-04,6.1
1992-06-05,5.965
1992-06-08,6.105
1992-06-09,6.195
1992-06-10,6.155
1992-06-11,6.095
1992-06-12,6.075
1992-06-15,5.865
1992-06-16,5.88
1992-06-17,5.95
1992-06-18,5.965
1992-06-19,5.98
1992-06-22,5.9
1992-06-23,5.985
1992-06-24,5.95
1992-06-25,6.04
1992-06-26,6.045
1992-06-29,6.015
1992-06-30,5.895
1992-07-01,5.95
1992-07-02,5.875
1992-07-06,5.735
1992-07-07,5.75
1992-07-08,5.75
1992-07-09,5.71
1992-07-10,5.745
1992-07-13,5.725
1992-07-14,5.69
1992-07-15,5.66
1992-07-16,5.61
1992-07-17,5.58
1992-07-20,5.555
1992-07-21,5.56
1992-07-22,5.56
1992-07-23,5.505
1992-07-24,5.5
1992-07-27,5.52
1992-07-28,5.545
1992-07-29,5.62
1992-07-30,5.565
1992-07-31,5.51
1992-08-03,5.5
1992-08-04,5.5
1992-08-05,5.44
1992-08-06,5.385
1992-08-07,5.305
1992-08-10,5.38
1992-08-11,5.42
1992-08-12,5.375
1992-08-13,5.47
1992-08-14,5.46
1992-08-17,5.495
1992-08-18,5.44
1992-08-19,5.425
1992-08-20,5.48
1992-08-21,5.52
1992-08-24,5.6
1992-08-25,5.645
1992-08-26,5.6
1992-08-27,5.52
1992-08-28,5.51
1992-08-31,5.48
1992-09-01,5.5
1992-09-02,5.495
1992-09-03,5.49
1992-09-04,5.49
1992-09-08,5.545
1992-09-09,5.49
1992-09-10,5.47
1992-09-11,5.42
1992-09-14,5.375
1992-09-15,5.45
1992-09-16,5.41
1992-09-17,5.325
1992-09-18,5.285
1992-09-21,5.315
1992-09-22,5.26
1992-09-23,5.255
1992-09-24,5.29
1992-09-25,5.29
1992-09-28,5.245
1992-09-29,5.285
1992-09-30,5.27
1992-10-01,5.17
1992-10-02,5.115
1992-10-05,5.125
1992-10-06,5.145
1992-10-07,5.16
1992-10-08,5.15
1992-10-09,5.175
1992-10-12,5.22
1992-10-13,5.215
1992-10-14,5.21
1992-10-15,5.155
1992-10-16,5.165
1992-10-19,5.23
1992-10-20,5.265
1992-10-21,5.26
1992-10-22,5.285
1992-10-23,5.28
1992-10-26,5.26
1992-10-27,5.255
1992-10-28,5.225
1992-10-29,5.245
1992-10-30,5.3
1992-11-02,5.35
1992-11-03,5.38
1992-11-04,5.345
1992-11-05,5.265
1992-11-06,5.37
1992-11-09,5.345
1992-11-10,5.325
1992-11-11,5.48
1992-11-12,5.465
1992-11-13,5.47
1992-11-16,5.435
1992-11-17,5.52
1992-11-18,5.5
1992-11-19,5.505
1992-11-20,5.455
1992-11-23,5.53
1992-11-24,5.565
1992-11-25,5.575
1992-11-27,5.545
1992-11-30,5.55
1992-12-01,5.505
1992-12-02,5.535
1992-12-03,5.555
1992-12-04,5.52
1992-12-07,5.49
1992-12-08,5.505
1992-12-09,5.56
1992-12-10,5.615
1992-12-11,5.615
1992-12-14,5.605
1992-12-15,5.6
1992-12-16,5.58
1992-12-17,5.575
1992-12-18,5.595
1992-12-21,5.61
1992-12-22,5.64
1992-12-23,5.625
1992-12-24,5.625
1992-12-28,5.62
1992-12-29,5.575
1992-12-30,5.555
1992-12-31,5.555
1993-01-04,5.53
1993-01-05,5.565
1993-01-06,5.615
1993-01-07,5.665
1993-01-08,5.665
1993-01-11,5.655
1993-01-12,5.67
1993-01-13,5.715
1993-01-14,5.665
1993-01-15,5.71
1993-01-18,5.725
1993-01-19,5.74
1993-01-20,5.715
1993-01-21,5.71
1993-01-22,5.695
1993-01-25,5.65
1993-01-26,5.64
1993-01-27,5.685
1993-01-28,5.61
1993-01-29,5.63
1993-02-01,5.625
1993-02-02,5.625
1993-02-03,5.635
1993-02-04,5.605
1993-02-05,5.545
1993-02-08,5.54
1993-02-09,5.575
1993-02-10,5.575
1993-02-11,5.555
1993-02-12,5.59
1993-02-16,5.6
1993-02-17,5.635
1993-02-18,5.63
1993-02-19,5.62
1993-02-22,5.595
1993-02-23,5.64
1993-02-24,5.65
1993-02-25,5.645
1993-02-26,5.68
1993-03-01,5.72
1993-03-02,5.725
1993-03-03,5.7
1993-03-04,5.725
1993-03-05,5.66
1993-03-08,5.6352
1993-03-09,5.645
1993-03-10,5.71
1993-03-11,5.655
1993-03-12,5.645
1993-03-15,5.685
1993-03-16,5.695
1993-03-17,5.735
1993-03-18,5.76
1993-03-19,5.75
1993-03-22,5.72
1993-03-23,5.78
1993-03-24,5.785
1993-03-25,5.74
1993-03-26,5.75
1993-03-29,5.74
1993-03-30,5.74
1993-03-31,5.765
1993-04-01,5.815
1993-04-02,5.83
1993-04-05,5.81
1993-04-06,5.775
1993-04-07,5.845
1993-04-08,5.835
1993-04-12,5.85
1993-04-13,5.83
1993-04-14,5.835
1993-04-15,5.795
1993-04-16,5.765
1993-04-19,5.775
1993-04-20,5.905
1993-04-21,5.8
1993-04-22,5.82
1993-04-23,5.82
1993-04-26,5.85
1993-04-27,5.825
1993-04-28,5.805
1993-04-29,5.79
1993-04-30,5.8
1993-05-03,5.82
1993-05-04,5.81
1993-05-05,5.855
1993-05-06,5.855
1993-05-07,5.935
1993-05-10,5.9
1993-05-11,5.93
1993-05-12,5.885
1993-05-13,5.87
1993-05-14,5.905
1993-05-17,5.875
1993-05-18,5.93
1993-05-19,5.88
1993-05-20,5.91
1993-05-21,5.955
1993-05-24,5.945
1993-05-25,5.955
1993-05-26,5.995
1993-05-27,5.955
1993-05-28,5.955
1993-06-01,5.755
1993-06-02,5.765
1993-06-03,5.775
1993-06-04,5.755
1993-06-07,5.795
1993-06-08,5.78
1993-06-09,5.82
1993-06-10,5.79
1993-06-11,5.765
1993-06-14,5.725
1993-06-15,5.705
1993-06-16,5.74
1993-06-17,5.885
1993-06-18,5.93
1993-06-21,6.08
1993-06-22,6.02
1993-06-23,6.095
1993-06-24,6.115
1993-06-25,6.075
1993-06-28,6.07
1993-06-29,6.2
1993-06-30,6.25
1993-07-01,6.425
1993-07-02,6.485
1993-07-06,6.76
1993-07-07,6.915
1993-07-08,6.865
1993-07-09,6.935
1993-07-12,6.82
1993-07-13,6.79
1993-07-14,6.895
1993-07-15,6.925
1993-07-16,7.095
1993-07-19,7.19
1993-07-20,7.135
1993-07-21,7.04
1993-07-22,7.13
1993-07-23,7.105
1993-07-26,6.935
1993-07-27,6.86
1993-07-28,6.73
1993-07-29,6.765
1993-07-30,6.715
1993-08-02,6.91
1993-08-03,6.92
1993-08-04,6.81
1993-08-05,6.635
1993-08-06,6.645
1993-08-09,6.575
1993-08-10,6.625
1993-08-11,6.645
1993-08-12,6.46
1993-08-13,6.445
1993-08-16,6.425
1993-08-17,6.505
1993-08-18,6.49
1993-08-19,6.565
1993-08-20,6.615
1993-08-23,6.74
1993-08-24,6.69
1993-08-25,6.675
1993-08-26,6.58
1993-08-27,6.695
1993-08-30,6.69
1993-08-31,6.56
1993-09-01,6.47
1993-09-02,6.54
1993-09-03,6.255
1993-09-07,6.305
1993-09-08,6.33
1993-09-09,6.27
1993-09-10,6.12
1993-09-13,6.25
1993-09-14,6.205
1993-09-15,6.25
1993-09-16,6.2
1993-09-17,6.26
1993-09-20,6.24
1993-09-21,6.16
1993-09-22,6.215
1993-09-23,6.34
1993-09-24,6.325
1993-09-27,6.25
1993-09-28,6.16
1993-09-29,6.08
1993-09-30,6.085
1993-10-01,5.96
1993-10-04,5.795
1993-10-05,5.81
1993-10-06,5.83
1993-10-07,5.86
1993-10-08,5.84
1993-10-11,5.915
1993-10-12,5.92
1993-10-13,5.89
1993-10-14,5.915
1993-10-15,5.895
1993-10-18,5.93
1993-10-19,5.9
1993-10-20,5.905
1993-10-21,5.995
1993-10-22,5.985
1993-10-25,5.995
1993-10-26,5.965
1993-10-27,5.975
1993-10-28,5.94
1993-10-29,5.97
1993-11-01,5.97
1993-11-02,6.065
1993-11-03,6.11
1993-11-04,6.185
1993-11-05,6.255
1993-11-08,6.16
1993-11-09,6.175
1993-11-10,6.5
1993-11-11,6.63
1993-11-12,6.625
1993-11-15,6.69
1993-11-16,6.64
1993-11-17,6.74
1993-11-18,6.715
1993-11-19,6.735
1993-11-22,6.65
1993-11-23,6.675
1993-11-24,6.68
1993-11-26,6.735
1993-11-29,6.705
1993-11-30,6.595
1993-12-01,6.615
1993-12-02,6.71
1993-12-03,6.7
1993-12-06,6.705
1993-12-07,6.765
1993-12-08,6.775
1993-12-09,6.765
1993-12-10,6.795
1993-12-13,6.685
1993-12-14,6.755
1993-12-15,6.745
1993-12-16,6.7625
1993-12-17,6.805
1993-12-20,6.805
1993-12-21,6.825
1993-12-22,6.9
1993-12-23,6.9
1993-12-27,6.95
1993-12-28,6.94
1993-12-29,6.935
1993-12-30,6.965
1993-12-31,6.965
1994-01-03,6.935
1994-01-04,6.875
1994-01-05,6.92
1994-01-06,6.915
1994-01-07,6.885
1994-01-10,6.755
1994-01-11,6.79
1994-01-12,6.8
1994-01-13,7.07
1994-01-14,7.01
1994-01-17,6.965
1994-01-18,6.95
1994-01-19,6.915
1994-01-20,6.845
1994-01-21,6.805
1994-01-24,6.85
1994-01-25,6.89
1994-01-26,6.91
1994-01-27,6.875
1994-01-28,6.75
1994-01-31,6.77
1994-02-01,6.78
1994-02-02,6.745
1994-02-03,6.715
1994-02-04,6.66
1994-02-07,6.65
1994-02-08,6.67
1994-02-09,6.71
1994-02-10,6.72
1994-02-11,6.775
1994-02-14,6.765
1994-02-15,6.7
1994-02-16,6.75
1994-02-17,6.68
1994-02-18,6.695
1994-02-22,6.735
1994-02-23,6.76
1994-02-24,6.78
1994-02-25,6.76
1994-02-28,6.73
1994-03-01,6.73
1994-03-02,6.705
1994-03-03,6.615
1994-03-04,6.63
1994-03-07,6.635
1994-03-08,6.59
1994-03-09,6.68
1994-03-10,6.675
1994-03-11,6.7
1994-03-14,6.85
1994-03-15,6.83
1994-03-16,6.89
1994-03-17,6.86
1994-03-18,6.86
1994-03-21,6.84
1994-03-22,6.81
1994-03-23,6.875
1994-03-24,6.865
1994-03-25,6.835
1994-03-28,6.86
1994-03-29,6.86
1994-03-30,6.84
1994-03-31,6.73
1994-04-04,6.46
1994-04-05,6.485
1994-04-06,6.52
1994-04-07,6.495
1994-04-08,6.52
1994-04-11,6.48
1994-04-12,6.525
1994-04-13,6.54
1994-04-14,6.47
1994-04-15,6.47
1994-04-18,6.505
1994-04-19,6.55
1994-04-20,6.605
1994-04-21,6.6
1994-04-22,6.635
1994-04-25,6.66
1994-04-26,6.66
1994-04-28,6.69
1994-04-29,6.725
1994-05-02,6.645
1994-05-03,6.585
1994-05-04,6.655
1994-05-05,6.53
1994-05-06,6.63
1994-05-09,6.58
1994-05-10,6.585
1994-05-11,6.625
1994-05-12,6.635
1994-05-13,6.61
1994-05-16,6.755
1994-05-17,6.775
1994-05-18,6.955
1994-05-19,6.865
1994-05-20,6.95
1994-05-23,7.235
1994-05-24,6.865
1994-05-25,6.67
1994-05-26,6.64
1994-05-27,6.68
1994-05-31,6.945
1994-06-01,6.935
1994-06-02,6.92
1994-06-03,6.775
1994-06-06,6.52
1994-06-07,6.545
1994-06-08,6.615
1994-06-09,6.65
1994-06-10,6.755
1994-06-13,6.84
1994-06-14,6.84
1994-06-15,6.945
1994-06-16,6.915
1994-06-17,7.005
1994-06-20,6.555
1994-06-21,6.66
1994-06-22,6.555
1994-06-23,6.55
1994-06-24,6.565
1994-06-27,6.49
1994-06-28,6.72
1994-06-29,6.49
1994-06-30,6.465
1994-07-01,6.32
1994-07-05,6.04
1994-07-06,6.08
1994-07-07,6.115
1994-07-08,6.195
1994-07-11,6.16
1994-07-12,6.085
1994-07-13,6.105
1994-07-14,5.985
1994-07-15,6.005
1994-07-18,5.985
1994-07-19,5.83
1994-07-20,5.68
1994-07-21,5.59
1994-07-22,5.635
1994-07-25,5.69
1994-07-26,5.67
1994-07-27,5.64
1994-07-28,5.64
1994-07-29,5.66
1994-08-01,5.62
1994-08-02,5.595
1994-08-03,5.57
1994-08-04,5.535
1994-08-05,5.58
1994-08-08,5.6
1994-08-09,5.595
1994-08-10,5.6
1994-08-11,5.605
1994-08-12,5.6
1994-08-15,5.565
1994-08-16,5.56
1994-08-17,5.62
1994-08-18,5.645
1994-08-19,5.695
1994-08-22,5.615
1994-08-23,5.64
1994-08-24,5.705
1994-08-25,5.695
1994-08-26,5.62
1994-08-29,5.555
1994-08-30,5.55
1994-08-31,5.4
1994-09-01,5.61
1994-09-02,5.595
1994-09-06,5.66
1994-09-07,5.65
1994-09-08,5.61
1994-09-09,5.58
1994-09-12,5.635
1994-09-13,5.57
1994-09-14,5.495
1994-09-15,5.36
1994-09-16,5.32
1994-09-19,5.31
1994-09-20,5.295
1994-09-21,5.305
1994-09-22,5.28
1994-09-23,5.305
1994-09-26,5.31
1994-09-27,5.32
1994-09-28,5.25
1994-09-29,5.195
1994-09-30,5.135
1994-10-03,5.14
1994-10-04,5.11
1994-10-05,5.09
1994-10-06,5.04
1994-10-07,5.0
1994-10-10,5.01
1994-10-11,5.035
1994-10-12,5.095
1994-10-13,5.055
1994-10-14,5.11
1994-10-17,5.155
1994-10-18,5.17
1994-10-19,5.135
1994-10-20,5.22
1994-10-21,5.205
1994-10-24,5.245
1994-10-25,5.195
1994-10-26,5.2
1994-10-27,5.28
1994-10-28,5.255
1994-10-31,5.225
1994-11-01,5.25
1994-11-02,5.325
1994-11-03,5.32
1994-11-04,5.38
1994-11-07,5.425
1994-11-08,5.49
1994-11-09,5.535
1994-11-10,5.51
1994-11-11,5.445
1994-11-14,5.495
1994-11-15,5.545
1994-11-16,5.52
1994-11-17,5.575
1994-11-18,5.58
1994-11-21,5.61
1994-11-22,5.54
1994-11-23,5.53
1994-11-25,5.55
1994-11-28,5.61
1994-11-29,5.565
1994-11-30,5.51
1994-12-01,5.435
1994-12-02,5.5
1994-12-05,5.505
1994-12-06,5.465
1994-12-07,5.475
1994-12-08,5.505
1994-12-09,5.525
1994-12-12,5.545
1994-12-13,5.54
1994-12-14,5.52
1994-12-15,5.54
1994-12-16,5.575
1994-12-19,5.49
1994-12-20,5.53
1994-12-21,5.56
1994-12-22,5.56
1994-12-23,5.6
1994-12-27,5.585
1994-12-28,5.54
1994-12-29,5.505
1994-12-30,5.455
1995-01-03,5.42
1995-01-04,5.435
1995-01-05,5.44
1995-01-06,5.445
1995-01-09,5.455
1995-01-10,5.475
1995-01-11,5.485
1995-01-12,5.47
1995-01-13,5.445
1995-01-16,5.455
1995-01-17,5.475
1995-01-18,5.44
1995-01-19,5.415
1995-01-20,5.415
1995-01-23,5.435
1995-01-24,5.45
1995-01-25,5.44
1995-01-26,5.45
1995-01-27,5.455
1995-01-30,5.41
1995-01-31,5.4
1995-02-01,5.39
1995-02-02,5.415
1995-02-03,5.39
1995-02-06,5.42
1995-02-07,5.405
1995-02-08,5.41
1995-02-09,5.445
1995-02-10,5.47
1995-02-13,5.45
1995-02-14,5.5
1995-02-15,5.49
1995-02-16,5.475
1995-02-17,5.47
1995-02-21,5.49
1995-02-22,5.5
1995-02-23,5.505
1995-02-24,5.5
1995-02-27,5.475
1995-02-28,5.47
1995-03-01,5.46
1995-03-02,5.47
1995-03-03,5.485
1995-03-06,5.55
1995-03-07,5.6
1995-03-08,5.545
1995-03-09,5.555
1995-03-10,5.535
1995-03-13,5.605
1995-03-14,5.6
1995-03-15,5.68
1995-03-16,5.645
1995-03-17,5.7
1995-03-20,5.69
1995-03-21,5.65
1995-03-22,5.635
1995-03-23,5.64
1995-03-24,5.63
1995-03-27,5.615
1995-03-28,5.625
1995-03-29,5.6
1995-03-30,5.585
1995-03-31,5.6
1995-04-03,5.68
1995-04-04,5.675
1995-04-05,5.68
1995-04-06,5.67
1995-04-07,5.725
1995-04-10,5.73
1995-04-11,5.785
1995-04-12,5.76
1995-04-13,5.655
1995-04-17,5.64
1995-04-18,5.585
1995-04-19,5.555
1995-04-20,5.595
1995-04-21,5.565
1995-04-24,5.6
1995-04-25,5.6
1995-04-26,5.565
1995-04-27,5.53
1995-04-28,5.585
1995-05-01,5.68
1995-05-02,5.68
1995-05-03,5.63
1995-05-04,5.61
1995-05-05,5.55
1995-05-08,5.5
1995-05-09,5.535
1995-05-10,5.57
1995-05-11,5.515
1995-05-12,5.515
1995-05-15,5.505
1995-05-16,5.565
1995-05-17,5.56
1995-05-18,5.68
1995-05-19,5.655
1995-05-22,5.855
1995-05-23,5.83
1995-05-24,5.84
1995-05-25,5.81
1995-05-26,5.895
1995-05-30,5.63
1995-05-31,5.635
1995-06-01,5.715
1995-06-02,5.685
1995-06-05,5.66
1995-06-06,5.755
1995-06-07,5.77
1995-06-08,5.765
1995-06-09,5.715
1995-06-12,5.595
1995-06-13,5.665
1995-06-14,5.725
1995-06-15,5.795
1995-06-16,5.775
1995-06-19,5.95
1995-06-20,5.955
1995-06-21,5.95
1995-06-22,5.905
1995-06-23,5.915
1995-06-26,5.695
1995-06-27,5.735
1995-06-28,5.765
1995-06-29,5.71
1995-06-30,5.685
1995-07-03,5.795
1995-07-05,5.9
1995-07-06,6.025
1995-07-07,5.98
1995-07-10,5.985
1995-07-11,6.03
1995-07-12,6.105
1995-07-13,6.085
1995-07-14,6.14
1995-07-17,6.345
1995-07-18,6.275
1995-07-19,6.345
1995-07-20,6.1
1995-07-21,6.225
1995-07-24,6.165
1995-07-25,6.215
1995-07-26,6.22
1995-07-27,6.13
1995-07-28,6.14
1995-07-31,5.915
1995-08-01,5.94
1995-08-02,5.865
1995-08-03,5.895
1995-08-04,5.785
1995-08-07,5.77
1995-08-08,5.855
1995-08-09,5.81
1995-08-10,5.805
1995-08-11,5.75
1995-08-14,5.795
1995-08-15,5.765
1995-08-16,5.775
1995-08-17,5.815
1995-08-18,5.825
1995-08-21,5.93
1995-08-22,5.865
1995-08-23,5.855
1995-08-24,5.845
1995-08-25,5.86
1995-08-28,5.95
1995-08-29,5.93
1995-08-30,5.96
1995-08-31,6.01
1995-09-01,6.055
1995-09-05,6.035
1995-09-06,6.035
1995-09-07,6.1
1995-09-08,6.13
1995-09-11,6.09
1995-09-12,6.08
1995-09-13,6.02
1995-09-14,6.055
1995-09-15,6.1
1995-09-18,6.385
1995-09-19,6.325
1995-09-20,6.315
1995-09-21,6.405
1995-09-22,6.215
1995-09-25,6.17
1995-09-26,6.205
1995-09-27,6.205
1995-09-28,6.23
1995-09-29,6.245
1995-10-02,6.16
1995-10-03,6.15
1995-10-04,6.18
1995-10-05,6.175
1995-10-06,6.205
1995-10-09,6.24
1995-10-10,6.305
1995-10-11,6.425
1995-10-12,6.365
1995-10-13,6.375
1995-10-16,6.38
1995-10-17,6.35
1995-10-18,6.41
1995-10-19,6.49
1995-10-20,6.57
1995-10-23,6.54
1995-10-24,6.57
1995-10-25,6.575
1995-10-26,6.565
1995-10-27,6.545
1995-10-30,6.625
1995-10-31,6.67
1995-11-01,6.79
1995-11-02,6.765
1995-11-03,6.74
1995-11-06,6.8
1995-11-07,6.765
1995-11-08,6.77
1995-11-09,6.69
1995-11-10,6.735
1995-11-13,6.655
1995-11-14,6.645
1995-11-15,6.625
1995-11-16,6.7
1995-11-17,6.755
1995-11-20,6.68
1995-11-21,6.67
1995-11-22,6.72
1995-11-24,6.69
1995-11-27,6.67
1995-11-28,6.675
1995-11-29,6.755
1995-11-30,6.775
1995-12-01,6.825
1995-12-04,6.845
1995-12-05,6.945
1995-12-06,6.97
1995-12-07,6.885
1995-12-08,6.98
1995-12-11,7.035
1995-12-12,7.05
1995-12-13,7.12
1995-12-14,7.14
1995-12-15,7.095
1995-12-18,7.22
1995-12-19,7.285
1995-12-20,7.19
1995-12-21,7.06
1995-12-22,7.175
1995-12-26,7.2
1995-12-27,7.125
1995-12-28,7.15
1995-12-29,7.255
1996-01-02,7.405
1996-01-03,7.475
1996-01-04,7.41
1996-01-05,7.365
1996-01-08,7.195
1996-01-09,7.285
1996-01-10,7.255
1996-01-11,7.18
1996-01-12,7.25
1996-01-15,7.29
1996-01-16,7.195
1996-01-17,7.21
1996-01-18,7.245
1996-01-19,7.295
1996-01-22,7.19
1996-01-23,7.23
1996-01-24,7.22
1996-01-25,7.13
1996-01-26,7.12
1996-01-29,7.175
1996-01-30,7.26
1996-01-31,7.28
1996-02-01,7.29
1996-02-02,7.265
1996-02-05,7.115
1996-02-06,7.16
1996-02-07,7.1
1996-02-08,7.085
1996-02-09,7.075
1996-02-12,7.05
1996-02-13,7.1
1996-02-14,7.225
1996-02-15,7.205
1996-02-16,7.18
1996-02-20,7.155
1996-02-21,7.145
1996-02-22,7.12
1996-02-23,7.225
1996-02-26,7.295
1996-02-27,7.265
1996-02-28,7.295
1996-02-29,7.255
1996-03-01,7.19
1996-03-04,7.1
1996-03-05,7.045
1996-03-06,7.08
1996-03-07,7.125
1996-03-08,7.04
1996-03-11,7.125
1996-03-12,7.115
1996-03-13,7.145
1996-03-14,7.13
1996-03-15,7.07
1996-03-18,7.1
1996-03-19,6.985
1996-03-20,7.025
1996-03-21,7.08
1996-03-22,7.165
1996-03-25,7.18
1996-03-26,7.225
1996-03-27,7.25
1996-03-28,7.245
1996-03-29,7.365
1996-04-01,7.47
1996-04-02,7.425
1996-04-03,7.485
1996-04-04,7.5
1996-04-08,7.66
1996-04-09,7.635
1996-04-10,7.775
1996-04-11,7.72
1996-04-12,7.815
1996-04-15,7.755
1996-04-16,7.59
1996-04-17,7.7
1996-04-18,7.98
1996-04-19,7.85
1996-04-22,7.99
1996-04-23,7.95
1996-04-24,7.955
1996-04-25,8.075
1996-04-26,8.04
1996-04-29,7.595
1996-04-30,7.715
1996-05-01,7.985
1996-05-02,7.91
1996-05-03,7.965
1996-05-06,7.925
1996-05-07,7.985
1996-05-08,8.06
1996-05-09,8.01
1996-05-10,7.97
1996-05-13,7.97
1996-05-14,8.035
1996-05-15,7.98
1996-05-16,8.11
1996-05-17,8.03
1996-05-20,7.9
1996-05-21,7.825
1996-05-22,7.805
1996-05-23,7.92
1996-05-24,7.915
1996-05-28,7.865
1996-05-29,7.595
1996-05-30,7.71
1996-05-31,7.725
1996-06-03,7.495
1996-06-04,7.54
1996-06-05,7.485
1996-06-06,7.49
1996-06-07,7.595
1996-06-10,7.725
1996-06-11,7.58
1996-06-12,7.545
1996-06-13,7.52
1996-06-14,7.525
1996-06-17,7.575
1996-06-18,7.785
1996-06-19,7.7
1996-06-20,7.685
1996-06-21,7.8
1996-06-24,7.68
1996-06-25,7.66
1996-06-26,7.585
1996-06-27,7.495
1996-06-28,7.66
1996-07-01,7.765
1996-07-02,7.675
1996-07-03,7.735
1996-07-05,7.58
1996-07-08,7.6
1996-07-09,7.75
1996-07-10,7.925
1996-07-11,8.205
1996-07-12,8.35
1996-07-15,8.325
1996-07-16,8.135
1996-07-17,7.975
1996-07-18,7.695
1996-07-19,7.665
1996-07-22,7.625
1996-07-23,7.725
1996-07-24,7.605
1996-07-25,7.655
1996-07-26,7.595
1996-07-29,7.67
1996-07-30,7.595
1996-07-31,7.63
1996-08-01,7.76
1996-08-02,7.68
1996-08-05,7.645
1996-08-06,7.685
1996-08-07,7.725
1996-08-08,7.865
1996-08-09,7.955
1996-08-12,8.19
1996-08-13,8.095
1996-08-14,8.14
1996-08-15,8.085
1996-08-16,8.035
1996-08-19,7.98
1996-08-20,8.015
1996-08-21,8.02
1996-08-22,8.065
1996-08-23,8.01
1996-08-26,8.115
1996-08-27,8.19
1996-08-28,8.1
1996-08-29,8.145
1996-08-30,8.075
1996-09-03,8.09
1996-09-04,7.925
1996-09-05,8.085
1996-09-06,8.135
1996-09-09,8.075
1996-09-10,8.22
1996-09-11,8.215
1996-09-12,8.31
1996-09-13,8.115
1996-09-16,8.02
1996-09-17,8.045
1996-09-18,8.065
1996-09-19,7.995
1996-09-20,7.925
1996-09-23,7.96
1996-09-24,7.915
1996-09-25,8.0
1996-09-26,7.935
1996-09-27,7.81
1996-09-30,7.48
1996-10-01,7.385
1996-10-02,7.285
1996-10-03,7.24
1996-10-04,7.11
1996-10-07,7.185
1996-10-08,7.22
1996-10-09,7.255
1996-10-10,7.175
1996-10-11,6.82
1996-10-14,6.78
1996-10-15,6.8
1996-10-16,6.785
1996-10-17,6.765
1996-10-18,6.7
1996-10-21,6.685
1996-10-22,6.81
1996-10-23,6.905
1996-10-24,6.865
1996-10-25,6.885
1996-10-28,6.92
1996-10-29,6.895
1996-10-30,6.815
1996-10-31,6.61
1996-11-01,6.575
1996-11-04,6.625
1996-11-05,6.645
1996-11-06,6.745
1996-11-07,6.785
1996-11-08,6.785
1996-11-11,6.71
1996-11-12,6.81
1996-11-13,6.855
1996-11-14,6.825
1996-11-15,6.915
1996-11-18,6.975
1996-11-19,6.9
1996-11-20,7.01
1996-11-21,7.005
1996-11-22,7.04
1996-11-25,7.035
1996-11-26,7.085
1996-11-27,7.12
1996-11-29,7.095
1996-12-02,6.995
1996-12-03,6.95
1996-12-04,6.905
1996-12-05,6.95
1996-12-06,6.895
1996-12-09,6.81
1996-12-10,6.79
1996-12-11,6.86
1996-12-12,6.975
1996-12-13,6.985
1996-12-16,7.04
1996-12-17,6.995
1996-12-18,6.97
1996-12-19,7.02
1996-12-20,6.97
1996-12-23,6.935
1996-12-24,6.935
1996-12-26,6.95
1996-12-27,6.95
1996-12-30,6.88
1996-12-31,6.88
1997-01-02,6.94
1997-01-03,6.93
1997-01-06,6.88
1997-01-07,6.945
1997-01-08,6.905
1997-01-09,6.94
1997-01-10,7.195
1997-01-13,7.275
1997-01-14,7.28
1997-01-15,7.365
1997-01-16,7.39
1997-01-17,7.39
1997-01-20,7.37
1997-01-21,7.39
1997-01-22,7.315
1997-01-23,7.33
1997-01-24,7.4
1997-01-27,7.41
1997-01-28,7.36
1997-01-29,7.42
1997-01-30,7.34
1997-01-31,7.315
1997-02-03,7.3
1997-02-04,7.3
1997-02-05,7.32
1997-02-06,7.225
1997-02-07,7.31
1997-02-10,7.33
1997-02-11,7.43
1997-02-12,7.565
1997-02-13,7.575
1997-02-14,7.525
1997-02-18,7.715
1997-02-19,7.625
1997-02-20,7.755
1997-02-21,7.735
1997-02-24,7.665
1997-02-25,7.815
1997-02-26,7.74
1997-02-27,7.73
1997-02-28,7.81
1997-03-03,7.935
1997-03-04,7.945
1997-03-05,7.895
1997-03-06,8.06
1997-03-07,8.13
1997-03-10,8.41
1997-03-11,8.36
1997-03-12,8.095
1997-03-13,8.1
1997-03-14,8.29
1997-03-17,8.05
1997-03-18,8.125
1997-03-19,8.21
1997-03-20,8.34
1997-03-21,8.235
1997-03-24,8.135
1997-03-25,8.23
1997-03-26,8.22
1997-03-27,8.35
1997-03-31,8.38
1997-04-01,8.555
1997-04-02,8.64
1997-04-03,8.515
1997-04-04,8.135
1997-04-07,8.47
1997-04-08,8.335
1997-04-09,8.33
1997-04-10,8.4
1997-04-11,8.15
1997-04-14,8.175
1997-04-15,8.22
1997-04-16,8.18
1997-04-17,8.24
1997-04-18,8.3
1997-04-21,8.235
1997-04-22,8.275
1997-04-23,8.29
1997-04-24,8.34
1997-04-25,8.57
1997-04-28,8.555
1997-04-29,8.555
1997-04-30,8.75
1997-05-01,8.665
1997-05-02,8.75
1997-05-05,8.755
1997-05-06,8.82
1997-05-07,8.825
1997-05-08,8.745
1997-05-09,8.81
1997-05-12,8.6
1997-05-13,8.655
1997-05-14,8.58
1997-05-15,8.52
1997-05-16,8.58
1997-05-19,8.6
1997-05-20,8.4
1997-05-21,8.425
1997-05-22,8.43
1997-05-23,8.33
1997-05-27,8.295
1997-05-28,8.49
1997-05-29,8.675
1997-05-30,8.775
1997-06-02,8.685
1997-06-03,8.53
1997-06-04,8.25
1997-06-05,8.315
1997-06-06,8.305
1997-06-09,8.095
1997-06-10,8.08
1997-06-11,8.255
1997-06-12,8.335
1997-06-13,8.395
1997-06-16,8.245
1997-06-17,8.375
1997-06-18,8.25
1997-06-19,8.27
1997-06-20,8.195
1997-06-23,8.2
1997-06-24,8.195
1997-06-25,8.07
1997-06-26,7.91
1997-06-27,7.805
1997-06-30,7.595
1997-07-01,7.2
1997-07-02,7.0
1997-07-03,7.145
1997-07-07,7.255
1997-07-08,7.58
1997-07-09,7.82
1997-07-10,7.745
1997-07-11,7.745
1997-07-14,7.845
1997-07-15,7.935
1997-07-16,7.605
1997-07-17,7.525
1997-07-18,7.54
1997-07-21,7.52
1997-07-22,7.505
1997-07-23,7.555
1997-07-24,7.655
1997-07-25,7.59
1997-07-28,7.535
1997-07-29,7.475
1997-07-30,7.3
1997-07-31,7.42
1997-08-01,7.375
1997-08-04,7.355
1997-08-05,7.33
1997-08-06,7.4
1997-08-07,7.135
1997-08-08,7.205
1997-08-11,7.04
1997-08-12,7.16
1997-08-13,7.275
1997-08-14,7.295
1997-08-15,7.33
1997-08-18,7.29
1997-08-19,7.4
1997-08-20,7.165
1997-08-21,7.345
1997-08-22,7.345
1997-08-25,7.415
1997-08-26,7.395
1997-08-27,7.48
1997-08-28,7.345
1997-08-29,6.91
1997-09-02,7.01
1997-09-03,7.13
1997-09-04,7.285
1997-09-05,7.48
1997-09-08,7.385
1997-09-09,7.355
1997-09-10,7.315
1997-09-11,7.245
1997-09-12,7.035
1997-09-15,6.945
1997-09-16,6.985
1997-09-17,6.96
1997-09-18,6.765
1997-09-19,6.67
1997-09-22,6.45
1997-09-23,6.38
1997-09-24,6.455
1997-09-25,6.41
1997-09-26,6.34
1997-09-29,6.165
1997-09-30,6.115
1997-10-01,6.09
1997-10-02,6.16
1997-10-03,6.31
1997-10-06,6.375
1997-10-07,6.525
1997-10-08,6.57
1997-10-09,6.625
1997-10-10,6.87
1997-10-13,7.045
1997-10-14,6.91
1997-10-15,6.89
1997-10-16,6.87
1997-10-17,6.75
1997-10-20,6.73
1997-10-21,6.78
1997-10-22,6.835
1997-10-23,6.82
1997-10-24,6.88
1997-10-27,6.86
1997-10-28,6.815
1997-10-29,6.795
1997-10-30,6.765
1997-10-31,6.835
1997-11-03,7.09
1997-11-04,7.04
1997-11-05,7.12
1997-11-06,7.16
1997-11-07,7.285
1997-11-10,7.125
1997-11-11,7.3
1997-11-12,7.225
1997-11-13,7.24
1997-11-14,7.155
1997-11-17,7.18
1997-11-18,7.13
1997-11-19,7.085
1997-11-20,7.015
1997-11-21,7.01
1997-11-24,7.045
1997-11-25,7.055
1997-11-26,7.14
1997-11-28,7.12
1997-12-01,7.12
1997-12-02,6.955
1997-12-03,6.975
1997-12-04,6.84
1997-12-05,6.935
1997-12-08,7.015
1997-12-09,6.99
1997-12-10,7.05
1997-12-11,6.95
1997-12-12,6.815
1997-12-15,6.795
1997-12-16,6.77
1997-12-17,6.805
1997-12-18,6.695
1997-12-19,6.73
1997-12-22,6.71
1997-12-23,6.715
1997-12-24,6.78
1997-12-26,6.78
1997-12-29,6.73
1997-12-30,6.755
1997-12-31,6.66
1998-01-02,6.57
1998-01-05,6.645
1998-01-06,6.6
1998-01-07,6.68
1998-01-08,6.56
1998-01-09,6.585
1998-01-12,6.585
1998-01-13,6.66
1998-01-14,6.58
1998-01-15,6.6
1998-01-16,6.58
1998-01-20,6.68
1998-01-21,6.64
1998-01-22,6.71
1998-01-23,6.65
1998-01-26,6.7
1998-01-27,6.745
1998-01-28,6.75
1998-01-29,6.74
1998-01-30,6.67
1998-02-02,6.71
1998-02-03,6.79
1998-02-04,6.75
1998-02-05,6.79
1998-02-06,6.78
1998-02-09,6.825
1998-02-10,6.85
1998-02-11,6.73
1998-02-12,6.755
1998-02-13,6.715
1998-02-17,6.635
1998-02-18,6.655
1998-02-19,6.65
1998-02-20,6.615
1998-02-23,6.575
1998-02-24,6.48
1998-02-25,6.485
1998-02-26,6.44
1998-02-27,6.475
1998-03-02,6.46
1998-03-03,6.45
1998-03-04,6.465
1998-03-05,6.475
1998-03-06,6.565
1998-03-09,6.585
1998-03-10,6.615
1998-03-11,6.645
1998-03-12,6.595
1998-03-13,6.48
1998-03-16,6.475
1998-03-17,6.505
1998-03-18,6.485
1998-03-19,6.45
1998-03-20,6.39
1998-03-23,6.445
1998-03-24,6.455
1998-03-25,6.45
1998-03-26,6.475
1998-03-27,6.405
1998-03-30,6.435
1998-03-31,6.39
1998-04-01,6.37
1998-04-02,6.405
1998-04-03,6.315
1998-04-06,6.28
1998-04-07,6.24
1998-04-08,6.28
1998-04-09,6.285
1998-04-13,6.22
1998-04-14,6.265
1998-04-15,6.34
1998-04-16,6.365
1998-04-17,6.37
1998-04-20,6.365
1998-04-21,6.44
1998-04-22,6.34
1998-04-23,6.36
1998-04-24,6.39
1998-04-27,6.41
1998-04-28,6.375
1998-04-29,6.385
1998-04-30,6.345
1998-05-01,6.38
1998-05-04,6.385
1998-05-05,6.44
1998-05-06,6.515
1998-05-07,6.535
1998-05-08,6.46
1998-05-11,6.385
1998-05-12,6.39
1998-05-13,6.42
1998-05-14,6.395
1998-05-15,6.355
1998-05-18,6.375
1998-05-19,6.275
1998-05-20,6.305
1998-05-21,6.275
1998-05-22,6.33
1998-05-26,6.21
1998-05-27,6.17
1998-05-28,6.18
1998-05-29,6.185
1998-06-01,6.205
1998-06-02,6.22
1998-06-03,6.19
1998-06-04,6.195
1998-06-05,6.17
1998-06-08,6.115
1998-06-09,6.105
1998-06-10,6.155
1998-06-11,6.1
1998-06-12,6.13
1998-06-15,6.175
1998-06-16,6.16
1998-06-17,6.245
1998-06-18,6.29
1998-06-19,6.485
1998-06-22,6.45
1998-06-23,6.56
1998-06-24,6.625
1998-06-25,6.5
1998-06-26,6.4
1998-06-29,6.03
1998-06-30,6.275
1998-07-01,6.285
1998-07-02,6.275
1998-07-06,6.28
1998-07-07,6.44
1998-07-08,6.5
1998-07-09,6.455
1998-07-10,6.385
1998-07-13,6.42
1998-07-14,6.385
1998-07-15,6.3
1998-07-16,6.38
1998-07-17,6.49
1998-07-20,6.35
1998-07-21,6.275
1998-07-22,6.175
1998-07-23,6.145
1998-07-24,6.07
1998-07-27,6.03
1998-07-28,5.955
1998-07-29,5.885
1998-07-30,5.905
1998-07-31,5.79
1998-08-03,5.66
1998-08-04,5.615
1998-08-05,5.535
1998-08-06,5.43
1998-08-07,5.37
1998-08-10,5.395
1998-08-11,5.43
1998-08-12,5.36
1998-08-13,5.365
1998-08-14,5.41
1998-08-17,5.47
1998-08-18,5.345
1998-08-19,5.45
1998-08-20,5.395
1998-08-21,5.26
1998-08-24,5.305
1998-08-25,5.335
1998-08-26,5.26
1998-08-27,5.22
1998-08-28,5.155
1998-08-31,5.155
1998-09-01,5.25
1998-09-02,5.3
1998-09-03,5.31
1998-09-04,5.28
1998-09-08,5.32
1998-09-09,5.275
1998-09-10,5.225
1998-09-11,5.195
1998-09-14,5.22
1998-09-15,5.235
1998-09-16,5.145
1998-09-17,5.125
1998-09-18,5.04
1998-09-21,5.03
1998-09-22,5.08
1998-09-23,5.05
1998-09-24,5.095
1998-09-25,5.07
1998-09-28,5.11
1998-09-29,5.07
1998-09-30,5.07
1998-10-01,4.88
1998-10-02,4.895
1998-10-05,4.96
1998-10-06,4.985
1998-10-07,5.075
1998-10-08,5.155
1998-10-09,5.385
1998-10-12,5.3
1998-10-13,5.36
1998-10-14,5.295
1998-10-15,5.29
1998-10-16,5.305
1998-10-19,5.245
1998-10-20,5.22
1998-10-21,5.22
1998-10-22,5.285
1998-10-23,5.21
1998-10-26,5.19
1998-10-27,5.185
1998-10-28,5.225
1998-10-29,5.26
1998-10-30,5.36
1998-11-02,5.34
1998-11-03,5.315
1998-11-04,5.35
1998-11-05,5.43
1998-11-06,5.495
1998-11-09,5.535
1998-11-10,5.615
1998-11-11,5.675
1998-11-12,5.68
1998-11-13,5.6
1998-11-16,5.585
1998-11-17,5.64
1998-11-18,5.665
1998-11-19,5.665
1998-11-20,5.65
1998-11-23,5.54
1998-11-24,5.555
1998-11-25,5.565
1998-11-27,5.675
1998-11-30,5.795
1998-12-01,5.68
1998-12-02,5.735
1998-12-03,5.67
1998-12-04,5.685
1998-12-07,5.635
1998-12-08,5.585
1998-12-09,5.54
1998-12-10,5.51
1998-12-11,5.485
1998-12-14,5.42
1998-12-15,5.43
1998-12-16,5.425
1998-12-17,5.375
1998-12-18,5.375
1998-12-21,5.375
1998-12-22,5.34
1998-12-23,5.32
1998-12-24,5.32
1998-12-28,5.335
1998-12-29,5.33
1998-12-30,5.26
1998-12-31,5.26
1999-01-04,5.32
1999-01-05,5.385
1999-01-06,5.42
1999-01-07,5.345
1999-01-08,5.41
1999-01-11,5.34
1999-01-12,5.26
1999-01-13,5.215
1999-01-14,5.215
1999-01-15,5.2
1999-01-19,5.135
1999-01-20,5.165
1999-01-21,5.185
1999-01-22,5.15
1999-01-25,5.07
1999-01-26,5.035
1999-01-27,5.025
1999-01-28,4.99
1999-01-29,4.965
1999-02-01,4.97
1999-02-02,4.97
1999-02-03,4.98
1999-02-04,4.99
1999-02-05,5.035
1999-02-08,4.98
1999-02-09,4.89
1999-02-10,4.89
1999-02-11,4.845
1999-02-12,4.815
1999-02-16,4.775
1999-02-17,4.755
1999-02-18,4.72
1999-02-19,4.78
1999-02-22,4.64
1999-02-23,4.64
1999-02-24,4.465
1999-02-25,4.415
1999-02-26,4.37
1999-03-01,4.42
1999-03-02,4.49
1999-03-03,4.45
1999-03-04,4.455
1999-03-05,4.42
1999-03-08,4.505
1999-03-09,4.52
1999-03-10,4.565
1999-03-11,4.59
1999-03-12,4.54
1999-03-15,4.495
1999-03-16,4.625
1999-03-17,4.61
1999-03-18,4.605
1999-03-19,4.675
1999-03-22,4.77
1999-03-23,4.72
1999-03-24,4.675
1999-03-25,4.78
1999-03-26,4.76
1999-03-29,4.75
1999-03-30,4.8
1999-03-31,4.61
1999-04-01,4.635
1999-04-05,4.61
1999-04-06,4.57
1999-04-07,4.585
1999-04-08,4.56
1999-04-09,4.6
1999-04-12,4.59
1999-04-13,4.67
1999-04-14,4.705
1999-04-15,4.69
1999-04-16,4.67
1999-04-19,4.685
1999-04-20,4.76
1999-04-21,4.76
1999-04-22,4.65
1999-04-23,4.67
1999-04-26,4.63
1999-04-27,4.605
1999-04-28,4.64
1999-04-29,4.58
1999-04-30,4.62
1999-05-03,4.655
1999-05-04,4.655
1999-05-05,4.645
1999-05-06,4.63
1999-05-07,4.575
1999-05-10,4.58
1999-05-11,4.585
1999-05-12,4.555
1999-05-13,4.52
1999-05-14,4.525
1999-05-17,4.54
1999-05-18,4.58
1999-05-19,4.54
1999-05-20,4.505
1999-05-21,4.425
1999-05-24,4.35
1999-05-25,4.4
1999-05-26,4.365
1999-05-27,4.415
1999-05-28,4.435
1999-06-01,4.395
1999-06-02,4.41
1999-06-03,4.47
1999-06-04,4.465
1999-06-07,4.5
1999-06-08,4.525
1999-06-09,4.555
1999-06-10,4.52
1999-06-11,4.555
1999-06-14,4.565
1999-06-15,4.46
1999-06-16,4.47
1999-06-17,4.465
1999-06-18,4.56
1999-06-21,4.51
1999-06-22,4.47
1999-06-23,4.45
1999-06-24,4.325
1999-06-25,4.305
1999-06-28,4.26
1999-06-29,4.26
1999-06-30,4.265
1999-07-01,4.22
1999-07-02,4.075
1999-07-06,3.925
1999-07-07,3.93
1999-07-08,3.875
1999-07-09,3.915
1999-07-12,4.0
1999-07-13,4.015
1999-07-14,4.045
1999-07-15,4.06
1999-07-16,3.96
1999-07-19,4.015
1999-07-20,4.095
1999-07-21,4.29
1999-07-22,4.26
1999-07-23,4.48
1999-07-26,4.295
1999-07-27,4.055
1999-07-28,4.01
1999-07-29,4.055
1999-07-30,4.075
1999-08-02,4.355
1999-08-03,4.5
1999-08-04,4.66
1999-08-05,4.52
1999-08-06,4.545
1999-08-09,4.6
1999-08-10,4.65
1999-08-11,4.58
1999-08-12,4.205
1999-08-13,4.245
1999-08-16,4.335
1999-08-17,4.46
1999-08-18,4.415
1999-08-19,4.495
1999-08-20,4.46
1999-08-23,4.46
1999-08-24,4.42
1999-08-25,4.52
1999-08-26,4.445
1999-08-27,4.49
1999-08-30,4.46
1999-08-31,4.58
1999-09-01,4.64
1999-09-02,4.69
1999-09-03,4.73
1999-09-07,4.935
1999-09-08,4.815
1999-09-09,4.805
1999-09-10,4.88
1999-09-13,4.835
1999-09-14,4.765
1999-09-15,4.635
1999-09-16,4.66
1999-09-17,4.61
1999-09-20,4.58
1999-09-21,4.555
1999-09-22,4.555
1999-09-23,4.49
1999-09-24,4.485
1999-09-27,4.535
1999-09-28,4.595
1999-09-29,4.61
1999-09-30,4.595
1999-10-01,4.48
1999-10-04,4.51
1999-10-05,4.51
1999-10-06,4.55
1999-10-07,4.535
1999-10-08,4.555
1999-10-11,4.605
1999-10-12,4.655
1999-10-13,4.66
1999-10-14,4.625
1999-10-15,4.59
1999-10-18,4.63
1999-10-19,4.605
1999-10-20,4.545
1999-10-21,4.47
1999-10-22,4.39
1999-10-25,4.46
1999-10-26,4.35
1999-10-27,4.39
1999-10-28,4.385
1999-10-29,4.435
1999-11-01,4.42
1999-11-02,4.48
1999-11-03,4.505
1999-11-04,4.56
1999-11-05,4.535
1999-11-08,4.565
1999-11-09,4.54
1999-11-10,4.405
1999-11-11,4.455
1999-11-12,4.405
1999-11-15,4.485
1999-11-16,4.51
1999-11-17,4.475
1999-11-18,4.43
1999-11-19,4.48
1999-11-22,4.495
1999-11-23,4.525
1999-11-24,4.49
1999-11-26,4.49
1999-11-29,4.5
1999-11-30,4.605
1999-12-01,4.595
1999-12-02,4.565
1999-12-03,4.57
1999-12-06,4.62
1999-12-07,4.655
1999-12-08,4.575
1999-12-09,4.445
1999-12-10,4.455
1999-12-13,4.355
1999-12-14,4.38
1999-12-15,4.38
1999-12-16,4.36
1999-12-17,4.375
1999-12-20,4.425
1999-12-21,4.4
1999-12-22,4.505
1999-12-23,4.51
1999-12-27,4.43
1999-12-28,4.435
1999-12-29,4.4
1999-12-30,4.475
1999-12-31,4.475
2000-01-03,4.445
2000-01-04,4.51
2000-01-05,4.56
2000-01-06,4.545
2000-01-07,4.59
2000-01-10,4.53
2000-01-11,4.54
2000-01-12,4.575
2000-01-13,4.655
2000-01-14,4.74
2000-01-18,4.77
2000-01-19,4.805
2000-01-20,4.855
2000-01-21,4.825
2000-01-24,4.91
2000-01-25,4.955
2000-01-26,4.885
2000-01-27,5.04
2000-01-28,4.995
2000-01-31,4.875
2000-02-01,4.885
2000-02-02,4.875
2000-02-03,4.825
2000-02-04,4.855
2000-02-07,4.86
2000-02-08,4.81
2000-02-09,4.84
2000-02-10,4.93
2000-02-11,4.85
2000-02-14,4.855
2000-02-15,4.89
2000-02-16,4.875
2000-02-17,4.9
2000-02-18,4.965
2000-02-22,4.955
2000-02-23,4.835
2000-02-24,4.895
2000-02-25,4.82
2000-02-28,4.815
2000-02-29,4.85
2000-03-01,4.8
2000-03-02,4.87
2000-03-03,4.885
2000-03-06,4.925
2000-03-07,4.87
2000-03-08,4.91
2000-03-09,4.92
2000-03-10,4.85
2000-03-13,4.985
2000-03-14,5.04
2000-03-15,4.99
2000-03-16,4.985
2000-03-17,5.12
2000-03-20,4.97
2000-03-21,4.995
2000-03-22,5.025
2000-03-23,4.95
2000-03-24,5.025
2000-03-27,5.03
2000-03-28,5.0
2000-03-29,5.025
2000-03-30,5.105
2000-03-31,5.17
2000-04-03,5.175
2000-04-04,5.1
2000-04-05,5.16
2000-04-06,5.05
2000-04-07,5.145
2000-04-10,5.08
2000-04-11,5.03
2000-04-12,5.12
2000-04-13,5.125
2000-04-14,5.065
2000-04-17,5.06
2000-04-18,5.09
2000-04-19,5.14
2000-04-20,5.125
2000-04-24,5.205
2000-04-25,5.195
2000-04-26,5.195
2000-04-27,5.125
2000-04-28,5.09
2000-05-01,5.38
2000-05-02,5.36
2000-05-03,5.415
2000-05-04,5.415
2000-05-05,5.355
2000-05-08,5.29
2000-05-09,5.28
2000-05-10,5.41
2000-05-11,5.415
2000-05-12,5.39
2000-05-15,5.22
2000-05-16,5.175
2000-05-17,5.15
2000-05-18,5.22
2000-05-19,5.3
2000-05-22,5.27
2000-05-23,5.25
2000-05-24,5.175
2000-05-25,5.02
2000-05-26,5.11
2000-05-30,4.955
2000-05-31,4.96
2000-06-01,5.005
2000-06-02,5.125
2000-06-05,5.07
2000-06-06,5.095
2000-06-07,5.03
2000-06-08,5.03
2000-06-09,5.03
2000-06-12,4.95
2000-06-13,4.955
2000-06-14,4.97
2000-06-15,4.935
2000-06-16,4.905
2000-06-19,4.895
2000-06-20,4.835
2000-06-21,4.87
2000-06-22,4.855
2000-06-23,4.83
2000-06-26,4.83
2000-06-27,4.845
2000-06-28,4.785
2000-06-29,4.8
2000-06-30,4.71
2000-07-03,4.63
2000-07-05,4.66
2000-07-06,4.595
2000-07-07,4.645
2000-07-10,4.645
2000-07-11,4.64
2000-07-12,4.675
2000-07-13,4.63
2000-07-14,4.57
2000-07-17,4.535
2000-07-18,4.535
2000-07-19,4.525
2000-07-20,4.57
2000-07-21,4.6
2000-07-24,4.55
2000-07-25,4.48
2000-07-26,4.475
2000-07-27,4.5
2000-07-28,4.42
2000-07-31,4.425
2000-08-01,4.38
2000-08-02,4.415
2000-08-03,4.37
2000-08-04,4.335
2000-08-07,4.295
2000-08-08,4.36
2000-08-09,4.34
2000-08-10,4.41
2000-08-11,4.44
2000-08-14,4.47
2000-08-15,4.475
2000-08-16,4.54
2000-08-17,4.48
2000-08-18,4.46
2000-08-21,4.505
2000-08-22,4.47
2000-08-23,4.485
2000-08-24,4.495
2000-08-25,4.495
2000-08-28,4.57
2000-08-29,4.735
2000-08-30,4.68
2000-08-31,4.79
2000-09-01,4.77
2000-09-05,4.86
2000-09-06,4.695
2000-09-07,4.635
2000-09-08,4.79
2000-09-11,4.805
2000-09-12,4.795
2000-09-13,4.705
2000-09-14,4.615
2000-09-15,4.52
2000-09-18,4.535
2000-09-19,4.49
2000-09-20,4.535
2000-09-21,4.62
2000-09-22,4.67
2000-09-25,4.65
2000-09-26,4.655
2000-09-27,4.675
2000-09-28,4.7
2000-09-29,4.625
2000-10-02,4.615
2000-10-03,4.605
2000-10-04,4.58
2000-10-05,4.565
2000-10-06,4.585
2000-10-09,4.58
2000-10-10,4.62
2000-10-11,4.525
2000-10-12,4.51
2000-10-13,4.435
2000-10-16,4.445
2000-10-17,4.45
2000-10-18,4.485
2000-10-19,4.515
2000-10-20,4.49
2000-10-23,4.435
2000-10-24,4.495
2000-10-25,4.5
2000-10-26,4.465
2000-10-27,4.415
2000-10-30,4.415
2000-10-31,4.44
2000-11-01,4.475
2000-11-02,4.57
2000-11-03,4.57
2000-11-06,4.585
2000-11-07,4.635
2000-11-08,4.625
2000-11-09,4.545
2000-11-10,4.5
2000-11-13,4.57
2000-11-14,4.59
2000-11-15,4.635
2000-11-16,4.595
2000-11-17,4.7
2000-11-20,4.715
2000-11-21,4.705
2000-11-22,4.73
2000-11-24,4.73
2000-11-27,4.79
2000-11-28,4.85
2000-11-29,4.84
2000-11-30,4.89
2000-12-01,4.92
2000-12-04,4.9
2000-12-05,4.85
2000-12-06,4.92
2000-12-07,4.88
2000-12-08,4.965
2000-12-11,4.965
2000-12-12,4.92
2000-12-13,4.92
2000-12-14,4.89
2000-12-15,4.925
2000-12-18,4.95
2000-12-19,4.975
2000-12-20,4.94
2000-12-21,4.965
2000-12-22,4.965
2000-12-26,4.915
2000-12-27,4.86
2000-12-28,4.85
2000-12-29,4.875
2001-01-02,4.85
2001-01-03,4.855
2001-01-04,4.795
2001-01-05,4.76
2001-01-08,4.785
2001-01-09,4.83
2001-01-10,4.775
2001-01-11,4.655
2001-01-12,4.64
2001-01-16,4.595
2001-01-17,4.55
2001-01-18,4.565
2001-01-19,4.535
2001-01-22,4.595
2001-01-23,4.515
2001-01-24,4.525
2001-01-25,4.49
2001-01-26,4.445
2001-01-29,4.44
2001-01-30,4.46
2001-01-31,4.45
2001-02-01,4.48
2001-02-02,4.54
2001-02-05,4.47
2001-02-06,4.5
2001-02-07,4.5
2001-02-08,4.39
2001-02-09,4.435
2001-02-12,4.405
2001-02-13,4.37
2001-02-14,4.395
2001-02-15,4.38
2001-02-16,4.415
2001-02-20,4.425
2001-02-21,4.485
2001-02-22,4.45
2001-02-23,4.45
2001-02-26,4.39
2001-02-27,4.405
2001-02-28,4.415
2001-03-01,4.455
2001-03-02,4.44
2001-03-05,4.465
2001-03-06,4.51
2001-03-07,4.49
2001-03-08,4.47
2001-03-09,4.485
2001-03-12,4.465
2001-03-13,4.435
2001-03-14,4.295
2001-03-15,4.31
2001-03-16,4.285
2001-03-19,4.29
2001-03-20,4.315
2001-03-21,4.305
2001-03-22,4.2
2001-03-23,4.235
2001-03-26,4.295
2001-03-27,4.305
2001-03-28,4.295
2001-03-29,4.24
2001-03-30,4.16
2001-04-02,4.19
2001-04-03,4.18
2001-04-04,4.25
2001-04-05,4.26
2001-04-06,4.245
2001-04-09,4.27
2001-04-10,4.225
2001-04-11,4.27
2001-04-12,4.26
2001-04-16,4.24
2001-04-17,4.21
2001-04-18,4.265
2001-04-19,4.22
2001-04-20,4.23
2001-04-23,4.165
2001-04-24,4.195
2001-04-25,4.145
2001-04-26,4.195
2001-04-27,4.19
2001-04-30,4.3
2001-05-01,4.295
2001-05-02,4.32
2001-05-03,4.32
2001-05-04,4.37
2001-05-07,4.33
2001-05-08,4.375
2001-05-09,4.365
2001-05-10,4.325
2001-05-11,4.355
2001-05-14,4.42
2001-05-15,4.455
2001-05-16,4.48
2001-05-17,4.515
2001-05-18,4.475
2001-05-21,4.41
2001-05-22,4.41
2001-05-23,4.425
2001-05-24,4.475
2001-05-25,4.425
2001-05-29,4.355
2001-05-30,4.33
2001-05-31,4.48
2001-06-01,4.505
2001-06-04,4.495
2001-06-05,4.485
2001-06-06,4.575
2001-06-07,4.575
2001-06-08,4.615
2001-06-11,4.65
2001-06-12,4.67
2001-06-13,4.665
2001-06-14,4.63
2001-06-15,4.525
2001-06-18,4.575
2001-06-19,4.635
2001-06-20,4.595
2001-06-21,4.545
2001-06-22,4.49
2001-06-25,4.455
2001-06-26,4.505
2001-06-27,4.55
2001-06-28,4.575
2001-06-29,4.72
2001-07-02,4.835
2001-07-03,4.83
2001-07-05,4.875
2001-07-06,4.88
2001-07-09,4.97
2001-07-10,5.015
2001-07-11,5.065
2001-07-12,5.16
2001-07-13,5.185
2001-07-16,5.045
2001-07-17,5.2
2001-07-18,5.065
2001-07-19,5.055
2001-07-20,4.865
2001-07-23,4.91
2001-07-24,4.94
2001-07-25,5.0
2001-07-26,5.015
2001-07-27,5.065
2001-07-30,4.95
2001-07-31,5.045
2001-08-01,5.005
2001-08-02,4.855
2001-08-03,4.82
2001-08-06,4.9
2001-08-07,4.985
2001-08-08,5.025
2001-08-09,5.035
2001-08-10,5.095
2001-08-13,5.135
2001-08-14,5.05
2001-08-15,5.1
2001-08-16,4.965
2001-08-17,5.01
2001-08-20,4.83
2001-08-21,4.86
2001-08-22,4.825
2001-08-23,4.77
2001-08-24,4.75
2001-08-27,4.77
2001-08-28,4.755
2001-08-29,4.775
2001-08-30,4.72
2001-08-31,4.745
2001-09-04,4.715
2001-09-05,4.64
2001-09-06,4.53
2001-09-07,4.51
2001-09-10,4.515
2001-09-11,4.515
2001-09-12,4.515
2001-09-13,4.635
2001-09-14,4.545
2001-09-17,4.61
2001-09-18,4.57
2001-09-19,4.51
2001-09-20,4.545
2001-09-21,4.505
2001-09-24,4.465
2001-09-25,4.42
2001-09-26,4.41
2001-09-27,4.38
2001-09-28,4.275
2001-10-01,4.26
2001-10-02,4.28
2001-10-03,4.27
2001-10-04,4.26
2001-10-05,4.285
2001-10-08,4.3
2001-10-09,4.28
2001-10-10,4.25
2001-10-11,4.245
2001-10-12,4.12
2001-10-15,4.065
2001-10-16,4.095
2001-10-17,4.125
2001-10-18,4.1
2001-10-19,4.03
2001-10-22,3.985
2001-10-23,3.99
2001-10-24,4.02
2001-10-25,4.045
2001-10-26,4.045
2001-10-29,4.05
2001-10-30,4.12
2001-10-31,4.09
2001-11-01,4.105
2001-11-02,4.125
2001-11-05,4.165
2001-11-06,4.115
2001-11-07,4.175
2001-11-08,4.135
2001-11-09,4.205
2001-11-12,4.24
2001-11-13,4.235
2001-11-14,4.26
2001-11-15,4.26
2001-11-16,4.35
2001-11-19,4.345
2001-11-20,4.315
2001-11-21,4.34
2001-11-23,4.34
2001-11-26,4.26
2001-11-27,4.325
2001-11-28,4.24
2001-11-29,4.245
2001-11-30,4.315
2001-12-03,4.35
2001-12-04,4.35
2001-12-05,4.325
2001-12-06,4.315
2001-12-07,4.355
2001-12-10,4.345
2001-12-11,4.29
2001-12-12,4.235
2001-12-13,4.26
2001-12-14,4.27
2001-12-17,4.275
2001-12-18,4.235
2001-12-19,4.265
2001-12-20,4.275
2001-12-21,4.26
2001-12-24,4.255
2001-12-26,4.205
2001-12-27,4.2
2001-12-28,4.165
2001-12-31,4.135
2002-01-02,4.1
2002-01-03,4.165
2002-01-04,4.17
2002-01-07,4.23
2002-01-08,4.27
2002-01-09,4.3
2002-01-10,4.235
2002-01-11,4.33
2002-01-14,4.37
2002-01-15,4.34
2002-01-16,4.4
2002-01-17,4.37
2002-01-18,4.315
2002-01-22,4.25
2002-01-23,4.215
2002-01-24,4.26
2002-01-25,4.2
2002-01-28,4.185
2002-01-29,4.165
2002-01-30,4.155
2002-01-31,4.195
2002-02-01,4.165
2002-02-04,4.23
2002-02-05,4.215
2002-02-06,4.18
2002-02-07,4.215
2002-02-08,4.19
2002-02-11,4.22
2002-02-12,4.27
2002-02-13,4.305
2002-02-14,4.27
2002-02-15,4.28
2002-02-19,4.29
2002-02-20,4.355
2002-02-21,4.32
2002-02-22,4.42
2002-02-25,4.28
2002-02-26,4.28
2002-02-27,4.335
2002-02-28,4.275
2002-03-01,4.37
2002-03-04,4.355
2002-03-05,4.41
2002-03-06,4.385
2002-03-07,4.43
2002-03-08,4.5
2002-03-11,4.525
2002-03-12,4.495
2002-03-13,4.49
2002-03-14,4.555
2002-03-15,4.58
2002-03-18,4.47
2002-03-19,4.505
2002-03-20,4.46
2002-03-21,4.47
2002-03-22,4.51
2002-03-25,4.49
2002-03-26,4.55
2002-03-27,4.6
2002-03-28,4.635
2002-04-01,4.625
2002-04-02,4.615
2002-04-03,4.485
2002-04-04,4.455
2002-04-05,4.54
2002-04-08,4.47
2002-04-09,4.505
2002-04-10,4.5
2002-04-11,4.475
2002-04-12,4.505
2002-04-15,4.46
2002-04-16,4.525
2002-04-17,4.625
2002-04-18,4.6
2002-04-19,4.615
2002-04-22,4.61
2002-04-23,4.64
2002-04-24,4.695
2002-04-25,4.64
2002-04-26,4.565
2002-04-29,4.535
2002-04-30,4.54
2002-05-01,4.53
2002-05-02,4.535
2002-05-03,4.515
2002-05-06,4.535
2002-05-07,4.555
2002-05-08,4.605
2002-05-09,4.66
2002-05-10,4.625
2002-05-13,4.695
2002-05-14,4.7
2002-05-15,4.75
2002-05-16,4.78
2002-05-17,4.805
2002-05-20,4.84
2002-05-21,4.835
2002-05-22,4.855
2002-05-23,4.855
2002-05-24,4.84
2002-05-28,4.925
2002-05-29,4.91
2002-05-30,4.975
2002-05-31,5.045
2002-06-03,5.0
2002-06-04,5.045
2002-06-05,5.085
2002-06-06,5.075
2002-06-07,5.03
2002-06-10,4.97
2002-06-11,4.975
2002-06-12,4.885
2002-06-13,4.97
2002-06-14,4.915
2002-06-17,4.925
2002-06-18,4.875
2002-06-19,4.87
2002-06-20,4.85
2002-06-21,4.91
2002-06-24,4.99
2002-06-25,4.98
2002-06-26,5.06
2002-06-27,5.145
2002-06-28,5.305
2002-07-01,5.415
2002-07-02,5.325
2002-07-03,5.41
2002-07-05,5.51
2002-07-08,5.495
2002-07-09,5.615
2002-07-10,5.55
2002-07-11,5.535
2002-07-12,5.545
2002-07-15,5.665
2002-07-16,5.745
2002-07-17,5.71
2002-07-18,5.755
2002-07-19,5.705
2002-07-22,5.885
2002-07-23,5.695
2002-07-24,5.775
2002-07-25,5.595
2002-07-26,5.445
2002-07-29,5.295
2002-07-30,5.415
2002-07-31,5.575
2002-08-01,5.605
2002-08-02,5.595
2002-08-05,5.53
2002-08-06,5.525
2002-08-07,5.5
2002-08-08,5.38
2002-08-09,5.455
2002-08-12,5.73
2002-08-13,5.82
2002-08-14,5.93
2002-08-15,5.94
2002-08-16,5.83
2002-08-19,5.67
2002-08-20,5.505
2002-08-21,5.58
2002-08-22,5.535
2002-08-23,5.55
2002-08-26,5.54
2002-08-27,5.63
2002-08-28,5.6
2002-08-29,5.545
2002-08-30,5.605
2002-09-03,5.625
2002-09-04,5.65
2002-09-05,5.68
2002-09-06,5.71
2002-09-09,5.725
2002-09-10,5.81
2002-09-11,5.895
2002-09-12,5.76
2002-09-13,5.61
2002-09-16,5.67
2002-09-17,5.67
2002-09-18,5.656
2002-09-19,5.575
2002-09-20,5.565
2002-09-23,5.435
2002-09-24,5.52
2002-09-25,5.46
2002-09-26,5.515
2002-09-27,5.455
2002-09-30,5.265
2002-10-01,5.22
2002-10-02,5.165
2002-10-03,5.175
2002-10-04,5.195
2002-10-07,5.2
2002-10-08,5.135
2002-10-09,5.01
2002-10-10,5.025
2002-10-11,5.065
2002-10-14,5.115
2002-10-15,5.265
2002-10-16,5.265
2002-10-17,5.32
2002-10-18,5.265
2002-10-21,5.31
2002-10-22,5.285
2002-10-23,5.365
2002-10-24,5.385
2002-10-25,5.4
2002-10-28,5.3
2002-10-29,5.45
2002-10-30,5.43
2002-10-31,5.435
2002-11-01,5.565
2002-11-04,5.635
2002-11-05,5.625
2002-11-06,5.675
2002-11-07,5.595
2002-11-08,5.53
2002-11-11,5.62
2002-11-12,5.545
2002-11-13,5.555
2002-11-14,5.61
2002-11-15,5.55
2002-11-18,5.59
2002-11-19,5.66
2002-11-20,5.66
2002-11-21,5.59
2002-11-22,5.605
2002-11-25,5.61
2002-11-26,5.595
2002-11-27,5.65
2002-11-29,5.65
2002-12-02,5.695
2002-12-03,5.545
2002-12-04,5.545
2002-12-05,5.51
2002-12-06,5.53
2002-12-09,5.525
2002-12-10,5.54
2002-12-11,5.58
2002-12-12,5.65
2002-12-13,5.61
2002-12-16,5.52
2002-12-17,5.365
2002-12-18,5.495
2002-12-19,5.54
2002-12-20,5.625
2002-12-23,5.625
2002-12-24,5.625
2002-12-26,5.575
2002-12-27,5.6
2002-12-30,5.575
2002-12-31,5.605
2003-01-02,5.74
2003-01-03,5.71
2003-01-06,5.705
2003-01-07,5.735
2003-01-08,5.755
2003-01-09,5.74
2003-01-10,5.51
2003-01-13,5.425
2003-01-14,5.43
2003-01-15,5.42
2003-01-16,5.41
2003-01-17,5.475
2003-01-21,5.48
2003-01-22,5.52
2003-01-23,5.54
2003-01-24,5.615
2003-01-27,5.6
2003-01-28,5.66
2003-01-29,5.555
2003-01-30,5.535
2003-01-31,5.575
2003-02-03,5.615
2003-02-04,5.66
2003-02-05,5.58
2003-02-06,5.575
2003-02-07,5.505
2003-02-10,5.595
2003-02-11,5.665
2003-02-12,5.59
2003-02-13,5.665
2003-02-14,5.665
2003-02-18,5.69
2003-02-19,5.665
2003-02-20,5.635
2003-02-21,5.69
2003-02-24,5.67
2003-02-25,5.71
2003-02-26,5.735
2003-02-27,5.765
2003-02-28,5.695
2003-03-03,5.715
2003-03-04,5.655
2003-03-05,5.625
2003-03-06,5.56
2003-03-07,5.565
2003-03-10,5.595
2003-03-11,5.64
2003-03-12,5.58
2003-03-13,5.69
2003-03-14,5.685
2003-03-17,5.61
2003-03-18,5.675
2003-03-19,5.645
2003-03-20,5.68
2003-03-21,5.7
2003-03-24,5.64
2003-03-25,5.665
2003-03-26,5.625
2003-03-27,5.74
2003-03-28,5.735
2003-03-31,5.68
2003-04-01,5.68
2003-04-02,5.81
2003-04-03,5.795
2003-04-04,5.84
2003-04-07,5.92
2003-04-08,5.94
2003-04-09,5.96
2003-04-10,5.935
2003-04-11,5.93
2003-04-14,6.01
2003-04-15,6.03
2003-04-16,6.01
2003-04-17,6.145
2003-04-21,6.06
2003-04-22,6.02
2003-04-23,5.95
2003-04-24,5.975
2003-04-25,5.955
2003-04-28,6.02
2003-04-29,6.17
2003-04-30,6.185
2003-05-01,6.21
2003-05-02,6.22
2003-05-05,6.19
2003-05-06,6.205
2003-05-07,6.185
2003-05-08,6.16
2003-05-09,6.31
2003-05-12,6.34
2003-05-13,6.355
2003-05-14,6.405
2003-05-15,6.385
2003-05-16,6.3
2003-05-19,6.24
2003-05-20,6.3
2003-05-21,6.265
2003-05-22,6.16
2003-05-23,6.175
2003-05-27,6.2
2003-05-28,6.135
2003-05-29,6.205
2003-05-30,6.16
2003-06-02,6.025
2003-06-03,6.015
2003-06-04,6.085
2003-06-05,6.125
2003-06-06,6.245
2003-06-09,6.19
2003-06-10,6.27
2003-06-11,6.225
2003-06-12,6.175
2003-06-13,6.05
2003-06-16,6.085
2003-06-17,6.145
2003-06-18,6.24
2003-06-19,6.255
2003-06-20,6.22
2003-06-23,6.24
2003-06-24,6.305
2003-06-25,6.33
2003-06-26,6.185
2003-06-27,6.21
2003-06-30,6.12
2003-07-01,6.215
2003-07-02,6.195
2003-07-03,6.155
2003-07-07,6.07
2003-07-08,6.045
2003-07-09,6.135
2003-07-10,6.03
2003-07-11,6.07
2003-07-14,6.02
2003-07-15,5.935
2003-07-16,5.88
2003-07-17,5.815
2003-07-18,5.675
2003-07-21,5.68
2003-07-22,5.66
2003-07-23,5.61
2003-07-24,5.53
2003-07-25,5.555
2003-07-28,5.61
2003-07-29,5.49
2003-07-30,5.43
2003-07-31,5.335
2003-08-01,5.41
2003-08-04,5.405
2003-08-05,5.37
2003-08-06,5.345
2003-08-07,5.345
2003-08-08,5.395
2003-08-11,5.475
2003-08-12,5.59
2003-08-13,5.575
2003-08-14,5.585
2003-08-15,5.59
2003-08-18,5.855
2003-08-19,5.76
2003-08-20,5.85
2003-08-21,5.85
2003-08-22,5.92
2003-08-25,5.895
2003-08-26,5.855
2003-08-27,5.91
2003-08-28,5.985
2003-08-29,5.985
2003-09-02,5.875
2003-09-03,5.93
2003-09-04,6.025
2003-09-05,6.025
2003-09-08,5.98
2003-09-09,6.115
2003-09-10,6.05
2003-09-11,6.115
2003-09-12,6.1
2003-09-15,6.055
2003-09-16,5.94
2003-09-17,6.005
2003-09-18,6.1
2003-09-19,6.17
2003-09-22,6.295
2003-09-23,6.305
2003-09-24,6.315
2003-09-25,6.345
2003-09-26,6.345
2003-09-29,6.6
2003-09-30,6.545
2003-10-01,6.67
2003-10-02,6.755
2003-10-03,6.58
2003-10-06,6.645
2003-10-07,6.625
2003-10-08,6.6
2003-10-09,6.74
2003-10-10,6.95
2003-10-13,7.13
2003-10-14,7.24
2003-10-15,7.1
2003-10-16,7.08
2003-10-17,7.115
2003-10-20,7.105
2003-10-21,7.12
2003-10-22,7.325
2003-10-23,7.465
2003-10-24,7.465
2003-10-27,7.44
2003-10-28,7.67
2003-10-29,7.825
2003-10-30,7.79
2003-10-31,7.79
2003-11-03,7.75
2003-11-04,7.43
2003-11-05,7.525
2003-11-06,7.44
2003-11-07,7.31
2003-11-10,7.41
2003-11-11,7.58
2003-11-12,7.53
2003-11-13,7.595
2003-11-14,7.62
2003-11-17,7.535
2003-11-18,7.625
2003-11-19,7.33
2003-11-20,7.48
2003-11-21,7.42
2003-11-24,7.26
2003-11-25,7.36
2003-11-26,7.36
2003-11-28,7.74
2003-12-01,7.495
2003-12-02,7.615
2003-12-03,7.665
2003-12-04,7.565
2003-12-05,7.49
2003-12-08,7.6
2003-12-09,7.77
2003-12-10,7.73
2003-12-11,7.55
2003-12-12,7.63
2003-12-15,7.625
2003-12-16,7.535
2003-12-17,7.57
2003-12-18,7.49
2003-12-19,7.525
2003-12-22,7.415
2003-12-23,7.285
2003-12-24,7.485
2003-12-26,7.485
2003-12-29,7.745
2003-12-30,7.685
2003-12-31,7.79
2004-01-02,7.83
2004-01-05,7.86
2004-01-06,7.865
2004-01-07,7.79
2004-01-08,7.865
2004-01-09,7.825
2004-01-12,8.095
2004-01-13,8.25
2004-01-14,8.275
2004-01-15,8.185
2004-01-16,8.2
2004-01-20,8.16
2004-01-21,8.28
2004-01-22,8.28
2004-01-23,8.25
2004-01-26,8.365
2004-01-27,8.235
2004-01-28,7.95
2004-01-29,8.0
2004-01-30,8.095
2004-02-02,7.825
2004-02-03,7.935
2004-02-04,7.965
2004-02-05,8.25
2004-02-06,8.325
2004-02-09,8.41
2004-02-10,8.315
2004-02-11,8.535
2004-02-12,8.185
2004-02-13,8.265
2004-02-17,8.475
2004-02-18,8.53
2004-02-19,8.78
2004-02-20,8.89
2004-02-23,9.06
2004-02-24,9.26
2004-02-25,9.31
2004-02-26,9.25
2004-02-27,9.38
2004-03-01,9.58
2004-03-02,9.295
2004-03-03,9.145
2004-03-04,9.35
2004-03-05,9.365
2004-03-08,9.155
2004-03-09,9.455
2004-03-10,9.22
2004-03-11,9.425
2004-03-12,9.54
2004-03-15,9.37
2004-03-16,9.86
2004-03-17,9.915
2004-03-18,10.105
2004-03-19,10.105
2004-03-22,10.405
2004-03-23,10.345
2004-03-24,10.065
2004-03-25,10.12
2004-03-26,9.97
2004-03-29,9.96
2004-03-30,9.995
2004-03-31,9.83
2004-04-01,10.18
2004-04-02,10.315
2004-04-05,10.1
2004-04-06,9.925
2004-04-07,10.03
2004-04-08,9.745
2004-04-12,9.525
2004-04-13,9.59
2004-04-14,10.0
2004-04-15,9.53
2004-04-16,9.585
2004-04-19,9.59
2004-04-20,9.435
2004-04-21,9.27
2004-04-22,9.355
2004-04-23,9.57
2004-04-26,9.55
2004-04-27,9.83
2004-04-28,9.81
2004-04-29,10.0
2004-04-30,10.145
2004-05-03,10.215
2004-05-04,10.245
2004-05-05,10.215
2004-05-06,10.02
2004-05-07,10.345
2004-05-10,10.16
2004-05-11,10.26
2004-05-12,9.79
2004-05-13,9.93
2004-05-14,9.365
2004-05-17,9.12
2004-05-18,8.815
2004-05-19,9.13
2004-05-20,8.76
2004-05-21,8.815
2004-05-24,8.765
2004-05-25,8.92
2004-05-26,8.815
2004-05-27,8.285
2004-05-28,8.22
2004-06-01,8.705
2004-06-02,8.565
2004-06-03,8.14
2004-06-04,8.43
2004-06-07,8.545
2004-06-08,8.555
2004-06-09,8.59
2004-06-10,8.475
2004-06-14,8.775
2004-06-15,8.87
2004-06-16,8.77
2004-06-17,8.725
2004-06-18,8.775
2004-06-21,9.005
2004-06-22,8.995
2004-06-23,9.325
2004-06-24,9.355
2004-06-25,9.275
2004-06-28,9.005
2004-06-29,8.98
2004-06-30,8.81
2004-07-01,9.3375
2004-07-02,9.195
2004-07-06,9.465
2004-07-07,9.415
2004-07-08,9.47
2004-07-09,9.34
2004-07-12,9.075
2004-07-13,8.765
2004-07-14,8.65
2004-07-15,8.34
2004-07-16,7.31
2004-07-19,7.32
2004-07-20,7.43
2004-07-21,7.255
2004-07-22,6.78
2004-07-23,6.91
2004-07-26,6.835
2004-07-27,6.795
2004-07-28,6.435
2004-07-29,6.265
2004-07-30,5.885
2004-08-02,5.91
2004-08-03,5.87
2004-08-04,5.77
2004-08-05,5.955
2004-08-06,5.82
2004-08-09,6.04
2004-08-10,5.98
2004-08-11,5.975
2004-08-12,6.3
2004-08-13,6.26
2004-08-16,6.14
2004-08-17,6.29
2004-08-18,6.385
2004-08-19,6.37
2004-08-20,6.325
2004-08-23,6.565
2004-08-24,6.535
2004-08-25,6.55
2004-08-26,6.455
2004-08-27,6.105
2004-08-30,6.345
2004-08-31,6.385
2004-09-01,6.455
2004-09-02,6.33
2004-09-03,6.2
2004-09-07,5.785
2004-09-08,5.785
2004-09-09,5.735
2004-09-10,5.545
2004-09-13,5.49
2004-09-14,5.43
2004-09-15,5.425
2004-09-16,5.33
2004-09-17,5.28
2004-09-20,5.15
2004-09-21,5.12
2004-09-22,5.12
2004-09-23,5.07
2004-09-24,4.925
2004-09-27,5.0
2004-09-28,4.98
2004-09-29,5.025
2004-09-30,4.96
2004-10-01,5.01
2004-10-04,4.92
2004-10-05,4.905
2004-10-06,4.975
2004-10-07,4.97
2004-10-08,4.975
2004-10-11,5.07
2004-10-12,4.825
2004-10-13,4.8
2004-10-14,4.875
2004-10-15,4.865
2004-10-18,4.89
2004-10-19,5.065
2004-10-20,5.11
2004-10-21,5.07
2004-10-22,5.1
2004-10-25,5.205
2004-10-26,5.2
2004-10-27,5.105
2004-10-28,5.12
2004-10-29,5.075
2004-11-01,5.03
2004-11-02,5.095
2004-11-03,5.03
2004-11-04,4.895
2004-11-05,4.85
2004-11-08,4.835
2004-11-09,4.91
2004-11-10,5.075
2004-11-11,5.025
2004-11-12,5.2
2004-11-15,5.19
2004-11-16,5.0975
2004-11-17,5.395
2004-11-18,5.435
2004-11-19,5.395
2004-11-22,5.545
2004-11-23,5.515
2004-11-24,5.43
2004-11-26,5.43
2004-11-29,5.305
2004-11-30,5.265
2004-12-01,5.165
2004-12-02,5.13
2004-12-03,5.175
2004-12-06,5.23
2004-12-07,5.155
2004-12-08,5.24
2004-12-09,5.225
2004-12-10,5.29
2004-12-13,5.44
2004-12-14,5.43
2004-12-15,5.38
2004-12-16,5.365
2004-12-17,5.435
2004-12-20,5.415
2004-12-21,5.405
2004-12-22,5.38
2004-12-23,5.425
2004-12-27,5.515
2004-12-28,5.445
2004-12-29,5.4
2004-12-30,5.405
2004-12-31,5.405
2005-01-03,5.28
2005-01-04,5.2
2005-01-05,5.25
2005-01-06,5.305
2005-01-07,5.415
2005-01-10,5.47
2005-01-11,5.42
2005-01-12,5.325
2005-01-13,5.38
2005-01-14,5.2
2005-01-18,5.13
2005-01-19,5.17
2005-01-20,5.25
2005-01-21,5.17
2005-01-24,5.205
2005-01-25,5.3
2005-01-26,5.29
2005-01-27,5.21
2005-01-28,5.2
2005-01-31,5.215
2005-02-01,5.09
2005-02-02,5.09
2005-02-03,5.03
2005-02-04,4.97
2005-02-07,5.02
2005-02-08,5.055
2005-02-09,5.125
2005-02-10,5.15
2005-02-11,5.24
2005-02-14,5.335
2005-02-15,5.335
2005-02-16,5.305
2005-02-17,5.46
2005-02-18,5.45
2005-02-22,5.635
2005-02-23,5.61
2005-02-24,5.53
2005-02-25,5.815
2005-02-28,5.96
2005-03-01,5.905
2005-03-02,6.055
2005-03-03,6.05
2005-03-04,6.065
2005-03-07,5.92
2005-03-08,6.01
2005-03-09,6.05
2005-03-10,6.14
2005-03-11,6.34
2005-03-14,6.29
2005-03-15,6.54
2005-03-16,6.455
2005-03-17,6.46
2005-03-18,6.215
2005-03-21,6.0
2005-03-22,6.01
2005-03-23,5.97
2005-03-24,6.03
2005-03-28,6.0
2005-03-29,5.99
2005-03-30,6.175
2005-03-31,6.05
2005-04-01,5.895
2005-04-04,5.915
2005-04-05,5.935
2005-04-06,5.99
2005-04-07,6.05
2005-04-08,5.935
2005-04-11,5.985
2005-04-12,5.975
2005-04-13,6.075
2005-04-14,6.0
2005-04-15,5.995
2005-04-18,5.945
2005-04-19,6.16
2005-04-20,6.175
2005-04-21,6.275
2005-04-22,6.215
2005-04-25,6.23
2005-04-26,6.265
2005-04-27,6.17
2005-04-28,6.075
2005-04-29,6.08
2005-05-02,6.115
2005-05-03,6.105
2005-05-04,6.095
2005-05-05,6.15
2005-05-06,6.245
2005-05-09,6.24
2005-05-10,6.215
2005-05-11,6.2
2005-05-12,6.125
2005-05-13,6.01
2005-05-16,6.12
2005-05-17,6.09
2005-05-18,6.2
2005-05-19,6.16
2005-05-20,6.23
2005-05-23,6.33
2005-05-24,6.37
2005-05-25,6.57
2005-05-26,6.635
2005-05-27,6.555
2005-05-31,6.67
2005-06-01,6.725
2005-06-02,6.56
2005-06-03,6.62
2005-06-06,6.68
2005-06-07,6.64
2005-06-08,6.565
2005-06-09,6.62
2005-06-10,6.535
2005-06-13,6.705
2005-06-14,6.7
2005-06-15,6.92
2005-06-16,6.925
2005-06-17,7.13
2005-06-20,7.285
2005-06-21,7.24
2005-06-22,7.26
2005-06-23,7.155
2005-06-24,7.335
2005-06-27,7.685
2005-06-28,7.5555
2005-06-29,7.595
2005-06-30,6.425
2005-07-01,6.625
2005-07-05,7.045
2005-07-06,6.87
2005-07-07,6.84
2005-07-08,6.675
2005-07-11,6.825
2005-07-12,6.935
2005-07-13,7.095
2005-07-14,7.15
2005-07-15,7.17
2005-07-18,7.145
2005-07-19,6.785
2005-07-20,6.81
2005-07-21,6.665
2005-07-22,6.67
2005-07-25,6.68
2005-07-26,6.755
2005-07-27,6.725
2005-07-28,6.825
2005-07-29,6.685
2005-08-01,6.695
2005-08-02,6.88
2005-08-03,6.68
2005-08-04,6.69
2005-08-05,6.55
2005-08-08,6.57
2005-08-09,6.39
2005-08-10,6.39
2005-08-11,6.355
2005-08-12,6.33
2005-08-15,6.05
2005-08-16,6.105
2005-08-17,6.1
2005-08-18,6.055
2005-08-19,5.925
2005-08-22,6.0
2005-08-23,6.03
2005-08-24,5.94
2005-08-25,5.78
2005-08-26,5.82
2005-08-29,5.85
2005-08-30,5.895
2005-08-31,5.73
2005-09-01,5.815
2005-09-02,5.74
2005-09-06,5.855
2005-09-07,5.8
2005-09-08,5.745
2005-09-09,5.625
2005-09-12,5.555
2005-09-13,5.56
2005-09-14,5.48
2005-09-15,5.36
2005-09-16,5.35
2005-09-19,5.39
2005-09-20,5.37
2005-09-21,5.425
2005-09-22,5.435
2005-09-23,5.39
2005-09-26,5.315
2005-09-27,5.42
2005-09-28,5.27
2005-09-29,5.25
2005-09-30,5.375
2005-10-03,5.45
2005-10-04,5.25
2005-10-05,5.245
2005-10-06,5.245
2005-10-07,5.23
2005-10-10,5.15
2005-10-11,5.215
2005-10-12,5.455
2005-10-13,5.445
2005-10-14,5.46
2005-10-17,5.475
2005-10-18,5.41
2005-10-19,5.465
2005-10-20,5.45
2005-10-21,5.355
2005-10-24,5.405
2005-10-25,5.46
2005-10-26,5.425
2005-10-27,5.45
2005-10-28,5.395
2005-10-31,5.4
2005-11-01,5.5
2005-11-02,5.505
2005-11-03,5.71
2005-11-04,5.625
2005-11-07,5.535
2005-11-08,5.575
2005-11-09,5.62
2005-11-10,5.61
2005-11-11,5.75
2005-11-14,5.69
2005-11-15,5.665
2005-11-16,5.525
2005-11-17,5.585
2005-11-18,5.49
2005-11-21,5.49
2005-11-22,5.495
2005-11-23,5.43
2005-11-25,5.49
2005-11-28,5.405
2005-11-29,5.37
2005-11-30,5.405
2005-12-01,5.425
2005-12-02,5.48
2005-12-05,5.585
2005-12-06,5.49
2005-12-07,5.44
2005-12-08,5.52
2005-12-09,5.555
2005-12-12,5.71
2005-12-13,5.84
2005-12-14,5.79
2005-12-15,5.735
2005-12-16,5.585
2005-12-19,5.905
2005-12-20,5.905
2005-12-21,5.91
2005-12-22,5.985
2005-12-23,5.98
2005-12-27,5.98
2005-12-28,5.965
2005-12-29,5.835
2005-12-30,5.88
2006-01-03,6.015
2006-01-04,6.055
2006-01-05,5.9
2006-01-06,5.82
2006-01-09,5.65
2006-01-10,5.6
2006-01-11,5.56
2006-01-12,5.48
2006-01-13,5.485
2006-01-17,5.43
2006-01-18,5.39
2006-01-19,5.4
2006-01-20,5.425
2006-01-23,5.455
2006-01-24,5.46
2006-01-25,5.435
2006-01-26,5.5
2006-01-27,5.655
2006-01-30,5.76
2006-01-31,5.715
2006-02-01,5.56
2006-02-02,5.69
2006-02-03,5.73
2006-02-06,5.655
2006-02-07,5.525
2006-02-08,5.56
2006-02-09,5.65
2006-02-10,5.56
2006-02-13,5.575
2006-02-14,5.56
2006-02-15,5.605
2006-02-16,5.66
2006-02-17,5.745
2006-02-21,5.625
2006-02-22,5.485
2006-02-23,5.465
2006-02-24,5.52
2006-02-27,5.545
2006-02-28,5.55
2006-03-01,5.53
2006-03-02,5.655
2006-03-03,5.685
2006-03-06,5.65
2006-03-07,5.56
2006-03-08,5.515
2006-03-09,5.56
2006-03-10,5.56
2006-03-13,5.56
2006-03-14,5.56
2006-03-15,5.505
2006-03-16,5.43
2006-03-17,5.43
2006-03-20,5.4
2006-03-21,5.415
2006-03-22,5.435
2006-03-23,5.43
2006-03-24,5.425
2006-03-27,5.475
2006-03-28,5.615
2006-03-29,5.53
2006-03-30,5.625
2006-03-31,5.47
2006-04-03,5.405
2006-04-04,5.345
2006-04-05,5.37
2006-04-06,5.4
2006-04-07,5.325
2006-04-10,5.295
2006-04-11,5.37
2006-04-12,5.355
2006-04-13,5.39
2006-04-17,5.475
2006-04-18,5.535
2006-04-19,5.525
2006-04-20,5.52
2006-04-21,5.52
2006-04-24,5.56
2006-04-25,5.625
2006-04-26,5.585
2006-04-27,5.595
2006-04-28,5.68
2006-05-01,5.755
2006-05-02,5.705
2006-05-03,5.73
2006-05-04,5.71
2006-05-05,5.74
2006-05-08,5.675
2006-05-09,5.72
2006-05-10,5.73
2006-05-11,5.805
2006-05-12,5.78
2006-05-15,5.69
2006-05-16,5.68
2006-05-17,5.69
2006-05-18,5.63
2006-05-19,5.53
2006-05-22,5.49
2006-05-23,5.535
2006-05-24,5.495
2006-05-25,5.515
2006-05-26,5.485
2006-05-30,5.5
2006-05-31,5.48
2006-06-01,5.56
2006-06-02,5.775
2006-06-05,5.69
2006-06-06,5.605
2006-06-07,5.665
2006-06-08,5.57
2006-06-09,5.555
2006-06-12,5.7
2006-06-13,5.655
2006-06-14,5.6
2006-06-15,5.63
2006-06-16,5.715
2006-06-19,5.565
2006-06-20,5.58
2006-06-21,5.59
2006-06-22,5.56
2006-06-23,5.535
2006-06-26,5.435
2006-06-27,5.53
2006-06-28,5.54
2006-06-29,5.77
2006-06-30,5.675
2006-07-03,5.735
2006-07-05,5.645
2006-07-06,5.76
2006-07-07,5.715
2006-07-10,5.745
2006-07-11,5.77
2006-07-12,5.735
2006-07-13,5.64
2006-07-14,5.685
2006-07-17,5.57
2006-07-18,5.56
2006-07-19,5.39
2006-07-20,5.5
2006-07-21,5.435
2006-07-24,5.485
2006-07-25,5.27
2006-07-26,5.48
2006-07-27,5.39
2006-07-28,5.4
2006-07-31,5.425
2006-08-01,5.425
2006-08-02,5.445
2006-08-03,5.4
2006-08-04,5.4
2006-08-07,5.25
2006-08-08,5.23
2006-08-09,5.27
2006-08-10,5.21
2006-08-11,5.16
2006-08-14,5.16
2006-08-15,5.185
2006-08-16,5.17
2006-08-17,5.16
2006-08-18,5.115
2006-08-21,5.145
2006-08-22,5.17
2006-08-23,5.21
2006-08-24,5.215
2006-08-25,5.115
2006-08-28,5.065
2006-08-29,5.065
2006-08-30,5.115
2006-08-31,5.115
2006-09-01,5.0805
2006-09-05,5.125
2006-09-06,5.045
2006-09-07,5.115
2006-09-08,5.105
2006-09-11,5.085
2006-09-12,5.045
2006-09-13,5.05
2006-09-14,5.125
2006-09-15,5.175
2006-09-18,5.225
2006-09-19,5.17
2006-09-20,5.215
2006-09-21,5.3
2006-09-22,5.21
2006-09-25,5.165
2006-09-26,5.19
2006-09-27,5.135
2006-09-28,5.23
2006-09-29,5.155
2006-10-02,5.12
2006-10-03,5.075
2006-10-04,5.2
2006-10-05,5.305
2006-10-06,5.295
2006-10-09,5.395
2006-10-10,5.27
2006-10-11,5.29
2006-10-12,5.485
2006-10-13,5.615
2006-10-16,5.595
2006-10-17,5.71
2006-10-18,5.75
2006-10-19,5.82
2006-10-20,5.82
2006-10-23,5.965
2006-10-24,6.015
2006-10-25,6.0
2006-10-26,6.06
2006-10-27,6.15
2006-10-30,6.185
2006-10-31,6.105
2006-11-01,6.24
2006-11-02,6.295
2006-11-03,6.3
2006-11-06,6.3
2006-11-07,6.31
2006-11-08,6.435
2006-11-09,6.37
2006-11-10,6.315
2006-11-13,6.245
2006-11-14,6.395
2006-11-15,6.31
2006-11-16,6.265
2006-11-17,6.28
2006-11-20,6.375
2006-11-21,6.435
2006-11-22,6.43
2006-11-24,6.43
2006-11-27,6.595
2006-11-28,6.575
2006-11-29,6.545
2006-11-30,6.6
2006-12-01,6.6
2006-12-04,6.34
2006-12-05,6.42
2006-12-06,6.31
2006-12-07,6.405
2006-12-08,6.345
2006-12-11,6.455
2006-12-12,6.415
2006-12-13,6.4
2006-12-14,6.415
2006-12-15,6.38
2006-12-18,6.29
2006-12-19,6.32
2006-12-20,6.28
2006-12-21,6.275
2006-12-22,6.385
2006-12-26,6.495
2006-12-27,6.475
2006-12-28,6.53
2006-12-29,6.525
2007-01-02,6.9725
2007-01-03,6.47
2007-01-04,6.41
2007-01-05,6.475
2007-01-08,6.44
2007-01-09,6.32
2007-01-10,6.335
2007-01-11,6.395
2007-01-12,6.755
2007-01-16,6.725
2007-01-17,6.86
2007-01-18,6.78
2007-01-19,6.82
2007-01-22,6.82
2007-01-23,6.91
2007-01-24,6.765
2007-01-25,6.75
2007-01-26,6.75
2007-01-29,6.74
2007-01-30,6.85
2007-01-31,6.81
2007-02-01,6.825
2007-02-02,7.0
2007-02-05,7.035
2007-02-06,7.025
2007-02-07,7.045
2007-02-08,7.115
2007-02-09,7.155
2007-02-12,7.105
2007-02-13,7.105
2007-02-14,7.165
2007-02-15,7.255
2007-02-16,7.335
2007-02-20,7.375
2007-02-21,7.46
2007-02-22,7.505
2007-02-23,7.435
2007-02-26,7.45
2007-02-27,7.305
2007-02-28,7.405
2007-03-01,7.15
2007-03-02,7.07
2007-03-05,7.055
2007-03-06,7.025
2007-03-07,7.085
2007-03-08,7.125
2007-03-09,7.155
2007-03-12,7.2
2007-03-13,7.11
2007-03-14,7.07
2007-03-15,7.045
2007-03-16,7.09
2007-03-19,7.145
2007-03-20,7.19
2007-03-21,7.205
2007-03-22,7.275
2007-03-23,7.25
2007-03-26,7.14
2007-03-27,7.125
2007-03-28,7.285
2007-03-29,7.355
2007-03-30,7.17
2007-04-02,7.35
2007-04-03,7.22
2007-04-04,7.18
2007-04-05,7.19
2007-04-09,7.1
2007-04-10,7.025
2007-04-11,7.075
2007-04-12,6.985
2007-04-13,6.99
2007-04-16,6.995
2007-04-17,6.89
2007-04-18,6.8
2007-04-19,6.83
2007-04-20,6.885
2007-04-23,6.885
2007-04-24,6.775
2007-04-25,6.9
2007-04-26,6.865
2007-04-27,6.91
2007-04-30,6.96
2007-05-01,7.085
2007-05-02,7.015
2007-05-03,7.01
2007-05-04,7.005
2007-05-07,6.965
2007-05-08,6.92
2007-05-09,7.0
2007-05-10,6.995
2007-05-11,7.155
2007-05-14,7.28
2007-05-15,7.365
2007-05-16,7.5
2007-05-17,7.5
2007-05-18,7.5
2007-05-21,7.58
2007-05-22,7.52
2007-05-23,7.59
2007-05-24,7.63
2007-05-25,7.705
2007-05-29,7.555
2007-05-30,7.655
2007-05-31,7.635
2007-06-01,7.75
2007-06-04,7.735
2007-06-05,7.85
2007-06-06,7.795
2007-06-07,7.875
2007-06-08,7.77
2007-06-11,7.855
2007-06-12,7.82
2007-06-13,7.82
2007-06-14,7.835
2007-06-15,8.035
2007-06-18,8.075
2007-06-19,7.81
2007-06-20,7.91
2007-06-21,7.715
2007-06-22,7.52
2007-06-25,7.59
2007-06-26,7.62
2007-06-27,7.605
2007-06-28,7.675
2007-06-29,8.02
2007-07-02,8.17
2007-07-03,8.035
2007-07-05,8.075
2007-07-06,8.165
2007-07-09,8.225
2007-07-10,8.33
2007-07-11,8.335
2007-07-12,8.48
2007-07-13,8.545
2007-07-16,7.985
2007-07-17,7.675
2007-07-18,7.835
2007-07-19,7.875
2007-07-20,7.81
2007-07-23,7.455
2007-07-24,7.495
2007-07-25,7.44
2007-07-26,7.505
2007-07-27,7.45
2007-07-30,7.545
2007-07-31,7.685
2007-08-01,7.64
2007-08-02,7.69
2007-08-03,7.755
2007-08-06,7.665
2007-08-07,7.82
2007-08-08,7.97
2007-08-09,7.99
2007-08-10,7.945
2007-08-13,8.05
2007-08-14,7.895
2007-08-15,7.78
2007-08-16,7.39
2007-08-17,7.505
2007-08-20,7.515
2007-08-21,7.545
2007-08-22,7.715
2007-08-23,7.825
2007-08-24,7.89
2007-08-27,7.995
2007-08-28,7.99
2007-08-29,8.02
2007-08-30,8.135
2007-08-31,8.115
2007-09-04,8.395
2007-09-05,8.36
2007-09-06,8.26
2007-09-07,8.38
2007-09-10,8.51
2007-09-11,8.555
2007-09-12,8.74
2007-09-13,8.77
2007-09-14,8.91
2007-09-17,9.045
2007-09-18,9.04
2007-09-19,9.08
2007-09-20,9.26
2007-09-21,9.165
2007-09-24,9.165
2007-09-25,9.12
2007-09-26,9.295
2007-09-27,9.5
2007-09-28,9.335
2007-10-01,9.34
2007-10-02,8.86
2007-10-03,8.93
2007-10-04,8.96
2007-10-05,8.835
2007-10-08,8.685
2007-10-09,8.93
2007-10-10,9.135
2007-10-11,9.29
2007-10-12,9.24
2007-10-15,9.36
2007-10-16,9.29
2007-10-17,9.255
2007-10-18,9.425
2007-10-19,9.345
2007-10-22,9.285
2007-10-23,9.34
2007-10-24,9.285
2007-10-25,9.5
2007-10-26,9.5
2007-10-29,9.7
2007-10-30,9.545
2007-10-31,9.73
2007-11-01,9.555
2007-11-02,9.66
2007-11-05,9.7
2007-11-06,9.925
2007-11-07,9.915
2007-11-08,9.95
2007-11-09,10.105
2007-11-12,10.005
2007-11-13,10.105
2007-11-14,10.335
2007-11-15,10.33
2007-11-16,10.32
2007-11-19,10.25
2007-11-20,10.41
2007-11-21,10.38
2007-11-23,10.38
2007-11-26,10.585
2007-11-27,10.46
2007-11-28,10.56
2007-11-29,10.57
2007-11-30,10.39
2007-12-03,10.385
2007-12-04,10.5
2007-12-05,10.58
2007-12-06,10.585
2007-12-07,10.775
2007-12-10,10.775
2007-12-11,10.935
2007-12-12,11.095
2007-12-13,11.025
2007-12-14,11.145
2007-12-17,11.135
2007-12-18,11.08
2007-12-19,11.185
2007-12-20,11.21
2007-12-21,11.37
2007-12-24,11.37
2007-12-26,11.805
2007-12-27,11.715
2007-12-28,11.715
2007-12-31,11.58
2008-01-02,11.905
2008-01-03,12.08
2008-01-04,12.03
2008-01-07,11.905
2008-01-08,12.065
2008-01-09,12.015
2008-01-10,11.99
2008-01-11,12.33
2008-01-14,12.285
2008-01-15,12.32
2008-01-16,12.075
2008-01-17,12.015
2008-01-18,11.955
2008-01-22,11.75
2008-01-23,11.265
2008-01-24,11.69
2008-01-25,11.825
2008-01-28,11.94
2008-01-29,12.095
2008-01-30,12.095
2008-01-31,12.095
2008-02-01,12.095
2008-02-04,12.67
2008-02-05,12.665
2008-02-06,12.61
2008-02-07,12.745
2008-02-08,12.76
2008-02-11,12.635
2008-02-12,12.61
2008-02-13,12.715
2008-02-14,13.11
2008-02-15,13.165
2008-02-19,13.4
2008-02-20,13.395
2008-02-21,13.475
2008-02-22,13.605
2008-02-25,13.915
2008-02-26,14.065
2008-02-27,13.985
2008-02-28,14.38
2008-02-29,14.61
2008-03-03,14.875
2008-03-04,14.35
2008-03-05,14.31
2008-03-06,13.81
2008-03-07,13.31
2008-03-10,13.29
2008-03-11,13.3
2008-03-12,13.195
2008-03-13,13.285
2008-03-14,12.785
2008-03-17,12.305
2008-03-18,12.36
2008-03-19,11.87
2008-03-20,11.36
2008-03-24,11.87
2008-03-25,12.37
2008-03-26,12.815
2008-03-27,12.565
2008-03-28,11.98
2008-03-31,11.325
2008-04-01,11.46
2008-04-02,11.805
2008-04-03,11.97
2008-04-04,12.175
2008-04-07,11.96
2008-04-08,11.94
2008-04-09,12.55
2008-04-10,13.005
2008-04-11,12.81
2008-04-14,13.215
2008-04-15,13.295
2008-04-16,12.96
2008-04-17,13.03
2008-04-18,13.135
2008-04-21,12.715
2008-04-22,13.305
2008-04-23,13.3
2008-04-24,13.07
2008-04-25,12.87
2008-04-28,12.495
2008-04-29,12.45
2008-04-30,12.66
2008-05-01,12.24
2008-05-02,12.575
2008-05-05,12.405
2008-05-06,12.25
2008-05-07,12.55
2008-05-08,12.56
2008-05-09,13.05
2008-05-12,12.89
2008-05-13,13.26
2008-05-14,13.285
2008-05-15,13.085
2008-05-16,13.375
2008-05-19,12.955
2008-05-20,12.945
2008-05-21,13.13
2008-05-22,12.865
2008-05-23,13.26
2008-05-27,13.065
2008-05-28,13.3
2008-05-29,12.86
2008-05-30,13.265
2008-06-02,13.29
2008-06-03,13.245
2008-06-04,13.57
2008-06-05,14.11
2008-06-06,14.185
2008-06-09,14.21
2008-06-10,14.155
2008-06-11,14.855
2008-06-12,14.955
2008-06-13,15.175
2008-06-16,14.965
2008-06-17,15.235
2008-06-18,15.19
2008-06-19,15.09
2008-06-20,14.925
2008-06-23,14.83
2008-06-24,14.705
2008-06-25,15.075
2008-06-26,15.435
2008-06-27,15.46
2008-06-30,15.65
2008-07-01,15.93
2008-07-02,16.145
2008-07-03,16.185
2008-07-07,15.535
2008-07-08,15.24
2008-07-09,15.495
2008-07-10,15.79
2008-07-11,15.89
2008-07-14,15.525
2008-07-15,15.11
2008-07-16,15.42
2008-07-17,14.905
2008-07-18,14.42
2008-07-21,13.96
2008-07-22,14.01
2008-07-23,13.765
2008-07-24,13.765
2008-07-25,13.27
2008-07-28,13.79
2008-07-29,13.69
2008-07-30,13.8
2008-07-31,13.795
2008-08-01,13.415
2008-08-04,12.725
2008-08-05,12.445
2008-08-06,11.955
2008-08-07,12.125
2008-08-08,11.54
2008-08-11,11.695
2008-08-12,11.885
2008-08-13,12.585
2008-08-14,12.46
2008-08-15,11.91
2008-08-18,12.6
2008-08-19,12.515
2008-08-20,12.75
2008-08-21,13.22
2008-08-22,13.015
2008-08-25,13.235
2008-08-26,13.215
2008-08-27,13.28
2008-08-28,13.04
2008-08-29,13.03
2008-09-02,12.785
2008-09-03,12.31
2008-09-04,12.145
2008-09-05,11.565
2008-09-08,11.705
2008-09-09,11.81
2008-09-10,11.58
2008-09-11,11.56
2008-09-12,11.895
2008-09-15,11.665
2008-09-16,11.115
2008-09-17,11.145
2008-09-18,10.9
2008-09-19,11.125
2008-09-22,11.55
2008-09-23,11.285
2008-09-24,11.235
2008-09-25,11.18
2008-09-26,10.955
2008-09-29,10.165
2008-09-30,9.79
2008-10-01,9.87
2008-10-02,9.415
2008-10-03,9.295
2008-10-06,8.55
2008-10-07,8.7
2008-10-08,9.09
2008-10-09,9.24
2008-10-10,8.135
2008-10-13,8.755
2008-10-14,8.435
2008-10-15,8.055
2008-10-16,8.2
2008-10-17,8.495
2008-10-20,8.87
2008-10-21,8.705
2008-10-22,8.21
2008-10-23,8.535
2008-10-24,8.345
2008-10-27,8.635
2008-10-28,8.535
2008-10-29,9.09
2008-10-30,9.05
2008-10-31,8.94
2008-11-03,8.97
2008-11-04,9.17
2008-11-05,8.645
2008-11-06,8.66
2008-11-07,8.805
2008-11-10,9.075
2008-11-11,8.755
2008-11-12,8.57
2008-11-13,8.56
2008-11-14,8.59
2008-11-17,8.705
2008-11-18,8.7
2008-11-19,8.655
2008-11-20,8.245
2008-11-21,8.095
2008-11-24,8.53
2008-11-25,8.535
2008-11-26,8.575
2008-11-28,8.535
2008-12-01,8.19
2008-12-02,8.03
2008-12-03,8.055
2008-12-04,7.89
2008-12-05,7.595
2008-12-08,7.965
2008-12-09,7.905
2008-12-10,8.09
2008-12-11,8.36
2008-12-12,8.335
2008-12-15,8.245
2008-12-16,8.395
2008-12-17,8.455
2008-12-18,8.515
2008-12-19,8.495
2008-12-22,8.65
2008-12-23,8.79
2008-12-24,8.945
2008-12-26,8.945
2008-12-29,9.185
2008-12-30,9.26
2008-12-31,9.58
2009-01-02,9.55
2009-01-05,9.635
2009-01-06,9.925
2009-01-07,9.68
2009-01-08,9.65
2009-01-09,10.105
2009-01-12,9.345
2009-01-13,9.47
2009-01-14,9.46
2009-01-15,9.68
2009-01-16,9.955
2009-01-20,9.66
2009-01-21,9.94
2009-01-22,9.875
2009-01-23,9.87
2009-01-26,9.87
2009-01-27,9.54
2009-01-28,9.605
2009-01-29,9.495
2009-01-30,9.59
2009-02-02,9.395
2009-02-03,9.265
2009-02-04,9.325
2009-02-05,9.655
2009-02-06,9.88
2009-02-09,9.89
2009-02-10,9.805
2009-02-11,9.64
2009-02-12,9.545
2009-02-13,9.415
2009-02-17,8.905
2009-02-18,8.805
2009-02-19,8.765
2009-02-20,8.53
2009-02-23,8.63
2009-02-24,8.71
2009-02-25,8.68
2009-02-26,8.555
2009-02-27,8.615
2009-03-02,8.345
2009-03-03,8.49
2009-03-04,8.49
2009-03-05,8.47
2009-03-06,8.625
2009-03-09,8.605
2009-03-10,8.725
2009-03-11,8.575
2009-03-12,8.745
2009-03-13,8.66
2009-03-16,9.015
2009-03-17,9.02
2009-03-18,9.02
2009-03-19,9.29
2009-03-20,9.385
2009-03-23,9.415
2009-03-24,9.535
2009-03-25,9.385
2009-03-26,9.385
2009-03-27,9.032
2009-03-30,8.935
2009-03-31,8.942
2009-04-01,9.4
2009-04-02,9.66
2009-04-03,9.845
2009-04-06,9.82
2009-04-07,9.785
2009-04-08,9.945
2009-04-09,9.95
2009-04-13,10.09
2009-04-14,10.22
2009-04-15,10.195
2009-04-16,10.42
2009-04-17,10.315
2009-04-20,10.0
2009-04-21,10.18
2009-04-22,10.29
2009-04-23,10.19
2009-04-24,10.235
2009-04-27,9.885
2009-04-28,9.74
2009-04-29,10.165
2009-04-30,10.47
2009-05-01,10.855
2009-05-04,10.97
2009-05-05,10.945
2009-05-06,11.115
2009-05-07,10.97
2009-05-08,11.065
2009-05-11,11.1
2009-05-12,11.115
2009-05-13,11.245
2009-05-14,11.46
2009-05-15,11.29
2009-05-18,11.45
2009-05-19,11.64
2009-05-20,11.715
2009-05-21,11.785
2009-05-22,11.785
2009-05-26,11.925
2009-05-27,11.945
2009-05-28,11.9
2009-05-29,11.98
2009-06-01,12.28
2009-06-02,12.2
2009-06-03,11.885
2009-06-04,12.35
2009-06-05,12.305
2009-06-08,12.395
2009-06-09,12.49
2009-06-10,12.49
2009-06-11,12.595
2009-06-12,12.41
2009-06-15,11.92
2009-06-16,11.945
2009-06-17,12.05
2009-06-18,12.105
2009-06-19,12.105
2009-06-22,11.53
2009-06-23,11.79
2009-06-24,11.855
2009-06-25,11.855
2009-06-26,11.805
2009-06-29,11.805
2009-06-30,11.7
2009-07-01,12.07
2009-07-02,12.045
2009-07-06,11.63
2009-07-07,10.885
2009-07-08,10.66
2009-07-09,10.9
2009-07-10,10.85
2009-07-13,10.625
2009-07-14,10.705
2009-07-15,10.59
2009-07-16,10.195
2009-07-17,10.39
2009-07-20,10.46
2009-07-21,10.245
2009-07-22,10.23
2009-07-23,10.405
2009-07-24,10.12
2009-07-27,10.1
2009-07-28,10.1
2009-07-29,10.29
2009-07-30,10.53
2009-07-31,10.785
2009-08-03,11.215
2009-08-04,11.335
2009-08-05,11.46
2009-08-06,11.46
2009-08-07,11.4
2009-08-10,11.165
2009-08-11,11.165
2009-08-12,11.495
2009-08-13,11.335
2009-08-14,10.62
2009-08-17,10.285
2009-08-18,10.34
2009-08-19,10.32
2009-08-20,10.295
2009-08-21,10.49
2009-08-24,10.835
2009-08-25,10.945
2009-08-26,11.06
2009-08-27,11.33
2009-08-28,11.78
2009-08-31,11.52
2009-09-01,11.25
2009-09-02,11.235
2009-09-03,10.465
2009-09-04,10.17
2009-09-08,10.21
2009-09-09,10.225
2009-09-10,10.23
2009-09-11,9.865
2009-09-14,9.54
2009-09-15,9.95
2009-09-16,9.55
2009-09-17,9.51
2009-09-18,9.415
2009-09-21,9.135
2009-09-22,9.22
2009-09-23,9.205
2009-09-24,9.245
2009-09-25,9.315
2009-09-28,9.25
2009-09-29,9.12
2009-09-30,9.155
2009-10-01,9.065
2009-10-02,8.73
2009-10-05,8.725
2009-10-06,8.98
2009-10-07,9.0
2009-10-08,9.235
2009-10-09,9.515
2009-10-12,9.95
2009-10-13,9.845
2009-10-14,9.855
2009-10-15,9.73
2009-10-16,9.675
2009-10-19,9.825
2009-10-20,9.825
2009-10-21,9.96
2009-10-22,9.93
2009-10-23,9.93
2009-10-26,9.93
2009-10-27,9.61
2009-10-28,9.555
2009-10-29,9.7
2009-10-30,9.615
2009-11-02,9.835
2009-11-03,9.93
2009-11-04,9.825
2009-11-05,9.54
2009-11-06,9.32
2009-11-09,9.48
2009-11-10,9.44
2009-11-11,9.47
2009-11-12,9.675
2009-11-13,9.635
2009-11-16,9.9
2009-11-17,9.9
2009-11-18,10.05
2009-11-19,10.19
2009-11-20,10.235
2009-11-23,10.195
2009-11-24,10.235
2009-11-25,10.3
2009-11-27,10.3
2009-11-30,10.39
2009-12-01,10.385
2009-12-02,10.13
2009-12-03,10.26
2009-12-04,10.22
2009-12-07,10.32
2009-12-08,10.23
2009-12-09,10.08
2009-12-10,10.06
2009-12-11,10.175
2009-12-14,10.375
2009-12-15,10.375
2009-12-16,10.42
2009-12-17,10.055
2009-12-18,9.945
2009-12-21,9.835
2009-12-22,9.735
2009-12-23,9.835
2009-12-24,9.83
2009-12-28,10.1
2009-12-29,10.195
2009-12-30,10.18
2009-12-31,10.215
2010-01-04,10.305
2010-01-05,10.305
2010-01-06,10.31
2010-01-07,9.98
2010-01-08,9.93
2010-01-11,9.83
2010-01-12,9.52
2010-01-13,9.665
2010-01-14,9.585
2010-01-15,9.475
2010-01-19,9.37
2010-01-20,9.235
2010-01-21,9.275
2010-01-22,9.255
2010-01-25,9.155
2010-01-26,9.225
2010-01-27,9.05
2010-01-28,9.085
2010-01-29,8.92
2010-02-01,8.89
2010-02-02,9.045
2010-02-03,8.87
2010-02-04,8.93
2010-02-05,8.94
2010-02-08,9.1
2010-02-09,9.065
2010-02-10,9.255
2010-02-11,9.235
2010-02-12,9.265
2010-02-16,9.47
2010-02-17,9.345
2010-02-18,9.32
2010-02-19,9.29
2010-02-22,9.445
2010-02-23,9.36
2010-02-24,9.39
2010-02-25,9.255
2010-02-26,9.355
2010-03-01,9.37
2010-03-02,9.39
2010-03-03,9.395
2010-03-04,9.18
2010-03-05,9.165
2010-03-08,9.235
2010-03-09,9.235
2010-03-10,9.295
2010-03-11,9.025
2010-03-12,8.97
2010-03-15,9.035
2010-03-16,9.185
2010-03-17,9.325
2010-03-18,9.325
2010-03-19,9.35
2010-03-22,9.435
2010-03-23,9.44
2010-03-24,9.355
2010-03-25,9.19
2010-03-26,9.28
2010-03-29,9.43
2010-03-30,9.5
2010-03-31,9.17
2010-04-01,9.18
2010-04-05,9.12
2010-04-06,9.2
2010-04-07,9.265
2010-04-08,9.21
2010-04-09,9.28
2010-04-12,9.365
2010-04-13,9.435
2010-04-14,9.44
2010-04-15,9.59
2010-04-16,9.6
2010-04-19,9.515
2010-04-20,9.595
2010-04-21,9.715
2010-04-22,9.815
2010-04-23,9.79
2010-04-26,9.79
2010-04-27,9.605
2010-04-28,9.6
2010-04-29,9.665
2010-04-30,9.68
2010-05-03,9.58
2010-05-04,9.565
2010-05-05,9.475
2010-05-06,9.235
2010-05-07,9.295
2010-05-10,9.325
2010-05-11,9.375
2010-05-12,9.38
2010-05-13,9.37
2010-05-14,9.25
2010-05-17,9.14
2010-05-18,9.125
2010-05-19,9.115
2010-05-20,9.235
2010-05-21,9.215
2010-05-24,9.215
2010-05-25,9.14
2010-05-26,9.225
2010-05-27,9.36
2010-05-28,9.22
2010-06-01,9.22
2010-06-02,9.24
2010-06-03,9.46
2010-06-04,9.27
2010-06-07,9.25
2010-06-08,9.235
2010-06-09,9.39
2010-06-10,9.32
2010-06-11,9.435
2010-06-14,9.495
2010-06-15,9.5
2010-06-16,9.595
2010-06-17,9.55
2010-06-18,9.62
2010-06-21,9.66
2010-06-22,9.69
2010-06-23,9.58
2010-06-24,9.53
2010-06-25,9.53
2010-06-28,9.54
2010-06-29,9.46
2010-06-30,9.4
2010-07-01,9.44
2010-07-02,9.48
2010-07-06,9.435
2010-07-07,9.755
2010-07-08,9.96
2010-07-09,10.045
2010-07-12,10.065
2010-07-13,10.105
2010-07-14,10.155
2010-07-15,10.295
2010-07-16,10.28
2010-07-19,10.14
2010-07-20,10.195
2010-07-21,10.25
2010-07-22,10.235
2010-07-23,10.215
2010-07-26,10.08
2010-07-27,10.08
2010-07-28,10.175
2010-07-29,10.29
2010-07-30,10.475
2010-08-02,10.545
2010-08-03,10.615
2010-08-04,10.625
2010-08-05,10.645
2010-08-06,10.675
2010-08-09,10.685
2010-08-10,10.56
2010-08-11,10.43
2010-08-12,10.555
2010-08-13,10.62
2010-08-16,10.445
2010-08-17,10.465
2010-08-18,10.385
2010-08-19,10.23
2010-08-20,10.15
2010-08-23,10.18
2010-08-24,10.17
2010-08-25,10.18
2010-08-26,10.17
2010-08-27,10.32
2010-08-30,10.28
2010-08-31,10.12
2010-09-01,10.12
2010-09-02,10.04
2010-09-03,10.295
2010-09-07,10.37
2010-09-08,10.295
2010-09-09,10.295
2010-09-10,10.065
2010-09-13,10.09
2010-09-14,10.055
2010-09-15,10.13
2010-09-16,10.02
2010-09-17,10.02
2010-09-20,10.46
2010-09-21,10.45
2010-09-22,10.52
2010-09-23,10.57
2010-09-24,10.885
2010-09-27,10.91
2010-09-28,10.725
2010-09-29,10.615
2010-09-30,10.675
2010-10-01,10.18
2010-10-04,10.155
2010-10-05,10.33
2010-10-06,10.255
2010-10-07,10.295
2010-10-08,10.985
2010-10-11,11.16
2010-10-12,11.375
2010-10-13,11.4
2010-10-14,11.535
2010-10-15,11.525
2010-10-18,11.53
2010-10-19,11.5
2010-10-20,11.82
2010-10-21,11.725
2010-10-22,11.715
2010-10-25,11.895
2010-10-26,11.905
2010-10-27,11.97
2010-10-28,12.01
2010-10-29,12.03
2010-11-01,12.02
2010-11-02,12.01
2010-11-03,12.05
2010-11-04,12.42
2010-11-05,12.515
2010-11-08,12.44
2010-11-09,12.96
2010-11-10,12.89
2010-11-11,13.1
2010-11-12,12.385
2010-11-15,12.56
2010-11-16,11.935
2010-11-17,11.78
2010-11-18,12.17
2010-11-19,11.765
2010-11-22,11.965
2010-11-23,12.16
2010-11-24,12.31
2010-11-26,12.31
2010-11-29,12.155
2010-11-30,12.235
2010-12-01,12.63
2010-12-02,12.58
2010-12-03,12.815
2010-12-06,12.66
2010-12-07,12.625
2010-12-08,12.72
2010-12-09,12.57
2010-12-10,12.5
2010-12-13,12.765
2010-12-14,12.725
2010-12-15,12.72
2010-12-16,12.65
2010-12-17,12.755
2010-12-20,12.925
2010-12-21,13.03
2010-12-22,13.04
2010-12-23,13.04
2010-12-27,13.475
2010-12-28,13.505
2010-12-29,13.415
2010-12-30,13.415
2010-12-31,13.415
2011-01-03,13.47
2011-01-04,13.35
2011-01-05,12.59
2011-01-06,13.435
2011-01-07,13.29
2011-01-10,13.46
2011-01-11,13.23
2011-01-12,13.775
2011-01-13,13.79
2011-01-14,13.705
2011-01-18,13.745
2011-01-19,13.7
2011-01-20,13.735
2011-01-21,13.705
2011-01-24,13.685
2011-01-25,13.385
2011-01-26,13.49
2011-01-27,13.63
2011-01-28,13.615
2011-01-31,13.795
2011-02-01,13.795
2011-02-02,13.795
2011-02-03,14.015
2011-02-04,13.995
2011-02-07,13.93
2011-02-08,14.035
2011-02-09,14.19
2011-02-10,14.01
2011-02-11,13.845
2011-02-14,13.725
2011-02-15,13.38
2011-02-16,13.36
2011-02-17,13.745
2011-02-18,12.99
2011-02-22,12.685
2011-02-23,12.895
2011-02-24,12.875
2011-02-25,13.355
2011-02-28,13.28
2011-03-01,13.405
2011-03-02,13.595
2011-03-03,13.775
2011-03-04,13.815
2011-03-07,13.63
2011-03-08,13.5
2011-03-09,13.17
2011-03-10,13.225
2011-03-11,13.01
2011-03-14,12.06
2011-03-15,12.345
2011-03-16,12.55
2011-03-17,13.035
2011-03-18,13.295
2011-03-21,13.305
2011-03-22,13.34
2011-03-23,13.2
2011-03-24,13.255
2011-03-25,13.295
2011-03-28,13.2
2011-03-29,13.33
2011-03-30,13.33
2011-03-31,13.815
2011-04-01,13.66
2011-04-04,13.56
2011-04-05,13.45
2011-04-06,13.485
2011-04-07,13.36
2011-04-08,13.645
2011-04-11,13.41
2011-04-12,13.05
2011-04-13,13.075
2011-04-14,13.065
2011-04-15,13.075
2011-04-18,13.21
2011-04-19,13.175
2011-04-20,13.135
2011-04-21,13.58
2011-04-25,13.685
2011-04-26,13.63
2011-04-27,13.585
2011-04-28,13.295
2011-04-29,13.71
2011-05-02,13.705
2011-05-03,13.415
2011-05-04,13.29
2011-05-05,13.005
2011-05-06,13.07
2011-05-09,13.155
2011-05-10,13.2
2011-05-11,13.14
2011-05-12,13.285
2011-05-13,13.125
2011-05-16,13.095
2011-05-17,13.245
2011-05-18,13.625
2011-05-19,13.645
2011-05-20,13.675
2011-05-23,13.6
2011-05-24,13.59
2011-05-25,13.655
2011-05-26,13.735
2011-05-27,13.745
2011-05-31,13.7
2011-06-01,13.815
2011-06-02,14.015
2011-06-03,14.085
2011-06-06,13.765
2011-06-07,13.855
2011-06-08,13.935
2011-06-09,13.865
2011-06-10,13.785
2011-06-13,13.765
2011-06-14,13.615
2011-06-15,13.615
2011-06-16,13.445
2011-06-17,13.305
2011-06-20,13.345
2011-06-21,13.47
2011-06-22,13.295
2011-06-23,13.175
2011-06-24,13.185
2011-06-27,13.285
2011-06-28,13.295
2011-06-29,13.33
2011-06-30,13.03
2011-07-01,13.17
2011-07-05,13.245
2011-07-06,13.235
2011-07-07,13.46
2011-07-08,13.52
2011-07-11,13.61
2011-07-12,13.31
2011-07-13,13.8
2011-07-14,13.885
2011-07-15,13.91
2011-07-18,13.91
2011-07-19,13.84
2011-07-20,13.81
2011-07-21,13.83
2011-07-22,13.815
2011-07-25,13.68
2011-07-26,13.85
2011-07-27,13.78
2011-07-28,13.675
2011-07-29,13.53
2011-08-01,13.555
2011-08-02,13.705
2011-08-03,13.625
2011-08-04,13.345
2011-08-05,13.2525
2011-08-08,13.025
2011-08-09,12.895
2011-08-10,12.9
2011-08-11,13.23
2011-08-12,13.26
2011-08-15,13.405
2011-08-16,13.38
2011-08-17,13.54
2011-08-18,13.495
2011-08-19,13.565
2011-08-22,13.73
2011-08-23,13.845
2011-08-24,13.825
2011-08-25,13.84
2011-08-26,14.095
2011-08-29,14.31
2011-08-30,14.385
2011-08-31,14.395
2011-09-01,14.095
2011-09-02,14.21
2011-09-06,14.985
2011-09-07,13.91
2011-09-08,13.905
2011-09-09,13.99
2011-09-12,13.68
2011-09-13,13.64
2011-09-14,13.555
2011-09-15,13.315
2011-09-16,13.315
2011-09-19,13.085
2011-09-20,13.085
2011-09-21,12.905
2011-09-22,12.53
2011-09-23,12.265
2011-09-26,12.26
2011-09-27,12.32
2011-09-28,11.935
2011-09-29,12.1005
2011-09-30,11.75
2011-10-03,11.44
2011-10-04,11.265
2011-10-05,11.29
2011-10-06,11.305
2011-10-07,11.25
2011-10-10,11.435
2011-10-11,12.015
2011-10-12,12.055
2011-10-13,12.245
2011-10-14,12.425
2011-10-17,12.28
2011-10-18,12.27
2011-10-19,12.015
2011-10-20,12.035
2011-10-21,11.915
2011-10-24,12.055
2011-10-25,12.04
2011-10-26,11.89
2011-10-27,12.305
2011-10-28,11.955
2011-10-31,11.9
2011-11-01,11.75
2011-11-02,11.735
2011-11-03,11.99
2011-11-04,11.96
2011-11-07,11.77
2011-11-08,11.8
2011-11-09,11.605
2011-11-10,11.44
2011-11-11,11.505
2011-11-14,11.53
2011-11-15,11.785
2011-11-16,11.66
2011-11-17,11.46
2011-11-18,11.45
2011-11-21,11.255
2011-11-22,11.305
2011-11-23,11.01
2011-11-25,11.01
2011-11-28,11.05
2011-11-29,11.045
2011-11-30,11.12
2011-12-01,11.085
2011-12-02,11.17
2011-12-05,11.085
2011-12-06,11.115
2011-12-07,11.12
2011-12-08,11.125
2011-12-09,10.875
2011-12-12,10.925
2011-12-13,10.99
2011-12-14,10.8
2011-12-15,10.915
2011-12-16,11.11
2011-12-19,11.115
2011-12-20,11.22
2011-12-21,11.315
2011-12-22,11.4
2011-12-23,11.415
2011-12-27,11.795
2011-12-28,11.8325
2011-12-29,11.69
2011-12-30,11.825
2012-01-03,11.985
2012-01-04,12.01
2012-01-05,11.805
2012-01-06,11.715
2012-01-09,12.055
2012-01-10,12.06
2012-01-11,11.765
2012-01-12,11.59
2012-01-13,11.35
2012-01-17,11.625
2012-01-18,11.635
2012-01-19,11.76
2012-01-20,11.645
2012-01-23,11.98
2012-01-24,12.03
2012-01-25,11.965
2012-01-26,12.04
2012-01-27,11.995
2012-01-30,11.665
2012-01-31,11.815
2012-02-01,11.985
2012-02-02,12.005
2012-02-03,12.16
2012-02-06,12.17
2012-02-07,12.15
2012-02-08,12.15
2012-02-09,12.11
2012-02-10,12.12
2012-02-13,12.35
2012-02-14,12.38
2012-02-15,12.44
2012-02-16,12.415
2012-02-17,12.505
2012-02-21,12.545
2012-02-22,12.565
2012-02-23,12.595
2012-02-24,12.615
2012-02-27,12.785
2012-02-28,12.895
2012-02-29,12.99
2012-03-01,13.02
2012-03-02,13.13
2012-03-05,13.05
2012-03-06,13.14
2012-03-07,13.075
2012-03-08,13.17
2012-03-09,13.15
2012-03-12,13.1215
2012-03-13,13.265
2012-03-14,13.295
2012-03-15,13.515
2012-03-16,13.55
2012-03-19,13.46
2012-03-20,13.28
2012-03-21,13.375
2012-03-22,13.31
2012-03-23,13.475
2012-03-26,13.63
2012-03-27,13.51
2012-03-28,13.48
2012-03-29,13.355
2012-03-30,13.83
2012-04-02,14.01
2012-04-03,13.99
2012-04-04,14.03
2012-04-05,14.17
2012-04-09,14.135
2012-04-10,14.09
2012-04-11,14.05
2012-04-12,14.235
2012-04-13,14.19
2012-04-16,14.02
2012-04-17,14.065
2012-04-18,13.89
2012-04-19,13.985
2012-04-20,14.285
2012-04-23,14.195
2012-04-24,14.445
2012-04-25,14.575
2012-04-26,14.635
2012-04-27,14.78
2012-04-30,14.99
2012-05-01,14.87
2012-05-02,14.705
2012-05-03,14.585
2012-05-04,14.64
2012-05-07,14.485
2012-05-08,14.21
2012-05-09,14.115
2012-05-10,14.49
2012-05-11,13.88
2012-05-14,13.685
2012-05-15,13.96
2012-05-16,14.05
2012-05-17,14.215
2012-05-18,13.93
2012-05-21,13.99
2012-05-22,13.7
2012-05-23,13.52
2012-05-24,13.645
2012-05-25,13.7
2012-05-29,13.76
2012-05-30,13.65
2012-05-31,13.385
2012-06-01,13.355
2012-06-04,13.315
2012-06-05,13.425
2012-06-06,13.78
2012-06-07,14.2
2012-06-08,14.18
2012-06-11,14.16
2012-06-12,14.26
2012-06-13,14.015
2012-06-14,13.79
2012-06-15,13.745
2012-06-18,13.82
2012-06-19,14.295
2012-06-20,14.41
2012-06-21,14.32
2012-06-22,14.36
2012-06-25,14.745
2012-06-26,14.67
2012-06-27,14.655
2012-06-28,14.6
2012-06-29,15.0
2012-07-02,15.065
2012-07-03,15.42
2012-07-05,16.03
2012-07-06,15.595
2012-07-09,16.315
2012-07-10,16.405
2012-07-11,15.92
2012-07-12,15.93
2012-07-13,16.16
2012-07-16,16.575
2012-07-17,16.635
2012-07-18,17.125
2012-07-19,17.615
2012-07-20,17.9
2012-07-23,17.31
2012-07-24,16.8
2012-07-25,17.235
2012-07-26,16.805
2012-07-27,17.075
2012-07-30,17.85
2012-07-31,17.3
2012-08-01,17.13
2012-08-02,16.79
2012-08-03,16.83
2012-08-06,16.325
2012-08-07,16.025
2012-08-08,16.18
2012-08-09,16.705
2012-08-10,16.8
2012-08-13,16.435
2012-08-14,16.485
2012-08-15,16.845
2012-08-16,16.775
2012-08-17,16.985
2012-08-20,17.355
2012-08-21,17.815
2012-08-22,17.765
2012-08-23,17.535
2012-08-24,17.7
2012-08-27,17.575
2012-08-28,17.56
2012-08-29,17.686
2012-08-30,17.855
2012-08-31,17.78
2012-09-04,17.715
2012-09-05,17.5
2012-09-06,17.475
2012-09-07,17.36
2012-09-10,17.165
2012-09-11,17.085
2012-09-12,17.535
2012-09-13,17.545
2012-09-14,17.39
2012-09-17,16.57
2012-09-18,16.275
2012-09-19,16.61
2012-09-20,16.07
2012-09-21,16.08
2012-09-24,16.01
2012-09-25,16.015
2012-09-26,15.6
2012-09-27,15.58
2012-09-28,15.885
2012-10-01,15.465
2012-10-02,15.18
2012-10-03,15.19
2012-10-04,15.395
2012-10-05,15.38
2012-10-08,15.37
2012-10-09,15.37
2012-10-10,15.09
2012-10-11,15.35
2012-10-12,15.09
2012-10-15,14.79
2012-10-16,14.825
2012-10-17,14.975
2012-10-18,15.335
2012-10-19,15.22
2012-10-22,15.35
2012-10-23,15.42
2012-10-24,15.585
2012-10-25,15.52
2012-10-26,15.495
2012-10-29,15.495
2012-10-30,15.23
2012-10-31,15.355
2012-11-01,15.65
2012-11-02,15.155
2012-11-05,14.96
2012-11-06,15.065
2012-11-07,14.94
2012-11-08,14.845
2012-11-09,14.415
2012-11-12,13.955
2012-11-13,13.955
2012-11-14,14.095
2012-11-15,13.95
2012-11-16,13.71
2012-11-19,13.835
2012-11-20,14.03
2012-11-21,13.98
2012-11-23,13.98
2012-11-26,14.12
2012-11-27,14.365
2012-11-28,14.335
2012-11-29,14.345
2012-11-30,14.265
2012-12-03,14.41
2012-12-04,14.425
2012-12-05,14.67
2012-12-06,14.775
2012-12-07,14.625
2012-12-10,14.66
2012-12-11,14.63
2012-12-12,14.65
2012-12-13,14.68
2012-12-14,14.86
2012-12-17,14.87
2012-12-18,14.6
2012-12-19,14.32
2012-12-20,14.035
2012-12-21,14.27
2012-12-24,14.27
2012-12-26,14.215
2012-12-27,14.16
2012-12-28,14.205
2012-12-31,14.205
2013-01-02,13.995
2013-01-03,13.925
2013-01-04,13.76
2013-01-07,13.985
2013-01-08,14.025
2013-01-09,13.99
2013-01-10,13.93
2013-01-11,13.85
2013-01-14,14.29
2013-01-15,14.245
2013-01-16,14.465
2013-01-17,14.42
2013-01-18,14.385
2013-01-22,14.605
2013-01-23,14.475
2013-01-24,14.455
2013-01-25,14.53
2013-01-28,14.605
2013-01-29,14.655
2013-01-30,14.905
2013-01-31,14.82
2013-02-01,14.87
2013-02-04,14.995
2013-02-05,15.015
2013-02-06,14.95
2013-02-07,14.945
2013-02-08,14.615
2013-02-11,14.645
2013-02-12,14.5375
2013-02-13,14.56
2013-02-14,14.275
2013-02-15,14.335
2013-02-19,14.78
2013-02-20,14.9
2013-02-21,14.965
2013-02-22,14.68
2013-02-25,14.585
2013-02-26,14.545
2013-02-27,14.6
2013-02-28,14.715
2013-03-01,14.61
2013-03-04,14.765
2013-03-05,14.835
2013-03-06,14.835
2013-03-07,14.905
2013-03-08,14.88
2013-03-11,14.945
2013-03-12,14.845
2013-03-13,14.635
2013-03-14,14.54
2013-03-15,14.45
2013-03-18,14.28
2013-03-19,14.26
2013-03-20,14.37
2013-03-21,14.655
2013-03-22,14.575
2013-03-25,14.53
2013-03-26,14.615
2013-03-27,14.69
2013-03-28,14.2
2013-04-01,14.06
2013-04-02,14.11
2013-04-03,14.0
2013-04-04,13.91
2013-04-05,13.81
2013-04-08,14.0
2013-04-09,14.18
2013-04-10,14.155
2013-04-11,14.255
2013-04-12,14.37
2013-04-15,14.14
2013-04-16,14.365
2013-04-17,14.48
2013-04-18,14.57
2013-04-19,14.51
2013-04-22,14.35
2013-04-23,14.29
2013-04-24,14.21
2013-04-25,14.495
2013-04-26,14.56
2013-04-29,14.9
2013-04-30,14.815
2013-05-01,14.525
2013-05-02,14.445
2013-05-03,14.67
2013-05-06,14.495
2013-05-07,14.68
2013-05-08,14.76
2013-05-09,14.975
2013-05-10,14.88
2013-05-13,15.1
2013-05-14,15.1
2013-05-15,15.07
2013-05-16,15.22
2013-05-17,15.405
2013-05-20,15.505
2013-05-21,15.61
2013-05-22,15.595
2013-05-23,15.355
2013-05-24,15.105
2013-05-28,15.455
2013-05-29,15.405
2013-05-30,15.315
2013-05-31,15.44
2013-06-03,15.555
2013-06-04,15.525
2013-06-05,15.545
2013-06-06,15.525
2013-06-07,15.545
2013-06-10,15.385
2013-06-11,15.605
2013-06-12,15.595
2013-06-13,15.325
2013-06-14,15.395
2013-06-17,15.425
2013-06-18,15.435
2013-06-19,15.57
2013-06-20,15.315
2013-06-21,15.255
2013-06-24,15.43
2013-06-25,15.535
2013-06-26,15.575
2013-06-27,15.645
2013-06-28,15.655
2013-07-01,15.68
2013-07-02,15.69
2013-07-03,15.8
2013-07-05,15.79
2013-07-08,15.965
2013-07-09,16.1
2013-07-10,16.055
2013-07-11,15.98
2013-07-12,15.425
2013-07-15,15.655
2013-07-16,15.76
2013-07-17,15.715
2013-07-18,15.64
2013-07-19,15.82
2013-07-22,16.035
2013-07-23,15.2
2013-07-24,14.26
2013-07-25,13.7
2013-07-26,13.625
2013-07-29,13.535
2013-07-30,13.355
2013-07-31,13.42
2013-08-01,13.325
2013-08-02,13.17
2013-08-05,13.19
2013-08-06,13.03
2013-08-07,13.035
2013-08-08,13.3
2013-08-09,13.26
2013-08-12,13.71
2013-08-13,13.72
2013-08-14,13.83
2013-08-15,14.095
2013-08-16,13.975
2013-08-19,14.4
2013-08-20,14.245
2013-08-21,14.325
2013-08-22,14.125
2013-08-23,14.56
2013-08-26,15.16
2013-08-27,14.97
2013-08-28,15.0
2013-08-29,14.96
2013-08-30,14.845
2013-09-03,15.155
2013-09-04,14.855
2013-09-05,14.965
2013-09-06,14.97
2013-09-09,14.535
2013-09-10,14.51
2013-09-11,14.39
2013-09-12,14.83
2013-09-13,14.435
2013-09-16,13.82
2013-09-17,13.675
2013-09-18,13.515
2013-09-19,13.565
2013-09-20,13.175
2013-09-23,13.075
2013-09-24,13.045
2013-09-25,13.09
2013-09-26,13.015
2013-09-27,12.995
2013-09-30,12.65
2013-10-01,12.65
2013-10-02,12.65
2013-10-03,12.65
2013-10-04,12.65
2013-10-07,12.65
2013-10-08,12.65
2013-10-09,12.65
2013-10-10,12.65
2013-10-11,12.65
2013-10-14,12.65
2013-10-15,12.65
2013-10-16,12.65
2013-10-17,12.73
2013-10-18,12.72
2013-10-21,12.84
2013-10-22,12.83
2013-10-23,12.94
2013-10-24,12.91
2013-10-25,12.84
2013-10-28,12.545
2013-10-29,12.6
2013-10-30,12.695
2013-10-31,12.635
2013-11-01,12.51
2013-11-04,12.495
2013-11-05,12.43
2013-11-06,12.48
2013-11-07,12.6
2013-11-08,12.9
2013-11-11,12.945
2013-11-12,13.05
2013-11-13,13.045
2013-11-14,13.055
2013-11-15,12.725
2013-11-18,12.79
2013-11-19,12.685
2013-11-20,12.655
2013-11-21,12.81
2013-11-22,13.115
2013-11-25,13.21
2013-11-26,13.21
2013-11-27,13.125
2013-11-29,13.125
2013-12-02,13.135
2013-12-03,13.16
2013-12-04,13.25
2013-12-05,13.255
2013-12-06,13.18
2013-12-09,13.37
2013-12-10,13.34
2013-12-11,13.4
2013-12-12,13.195
2013-12-13,13.22
2013-12-16,13.32
2013-12-17,13.405
2013-12-18,13.19
2013-12-19,13.23
2013-12-20,13.23
2013-12-23,13.21
2013-12-24,13.26
2013-12-26,13.1
2013-12-27,13.255
2013-12-30,13.2
2013-12-31,13.035
2014-01-02,12.81
2014-01-03,12.815
2014-01-06,12.815
2014-01-07,12.87
2014-01-08,12.835
2014-01-09,12.88
2014-01-10,12.92
2014-01-13,13.07
2014-01-14,13.195
2014-01-15,13.305
2014-01-16,13.275
2014-01-17,13.29
2014-01-21,12.895
2014-01-22,12.84
2014-01-23,12.795
2014-01-24,12.895
2014-01-27,12.9
2014-01-28,12.885
2014-01-29,12.67
2014-01-30,12.725
2014-01-31,12.785
2014-02-03,12.825
2014-02-04,13.1
2014-02-05,13.1
2014-02-06,13.18
2014-02-07,13.24
2014-02-10,13.18
2014-02-11,13.295
2014-02-12,13.145
2014-02-13,13.355
2014-02-14,13.295
2014-02-18,13.525
2014-02-19,13.47
2014-02-20,13.53
2014-02-21,13.65
2014-02-24,13.77
2014-02-25,13.89
2014-02-26,13.975
2014-02-27,13.82
2014-02-28,13.955
2014-03-03,13.99
2014-03-04,14.145
2014-03-05,14.14
2014-03-06,14.27
2014-03-07,14.485
2014-03-10,14.16
2014-03-11,14.07
2014-03-12,13.785
2014-03-13,13.875
2014-03-14,13.8
2014-03-17,13.84
2014-03-18,14.135
2014-03-19,14.265
2014-03-20,14.295
2014-03-21,14.06
2014-03-24,14.215
2014-03-25,14.25
2014-03-26,14.37
2014-03-27,14.34
2014-03-28,14.32
2014-03-31,14.62
2014-04-01,14.845
2014-04-02,14.645
2014-04-03,14.765
2014-04-04,14.75
2014-04-07,14.685
2014-04-08,14.835
2014-04-09,14.955
2014-04-10,14.82
2014-04-11,14.625
2014-04-14,14.755
2014-04-15,15.02
2014-04-16,15.195
2014-04-17,15.12
2014-04-21,15.015
2014-04-22,14.78
2014-04-23,14.67
2014-04-24,14.65
2014-04-25,14.965
2014-04-28,15.065
2014-04-29,15.225
2014-04-30,15.215
2014-05-01,14.71
2014-05-02,14.795
2014-05-05,14.72
2014-05-06,14.675
2014-05-07,14.565
2014-05-08,14.8
2014-05-09,14.915
2014-05-12,14.75
2014-05-13,14.94
2014-05-14,14.97
2014-05-15,14.82
2014-05-16,14.785
2014-05-19,14.945
2014-05-20,14.795
2014-05-21,15.17
2014-05-22,15.285
2014-05-23,15.26
2014-05-27,15.01
2014-05-28,15.1
2014-05-29,15.11
2014-05-30,15.075
2014-06-02,15.145
2014-06-03,14.925
2014-06-04,14.945
2014-06-05,14.7
2014-06-06,14.72
2014-06-09,14.64
2014-06-10,14.67
2014-06-11,14.52
2014-06-12,14.245
2014-06-13,14.345
2014-06-16,14.28
2014-06-17,14.075
2014-06-18,14.18
2014-06-19,14.27
2014-06-20,14.22
2014-06-23,14.3
2014-06-24,14.2
2014-06-25,14.235
2014-06-26,14.435
2014-06-27,14.395
2014-06-30,13.93
2014-07-01,13.91
2014-07-02,13.785
2014-07-03,13.645
2014-07-07,13.425
2014-07-08,13.17
2014-07-09,13.065
2014-07-10,13.015
2014-07-11,12.67
2014-07-14,12.67
2014-07-15,12.46
2014-07-16,12.505
2014-07-17,12.41
2014-07-18,12.425
2014-07-21,12.42
2014-07-22,12.54
2014-07-23,12.565
2014-07-24,12.595
2014-07-25,12.615
2014-07-28,12.825
2014-07-29,12.7
2014-07-30,12.605
2014-07-31,12.545
2014-08-01,12.13
2014-08-04,12.35
2014-08-05,12.22
2014-08-06,12.355
2014-08-07,12.455
2014-08-08,12.475
2014-08-11,12.285
2014-08-12,12.33
2014-08-13,12.16
2014-08-14,12.285
2014-08-15,12.295
2014-08-18,12.415
2014-08-19,12.58
2014-08-20,12.505
2014-08-21,12.605
2014-08-22,12.72
2014-08-25,12.885
2014-08-26,12.765
2014-08-27,11.44
2014-08-28,12.345
2014-08-29,12.37
2014-09-02,11.77
2014-09-03,11.78
2014-09-04,11.41
2014-09-05,11.3
2014-09-08,11.205
2014-09-09,10.95
2014-09-10,10.875
2014-09-11,10.655
2014-09-12,10.69
2014-09-15,10.97
2014-09-16,10.89
2014-09-17,10.9
2014-09-18,10.81
2014-09-19,10.255
2014-09-22,9.195
2014-09-23,9.12
2014-09-24,9.13
2014-09-25,9.025
2014-09-26,8.89
2014-09-29,9.02
2014-09-30,8.86
2014-10-01,8.88
2014-10-02,8.945
2014-10-03,8.825
2014-10-06,9.19
2014-10-07,9.115
2014-10-08,9.065
2014-10-09,9.14
2014-10-10,8.975
2014-10-13,8.975
2014-10-14,9.355
2014-10-15,9.31
2014-10-16,9.435
2014-10-17,9.27
2014-10-20,9.22
2014-10-21,9.385
2014-10-22,9.395
2014-10-23,9.695
2014-10-24,9.585
2014-10-27,9.8
2014-10-28,9.81
2014-10-29,10.155
2014-10-30,9.97
2014-10-31,10.22
2014-11-03,10.08
2014-11-04,9.875
2014-11-05,10.015
2014-11-06,10.05
2014-11-07,10.19
2014-11-10,10.085
2014-11-11,10.085
2014-11-12,10.315
2014-11-13,10.37
2014-11-14,10.125
2014-11-17,10.185
2014-11-18,10.065
2014-11-19,9.885
2014-11-20,10.02
2014-11-21,10.235
2014-11-24,10.24
2014-11-25,10.4
2014-11-26,10.39
2014-11-28,10.39
2014-12-01,10.085
2014-12-02,9.87
2014-12-03,9.89
2014-12-04,10.03
2014-12-05,10.285
2014-12-08,10.36
2014-12-09,10.41
2014-12-10,10.24
2014-12-11,10.345
2014-12-12,10.405
2014-12-15,10.33
2014-12-16,10.165
2014-12-17,10.205
2014-12-18,10.285
2014-12-19,10.24
2014-12-22,10.32
2014-12-23,10.32
2014-12-24,10.225
2014-12-26,10.405
2014-12-29,10.355
2014-12-30,10.28
2014-12-31,10.1
2015-01-02,9.925
2015-01-05,10.3
2015-01-06,10.405
2015-01-07,10.405
2015-01-08,10.33
2015-01-09,10.37
2015-01-12,10.01
2015-01-13,9.89
2015-01-14,9.94
2015-01-15,9.78
2015-01-16,9.77
2015-01-20,9.69
2015-01-21,9.71
2015-01-22,9.645
2015-01-23,9.605
2015-01-26,9.7
2015-01-27,9.615
2015-01-28,9.575
2015-01-29,9.555
2015-01-30,9.485
2015-02-02,9.46
2015-02-03,9.725
2015-02-04,9.595
2015-02-05,9.685
2015-02-06,9.61
2015-02-09,9.675
2015-02-10,9.6
2015-02-11,9.69
2015-02-12,9.75
2015-02-13,9.75
2015-02-17,9.945
2015-02-18,9.865
2015-02-19,9.985
2015-02-20,9.92
2015-02-23,9.92
2015-02-24,10.1
2015-02-25,10.01
2015-02-26,10.16
2015-02-27,10.21
2015-03-02,10.02
2015-03-03,9.995
2015-03-04,9.8
2015-03-05,9.725
2015-03-06,9.72
2015-03-09,9.8
2015-03-10,9.71
2015-03-11,9.795
2015-03-12,9.77
2015-03-13,9.62
2015-03-16,9.56
2015-03-17,9.41
2015-03-18,9.52
2015-03-19,9.485
2015-03-20,9.605
2015-03-23,9.7
2015-03-24,9.685
2015-03-25,9.67
2015-03-26,9.63
2015-03-27,9.57
2015-03-30,9.555
2015-03-31,9.62
2015-04-01,9.795
2015-04-02,9.76
2015-04-06,9.68
2015-04-07,9.605
2015-04-08,9.61
2015-04-09,9.43
2015-04-10,9.41
2015-04-13,9.385
2015-04-14,9.5
2015-04-15,9.55
2015-04-16,9.56
2015-04-17,9.59
2015-04-20,9.655
2015-04-21,9.655
2015-04-22,9.615
2015-04-23,9.685
2015-04-24,9.6
2015-04-27,9.635
2015-04-28,9.685
2015-04-29,9.805
2015-04-30,9.705
2015-05-01,9.605
2015-05-04,9.72
2015-05-05,9.785
2015-05-06,9.775
2015-05-07,9.695
2015-05-08,9.705
2015-05-11,9.685
2015-05-12,9.515
2015-05-13,9.53
2015-05-14,9.53
2015-05-15,9.48
2015-05-18,9.5
2015-05-19,9.41
2015-05-20,9.36
2015-05-21,9.34
2015-05-22,9.19
2015-05-26,9.18
2015-05-27,9.27
2015-05-28,9.26
2015-05-29,9.34
2015-06-01,9.26
2015-06-02,9.4075
2015-06-03,9.3525
2015-06-04,9.465
2015-06-05,9.3775
2015-06-08,9.4425
2015-06-09,9.25
2015-06-10,9.2175
2015-06-11,9.0875
2015-06-12,9.0425
2015-06-15,9.0425
2015-06-16,9.275
2015-06-17,9.3975
2015-06-18,9.4225
2015-06-19,9.3975
2015-06-22,9.5925
2015-06-23,9.6075
2015-06-24,9.56
2015-06-25,9.7775
2015-06-26,9.86
2015-06-29,9.8
2015-06-30,10.3725
2015-07-01,10.295
2015-07-02,10.3025
2015-07-06,10.1475
2015-07-07,9.8575
2015-07-08,9.8825
2015-07-09,10.1575
2015-07-10,10.2225
2015-07-13,10.285
2015-07-14,10.25
2015-07-15,10.16
2015-07-16,10.11
2015-07-17,10.0675
2015-07-20,9.995
2015-07-21,10.0475
2015-07-22,9.955
2015-07-23,9.805
2015-07-24,9.65
2015-07-27,9.3325
2015-07-28,9.4475
2015-07-29,9.4325
2015-07-30,9.5
2015-07-31,9.4025
2015-08-03,9.355
2015-08-04,9.4225
2015-08-05,9.5325
2015-08-06,9.4325
2015-08-07,9.6325
2015-08-10,9.945
2015-08-11,9.715
2015-08-12,9.1
2015-08-13,9.27
2015-08-14,9.165
2015-08-17,9.17
2015-08-18,9.0425
2015-08-19,8.935
2015-08-20,9.0725
2015-08-21,8.895
2015-08-24,8.74
2015-08-25,8.7775
2015-08-26,8.65
2015-08-27,8.79
2015-08-28,8.855
2015-08-31,8.875
2015-09-01,8.74
2015-09-02,8.74
2015-09-03,8.695
2015-09-04,8.665
2015-09-08,8.7925
2015-09-09,8.7225
2015-09-10,8.74
2015-09-11,8.7425
2015-09-14,8.8425
2015-09-15,8.89
2015-09-16,8.8725
2015-09-17,8.845
2015-09-18,8.6725
2015-09-21,8.7425
2015-09-22,8.6175
2015-09-23,8.6375
2015-09-24,8.68
2015-09-25,8.8925
2015-09-28,8.7675
2015-09-29,8.8425
2015-09-30,8.92
2015-10-01,8.7725
2015-10-02,8.7425
2015-10-05,8.8425
2015-10-06,8.88
2015-10-07,8.91
2015-10-08,8.8125
2015-10-09,8.8575
2015-10-12,8.875
2015-10-13,9.14
2015-10-14,9.105
2015-10-15,9.0525
2015-10-16,8.9825
2015-10-19,8.91
2015-10-20,9.01
2015-10-21,9.095
2015-10-22,9.01
2015-10-23,8.96
2015-10-26,8.845
2015-10-27,8.91
2015-10-28,8.8275
2015-10-29,8.8025
2015-10-30,8.8575
2015-11-02,8.7875
2015-11-03,8.79
2015-11-04,8.84
2015-11-05,8.64
2015-11-06,8.6725
2015-11-09,8.6625
2015-11-10,8.555
2015-11-11,8.6075
2015-11-12,8.63
2015-11-13,8.5525
2015-11-16,8.595
2015-11-17,8.64
2015-11-18,8.5775
2015-11-19,8.6
2015-11-20,8.575
2015-11-23,8.6425
2015-11-24,8.6375
2015-11-25,8.7525
2015-11-27,8.73
2015-11-30,8.81
2015-12-01,8.8925
2015-12-02,8.9225
2015-12-03,8.975
2015-12-04,9.06
2015-12-07,8.8225
2015-12-08,8.7675
2015-12-09,8.7675
2015-12-10,8.8125
2015-12-11,8.7375
2015-12-14,8.76
2015-12-15,8.6775
2015-12-16,8.6325
2015-12-17,8.7775
2015-12-18,8.9275
2015-12-21,8.915
2015-12-22,8.855
2015-12-23,8.8075
2015-12-24,8.73
2015-12-28,8.6125
2015-12-29,8.6575
2015-12-30,8.7025
2015-12-31,8.6425
2016-01-04,8.56
2016-01-05,8.5725
2016-01-06,8.6475
2016-01-07,8.645
2016-01-08,8.6525
2016-01-11,8.6125
2016-01-12,8.745
2016-01-13,8.8
2016-01-14,8.8225
2016-01-15,8.79
2016-01-19,8.835
2016-01-20,8.74
2016-01-21,8.785
2016-01-22,8.765
2016-01-25,8.805
2016-01-26,8.765
2016-01-27,8.83
2016-01-28,8.6775
2016-01-29,8.8225
2016-02-01,8.8075
2016-02-02,8.8625
2016-02-03,8.7675
2016-02-04,8.745
2016-02-05,8.675
2016-02-08,8.625
2016-02-09,8.6325
2016-02-10,8.6225
2016-02-11,8.7775
2016-02-12,8.765
2016-02-16,8.825
2016-02-17,8.8525
2016-02-18,8.8275
2016-02-19,8.8075
2016-02-22,8.8425
2016-02-23,8.73
2016-02-24,8.7225
2016-02-25,8.655
2016-02-26,8.635
2016-02-29,8.61
2016-03-01,8.58
2016-03-02,8.615
2016-03-03,8.6375
2016-03-04,8.785
2016-03-07,8.8175
2016-03-08,8.845
2016-03-09,8.8575
2016-03-10,8.8925
2016-03-11,8.9575
2016-03-14,8.9575
2016-03-15,8.92
2016-03-16,8.945
2016-03-17,8.9775
2016-03-18,8.975
2016-03-21,9.02
2016-03-22,9.1025
2016-03-23,9.0525
2016-03-24,9.105
2016-03-28,9.09
2016-03-29,9.16
2016-03-30,9.09
2016-03-31,9.1075
2016-04-01,9.1825
2016-04-04,9.135
2016-04-05,9.0475
2016-04-06,9.08
2016-04-07,9.045
2016-04-08,9.1675
2016-04-11,9.2825
2016-04-12,9.4475
2016-04-13,9.645
2016-04-14,9.5625
2016-04-15,9.6425
2016-04-18,9.63
2016-04-19,9.9475
2016-04-20,10.19
2016-04-21,10.275
2016-04-22,9.9625
2016-04-25,10.0975
2016-04-26,10.2725
2016-04-27,10.285
2016-04-28,10.275
2016-04-29,10.2975
2016-05-02,10.4375
2016-05-03,10.3
2016-05-04,10.34
2016-05-05,10.1225
2016-05-06,10.3475
2016-05-09,10.265
2016-05-10,10.84
2016-05-11,10.7825
2016-05-12,10.72
2016-05-13,10.65
2016-05-16,10.645
2016-05-17,10.8025
2016-05-18,10.7525
2016-05-19,10.715
2016-05-20,10.7425
2016-05-23,10.585
2016-05-24,10.5475
2016-05-25,10.855
2016-05-26,10.7975
2016-05-27,10.865
2016-05-31,10.785
2016-06-01,10.9975
2016-06-02,11.4425
2016-06-03,11.32
2016-06-06,11.3825
2016-06-07,11.1675
2016-06-08,11.5025
2016-06-09,11.5275
2016-06-10,11.6275
2016-06-13,11.59
2016-06-14,11.4925
2016-06-15,11.385
2016-06-16,11.1925
2016-06-17,11.4825
2016-06-20,11.3275
2016-06-21,11.1075
2016-06-22,11.1675
2016-06-23,11.015
2016-06-24,10.785
2016-06-27,11.0475
2016-06-28,11.2025
2016-06-29,11.125
2016-06-30,11.5325
2016-07-01,11.375
2016-07-05,10.7725
2016-07-06,10.7325
2016-07-07,10.2475
2016-07-08,10.5775
2016-07-11,10.55
2016-07-12,10.87
2016-07-13,11.0525
2016-07-14,10.6225
2016-07-15,10.5725
2016-07-18,10.6625
2016-07-19,10.2775
2016-07-20,10.09
2016-07-21,10.125
2016-07-22,9.8825
2016-07-25,9.6625
2016-07-26,9.7375
2016-07-27,9.86
2016-07-28,9.78
2016-07-29,10.03
2016-08-01,9.615
2016-08-02,9.53
2016-08-03,9.555
2016-08-04,9.5675
2016-08-05,9.745
2016-08-08,9.85
2016-08-09,9.88
2016-08-10,9.8225
2016-08-11,9.84
2016-08-12,9.8175
2016-08-15,10.0925
2016-08-16,10.0725
2016-08-17,10.16
2016-08-18,10.145
2016-08-19,10.045
2016-08-22,10.1575
2016-08-23,10.135
2016-08-24,10.0525
2016-08-25,9.755
2016-08-26,9.6725
2016-08-29,9.6425
2016-08-30,9.5075
2016-08-31,9.43
2016-09-01,9.4375
2016-09-02,9.525
2016-09-06,9.5975
2016-09-07,9.755
2016-09-08,9.7675
2016-09-09,9.8025
2016-09-12,9.6425
2016-09-13,9.44
2016-09-14,9.4275
2016-09-15,9.505
2016-09-16,9.66
2016-09-19,9.725
2016-09-20,9.8975
2016-09-21,9.755
2016-09-22,9.765
2016-09-23,9.55
2016-09-26,9.4525
2016-09-27,9.525
2016-09-28,9.455
2016-09-29,9.5025
2016-09-30,9.54
2016-10-03,9.73
2016-10-04,9.635
2016-10-05,9.5675
2016-10-06,9.585
2016-10-07,9.5675
2016-10-10,9.545
2016-10-11,9.5425
2016-10-12,9.455
2016-10-13,9.5625
2016-10-14,9.625
2016-10-17,9.7825
2016-10-18,9.725
2016-10-19,9.815
2016-10-20,9.8475
2016-10-21,9.9225
2016-10-24,10.0225
2016-10-25,10.0225
2016-10-26,10.21
2016-10-27,10.25
2016-10-28,10.12
2016-10-31,10.1175
2016-11-01,9.9325
2016-11-02,9.865
2016-11-03,9.895
2016-11-04,9.9075
2016-11-07,9.985
2016-11-08,10.1125
2016-11-09,9.91
2016-11-10,9.98
2016-11-11,9.86
2016-11-14,9.8425
2016-11-15,9.895
2016-11-16,9.8575
2016-11-17,9.895
2016-11-18,9.9375
2016-11-21,10.2025
2016-11-22,10.3
2016-11-23,10.3425
2016-11-25,10.46
2016-11-28,10.56
2016-11-29,10.425
2016-11-30,10.3225
2016-12-01,10.2975
2016-12-02,10.275
2016-12-05,10.435
2016-12-06,10.4775
2016-12-07,10.49
2016-12-08,10.27
2016-12-09,10.485
2016-12-12,10.425
2016-12-13,10.395
2016-12-14,10.345
2016-12-15,10.3925
2016-12-16,10.4675
2016-12-19,10.32
2016-12-20,10.1575
2016-12-21,10.17
2016-12-22,10.04
2016-12-23,9.975
2016-12-27,10.2425
2016-12-28,10.165
2016-12-29,10.1275
2016-12-30,10.04
2017-01-03,9.95
2017-01-04,10.1525
2017-01-05,10.125
2017-01-06,9.9475
2017-01-09,10.0525
2017-01-10,10.1375
2017-01-11,10.115
2017-01-12,10.4025
2017-01-13,10.4625
2017-01-17,10.6925
2017-01-18,10.75
2017-01-19,10.7025
2017-01-20,10.675
2017-01-23,10.5775
2017-01-24,10.585
2017-01-25,10.5525
2017-01-26,10.495
2017-01-27,10.4925
2017-01-30,10.2275
2017-01-31,10.245
2017-02-01,10.3675
2017-02-02,10.3725
2017-02-03,10.27
2017-02-06,10.36
2017-02-07,10.4275
2017-02-08,10.5875
2017-02-09,10.505
2017-02-10,10.7
2017-02-13,10.6575
2017-02-14,10.56
2017-02-15,10.7175
2017-02-16,10.5475
2017-02-17,10.4325
2017-02-21,10.3725
2017-02-22,10.335
2017-02-23,10.225
2017-02-24,10.2425
2017-02-27,10.22
2017-02-28,10.3575
2017-03-01,10.5175
2017-03-02,10.3725
2017-03-03,10.375
2017-03-06,10.3725
2017-03-07,10.2525
2017-03-08,10.2175
2017-03-09,10.11
2017-03-10,10.065
2017-03-13,10.06
2017-03-14,9.9925
2017-03-15,9.98
2017-03-16,10.015
2017-03-17,10.0
2017-03-20,9.995
2017-03-21,10.015
2017-03-22,9.9975
2017-03-23,9.91
2017-03-24,9.7575
2017-03-27,9.715
2017-03-28,9.72
2017-03-29,9.69
2017-03-30,9.63
2017-03-31,9.46
2017-04-03,9.3825
2017-04-04,9.3775
2017-04-05,9.4425
2017-04-06,9.415
2017-04-07,9.42
2017-04-10,9.4175
2017-04-11,9.3925
2017-04-12,9.5875
2017-04-13,9.6625
2017-04-17,9.6375
2017-04-18,9.5625
2017-04-19,9.605
2017-04-20,9.5675
2017-04-21,9.6075
2017-04-24,9.7175
2017-04-25,9.65
2017-04-26,9.565
2017-04-27,9.5725
2017-04-28,9.5625
2017-05-01,9.7025
2017-05-02,9.6875
2017-05-03,9.7525
2017-05-04,9.7425
2017-05-05,9.73
2017-05-08,9.6475
2017-05-09,9.74
2017-05-10,9.7025
2017-05-11,9.6625
2017-05-12,9.63
2017-05-15,9.6525
2017-05-16,9.7625
2017-05-17,9.7575
2017-05-18,9.4475
2017-05-19,9.53
2017-05-22,9.565
2017-05-23,9.4825
2017-05-24,9.4825
2017-05-25,9.395
2017-05-26,9.265
2017-05-30,9.1275
2017-05-31,9.16
2017-06-01,9.1225
2017-06-02,9.2125
2017-06-05,9.22
2017-06-06,9.235
2017-06-07,9.3075
2017-06-08,9.38
2017-06-09,9.415
2017-06-12,9.3825
2017-06-13,9.39
2017-06-14,9.39
2017-06-15,9.44
2017-06-16,9.5
2017-06-19,9.485
2017-06-20,9.3875
2017-06-21,9.2775
2017-06-22,9.1325
2017-06-23,9.11
2017-06-26,9.1375
2017-06-27,9.175
2017-06-28,9.2175
2017-06-29,9.2475
2017-06-30,9.5475
2017-07-03,9.8075
2017-07-05,9.9425
2017-07-06,9.9925
2017-07-07,10.155
2017-07-10,10.3925
2017-07-11,10.4325
2017-07-12,10.34
2017-07-13,9.875
2017-07-14,10.015
2017-07-17,9.975
2017-07-18,10.0175
2017-07-19,10.125
2017-07-20,10.27
2017-07-21,10.2225
2017-07-24,10.1
2017-07-25,9.9275
2017-07-26,10.0025
2017-07-27,10.075
2017-07-28,10.13
2017-07-31,10.0725
2017-08-01,9.7175
2017-08-02,9.775
2017-08-03,9.605
2017-08-04,9.5675
2017-08-07,9.6975
2017-08-08,9.7325
2017-08-09,9.7325
2017-08-10,9.4025
2017-08-11,9.45
2017-08-14,9.3825
2017-08-15,9.2425
2017-08-16,9.2525
2017-08-17,9.33
2017-08-18,9.3775
2017-08-21,9.3625
2017-08-22,9.375
2017-08-23,9.38
2017-08-24,9.465
2017-08-25,9.445
2017-08-28,9.4125
2017-08-29,9.3725
2017-08-30,9.3325
2017-08-31,9.4525
2017-09-01,9.495
2017-09-05,9.685
2017-09-06,9.71
2017-09-07,9.6875
2017-09-08,9.62
2017-09-11,9.6
2017-09-12,9.505
2017-09-13,9.605
2017-09-14,9.76
2017-09-15,9.6875
2017-09-18,9.6775
2017-09-19,9.655
2017-09-20,9.7
2017-09-21,9.7075
2017-09-22,9.8425
2017-09-25,9.7125
2017-09-26,9.635
2017-09-27,9.655
2017-09-28,9.595
2017-09-29,9.6825
2017-10-02,9.5725
2017-10-03,9.5525
2017-10-04,9.5825
2017-10-05,9.6825
2017-10-06,9.7225
2017-10-09,9.6675
2017-10-10,9.66
2017-10-11,9.6525
2017-10-12,9.92
2017-10-13,10.0025
2017-10-16,9.91
2017-10-17,9.8475
2017-10-18,9.8425
2017-10-19,9.97
2017-10-20,9.8925
2017-10-23,9.8075
2017-10-24,9.755
2017-10-25,9.755
2017-10-26,9.735
2017-10-27,9.7975
2017-10-30,9.798
2017-10-31,9.8255
2017-11-01,9.9125
2017-11-02,9.9925
2017-11-03,9.8675
2017-11-06,9.94
2017-11-07,9.96
2017-11-08,9.985
2017-11-09,9.85
2017-11-10,9.87
2017-11-13,9.7425
2017-11-14,9.6775
2017-11-15,9.7625
2017-11-16,9.72
2017-11-17,9.905
2017-11-20,9.9
2017-11-21,9.89
2017-11-22,9.9725
2017-11-24,9.9325
2017-11-27,9.96
2017-11-28,9.93
2017-11-29,9.925
2017-11-30,9.8575
2017-12-01,9.9425
2017-12-04,9.985
2017-12-05,10.085
2017-12-06,10.0275
2017-12-07,9.92
2017-12-08,9.8975
2017-12-11,9.825
2017-12-12,9.7575
2017-12-13,9.7925
2017-12-14,9.6775
2017-12-15,9.6725
2017-12-18,9.615
2017-12-19,9.56
2017-12-20,9.54
2017-12-21,9.4875
2017-12-22,9.495
2017-12-26,9.615
2017-12-27,9.603
2017-12-28,9.5235
2017-12-29,9.5975
2018-01-02,9.6475
2018-01-03,9.6875
2018-01-04,9.6775
2018-01-05,9.7075
2018-01-08,9.6675
2018-01-09,9.6375
2018-01-10,9.55
2018-01-11,9.5
2018-01-12,9.605
2018-01-16,9.68
2018-01-17,9.6875
2018-01-18,9.73
2018-01-19,9.7725
2018-01-22,9.8425
2018-01-23,9.8625
2018-01-24,9.9225
2018-01-25,9.9225
2018-01-26,9.855
2018-01-29,9.915
2018-01-30,10.0025
2018-01-31,9.9575
2018-02-01,9.85
2018-02-02,9.7875
2018-02-05,9.6975
2018-02-06,9.8625
2018-02-07,9.83
2018-02-08,9.8775
2018-02-09,9.83
2018-02-12,10.0175
2018-02-13,10.1175
2018-02-14,10.1725
2018-02-15,10.2425
2018-02-16,10.215
2018-02-20,10.265
2018-02-21,10.3425
2018-02-22,10.32
2018-02-23,10.385
2018-02-26,10.3895
2018-02-27,10.449
2018-02-28,10.534
2018-03-01,10.68
2018-03-02,10.71
2018-03-05,10.775
2018-03-06,10.7475
2018-03-07,10.6525
2018-03-08,10.64
2018-03-09,10.3925
2018-03-12,10.41
2018-03-13,10.4875
2018-03-14,10.3225
2018-03-15,10.4075
2018-03-16,10.495
2018-03-19,10.225
2018-03-20,10.2825
2018-03-21,10.2975
2018-03-22,10.2975
2018-03-23,10.2825
2018-03-26,10.255
2018-03-27,10.195
2018-03-28,10.18
2018-03-29,10.4475
2018-04-02,10.355
2018-04-03,10.38
2018-04-04,10.1525
2018-04-05,10.3125
2018-04-06,10.3375
2018-04-09,10.47
2018-04-10,10.5
2018-04-11,10.4775
2018-04-12,10.6075
2018-04-13,10.5425
2018-04-16,10.42
2018-04-17,10.46
2018-04-18,10.4175
2018-04-19,10.3725
2018-04-20,10.2875
2018-04-23,10.2075
2018-04-24,10.2225
2018-04-25,10.2985
2018-04-26,10.326
2018-04-27,10.5175
2018-04-30,10.4635
2018-05-01,10.5325
2018-05-02,10.43
2018-05-03,10.5325
2018-05-04,10.3675
2018-05-07,10.115
2018-05-08,10.2025
2018-05-09,10.1575
2018-05-10,10.2125
2018-05-11,10.0325
2018-05-14,10.1775
2018-05-15,10.1875
2018-05-16,9.9975
2018-05-17,9.95
2018-05-18,9.985
2018-05-21,10.2525
2018-05-22,10.305
2018-05-23,10.3925
2018-05-24,10.3575
2018-05-25,10.415
2018-05-29,10.305
2018-05-30,10.23
2018-05-31,10.185
2018-06-01,10.2125
2018-06-04,10.0175
2018-06-05,10.0125
2018-06-06,9.9425
2018-06-07,9.7425
2018-06-08,9.6925
2018-06-11,9.5375
2018-06-12,9.54
2018-06-13,9.36
2018-06-14,9.2725
2018-06-15,9.055
2018-06-18,9.085
2018-06-19,8.89
2018-06-20,8.895
2018-06-21,8.805
2018-06-22,8.945
2018-06-25,8.745
2018-06-26,8.684
2018-06-27,8.697
2018-06-28,8.6455
2018-06-29,8.625
2018-07-02,8.535
2018-07-03,8.48
2018-07-05,8.3925
2018-07-06,8.775
2018-07-09,8.5575
2018-07-10,8.5575
2018-07-11,8.33
2018-07-12,8.3375
2018-07-13,8.1875
2018-07-16,8.295
2018-07-17,8.395
2018-07-18,8.4225
2018-07-19,8.46
2018-07-20,8.4975
2018-07-23,8.4775
2018-07-24,8.58
2018-07-25,8.6075
2018-07-26,8.6225
2018-07-27,8.724
2018-07-30,8.7845
2018-07-31,9.0775
2018-08-01,8.915
2018-08-02,8.87
2018-08-03,8.915
2018-08-06,8.8275
2018-08-07,8.9525
2018-08-08,8.9975
2018-08-09,8.93
2018-08-10,8.5075
2018-08-13,8.5725
2018-08-14,8.6825
2018-08-15,8.575
2018-08-16,8.855
2018-08-17,8.815
2018-08-20,8.8175
2018-08-21,8.745
2018-08-22,8.5825
2018-08-23,8.42
2018-08-24,8.42
2018-08-27,8.3475
2018-08-28,8.2305
2018-08-29,8.2835
2018-08-30,8.267
2018-08-31,8.414
2018-09-04,8.4425
2018-09-05,8.38
2018-09-06,8.3925
2018-09-07,8.44
2018-09-10,8.4525
2018-09-11,8.3175
2018-09-12,8.4
2018-09-13,8.3325
2018-09-14,8.305
2018-09-17,8.235
2018-09-18,8.14
2018-09-19,8.3
2018-09-20,8.5025
2018-09-21,8.4725
2018-09-24,8.41
2018-09-25,8.4575
2018-09-26,8.5
2018-09-27,8.55
2018-09-28,8.455
2018-10-01,8.5775
2018-10-02,8.66
2018-10-03,8.615
2018-10-04,8.5925
2018-10-05,8.69
2018-10-08,8.6975
2018-10-09,8.63
2018-10-10,8.5225
2018-10-11,8.5825
2018-10-12,8.675
2018-10-15,8.915
2018-10-16,8.8475
2018-10-17,8.8575
2018-10-18,8.635
2018-10-19,8.5675
2018-10-22,8.585
2018-10-23,8.575
2018-10-24,8.5025
2018-10-25,8.4175
2018-10-26,8.4755
2018-10-29,8.443
2018-10-30,8.416
2018-10-31,8.492
2018-11-01,8.82
2018-11-02,8.8775
2018-11-05,8.8575
2018-11-06,8.8425
2018-11-07,8.795
2018-11-08,8.79
2018-11-09,8.8675
2018-11-12,8.8325
2018-11-13,8.7825
2018-11-14,8.835
2018-11-15,8.8875
2018-11-16,8.9225
2018-11-19,8.7375
2018-11-20,8.81
2018-11-21,8.83
2018-11-23,8.81
2018-11-26,8.6225
2018-11-27,8.755
2018-11-28,8.905
2018-11-29,8.8725
2018-11-30,8.9475
2018-12-03,9.0575
2018-12-04,9.1175
2018-12-05,9.135
2018-12-06,9.095
2018-12-07,9.1675
2018-12-10,9.0975
2018-12-11,9.15
2018-12-12,9.2
2018-12-13,9.07
2018-12-14,9.005
2018-12-17,9.0475
2018-12-18,9.0775
2018-12-19,9.0
2018-12-20,8.935
2018-12-21,8.8475
2018-12-24,8.84
2018-12-26,8.726
2018-12-27,8.744
2018-12-28,8.904
2018-12-31,8.925
2019-01-02,9.07
2019-01-03,9.1275
2019-01-04,9.215
2019-01-07,9.2425
2019-01-08,9.185
2019-01-09,9.24
2019-01-10,9.0675
2019-01-11,9.1025
2019-01-14,9.035
2019-01-15,8.9325
2019-01-16,8.945
2019-01-17,9.0775
2019-01-18,9.1675
2019-01-22,9.0925
2019-01-23,9.15
2019-01-24,9.16
2019-01-25,9.2525
2019-01-28,9.2325
2019-01-29,9.19
2019-01-30,9.21
2019-01-31,9.1525
2019-02-01,9.1775
2019-02-04,9.185
2019-02-05,9.2025
2019-02-06,9.2175
2019-02-07,9.1325
2019-02-08,9.145
2019-02-11,9.05
2019-02-12,9.175
2019-02-13,9.165
2019-02-14,9.035
2019-02-15,9.075
2019-02-19,9.0075
2019-02-20,9.025
2019-02-21,9.11
2019-02-22,9.1025
2019-02-25,9.144
2019-02-26,9.0905
2019-02-27,9.1145
2019-02-28,9.077
2019-03-01,9.115
2019-03-04,9.16
2019-03-05,9.1375
2019-03-06,9.02
2019-03-07,9.025
2019-03-08,8.9575
2019-03-11,8.9
2019-03-12,8.97
2019-03-13,9.01
2019-03-14,8.985
2019-03-15,9.0925
2019-03-18,9.0575
2019-03-19,9.04
2019-03-20,9.06
2019-03-21,9.105
2019-03-22,9.0375
2019-03-25,9.065
2019-03-26,9.0075
2019-03-27,8.875
2019-03-28,8.895
2019-03-29,8.8425
2019-04-01,8.955
2019-04-02,9.0
2019-04-03,8.9875
2019-04-04,9.065
2019-04-05,8.99
2019-04-08,8.9875
2019-04-09,8.9875
2019-04-10,9.02
2019-04-11,8.9525
2019-04-12,8.9525
2019-04-15,8.9875
2019-04-16,8.88
2019-04-17,8.79
2019-04-18,8.805
2019-04-22,8.77
2019-04-23,8.62
2019-04-24,8.5525
2019-04-25,8.6195
2019-04-26,8.5905
2019-04-29,8.5545
2019-04-30,8.5145
2019-05-01,8.5175
2019-05-02,8.4325
2019-05-03,8.4225
2019-05-06,8.3025
2019-05-07,8.3075
2019-05-08,8.2725
2019-05-09,8.1275
2019-05-10,8.0925
2019-05-13,8.025
2019-05-14,8.315
2019-05-15,8.355
2019-05-16,8.3975
2019-05-17,8.2175
2019-05-20,8.3175
2019-05-21,8.22
2019-05-22,8.285
2019-05-23,8.215
2019-05-24,8.2975
2019-05-28,8.56
2019-05-29,8.72
2019-05-30,8.89
2019-05-31,8.7775
2019-06-03,8.79
2019-06-04,8.8175
2019-06-05,8.6975
2019-06-06,8.6875
2019-06-07,8.5625
2019-06-10,8.585
2019-06-11,8.5925
2019-06-12,8.78
2019-06-13,8.88
2019-06-14,8.9675
2019-06-17,9.1275
2019-06-18,9.135
2019-06-19,9.0325
2019-06-20,9.155
2019-06-21,9.0275
2019-06-24,9.09
2019-06-25,9.0455
2019-06-26,8.9645
2019-06-27,8.9135
2019-06-28,9.0355
2019-07-01,8.8975
2019-07-02,8.7975
2019-07-03,8.8975
2019-07-05,8.76
2019-07-08,8.79
2019-07-09,8.86
2019-07-10,8.945
2019-07-11,8.99
2019-07-12,9.1325
2019-07-15,9.0175
2019-07-16,8.8775
2019-07-17,8.825
2019-07-18,8.8125
2019-07-19,9.015
2019-07-22,8.8825
2019-07-23,8.8575
2019-07-24,8.91
2019-07-25,8.825
2019-07-26,8.8435
2019-07-29,8.8805
2019-07-30,8.8205
2019-07-31,8.68
2019-08-01,8.5275
2019-08-02,8.5575
2019-08-05,8.56
2019-08-06,8.53
2019-08-07,8.54
2019-08-08,8.7025
2019-08-09,8.79
2019-08-12,8.6675
2019-08-13,8.7625
2019-08-14,8.655
2019-08-15,8.58
2019-08-16,8.6725
2019-08-19,8.54
2019-08-20,8.5575
2019-08-21,8.605
2019-08-22,8.56
2019-08-23,8.4325
2019-08-26,8.5375
2019-08-27,8.4885
2019-08-28,8.5795
2019-08-29,8.636
2019-08-30,8.666
2019-09-03,8.685
2019-09-04,8.755
2019-09-05,8.615
2019-09-06,8.5775
2019-09-09,8.5775
2019-09-10,8.72
2019-09-11,8.665
2019-09-12,8.955
2019-09-13,8.9875
2019-09-16,9.0
2019-09-17,8.9375
2019-09-18,8.8875
2019-09-19,8.93
2019-09-20,8.8275
2019-09-23,8.925
2019-09-24,8.9425
2019-09-25,8.8925
2019-09-26,8.885
2019-09-27,8.83
2019-09-30,9.06
2019-10-01,9.195
2019-10-02,9.1375
2019-10-03,9.1175
2019-10-04,9.1625
2019-10-07,9.1525
2019-10-08,9.205
2019-10-09,9.2375
2019-10-10,9.235
2019-10-11,9.36
2019-10-14,9.405
2019-10-15,9.34
2019-10-16,9.28
2019-10-17,9.315
2019-10-18,9.34
2019-10-21,9.3325
2019-10-22,9.34
2019-10-23,9.3375
2019-10-24,9.3325
2019-10-25,9.2025
2019-10-28,9.237
2019-10-29,9.2435
2019-10-30,9.247
2019-10-31,9.2915
2019-11-01,9.3675
2019-11-04,9.38
2019-11-05,9.3425
2019-11-06,9.275
2019-11-07,9.365
2019-11-08,9.31
2019-11-11,9.17
2019-11-12,9.17
2019-11-13,9.1525
2019-11-14,9.1675
2019-11-15,9.1825
2019-11-18,9.1025
2019-11-19,9.115
2019-11-20,9.05
2019-11-21,9.01
2019-11-22,8.97
2019-11-25,8.925
2019-11-26,8.8425
2019-11-27,8.82
2019-11-29,8.7675
2019-12-02,8.705
2019-12-03,8.71
2019-12-04,8.78
2019-12-05,8.8425
2019-12-06,8.895
2019-12-09,8.9725
2019-12-10,9.0125
2019-12-11,8.935
2019-12-12,8.9825
2019-12-13,9.075
2019-12-16,9.22
2019-12-17,9.2875
2019-12-18,9.285
2019-12-19,9.245
2019-12-20,9.2825
2019-12-23,9.34
2019-12-24,9.365
2019-12-26,9.395
2019-12-27,9.343
2019-12-30,9.473
2019-12-31,9.53
2020-01-02,9.5625
2020-01-03,9.415
2020-01-06,9.4475
2020-01-07,9.44
2020-01-08,9.4725
2020-01-09,9.435
2020-01-10,9.46
2020-01-13,9.4225
2020-01-14,9.4225
2020-01-15,9.2875
2020-01-16,9.24
2020-01-17,9.2975
2020-01-21,9.16
2020-01-22,9.1375
2020-01-23,9.095
2020-01-24,9.02
2020-01-27,8.9725
2020-01-28,8.95
2020-01-29,8.93
2020-01-30,8.7625
2020-01-31,8.725
2020-02-03,8.77
2020-02-04,8.795
2020-02-05,8.8
2020-02-06,8.81
2020-02-07,8.82
2020-02-10,8.8425
2020-02-11,8.8475
2020-02-12,8.925
2020-02-13,8.9625
2020-02-14,8.9375
2020-02-18,8.9225
2020-02-19,8.9725
2020-02-20,8.9275
2020-02-21,8.905
2020-02-24,8.7425
2020-02-25,8.8085
2020-02-26,8.854
2020-02-27,8.915
2020-02-28,8.909
2020-03-02,9.01
2020-03-03,9.035
2020-03-04,9.0725
2020-03-05,8.97
2020-03-06,8.9125
2020-03-09,8.7
2020-03-10,8.7625
2020-03-11,8.7325
2020-03-12,8.595
2020-03-13,8.4875
2020-03-16,8.2175
2020-03-17,8.2425
2020-03-18,8.255
2020-03-19,8.4325
2020-03-20,8.625
2020-03-23,8.84
2020-03-24,8.8675
2020-03-25,8.815
2020-03-26,8.8025
2020-03-27,8.815
2020-03-30,8.8225
2020-03-31,8.86
2020-04-01,8.6275
2020-04-02,8.5875
2020-04-03,8.5425
2020-04-06,8.555
2020-04-07,8.5475
2020-04-08,8.545
2020-04-09,8.635
2020-04-13,8.5425
2020-04-14,8.47
2020-04-15,8.42
2020-04-16,8.3675
2020-04-17,8.325
2020-04-20,8.265
2020-04-21,8.3075
2020-04-22,8.3475
2020-04-23,8.3925
2020-04-24,8.3225
2020-04-27,8.305
2020-04-28,8.284
2020-04-29,8.352
2020-04-30,8.5425
2020-05-01,8.495
2020-05-04,8.365
2020-05-05,8.395
2020-05-06,8.325
2020-05-07,8.4425
2020-05-08,8.505
2020-05-11,8.55
2020-05-12,8.52
2020-05-13,8.395
2020-05-14,8.37
2020-05-15,8.385
2020-05-18,8.45
2020-05-19,8.425
2020-05-20,8.4675
2020-05-21,8.35
2020-05-22,8.3325
2020-05-26,8.47
2020-05-27,8.485
2020-05-28,8.47
2020-05-29,8.4075
2020-06-01,8.405
2020-06-02,8.505
2020-06-03,8.575
2020-06-04,8.6775
2020-06-05,8.6775
2020-06-08,8.6475
2020-06-09,8.6325
2020-06-10,8.655
2020-06-11,8.66
2020-06-12,8.7125
2020-06-15,8.69
2020-06-16,8.67
2020-06-17,8.7125
2020-06-18,8.73
2020-06-19,8.765
2020-06-22,8.7625
2020-06-23,8.75
2020-06-24,8.7075
2020-06-25,8.687
2020-06-26,8.63
2020-06-29,8.635
2020-06-30,8.7985
2020-07-01,8.915
2020-07-02,8.9125
2020-07-06,8.985
2020-07-07,8.9675
2020-07-08,8.925
2020-07-09,8.965
2020-07-10,8.8725
2020-07-13,8.74
2020-07-14,8.78
2020-07-15,8.8625
2020-07-16,8.935
2020-07-17,8.98
2020-07-20,9.03
2020-07-21,8.965
2020-07-22,8.9925
2020-07-23,9.0625
2020-07-24,9.0475
2020-07-27,9.065
2020-07-28,8.9495
2020-07-29,8.887
2020-07-30,8.8875
2020-07-31,8.917
2020-08-03,8.93
2020-08-04,8.7975
2020-08-05,8.7625
2020-08-06,8.7475
2020-08-07,8.6575
2020-08-10,8.7
2020-08-11,8.705
2020-08-12,8.805
2020-08-13,8.9625
2020-08-14,8.97
2020-08-17,9.125
2020-08-18,9.12
2020-08-19,9.125
2020-08-20,9.03
2020-08-21,9.0075
2020-08-24,8.9975
2020-08-25,9.1375
2020-08-26,9.2045
2020-08-27,9.3915
2020-08-28,9.505
2020-08-31,9.5305
2020-09-01,9.5475
2020-09-02,9.62
2020-09-03,9.66
2020-09-04,9.68
2020-09-08,9.73
2020-09-09,9.7875
2020-09-10,9.775
2020-09-11,9.96
2020-09-14,9.995
2020-09-15,9.915
2020-09-16,10.1125
2020-09-17,10.285
2020-09-18,10.435
2020-09-21,10.225
2020-09-22,10.1975
2020-09-23,10.145
2020-09-24,10.0
2020-09-25,10.025
2020-09-28,9.9625
2020-09-29,9.93
2020-09-30,10.235
2020-10-01,10.235
2020-10-02,10.2075
2020-10-05,10.215
2020-10-06,10.44
2020-10-07,10.51
2020-10-08,10.5
2020-10-09,10.655
2020-10-12,10.3375
2020-10-13,10.44
2020-10-14,10.5625
2020-10-15,10.6225
2020-10-16,10.5
2020-10-19,10.5425
2020-10-20,10.64
2020-10-21,10.72
2020-10-22,10.7375
2020-10-23,10.8375
2020-10-26,10.8775
2020-10-27,10.811
2020-10-28,10.5625
2020-10-29,10.51
2020-10-30,10.563
2020-11-02,10.5225
2020-11-03,10.6425
2020-11-04,10.8625
2020-11-05,11.0375
2020-11-06,11.015
2020-11-09,11.105
2020-11-10,11.46
2020-11-11,11.525
2020-11-12,11.455
2020-11-13,11.48
2020-11-16,11.535
2020-11-17,11.6975
2020-11-18,11.7575
2020-11-19,11.775
2020-11-20,11.81
2020-11-23,11.915
2020-11-24,11.9125
2020-11-25,11.84
2020-11-27,11.9175
2020-11-30,11.685
2020-12-01,11.62
2020-12-02,11.53
2020-12-03,11.6825
2020-12-04,11.63
2020-12-07,11.585
2020-12-08,11.4575
2020-12-09,11.585
2020-12-10,11.5275
2020-12-11,11.605
2020-12-14,11.695
2020-12-15,11.8425
2020-12-16,11.8375
2020-12-17,12.0125
2020-12-18,12.2
2020-12-21,12.4325
2020-12-22,12.4725
2020-12-23,12.5875
2020-12-24,12.635
2020-12-28,12.5565
2020-12-29,12.957
2020-12-30,13.018
2020-12-31,13.1185
2021-01-04,13.13
2021-01-05,13.47
2021-01-06,13.615
2021-01-07,13.5525
2021-01-08,13.7475
2021-01-11,13.725
2021-01-12,14.1825
2021-01-13,14.0625
2021-01-14,14.305
2021-01-15,14.1675
2021-01-19,13.8575
2021-01-20,13.695
2021-01-21,13.7025
2021-01-22,13.1175
2021-01-25,13.435
2021-01-26,13.7025
2021-01-27,13.7475
2021-01-28,13.5325
2021-01-29,13.7
2021-02-01,13.6525
2021-02-02,13.5475
2021-02-03,13.7125
2021-02-04,13.725
2021-02-05,13.6675
2021-02-08,13.8775
2021-02-09,14.0175
2021-02-10,13.54
2021-02-11,13.675
2021-02-12,13.72
2021-02-16,13.8475
2021-02-17,13.8375
2021-02-18,13.75
2021-02-19,13.7725
2021-02-22,13.8375
2021-02-23,14.065
2021-02-24,14.2455
2021-02-25,14.069
2021-02-26,14.0445
2021-03-01,13.9125
2021-03-02,14.125
2021-03-03,14.075
2021-03-04,14.105
2021-03-05,14.3
2021-03-08,14.3375
2021-03-09,14.4
2021-03-10,14.0975
2021-03-11,14.135
2021-03-12,14.1325
2021-03-15,14.195
2021-03-16,14.2325
2021-03-17,14.1775
2021-03-18,13.9225
2021-03-19,14.1625
2021-03-22,14.175
2021-03-23,14.2325
2021-03-24,14.3275
2021-03-25,14.1425
2021-03-26,14.005
2021-03-29,13.93
2021-03-30,13.6675
2021-03-31,14.3675
2021-04-01,14.02
2021-04-05,14.1275
2021-04-06,14.1875
2021-04-07,14.0875
2021-04-08,14.1525
2021-04-09,14.03
2021-04-12,13.82
2021-04-13,13.895
2021-04-14,14.1
2021-04-15,14.1825
2021-04-16,14.3325
2021-04-19,14.4975
2021-04-20,14.72
2021-04-21,14.9725
2021-04-22,15.3325
2021-04-23,15.3975
2021-04-26,15.69
2021-04-27,15.437
2021-04-28,15.4015
2021-04-29,15.1835
2021-04-30,15.416
2021-05-03,15.24
2021-05-04,15.3825
2021-05-05,15.4225
2021-05-06,15.695
2021-05-07,15.8975
2021-05-10,15.875
2021-05-11,16.1475
2021-05-12,16.425
2021-05-13,15.84
2021-05-14,15.8625
2021-05-17,15.875
2021-05-18,15.7425
2021-05-19,15.3825
2021-05-20,15.3325
2021-05-21,15.2625
2021-05-24,15.2275
2021-05-25,15.1175
2021-05-26,15.035
2021-05-27,15.37
2021-05-28,15.305
2021-06-01,15.485
2021-06-02,15.625
2021-06-03,15.4925
2021-06-04,15.8375
2021-06-07,15.6025
2021-06-08,15.8
2021-06-09,15.625
2021-06-10,15.44
2021-06-11,15.085
2021-06-14,14.7225
2021-06-15,14.6575
2021-06-16,14.485
2021-06-17,13.2975
2021-06-18,13.96
2021-06-21,14.15
2021-06-22,13.945
2021-06-23,13.85
2021-06-24,13.7125
2021-06-25,13.2435
2021-06-28,13.489
2021-06-29,13.4775
2021-06-30,14.34
2021-07-01,14.2975
2021-07-02,14.3325
2021-07-06,13.4425
2021-07-07,13.6675
2021-07-08,13.6525
2021-07-09,13.7925
2021-07-12,14.0425
2021-07-13,14.1475
2021-07-14,14.53
2021-07-15,14.475
2021-07-16,14.5475
2021-07-19,14.28
2021-07-20,14.435
2021-07-21,14.3925
2021-07-22,14.1625
2021-07-23,14.01
2021-07-26,14.1275
2021-07-27,14.08
2021-07-28,14.073
2021-07-29,14.0485
2021-07-30,13.6735
2021-08-02,13.5625
2021-08-03,13.2375
2021-08-04,13.32
2021-08-05,13.3575
2021-08-06,13.4425
2021-08-09,13.415
2021-08-10,13.4825
2021-08-11,13.47
2021-08-12,13.47
2021-08-13,13.73
2021-08-16,13.76
2021-08-17,13.69
2021-08-18,13.5825
2021-08-19,13.23
2021-08-20,12.9375
2021-08-23,12.94
2021-08-24,13.37
2021-08-25,13.46
2021-08-26,13.5925
2021-08-27,13.4485
2021-08-30,13.0385
2021-08-31,12.9375
2021-09-01,12.7775
2021-09-02,12.8325
2021-09-03,12.92
2021-09-06,12.92
2021-09-07,12.77
2021-09-08,12.795
2021-09-09,12.705
2021-09-10,12.865
2021-09-13,12.8475
2021-09-14,12.825
2021-09-15,12.945
2021-09-16,12.96
2021-09-17,12.84
2021-09-20,12.625
2021-09-21,12.74
2021-09-22,12.8275
2021-09-23,12.8425
2021-09-24,12.85
2021-09-27,12.875
2021-09-28,12.77
2021-09-29,12.8375
2021-09-30,12.56
2021-10-01,12.465
2021-10-04,12.3575
2021-10-05,12.505
2021-10-06,12.42
2021-10-07,12.4725
2021-10-08,12.43
2021-10-11,12.2825
2021-10-12,11.9825
2021-10-13,11.9525
2021-10-14,12.0625
2021-10-15,12.1775
2021-10-18,12.215
2021-10-19,12.28
2021-10-20,12.455
2021-10-21,12.24
2021-10-22,12.205
2021-10-25,12.3725
2021-10-26,12.399
2021-10-27,12.4345
2021-10-28,12.411
2021-10-29,12.4675
2021-11-01,12.485
2021-11-02,12.5625
2021-11-03,12.4425
2021-11-04,12.2275
2021-11-05,12.055
2021-11-08,11.885
2021-11-09,12.12
2021-11-10,12.1675
2021-11-11,12.215
2021-11-12,12.4425
2021-11-15,12.5725
2021-11-16,12.5125
2021-11-17,12.77
2021-11-18,12.6525
2021-11-19,12.6325
2021-11-22,12.7425
2021-11-23,12.73
2021-11-24,12.665
2021-11-26,12.5275
2021-11-29,12.415
2021-11-30,12.1725
2021-12-01,12.2825
2021-12-02,12.4425
2021-12-03,12.6725
2021-12-06,12.615
2021-12-07,12.5025
2021-12-08,12.61
2021-12-09,12.645
2021-12-10,12.6775
2021-12-13,12.44
2021-12-14,12.595
2021-12-15,12.625
2021-12-16,12.7725
2021-12-17,12.8525
2021-12-20,12.9225
2021-12-21,13.08
2021-12-22,13.2875
2021-12-23,13.32
2021-12-24,13.32
2021-12-26,13.32
2021-12-27,13.625
2021-12-28,13.61
2021-12-29,13.614
2021-12-30,13.342
2021-12-31,13.3715
2022-01-03,13.555
2022-01-04,13.8975
2022-01-05,13.9475
2022-01-06,13.8725
2022-01-07,14.1025
2022-01-10,13.8475
2022-01-11,13.865
2022-01-12,13.9925
2022-01-13,13.7725
2022-01-14,13.6975
2022-01-18,13.6125
2022-01-19,13.9125
2022-01-20,14.2575
2022-01-21,14.1425
2022-01-24,14.03
2022-01-25,14.0725
2022-01-26,14.4
2022-01-27,14.4825
2022-01-28,14.7
2022-01-31,14.905
2022-02-01,15.285
2022-02-02,15.4525
2022-02-03,15.4425
2022-02-04,15.535
2022-02-07,15.8175
2022-02-08,15.69
2022-02-09,15.9475
2022-02-10,15.7425
2022-02-11,15.83
2022-02-14,15.7
2022-02-15,15.5125
2022-02-16,15.875
2022-02-17,15.92
2022-02-18,16.015
2022-02-21,16.015
2022-02-22,16.35
2022-02-23,16.742
2022-02-24,16.585
2022-02-25,15.868
2022-02-28,16.3825
2022-03-01,16.9
2022-03-02,16.63
2022-03-03,16.6775
2022-03-04,16.605
2022-03-07,16.595
2022-03-08,16.8975
2022-03-09,16.7175
2022-03-10,16.8625
2022-03-11,16.76
2022-03-14,16.705
2022-03-15,16.5875
2022-03-16,16.4925
2022-03-17,16.685
2022-03-18,16.68
2022-03-21,16.91
2022-03-22,16.965
2022-03-23,17.1875
2022-03-24,17.0075
2022-03-25,17.1025
2022-03-28,16.6425
2022-03-29,16.43
2022-03-30,16.64
2022-03-31,16.1825
2022-04-01,15.8275
2022-04-04,16.0225
2022-04-05,16.31
2022-04-06,16.195
2022-04-07,16.455
2022-04-08,16.89
2022-04-11,16.5525
2022-04-12,16.7025
2022-04-13,16.76
2022-04-14,16.8225
2022-04-15,16.8225
2022-04-18,17.1475
2022-04-19,17.165
2022-04-20,17.4675
2022-04-21,17.4825
2022-04-22,17.16
2022-04-25,17.035
2022-04-26,16.9855
2022-04-27,17.13
2022-04-28,16.9345
2022-04-29,16.8945
2022-05-02,16.4525
2022-05-03,16.305
2022-05-04,16.405
2022-05-05,16.47
2022-05-06,16.22
2022-05-09,15.8525
2022-05-10,15.9225
2022-05-11,16.0675
2022-05-12,16.1375
2022-05-13,16.465
2022-05-16,16.565
2022-05-17,16.78
2022-05-18,16.6275
2022-05-19,16.905
2022-05-20,17.0525
2022-05-23,16.87
2022-05-24,16.93
2022-05-25,16.81
2022-05-26,17.265
2022-05-27,17.3225
2022-05-31,16.8325
2022-06-01,16.9025
2022-06-02,17.2925
2022-06-03,16.9775
2022-06-06,16.9925
2022-06-07,17.2825
2022-06-08,17.4
2022-06-09,17.69
2022-06-10,17.455
2022-06-13,17.075
2022-06-14,16.985
2022-06-15,16.9375
2022-06-16,17.095
2022-06-17,17.02
2022-06-20,17.02
2022-06-21,16.81
2022-06-22,16.5275
2022-06-23,15.9325
2022-06-24,16.1075
2022-06-27,16.0849
2022-06-28,16.3152
2022-06-29,16.6662
2022-06-30,16.7046
2022-07-01,16.7431
2022-07-02,16.22
2022-07-03,16.22
2022-07-04,16.204
2022-07-05,16.2132
2022-07-06,15.7112
2022-07-07,15.7726
2022-07-08,15.8989
2022-07-09,16.35
2022-07-10,16.35
2022-07-11,16.3433
2022-07-12,16.3654
2022-07-13,15.9209
2022-07-14,15.9931
2022-07-15,16.0841
2022-07-16,14.7
2022-07-17,14.7
2022-07-18,14.696
2022-07-19,14.79
2022-07-20,14.54
2022-07-21,14.21
2022-07-22,14.33
2022-07-25,14.72
2022-07-26,15.3
2022-07-27,15.8
2022-07-28,16.13
2022-07-29,16.42
2022-08-01,15.95
2022-08-02,15.65
2022-08-03,15.59
2022-08-04,16.18
2022-08-05,16.17
2022-08-08,16.13
2022-08-09,16.9
2022-08-10,16.88
2022-08-11,17.1
2022-08-12,16.92
2022-08-15,14.94
2022-08-16,14.55
2022-08-17,14.75
2022-08-18,14.96
2022-08-19,14.91
2022-08-22,15.27
2022-08-23,15.7
2022-08-24,15.62
2022-08-25,15.53
2022-08-26,16.09
2022-08-29,15.39
2022-08-30,15.11
2022-08-31,15.11
2022-09-01,14.72
2022-09-02,15.19
2022-09-05,15.19
2022-09-06,14.9
2022-09-07,14.73
2022-09-08,14.73
2022-09-09,14.82
2022-09-12,15.49
2022-09-13,15.35
2022-09-14,15.06
2022-09-15,14.51
2022-09-16,14.46
2022-09-19,14.62
2022-09-20,14.76
2022-09-21,14.61
2022-09-22,14.55
2022-09-23,14.26
2022-09-26,14.12
2022-09-27,14.09
2022-09-28,14.11
2022-09-29,14.1
2022-09-30,13.66
2022-10-03,13.75
2022-10-04,13.83
2022-10-05,13.72
2022-10-06,13.6
2022-10-07,13.66
2022-10-10,13.74
2022-10-11,13.75
2022-10-12,13.95
2022-10-13,13.94
2022-10-14,13.84
2022-10-17,13.84
2022-10-18,13.72
2022-10-19,13.73
2022-10-20,13.91
2022-10-21,13.93
2022-10-24,13.73
2022-10-25,13.83
2022-10-26,13.82
2022-10-27,13.84
2022-10-28,13.87
2022-10-31,14.06
2022-11-01,14.36
2022-11-02,14.4
2022-11-03,14.26
2022-11-04,14.52
2022-11-07,14.39
2022-11-08,14.45
2022-11-09,14.6
2022-11-10,14.3
2022-11-11,14.59
2022-11-14,14.42
2022-11-15,14.57
2022-11-16,14.3
2022-11-17,14.18
2022-11-18,14.18
2022-11-21,14.36
2022-11-22,14.33
2022-11-23,14.37
2022-11-24,14.37
2022-11-25,14.37
2022-11-28,14.57
2022-11-29,14.59
2022-11-30,14.7
2022-12-01,14.32
2022-12-02,14.32
2022-12-05,14.4
2022-12-06,14.57
2022-12-07,14.74
2022-12-08,14.87
2022-12-09,14.87
2022-12-12,14.61
2022-12-13,14.81
2022-12-14,14.83
2022-12-15,14.72
2022-12-16,14.79
2022-12-19,14.62
2022-12-20,14.78
2022-12-21,14.81
2022-12-22,14.68
2022-12-23,14.8
2022-12-26,14.8
2022-12-27,14.81
2022-12-28,15.09
2022-12-29,15.09
2022-12-30,15.09
2023-01-02,15.19
2023-01-03,14.89
2023-01-04,14.8
2023-01-05,14.67
2023-01-06,14.67
2023-01-09,15.03
2023-01-10,15.11
2023-01-11,15.17
2023-01-12,15.31
2023-01-13,15.35
2023-01-16,15.35
2023-01-17,15.4
2023-01-18,15.25
2023-01-19,15.16
2023-01-20,15.16
2023-01-23,14.92
2023-01-24,14.89
2023-01-25,15.04
2023-01-26,15.24
2023-01-27,15.12
2023-01-30,15.34
2023-01-31,15.38
2023-02-01,15.2
2023-02-02,15.34
2023-02-03,15.32
2023-02-06,15.21
2023-02-07,15.16
2023-02-08,15.2
2023-02-09,15.19
2023-02-10,15.43
2023-02-13,15.43
2023-02-14,15.37
2023-02-15,15.24
2023-02-16,15.27
2023-02-17,15.27
2023-02-20,15.27
2023-02-21,15.49
2023-02-22,15.41
2023-02-23,15.35
2023-02-24,15.35
2023-02-27,15.18
2023-02-28,14.9
2023-03-01,15.05
2023-03-02,15.21
2023-03-03,15.31
2023-03-06,15.41
2023-03-07,15.24
2023-03-08,15.27
2023-03-09,15.19
2023-03-10,15.19
2023-03-13,15.22
2023-03-14,15.0
2023-03-15,14.88
2023-03-16,14.91
2023-03-17,14.76
2023-03-20,14.85
2023-03-21,14.67
2023-03-22,14.49
2023-03-23,14.18
2023-03-24,14.3
2023-03-27,14.42
2023-03-28,14.67
2023-03-29,14.76
2023-03-30,14.75
2023-03-31,15.05
2023-04-03,15.21
2023-04-04,15.19
2023-04-05,15.09
2023-04-06,14.94
2023-04-07,14.94
2023-04-10,14.89
2023-04-11,14.98
2023-04-12,15.06
2023-04-13,15.03
2023-04-14,14.99
2023-04-17,15.16
2023-04-18,15.17
2023-04-19,15.07
2023-04-20,14.98
2023-04-21,14.83
2023-04-24,14.65
2023-04-25,14.46
2023-04-26,14.35
2023-04-27,14.29
2023-04-28,14.45
2023-05-01,14.54
2023-05-02,14.38
2023-05-03,14.47
2023-05-04,14.47
2023-05-05,14.7
2023-05-08,14.67
2023-05-09,14.53
2023-05-10,14.36
2023-05-11,14.45
2023-05-12,14.35
2023-05-15,14.0
2023-05-16,13.65
2023-05-17,13.33
2023-05-18,13.33
2023-05-19,13.05
2023-05-22,13.4
2023-05-23,13.22
2023-05-24,13.24
2023-05-25,13.26
2023-05-26,13.36
2023-05-29,13.36
2023-05-30,12.96
2023-05-31,13.0
2023-06-01,13.27
2023-06-02,13.52
2023-06-05,13.49
2023-06-06,13.53
2023-06-07,13.6
2023-06-08,13.62
2023-06-09,13.88
2023-06-12,13.74
2023-06-13,13.99
2023-06-14,13.9
2023-06-15,14.28
2023-06-16,14.66
2023-06-19,14.66
2023-06-20,14.78
2023-06-21,15.2
2023-06-22,15.01
2023-06-23,14.85
2023-06-26,14.85
2023-06-27,14.9
2023-06-28,14.53
2023-06-29,14.81
2023-06-30,15.58
2023-07-03,15.6
2023-07-04,15.6
2023-07-05,15.44
2023-07-06,15.24
2023-07-07,14.81
2023-07-10,15.07
2023-07-11,15.17
2023-07-12,14.8
2023-07-13,15.16
2023-07-14,14.96
2023-07-17,14.82
2023-07-18,14.92
2023-07-19,14.89
2023-07-20,14.95
2023-07-21,15.0
2023-07-24,15.22
2023-07-25,15.14
2023-07-26,15.57
2023-07-27,15.29
2023-07-28,14.87
2023-07-31,14.48
2023-08-01,14.46
2023-08-02,14.28
2023-08-03,14.25
2023-08-04,14.44
2023-08-07,14.05
2023-08-08,14.3
2023-08-09,14.32
2023-08-10,14.1
2023-08-11,14.07
2023-08-14,14.22
2023-08-15,13.23
2023-08-16,13.37
2023-08-17,13.37
2023-08-18,13.64
2023-08-21,13.69
2023-08-22,13.49
2023-08-23,13.61
2023-08-24,13.66
2023-08-25,13.66
2023-08-28,13.95
2023-08-29,13.82
2023-08-30,13.79
2023-08-31,13.61
2023-09-01,13.55
2023-09-04,13.55
2023-09-05,13.54
2023-09-06,13.6
2023-09-07,13.5
2023-09-08,13.39
2023-09-11,13.53
2023-09-12,13.44
2023-09-13,13.35
2023-09-14,13.35
2023-09-15,13.39
2023-09-18,13.16
2023-09-19,13.15
2023-09-20,13.2
2023-09-21,12.94
2023-09-22,12.95
2023-09-25,12.99
2023-09-26,13.04
2023-09-27,13.03
2023-09-28,13.02
2023-09-29,12.75
2023-10-02,12.77
2023-10-03,12.75
2023-10-04,12.73
2023-10-05,12.8
2023-10-06,12.64
2023-10-09,12.64
2023-10-10,12.73
2023-10-11,12.53
2023-10-12,12.88
2023-10-13,12.82
2023-10-16,12.87
2023-10-17,12.98
2023-10-18,13.13
2023-10-19,13.17
2023-10-20,13.02
2023-10-23,12.87
2023-10-24,12.94
2023-10-25,12.88
2023-10-26,12.79
2023-10-27,12.95
2023-10-30,12.84
2023-10-31,12.88
2023-11-01,12.93
2023-11-02,13.05
2023-11-03,13.3
2023-11-06,13.38
2023-11-07,13.49
2023-11-08,13.51
2023-11-09,13.28
2023-11-10,13.28
2023-11-13,13.69
2023-11-14,13.69
2023-11-15,13.86
2023-11-16,13.6
2023-11-17,13.6
2023-11-20,13.55
2023-11-24,13.3
2023-11-27,13.3
2023-11-28,13.3
2023-11-29,13.47
2023-11-30,13.47
2023-12-01,13.43
2023-12-04,13.24
2023-12-05,13.07
2023-12-06,13.09
2023-12-07,13.11
2023-12-08,13.11
2023-12-11,13.38
2023-12-12,13.24
2023-12-13,13.09
2023-12-14,13.17
2023-12-15,13.17
2023-12-18,13.28
2023-12-19,13.13
2023-12-20,13.1
2023-12-21,12.96
2023-12-22,13.0
2023-12-25,13.0
2023-12-26,13.11
2023-12-27,13.17
2023-12-28,13.05
2023-12-29,12.92
2024-01-01,12.92
2024-01-02,12.74
2024-01-03,12.69
2024-01-04,12.64
2024-01-05,12.5
2024-01-08,12.37
2024-01-09,12.41
2024-01-10,12.31
2024-01-11,12.36
2024-01-12,12.36
2024-01-15,12.31
2024-01-16,12.28
2024-01-17,12.06
2024-01-18,12.13
2024-01-19,12.14
2024-01-22,12.24
2024-01-23,12.39
2024-01-24,12.4
2024-01-25,12.23
2024-01-26,12.23
2024-01-29,11.94
2024-01-30,12.2
2024-01-31,12.22
2024-02-01,12.03
2024-02-02,12.03
2024-02-05,11.98
2024-02-06,12.0
2024-02-07,11.9
2024-02-08,11.96
2024-02-09,11.85
2024-02-12,11.93
2024-02-13,11.87
2024-02-14,11.68
2024-02-15,11.63
2024-02-16,11.63
2024-02-19,11.74
2024-02-20,11.79
2024-02-21,11.6
2024-02-22,11.48
2024-02-23,11.48
2024-02-26,11.34
2024-02-27,11.34
2024-02-28,11.35
2024-02-29,11.27
2024-03-01,11.43
2024-03-04,11.47
2024-03-05,11.4
2024-03-06,11.39
2024-03-07,11.53
2024-03-08,11.53
2024-03-11,11.7
2024-03-12,11.76
2024-03-13,11.83
2024-03-14,11.93
2024-03-15,11.99
2024-03-18,11.88
2024-03-19,11.86
2024-03-20,12.1
2024-03-21,12.11
2024-03-22,11.92
2024-03-25,12.08
2024-03-26,11.98
2024-03-27,11.92
2024-03-28,11.92
2024-03-29,11.92
2024-04-01,11.86
2024-04-02,11.76
2024-04-03,11.83
2024-04-04,11.8
2024-04-05,11.87
2024-04-08,11.82
2024-04-09,11.75
2024-04-10,11.64
2024-04-11,11.64
2024-04-12,11.59
2024-04-15,11.72
2024-04-16,11.59
2024-04-17,11.45
2024-04-18,11.49
2024-04-19,11.34
2024-04-22,11.51
2024-04-23,11.61
2024-04-24,11.67
2024-04-25,11.66
2024-04-26,11.62
2024-04-29,11.59
2024-04-30,11.46
2024-05-01,11.56
2024-05-02,11.9
2024-05-03,12.01
2024-05-06,12.35
2024-05-07,12.35
2024-05-08,12.11
2024-05-09,11.95
2024-05-10,12.05
2024-05-13,12.05
2024-05-14,12.05
2024-05-15,12.14
2024-05-16,12.17
2024-05-17,12.27
2024-05-20,12.47
2024-05-21,12.36
2024-05-22,12.47
2024-05-23,12.39
2024-05-24,12.5
2024-05-27,12.5
2024-05-28,12.3
2024-05-29,12.13
2024-05-30,12.11
2024-05-31,12.05
2024-06-03,11.85
2024-06-04,11.8
2024-06-05,11.76
2024-06-06,11.76
2024-06-07,12.0
2024-06-10,11.88
2024-06-11,11.77
2024-06-12,11.77
2024-06-13,11.89
2024-06-14,11.78
2024-06-17,11.58
2024-06-18,11.73
2024-06-19,11.73
2024-06-20,11.56
2024-06-21,11.61
2024-06-24,11.61
2024-06-25,11.62
2024-06-26,11.6
2024-06-27,11.53
2024-06-28,11.51
2024-07-01,11.59
2024-07-02,11.59
2024-07-03,11.77
2024-07-04,11.77
2024-07-05,11.89
2024-07-08,11.74
2024-07-09,11.6
2024-07-10,11.36
2024-07-11,11.37
2024-07-12,11.37
2024-07-15,10.76
2024-07-16,10.92
2024-07-17,10.99
2024-07-18,10.99
2024-07-19,10.96
2024-07-22,11.18
2024-07-23,11.17
2024-07-24,11.1
2024-07-25,11.15
2024-07-26,10.72
2024-07-29,10.57
2024-07-30,10.24
2024-07-31,10.24
2024-08-01,10.22
2024-08-02,10.27
2024-08-05,10.45
2024-08-06,10.45
2024-08-07,10.34
2024-08-08,10.15
2024-08-09,10.28
2024-08-12,10.22
2024-08-13,10.22
2024-08-14,10.02
2024-08-15,9.51
2024-08-16,9.51
2024-08-19,9.57
2024-08-20,9.58
2024-08-21,9.64
2024-08-22,9.41
2024-08-23,9.53
2024-08-26,9.53
2024-08-27,9.7
2024-08-28,9.7
2024-08-29,9.73
2024-08-30,9.82
2024-09-02,9.82
2024-09-03,9.96
2024-09-04,10.02
2024-09-05,10.0
2024-09-06,10.02
2024-09-09,10.0
2024-09-10,9.82
2024-09-11,9.78
2024-09-12,9.88
2024-09-13,9.88
2024-09-16,10.05
2024-09-17,10.07
2024-09-18,10.15
2024-09-19,10.13
2024-09-20,10.14
2024-09-23,10.39
2024-09-24,10.39
2024-09-25,10.43
2024-09-26,10.53
2024-09-27,10.66
2024-09-30,10.66
2024-10-01,10.57
2024-10-02,10.55
2024-10-03,10.47
2024-10-04,10.38
2024-10-07,10.38
2024-10-08,10.35
2024-10-09,10.22
2024-10-10,10.22
2024-10-11,10.05
2024-10-14,9.96
2024-10-15,9.93
2024-10-16,9.93
2024-10-17,9.78
2024-10-18,9.9
2024-10-21,9.8
2024-10-22,9.8
2024-10-23,9.98
2024-10-24,9.96
2024-10-25,0.0
2024-10-28,9.75
2024-10-29,9.66
2024-10-30,9.79
2024-10-31,9.84
2024-11-01,9.84
2024-11-04,9.87
2024-11-05,9.95
2024-11-06,9.95
2024-11-07,10.16
2024-11-08,10.17
2024-11-11,10.11
2024-11-12,10.11
2024-11-13,10.03
2024-11-14,9.9
2024-11-15,9.98
2024-11-18,10.1
2024-11-19,10.1
2024-11-20,9.99
2024-11-21,9.81
2024-11-22,9.85
2024-11-25,9.85
2024-11-26,9.83
2024-11-27,9.89
2024-11-28,9.89
2024-11-29,9.91
2024-12-02,9.86
2024-12-03,9.92
2024-12-04,9.84
2024-12-05,9.94
2024-12-06,9.95
2024-12-09,9.9
2024-12-10,9.95
2024-12-11,9.96
2024-12-12,9.95
2024-12-13,9.95
2024-12-16,9.83
2024-12-17,9.77
2024-12-18,9.77
2024-12-19,9.52
2024-12-20,9.75
2024-12-23,9.69
2024-12-24,9.74
2024-12-25,9.74
2024-12-26,9.88
2024-12-27,9.81
2024-12-30,9.83
2024-12-31,9.98
2025-01-01,9.98
2025-01-02,9.98
2025-01-03,10.0
2025-01-06,9.9
2025-01-07,9.93
2025-01-08,9.93
2025-01-09,9.86
2025-01-10,10.15
2025-01-13,10.44
2025-01-14,10.44
2025-01-15,10.43
2025-01-16,10.43
2025-01-17,10.36
2025-01-20,10.36
2025-01-21,10.68
2025-01-22,10.57
2025-01-23,10.64
2025-01-24,10.55
2025-01-27,10.46
2025-01-28,10.46
2025-01-29,10.46
2025-01-30,10.6
2025-01-31,10.45
2025-02-03,10.57
2025-02-04,10.75
2025-02-05,10.59
2025-02-06,10.66
2025-02-07,10.49
2025-02-10,10.49
2025-02-11,10.49
2025-02-12,10.28
2025-02-13,10.3
2025-02-14,10.37
2025-02-17,10.37
2025-02-18,10.38
2025-02-19,10.33
2025-02-20,10.44
2025-02-21,10.4
2025-02-24,10.4
2025-02-25,10.31
2025-02-26,10.25
2025-02-27,10.25
2025-02-28,10.25
2025-03-03,9.97
2025-03-04,9.86
2025-03-05,9.99
2025-03-06,9.99
2025-03-07,10.1
2025-03-10,10.01
2025-03-11,10.02
2025-03-12,9.86
2025-03-13,9.99
2025-03-14,9.99
2025-03-17,9.99
2025-03-18,10.13
2025-03-19,10.09
2025-03-20,10.09
2025-03-21,10.1
2025-03-24,10.07
2025-03-25,10.02
2025-03-26,10.02
2025-03-27,10.16
2025-03-28,10.22
2025-03-31,10.22
2025-04-01,10.33
2025-04-02,10.33
2025-04-03,10.12
2025-04-04,9.77
2025-04-07,9.85
2025-04-08,9.85
2025-04-09,10.13
2025-04-10,10.28
2025-04-11,10.44
2025-04-14,10.41
2025-04-15,10.35
2025-04-16,10.38
2025-04-17,10.36
2025-04-18,10.36
2025-04-21,10.3
2025-04-22,10.36
2025-04-23,10.42
2025-04-24,10.42
2025-04-25,10.5
2025-04-28,10.5
2025-04-29,10.5
2025-04-30,10.34
2025-05-01,10.34
2025-05-02,10.49
2025-05-05,10.37
2025-05-06,10.34
2025-05-07,10.3
2025-05-08,10.36
2025-05-09,10.36
2025-05-12,10.65
2025-05-13,10.65
2025-05-14,10.58
2025-05-15,10.53
2025-05-16,10.51
2025-05-19,10.51
2025-05-20,10.54
2025-05-21,10.62
2025-05-22,10.68
2025-05-23,10.68
2025-05-26,10.61
2025-05-27,10.62
2025-05-28,10.49
2025-05-29,10.51
2025-05-30,10.42
2025-06-02,10.35
2025-06-03,10.41
2025-06-04,10.45
2025-06-05,10.51
2025-06-06,10.58
2025-06-09,10.58
2025-06-10,10.58
2025-06-11,10.5
2025-06-12,10.43
2025-06-13,10.43
2025-06-16,10.7
2025-06-17,10.74
2025-06-18,10.73
2025-06-19,10.73
2025-06-20,10.67
2025-06-23,10.58
2025-06-24,10.58
2025-06-25,10.47
2025-06-26,10.26
2025-06-27,10.28
2025-06-30,10.28
2025-07-01,10.25
2025-07-02,10.24
2025-07-03,10.5
2025-07-04,10.55
2025-07-07,10.55
2025-07-08,10.37
2025-07-09,10.25
2025-07-10,10.19
2025-07-11,10.13
2025-07-14,10.16
2025-07-15,9.97
2025-07-16,9.95
2025-07-17,10.13
2025-07-18,10.22
2025-07-21,10.27
2025-07-22,10.15
2025-07-23,10.12
2025-07-24,10.06
2025-07-25,10.05
2025-07-28,9.99
2025-07-29,9.88
2025-07-30,9.81
2025-07-31,9.68
2025-08-01,9.63
2025-08-04,9.69
2025-08-05,9.69
2025-08-06,9.7
2025-08-07,9.62
2025-08-08,9.7
2025-08-11,9.91
2025-08-12,9.91
2025-08-13,10.05
2025-08-14,10.18
2025-08-15,10.18
2025-08-18,10.23
2025-08-19,10.2
2025-08-20,10.13
2025-08-21,10.33
2025-08-22,10.33
2025-08-25,10.36
2025-08-26,10.26
2025-08-27,10.29
2025-08-28,10.28
2025-08-29,10.3
2025-09-01,10.37
2025-09-02,10.37
2025-09-03,10.16
2025-09-04,10.16
2025-09-05,10.1
2025-09-08,10.08
2025-09-09,10.1
2025-09-10,10.1
2025-09-11,10.1
2025-09-12,10.1
2025-09-15,10.43
2025-09-16,10.43
2025-09-17,10.49
2025-09-18,10.44
2025-09-19,10.39
2025-09-22,10.26
2025-09-23,10.11
2025-09-24,10.13
2025-09-25,10.09
2025-09-26,10.12
2025-09-29,10.14
2025-09-30,10.09
2025-10-01,10.01
2025-10-02,10.15
2025-10-03,10.22
2025-10-06,10.17
2025-10-07,10.18
2025-10-08,10.21
2025-10-09,10.3
2025-10-10,10.22
2025-10-13,10.07
2025-10-14,10.06
2025-10-15,10.06
2025-10-16,10.07
2025-10-17,10.12
2025-10-20,10.21
2025-10-21,10.33
2025-10-22,10.31
2025-10-23,10.35
2025-10-24,10.44
2025-10-27,10.42
2025-10-28,10.65
2025-10-29,10.67
2025-10-30,10.85
2025-10-31,11.0
2025-11-03,11.2
2025-11-04,11.08
2025-11-05,11.19
2025-11-06,10.92
2025-11-07,11.02
2025-11-10,11.16
2025-11-11,11.13
2025-11-12,11.21
2025-11-13,11.33
2025-11-14,11.13
2025-11-17,11.58
2025-11-18,11.51
2025-11-19,11.35
2025-11-20,11.23
2025-11-21,11.27
2025-11-24,11.21
2025-11-25,11.24
2025-11-26,11.32
2025-11-27,11.32
2025-11-28,11.37
2025-12-01,11.27
2025-12-02,11.24
2025-12-03,11.16
2025-12-04,11.2
2025-12-05,11.05
2025-12-08,10.94
2025-12-09,10.88
2025-12-10,10.92
2025-12-11,10.94
2025-12-12,10.76
2025-12-15,10.73
2025-12-16,10.63
2025-12-17,10.59
2025-12-18,10.52
2025-12-19,10.49
2025-12-22,10.53
2025-12-23,10.51
2025-12-24,10.63
2025-12-25,10.63
2025-12-26,10.58
2025-12-29,10.5
2025-12-30,10.44
2025-12-31,10.31
2026-01-01,10.31
2026-01-02,10.3
2026-01-05,10.47
2026-01-06,10.42
2026-01-07,10.53
2026-01-08,10.47
2026-01-09,10.49
2026-01-12,10.33
2026-01-13,10.23
2026-01-14,10.31
2026-01-15,10.53
2026-01-16,10.56
2026-01-19,10.56
2026-01-20,10.53
2026-01-21,10.65
2026-01-22,10.64
2026-01-23,10.68
2026-01-26,10.6
2026-01-27,10.68
2026-01-28,10.75
2026-01-29,10.72
2026-01-30,10.64
2026-02-02,10.6
2026-02-03,10.67
2026-02-04,10.92
2026-02-05,11.11
2026-02-06,11.15
2026-02-09,11.1
2026-02-10,11.23
2026-02-11,11.24
2026-02-12,11.37
2026-02-13,11.35
2026-02-16,11.34
2026-02-17,11.35
2026-02-18,11.33
2026-02-19,11.42
2026-02-20,11.38
2026-02-23,11.35
2026-02-24,11.39
2026-02-25,11.49
2026-02-26,11.47
2026-02-27,11.57
2026-03-02,11.5
2026-03-03,11.57
2026-03-04,11.55
2026-03-05,11.64
2026-03-06,11.79
