Date,Value
1986-01-02,0.0474
1986-01-03,0.0477
1986-01-06,0.0479
1986-01-07,0.0504
1986-01-08,0.0487
1986-01-09,0.0484
1986-01-10,0.049
1986-01-13,0.0468
1986-01-14,0.0444
1986-01-15,0.0452
1986-01-16,0.0441
1986-01-17,0.0451
1986-01-20,0.0448
1986-01-21,0.0435
1986-01-22,0.046
1986-01-23,0.0537
1986-01-24,0.0532
1986-01-27,0.0533
1986-01-28,0.0531
1986-01-29,0.0529
1986-01-30,0.0521
1986-01-31,0.0536
1986-02-03,0.0534
1986-02-04,0.0545
1986-02-05,0.0533
1986-02-06,0.0537
1986-02-07,0.0546
1986-02-10,0.0549
1986-02-11,0.055
1986-02-12,0.0552
1986-02-13,0.0554
1986-02-14,0.0536
1986-02-18,0.0544
1986-02-19,0.0549
1986-02-20,0.0556
1986-02-21,0.0558
1986-02-24,0.0577
1986-02-25,0.0586
1986-02-26,0.0575
1986-02-27,0.0578
1986-02-28,0.0589
1986-03-03,0.0629
1986-03-04,0.0644
1986-03-05,0.0634
1986-03-06,0.0631
1986-03-07,0.0636
1986-03-10,0.063
1986-03-11,0.0662
1986-03-12,0.0678
1986-03-13,0.0677
1986-03-14,0.0703
1986-03-17,0.0691
1986-03-18,0.0702
1986-03-19,0.0689
1986-03-20,0.0693
1986-03-21,0.0717
1986-03-24,0.0762
1986-03-25,0.077
1986-03-26,0.0845
1986-03-27,0.0842
1986-03-31,0.0898
1986-04-01,0.0893
1986-04-02,0.0868
1986-04-03,0.0848
1986-04-04,0.086
1986-04-07,0.0918
1986-04-08,0.0931
1986-04-09,0.0909
1986-04-10,0.0879
1986-04-11,0.0783
1986-04-14,0.0803
1986-04-15,0.079
1986-04-16,0.079
1986-04-17,0.0806
1986-04-18,0.0822
1986-04-21,0.0797
1986-04-22,0.078
1986-04-23,0.0786
1986-04-24,0.0799
1986-04-25,0.0821
1986-04-28,0.081
1986-04-29,0.0845
1986-04-30,0.0858
1986-05-01,0.0841
1986-05-02,0.084
1986-05-05,0.0848
1986-05-06,0.086
1986-05-07,0.083
1986-05-08,0.083
1986-05-09,0.0841
1986-05-12,0.083
1986-05-13,0.0802
1986-05-14,0.0754
1986-05-15,0.0746
1986-05-16,0.0755
1986-05-19,0.0715
1986-05-20,0.0677
1986-05-21,0.0691
1986-05-22,0.0688
1986-05-23,0.0709
1986-05-27,0.0711
1986-05-28,0.0687
1986-05-29,0.0686
1986-05-30,0.0713
1986-06-02,0.0726
1986-06-03,0.0715
1986-06-04,0.0705
1986-06-05,0.0688
1986-06-06,0.0705
1986-06-09,0.0676
1986-06-10,0.066
1986-06-11,0.0666
1986-06-12,0.0642
1986-06-13,0.0627
1986-06-16,0.0627
1986-06-17,0.0616
1986-06-18,0.0624
1986-06-19,0.0617
1986-06-20,0.0592
1986-06-23,0.0586
1986-06-24,0.0581
1986-06-25,0.0565
1986-06-26,0.0591
1986-06-27,0.0597
1986-06-30,0.0596
1986-07-01,0.0601
1986-07-02,0.0568
1986-07-03,0.0568
1986-07-07,0.0531
1986-07-08,0.0527
1986-07-09,0.0527
1986-07-10,0.0527
1986-07-11,0.0501
1986-07-14,0.0492
1986-07-15,0.0503
1986-07-16,0.049
1986-07-17,0.0536
1986-07-18,0.0581
1986-07-21,0.0557
1986-07-22,0.0587
1986-07-23,0.0558
1986-07-24,0.0579
1986-07-25,0.0616
1986-07-28,0.0629
1986-07-29,0.062
1986-07-30,0.0632
1986-07-31,0.0621
1986-08-01,0.0599
1986-08-04,0.0591
1986-08-05,0.0612
1986-08-06,0.0614
1986-08-07,0.063
1986-08-08,0.0633
1986-08-11,0.0638
1986-08-12,0.0638
1986-08-13,0.0583
1986-08-14,0.0572
1986-08-15,0.0531
1986-08-18,0.0532
1986-08-19,0.0494
1986-08-20,0.0496
1986-08-21,0.0506
1986-08-22,0.05
1986-08-25,0.0495
1986-08-26,0.0497
1986-08-27,0.0517
1986-08-28,0.049
1986-08-29,0.047
1986-09-02,0.046
1986-09-03,0.046
1986-09-04,0.0452
1986-09-05,0.0434
1986-09-08,0.0434
1986-09-09,0.0457
1986-09-10,0.0489
1986-09-11,0.0483
1986-09-12,0.0491
1986-09-15,0.0473
1986-09-16,0.0474
1986-09-17,0.0463
1986-09-18,0.0453
1986-09-19,0.0444
1986-09-22,0.0442
1986-09-23,0.0485
1986-09-24,0.0491
1986-09-25,0.0483
1986-09-26,0.0479
1986-09-29,0.0461
1986-09-30,0.0493
1986-10-01,0.047
1986-10-02,0.0463
1986-10-03,0.0479
1986-10-06,0.0495
1986-10-07,0.0485
1986-10-08,0.0483
1986-10-09,0.0531
1986-10-10,0.055
1986-10-13,0.0561
1986-10-14,0.0546
1986-10-15,0.0546
1986-10-16,0.0552
1986-10-17,0.0578
1986-10-20,0.0567
1986-10-21,0.0569
1986-10-22,0.058
1986-10-23,0.0571
1986-10-24,0.0569
1986-10-27,0.0576
1986-10-28,0.0576
1986-10-29,0.0577
1986-10-30,0.0564
1986-10-31,0.0586
1986-11-03,0.0615
1986-11-04,0.0613
1986-11-05,0.0611
1986-11-06,0.0605
1986-11-07,0.0616
1986-11-10,0.0627
1986-11-11,0.0596
1986-11-12,0.0599
1986-11-13,0.0594
1986-11-14,0.0571
1986-11-17,0.0572
1986-11-18,0.0585
1986-11-19,0.0576
1986-11-20,0.059
1986-11-21,0.0584
1986-11-24,0.0576
1986-11-25,0.057
1986-11-26,0.0576
1986-11-28,0.0576
1986-12-01,0.0603
1986-12-02,0.0606
1986-12-03,0.0625
1986-12-04,0.0612
1986-12-05,0.061
1986-12-08,0.0611
1986-12-09,0.0573
1986-12-10,0.0574
1986-12-11,0.0571
1986-12-12,0.057
1986-12-15,0.0543
1986-12-16,0.0528
1986-12-17,0.0531
1986-12-18,0.0544
1986-12-19,0.0531
1986-12-22,0.0539
1986-12-23,0.0544
1986-12-24,0.0546
1986-12-26,0.0546
1986-12-29,0.0545
1986-12-30,0.0537
1986-12-31,0.0543
1987-01-02,0.0543
1987-01-05,0.0536
1987-01-06,0.0523
1987-01-07,0.0522
1987-01-08,0.0587
1987-01-09,0.0607
1987-01-12,0.0603
1987-01-13,0.0617
1987-01-14,0.0646
1987-01-15,0.0631
1987-01-16,0.0635
1987-01-19,0.0626
1987-01-20,0.0628
1987-01-21,0.065
1987-01-22,0.0688
1987-01-23,0.0734
1987-01-26,0.0734
1987-01-27,0.0743
1987-01-28,0.0769
1987-01-29,0.0748
1987-01-30,0.0722
1987-02-02,0.0739
1987-02-03,0.0736
1987-02-04,0.075
1987-02-05,0.0773
1987-02-06,0.0719
1987-02-09,0.0731
1987-02-10,0.0744
1987-02-11,0.0753
1987-02-12,0.075
1987-02-13,0.0747
1987-02-17,0.0731
1987-02-18,0.0697
1987-02-19,0.0709
1987-02-20,0.0712
1987-02-23,0.0723
1987-02-24,0.0716
1987-02-25,0.0726
1987-02-26,0.0736
1987-02-27,0.0778
1987-03-02,0.0806
1987-03-03,0.0808
1987-03-04,0.08
1987-03-05,0.0798
1987-03-06,0.081
1987-03-09,0.0794
1987-03-10,0.0803
1987-03-11,0.0783
1987-03-12,0.078
1987-03-13,0.0786
1987-03-16,0.0754
1987-03-17,0.0755
1987-03-18,0.0732
1987-03-19,0.0748
1987-03-20,0.0745
1987-03-23,0.0743
1987-03-24,0.0698
1987-03-25,0.0697
1987-03-26,0.0703
1987-03-27,0.0663
1987-03-30,0.0657
1987-03-31,0.0651
1987-04-01,0.066
1987-04-02,0.0656
1987-04-03,0.0666
1987-04-06,0.0661
1987-04-07,0.0662
1987-04-08,0.0656
1987-04-09,0.0658
1987-04-10,0.0677
1987-04-13,0.067
1987-04-14,0.0668
1987-04-15,0.0667
1987-04-16,0.0669
1987-04-20,0.067
1987-04-21,0.0639
1987-04-22,0.0619
1987-04-23,0.063
1987-04-24,0.068
1987-04-27,0.0675
1987-04-28,0.0672
1987-04-29,0.0692
1987-04-30,0.0702
1987-05-01,0.0654
1987-05-04,0.0668
1987-05-05,0.0658
1987-05-06,0.0672
1987-05-07,0.067
1987-05-08,0.0668
1987-05-11,0.0701
1987-05-12,0.068
1987-05-13,0.0673
1987-05-14,0.0685
1987-05-15,0.0699
1987-05-18,0.0683
1987-05-19,0.0687
1987-05-20,0.0671
1987-05-21,0.0687
1987-05-22,0.0682
1987-05-26,0.0643
1987-05-27,0.0648
1987-05-28,0.0645
1987-05-29,0.0644
1987-06-01,0.0625
1987-06-02,0.0639
1987-06-03,0.0633
1987-06-04,0.0628
1987-06-05,0.0635
1987-06-08,0.064
1987-06-09,0.0636
1987-06-10,0.0625
1987-06-11,0.0635
1987-06-12,0.0633
1987-06-15,0.0656
1987-06-16,0.0645
1987-06-17,0.0657
1987-06-18,0.0645
1987-06-19,0.0647
1987-06-22,0.064
1987-06-23,0.064
1987-06-24,0.0641
1987-06-25,0.0644
1987-06-26,0.0677
1987-06-29,0.0644
1987-06-30,0.0633
1987-07-01,0.0639
1987-07-02,0.0645
1987-07-06,0.0646
1987-07-07,0.0646
1987-07-08,0.0642
1987-07-09,0.0646
1987-07-10,0.0648
1987-07-13,0.0647
1987-07-14,0.0636
1987-07-15,0.0609
1987-07-16,0.0595
1987-07-17,0.0597
1987-07-20,0.0603
1987-07-21,0.0578
1987-07-22,0.0586
1987-07-23,0.0556
1987-07-24,0.0563
1987-07-27,0.0572
1987-07-28,0.055
1987-07-29,0.0554
1987-07-30,0.0561
1987-07-31,0.0553
1987-08-03,0.0555
1987-08-04,0.0557
1987-08-05,0.0556
1987-08-06,0.0566
1987-08-07,0.0569
1987-08-10,0.0581
1987-08-11,0.0575
1987-08-12,0.0562
1987-08-13,0.0578
1987-08-14,0.0572
1987-08-17,0.0575
1987-08-18,0.0582
1987-08-19,0.0568
1987-08-20,0.0563
1987-08-21,0.0563
1987-08-24,0.0547
1987-08-25,0.0526
1987-08-26,0.0519
1987-08-27,0.0527
1987-08-28,0.0537
1987-08-31,0.0532
1987-09-01,0.055
1987-09-02,0.0555
1987-09-03,0.0546
1987-09-04,0.0537
1987-09-08,0.0549
1987-09-09,0.052
1987-09-10,0.0585
1987-09-11,0.0568
1987-09-14,0.0563
1987-09-15,0.0567
1987-09-16,0.0581
1987-09-17,0.0595
1987-09-18,0.0611
1987-09-21,0.0613
1987-09-22,0.0603
1987-09-23,0.0586
1987-09-24,0.058
1987-09-25,0.0587
1987-09-28,0.0598
1987-09-29,0.0614
1987-09-30,0.0592
1987-10-01,0.0594
1987-10-02,0.0602
1987-10-05,0.0609
1987-10-06,0.064
1987-10-07,0.0648
1987-10-08,0.0638
1987-10-09,0.0639
1987-10-12,0.0655
1987-10-13,0.0653
1987-10-14,0.0653
1987-10-15,0.0653
1987-10-16,0.0666
1987-10-19,0.0667
1987-10-20,0.0628
1987-10-21,0.0676
1987-10-22,0.0681
1987-10-23,0.07
1987-10-26,0.0697
1987-10-27,0.07
1987-10-28,0.0709
1987-10-29,0.0698
1987-10-30,0.0708
1987-11-02,0.0706
1987-11-03,0.0692
1987-11-04,0.0679
1987-11-05,0.0718
1987-11-06,0.0706
1987-11-09,0.0729
1987-11-10,0.073
1987-11-11,0.0737
1987-11-12,0.0735
1987-11-13,0.0731
1987-11-16,0.072
1987-11-17,0.0719
1987-11-18,0.074
1987-11-19,0.0732
1987-11-20,0.0738
1987-11-23,0.0729
1987-11-24,0.0734
1987-11-25,0.0758
1987-11-27,0.0758
1987-11-30,0.0759
1987-12-01,0.0781
1987-12-02,0.078
1987-12-03,0.0764
1987-12-04,0.0764
1987-12-07,0.0776
1987-12-08,0.0765
1987-12-09,0.077
1987-12-10,0.078
1987-12-11,0.0773
1987-12-14,0.0775
1987-12-15,0.0794
1987-12-16,0.0798
1987-12-17,0.0847
1987-12-18,0.0847
1987-12-21,0.0849
1987-12-22,0.0847
1987-12-23,0.0869
1987-12-24,0.0915
1987-12-28,0.0916
1987-12-29,0.0913
1987-12-30,0.0911
1987-12-31,0.0921
1988-01-04,0.096
1988-01-05,0.0942
1988-01-06,0.0916
1988-01-07,0.0918
1988-01-08,0.0935
1988-01-11,0.0933
1988-01-12,0.0918
1988-01-13,0.09
1988-01-14,0.0921
1988-01-15,0.0943
1988-01-18,0.0939
1988-01-19,0.0975
1988-01-20,0.1
1988-01-21,0.0997
1988-01-22,0.0998
1988-01-25,0.105
1988-01-26,0.1052
1988-01-27,0.1031
1988-01-28,0.0992
1988-01-29,0.0977
1988-02-01,0.0902
1988-02-02,0.0852
1988-02-03,0.0865
1988-02-04,0.0864
1988-02-05,0.088
1988-02-08,0.0813
1988-02-09,0.0819
1988-02-10,0.0844
1988-02-11,0.0854
1988-02-12,0.0843
1988-02-16,0.0855
1988-02-17,0.0858
1988-02-18,0.0872
1988-02-19,0.085
1988-02-22,0.0863
1988-02-23,0.0833
1988-02-24,0.0815
1988-02-25,0.077
1988-02-26,0.0761
1988-02-29,0.0784
1988-03-01,0.0795
1988-03-02,0.0813
1988-03-03,0.0803
1988-03-04,0.0834
1988-03-07,0.0835
1988-03-08,0.0835
1988-03-09,0.0828
1988-03-10,0.0824
1988-03-11,0.0827
1988-03-14,0.0827
1988-03-15,0.0808
1988-03-16,0.0835
1988-03-17,0.0862
1988-03-18,0.0856
1988-03-21,0.0857
1988-03-22,0.0885
1988-03-23,0.0874
1988-03-24,0.0868
1988-03-25,0.0876
1988-03-28,0.0891
1988-03-29,0.0899
1988-03-30,0.0889
1988-03-31,0.088
1988-04-04,0.0848
1988-04-05,0.0844
1988-04-06,0.0847
1988-04-07,0.0842
1988-04-08,0.0864
1988-04-11,0.0851
1988-04-12,0.0855
1988-04-13,0.086
1988-04-14,0.0836
1988-04-15,0.0844
1988-04-18,0.0849
1988-04-19,0.0854
1988-04-20,0.0857
1988-04-21,0.0844
1988-04-22,0.0845
1988-04-25,0.0863
1988-04-26,0.0856
1988-04-27,0.0852
1988-04-28,0.0841
1988-04-29,0.0832
1988-05-02,0.0793
1988-05-03,0.0822
1988-05-04,0.0818
1988-05-05,0.082
1988-05-06,0.0823
1988-05-09,0.0856
1988-05-10,0.0858
1988-05-11,0.0882
1988-05-12,0.0903
1988-05-13,0.0901
1988-05-16,0.091
1988-05-17,0.0906
1988-05-18,0.0902
1988-05-19,0.0926
1988-05-20,0.093
1988-05-23,0.0931
1988-05-24,0.0916
1988-05-25,0.0908
1988-05-26,0.0906
1988-05-27,0.0938
1988-05-31,0.0933
1988-06-01,0.0965
1988-06-02,0.0971
1988-06-03,0.0985
1988-06-06,0.102
1988-06-07,0.1004
1988-06-08,0.0972
1988-06-09,0.0977
1988-06-10,0.0992
1988-06-13,0.0966
1988-06-14,0.0966
1988-06-15,0.0973
1988-06-16,0.0973
1988-06-17,0.0999
1988-06-20,0.1074
1988-06-21,0.1092
1988-06-22,0.1097
1988-06-23,0.1088
1988-06-24,0.1076
1988-06-27,0.1159
1988-06-28,0.1279
1988-06-29,0.1212
1988-06-30,0.1295
1988-07-01,0.1331
1988-07-05,0.1316
1988-07-06,0.1378
1988-07-07,0.1435
1988-07-08,0.1405
1988-07-11,0.1371
1988-07-12,0.1431
1988-07-13,0.1482
1988-07-14,0.1583
1988-07-15,0.1559
1988-07-18,0.1508
1988-07-19,0.156
1988-07-20,0.1527
1988-07-21,0.1433
1988-07-22,0.1437
1988-07-25,0.1483
1988-07-26,0.1213
1988-07-27,0.1251
1988-07-28,0.1158
1988-07-29,0.1169
1988-08-01,0.1185
1988-08-02,0.1165
1988-08-03,0.1223
1988-08-04,0.1205
1988-08-05,0.121
1988-08-08,0.1175
1988-08-09,0.1177
1988-08-10,0.1183
1988-08-11,0.1167
1988-08-12,0.1102
1988-08-15,0.108
1988-08-16,0.1085
1988-08-17,0.1093
1988-08-18,0.1059
1988-08-19,0.1062
1988-08-22,0.1039
1988-08-23,0.1059
1988-08-24,0.1068
1988-08-25,0.1071
1988-08-26,0.1063
1988-08-29,0.1039
1988-08-30,0.1038
1988-08-31,0.1033
1988-09-01,0.1085
1988-09-02,0.1079
1988-09-06,0.1078
1988-09-07,0.103
1988-09-08,0.1016
1988-09-09,0.1006
1988-09-12,0.0996
1988-09-13,0.1046
1988-09-14,0.1044
1988-09-15,0.1072
1988-09-16,0.1031
1988-09-19,0.0979
1988-09-20,0.0968
1988-09-21,0.0984
1988-09-22,0.1005
1988-09-23,0.102
1988-09-26,0.0962
1988-09-27,0.0956
1988-09-28,0.0948
1988-09-29,0.098
1988-09-30,0.0999
1988-10-03,0.0983
1988-10-04,0.0983
1988-10-05,0.0998
1988-10-06,0.0989
1988-10-07,0.1006
1988-10-10,0.0978
1988-10-11,0.0962
1988-10-12,0.1017
1988-10-13,0.1032
1988-10-14,0.1026
1988-10-17,0.1022
1988-10-18,0.1057
1988-10-19,0.1026
1988-10-20,0.1028
1988-10-21,0.1058
1988-10-24,0.1072
1988-10-25,0.1052
1988-10-26,0.1081
1988-10-27,0.1081
1988-10-28,0.1082
1988-10-31,0.1082
1988-11-01,0.1086
1988-11-02,0.1117
1988-11-03,0.1105
1988-11-04,0.1065
1988-11-07,0.1062
1988-11-08,0.107
1988-11-09,0.1073
1988-11-10,0.1076
1988-11-11,0.1045
1988-11-14,0.1073
1988-11-15,0.1068
1988-11-16,0.106
1988-11-17,0.1026
1988-11-18,0.1035
1988-11-21,0.1051
1988-11-22,0.1071
1988-11-23,0.1116
1988-11-25,0.1116
1988-11-28,0.1157
1988-11-29,0.1155
1988-11-30,0.112
1988-12-01,0.1126
1988-12-02,0.1163
1988-12-05,0.1146
1988-12-06,0.1127
1988-12-07,0.1141
1988-12-08,0.1132
1988-12-09,0.1171
1988-12-12,0.1187
1988-12-13,0.1166
1988-12-14,0.1155
1988-12-15,0.1121
1988-12-16,0.1115
1988-12-19,0.111
1988-12-20,0.1102
1988-12-21,0.1096
1988-12-22,0.1106
1988-12-23,0.1105
1988-12-27,0.1121
1988-12-28,0.1109
1988-12-29,0.1093
1988-12-30,0.1093
1989-01-03,0.103
1989-01-04,0.1017
1989-01-05,0.1009
1989-01-06,0.1007
1989-01-09,0.0997
1989-01-10,0.1001
1989-01-11,0.0979
1989-01-12,0.0954
1989-01-13,0.0947
1989-01-16,0.0975
1989-01-17,0.0959
1989-01-18,0.0951
1989-01-19,0.098
1989-01-20,0.0968
1989-01-23,0.0945
1989-01-24,0.0917
1989-01-25,0.0903
1989-01-26,0.0915
1989-01-27,0.0939
1989-01-30,0.0951
1989-01-31,0.0988
1989-02-01,0.1013
1989-02-02,0.101
1989-02-03,0.098
1989-02-06,0.1001
1989-02-07,0.1014
1989-02-08,0.101
1989-02-09,0.1041
1989-02-10,0.1018
1989-02-13,0.102
1989-02-14,0.1017
1989-02-15,0.1025
1989-02-16,0.1054
1989-02-17,0.1099
1989-02-21,0.1123
1989-02-22,0.1135
1989-02-23,0.1102
1989-02-24,0.1108
1989-02-27,0.1088
1989-02-28,0.1073
1989-03-01,0.1073
1989-03-02,0.1088
1989-03-03,0.1073
1989-03-06,0.1096
1989-03-07,0.1094
1989-03-08,0.1134
1989-03-09,0.1187
1989-03-10,0.121
1989-03-13,0.1193
1989-03-14,0.1194
1989-03-15,0.1179
1989-03-16,0.1213
1989-03-17,0.121
1989-03-20,0.1209
1989-03-21,0.1184
1989-03-22,0.1155
1989-03-23,0.1116
1989-03-27,0.1097
1989-03-28,0.111
1989-03-29,0.1173
1989-03-30,0.1184
1989-03-31,0.1217
1989-04-03,0.1261
1989-04-04,0.1247
1989-04-05,0.1222
1989-04-06,0.1248
1989-04-07,0.1193
1989-04-10,0.1186
1989-04-11,0.1192
1989-04-12,0.1196
1989-04-13,0.1183
1989-04-14,0.1176
1989-04-17,0.1209
1989-04-18,0.121
1989-04-19,0.1237
1989-04-20,0.1232
1989-04-21,0.123
1989-04-24,0.1247
1989-04-25,0.1238
1989-04-26,0.1213
1989-04-27,0.1208
1989-04-28,0.1156
1989-05-01,0.1186
1989-05-02,0.1202
1989-05-03,0.1204
1989-05-04,0.1224
1989-05-05,0.1235
1989-05-08,0.1225
1989-05-09,0.1235
1989-05-10,0.1223
1989-05-11,0.1253
1989-05-12,0.1255
1989-05-15,0.1236
1989-05-16,0.1238
1989-05-17,0.1214
1989-05-18,0.123
1989-05-19,0.1208
1989-05-22,0.1177
1989-05-23,0.1153
1989-05-24,0.1119
1989-05-25,0.1115
1989-05-26,0.111
1989-05-30,0.1111
1989-05-31,0.1091
1989-06-01,0.1113
1989-06-02,0.1134
1989-06-05,0.1105
1989-06-06,0.1114
1989-06-07,0.1118
1989-06-08,0.1165
1989-06-09,0.1155
1989-06-12,0.1169
1989-06-13,0.1188
1989-06-14,0.122
1989-06-15,0.1269
1989-06-16,0.1294
1989-06-19,0.1311
1989-06-20,0.1306
1989-06-21,0.131
1989-06-22,0.1399
1989-06-23,0.1391
1989-06-26,0.1369
1989-06-27,0.1394
1989-06-28,0.1398
1989-06-29,0.1411
1989-06-30,0.1454
1989-07-03,0.1461
1989-07-05,0.1383
1989-07-06,0.137
1989-07-07,0.1343
1989-07-10,0.132
1989-07-11,0.13
1989-07-12,0.1272
1989-07-13,0.1354
1989-07-14,0.1402
1989-07-17,0.139
1989-07-18,0.1423
1989-07-19,0.1458
1989-07-20,0.1429
1989-07-21,0.1439
1989-07-24,0.1412
1989-07-25,0.1416
1989-07-26,0.1471
1989-07-27,0.1452
1989-07-28,0.1459
1989-07-31,0.1466
1989-08-01,0.1445
1989-08-02,0.1451
1989-08-03,0.1469
1989-08-04,0.144
1989-08-07,0.141
1989-08-08,0.1397
1989-08-09,0.1424
1989-08-10,0.141
1989-08-11,0.1446
1989-08-14,0.1406
1989-08-15,0.1369
1989-08-16,0.1374
1989-08-17,0.1381
1989-08-18,0.1356
1989-08-21,0.1349
1989-08-22,0.1405
1989-08-23,0.142
1989-08-24,0.141
1989-08-25,0.1399
1989-08-28,0.1329
1989-08-29,0.1326
1989-08-30,0.1338
1989-08-31,0.1351
1989-09-01,0.1342
1989-09-05,0.1346
1989-09-06,0.134
1989-09-07,0.1362
1989-09-08,0.1357
1989-09-11,0.1355
1989-09-12,0.1407
1989-09-13,0.1413
1989-09-14,0.1382
1989-09-15,0.1401
1989-09-18,0.1442
1989-09-19,0.1437
1989-09-20,0.1441
1989-09-21,0.1449
1989-09-22,0.1471
1989-09-25,0.1488
1989-09-26,0.1469
1989-09-27,0.148
1989-09-28,0.1477
1989-09-29,0.1457
1989-10-02,0.1456
1989-10-03,0.1449
1989-10-04,0.1481
1989-10-05,0.1466
1989-10-06,0.1421
1989-10-09,0.1432
1989-10-10,0.1426
1989-10-11,0.1426
1989-10-12,0.1422
1989-10-13,0.1461
1989-10-16,0.1452
1989-10-17,0.1459
1989-10-18,0.146
1989-10-19,0.1458
1989-10-20,0.1449
1989-10-23,0.1417
1989-10-24,0.1414
1989-10-25,0.1429
1989-10-26,0.1427
1989-10-27,0.1422
1989-10-30,0.1442
1989-10-31,0.1429
1989-11-01,0.1471
1989-11-02,0.1486
1989-11-03,0.148
1989-11-06,0.1471
1989-11-07,0.151
1989-11-08,0.1512
1989-11-09,0.1526
1989-11-10,0.1538
1989-11-13,0.1514
1989-11-14,0.1545
1989-11-15,0.154
1989-11-16,0.1523
1989-11-17,0.1549
1989-11-20,0.1539
1989-11-21,0.1519
1989-11-22,0.1507
1989-11-24,0.1507
1989-11-27,0.1485
1989-11-28,0.1486
1989-11-29,0.1411
1989-11-30,0.1425
1989-12-01,0.1493
1989-12-04,0.1358
1989-12-05,0.1365
1989-12-06,0.1395
1989-12-07,0.1376
1989-12-08,0.1383
1989-12-11,0.1368
1989-12-12,0.1381
1989-12-13,0.1384
1989-12-14,0.1386
1989-12-15,0.1379
1989-12-18,0.1363
1989-12-19,0.1371
1989-12-20,0.1312
1989-12-21,0.1283
1989-12-22,0.1298
1989-12-26,0.1279
1989-12-27,0.1305
1989-12-28,0.1328
1989-12-29,0.1314
1990-01-02,0.1315
1990-01-03,0.1385
1990-01-04,0.1402
1990-01-05,0.141
1990-01-08,0.141
1990-01-09,0.1426
1990-01-10,0.1451
1990-01-11,0.1442
1990-01-12,0.1445
1990-01-15,0.1458
1990-01-16,0.1455
1990-01-17,0.143
1990-01-18,0.1425
1990-01-19,0.142
1990-01-22,0.1449
1990-01-23,0.147
1990-01-24,0.147
1990-01-25,0.1509
1990-01-26,0.1479
1990-01-29,0.1471
1990-01-30,0.1458
1990-01-31,0.1455
1990-02-01,0.1475
1990-02-02,0.1469
1990-02-05,0.1474
1990-02-06,0.1462
1990-02-07,0.1461
1990-02-08,0.1477
1990-02-09,0.1514
1990-02-12,0.1505
1990-02-13,0.1453
1990-02-14,0.1462
1990-02-15,0.1461
1990-02-16,0.1469
1990-02-20,0.1449
1990-02-21,0.1457
1990-02-22,0.1479
1990-02-23,0.1457
1990-02-26,0.1441
1990-02-27,0.1417
1990-02-28,0.1433
1990-03-01,0.1414
1990-03-02,0.1437
1990-03-05,0.1479
1990-03-06,0.1484
1990-03-07,0.1498
1990-03-08,0.1532
1990-03-09,0.1558
1990-03-12,0.1548
1990-03-13,0.156
1990-03-14,0.1551
1990-03-15,0.1583
1990-03-16,0.1625
1990-03-19,0.1585
1990-03-20,0.1577
1990-03-21,0.1581
1990-03-22,0.1553
1990-03-23,0.1547
1990-03-26,0.1546
1990-03-27,0.1523
1990-03-28,0.1548
1990-03-29,0.1554
1990-03-30,0.1572
1990-04-02,0.1521
1990-04-03,0.1518
1990-04-04,0.1506
1990-04-05,0.15
1990-04-06,0.1503
1990-04-09,0.1529
1990-04-10,0.1524
1990-04-11,0.1523
1990-04-12,0.1531
1990-04-16,0.1487
1990-04-17,0.1486
1990-04-18,0.153
1990-04-19,0.1511
1990-04-20,0.1515
1990-04-23,0.1522
1990-04-24,0.1533
1990-04-25,0.1572
1990-04-26,0.1566
1990-04-27,0.1566
1990-04-30,0.1587
1990-05-01,0.1597
1990-05-02,0.1581
1990-05-03,0.1562
1990-05-04,0.1449
1990-05-07,0.1466
1990-05-08,0.1465
1990-05-09,0.1461
1990-05-10,0.1458
1990-05-11,0.1481
1990-05-14,0.1477
1990-05-15,0.1449
1990-05-16,0.1457
1990-05-17,0.1434
1990-05-18,0.1429
1990-05-21,0.1438
1990-05-22,0.1446
1990-05-23,0.1444
1990-05-24,0.1458
1990-05-25,0.1465
1990-05-29,0.1409
1990-05-30,0.1372
1990-05-31,0.1369
1990-06-01,0.1327
1990-06-04,0.1347
1990-06-05,0.1356
1990-06-06,0.1355
1990-06-07,0.1355
1990-06-08,0.1354
1990-06-11,0.136
1990-06-12,0.1328
1990-06-13,0.1318
1990-06-14,0.1236
1990-06-15,0.1286
1990-06-18,0.1264
1990-06-19,0.1272
1990-06-20,0.1283
1990-06-21,0.1253
1990-06-22,0.1256
1990-06-25,0.1257
1990-06-26,0.1249
1990-06-27,0.1267
1990-06-28,0.1271
1990-06-29,0.1276
1990-07-02,0.1332
1990-07-03,0.1343
1990-07-05,0.1319
1990-07-06,0.1281
1990-07-09,0.1199
1990-07-10,0.1216
1990-07-11,0.1203
1990-07-12,0.1214
1990-07-13,0.1325
1990-07-16,0.1184
1990-07-17,0.1124
1990-07-18,0.1106
1990-07-19,0.1148
1990-07-20,0.1166
1990-07-23,0.1123
1990-07-24,0.114
1990-07-25,0.1151
1990-07-26,0.115
1990-07-27,0.1145
1990-07-30,0.1131
1990-07-31,0.1123
1990-08-01,0.1056
1990-08-02,0.1051
1990-08-03,0.0989
1990-08-06,0.105
1990-08-07,0.1056
1990-08-08,0.1045
1990-08-09,0.1062
1990-08-10,0.1052
1990-08-13,0.1052
1990-08-14,0.1097
1990-08-15,0.11
1990-08-16,0.1115
1990-08-17,0.1147
1990-08-20,0.1136
1990-08-21,0.112
1990-08-22,0.1105
1990-08-23,0.1146
1990-08-24,0.1161
1990-08-27,0.1152
1990-08-28,0.1152
1990-08-29,0.1103
1990-08-30,0.1089
1990-08-31,0.1047
1990-09-04,0.1065
1990-09-05,0.1086
1990-09-06,0.1125
1990-09-07,0.1115
1990-09-10,0.111
1990-09-11,0.1146
1990-09-12,0.1106
1990-09-13,0.1094
1990-09-14,0.1112
1990-09-17,0.1123
1990-09-18,0.1088
1990-09-19,0.1101
1990-09-20,0.1121
1990-09-21,0.1093
1990-09-24,0.1116
1990-09-25,0.1115
1990-09-26,0.1092
1990-09-27,0.1072
1990-09-28,0.1013
1990-10-01,0.1016
1990-10-02,0.1027
1990-10-03,0.0991
1990-10-04,0.0987
1990-10-05,0.0997
1990-10-08,0.1025
1990-10-09,0.099
1990-10-10,0.1006
1990-10-11,0.0983
1990-10-12,0.0967
1990-10-15,0.0924
1990-10-16,0.0925
1990-10-17,0.0954
1990-10-18,0.0973
1990-10-19,0.0965
1990-10-22,0.1002
1990-10-23,0.0978
1990-10-24,0.0995
1990-10-25,0.0966
1990-10-26,0.0939
1990-10-29,0.0942
1990-10-30,0.0949
1990-10-31,0.0955
1990-11-01,0.098
1990-11-02,0.0976
1990-11-05,0.0968
1990-11-06,0.0992
1990-11-07,0.0972
1990-11-08,0.0993
1990-11-09,0.1019
1990-11-12,0.1028
1990-11-13,0.1035
1990-11-14,0.1033
1990-11-15,0.1016
1990-11-16,0.1028
1990-11-19,0.0986
1990-11-20,0.0984
1990-11-21,0.0998
1990-11-23,0.0998
1990-11-26,0.1015
1990-11-27,0.1002
1990-11-28,0.0999
1990-11-29,0.1003
1990-11-30,0.0972
1990-12-03,0.0981
1990-12-04,0.0975
1990-12-05,0.0991
1990-12-06,0.0961
1990-12-07,0.0967
1990-12-10,0.0971
1990-12-11,0.0989
1990-12-12,0.0981
1990-12-13,0.097
1990-12-14,0.0968
1990-12-17,0.0969
1990-12-18,0.0972
1990-12-19,0.0969
1990-12-20,0.0958
1990-12-21,0.0966
1990-12-24,0.0966
1990-12-26,0.0986
1990-12-27,0.0978
1990-12-28,0.0942
1990-12-31,0.0942
1991-01-02,0.0898
1991-01-03,0.0897
1991-01-04,0.0897
1991-01-07,0.0926
1991-01-08,0.0903
1991-01-09,0.0903
1991-01-10,0.0898
1991-01-11,0.0906
1991-01-14,0.0887
1991-01-15,0.0905
1991-01-16,0.0889
1991-01-17,0.0886
1991-01-18,0.089
1991-01-21,0.0875
1991-01-22,0.0879
1991-01-23,0.0883
1991-01-24,0.0879
1991-01-25,0.0884
1991-01-28,0.0877
1991-01-29,0.0866
1991-01-30,0.0856
1991-01-31,0.0867
1991-02-01,0.0886
1991-02-04,0.0896
1991-02-05,0.0882
1991-02-06,0.0851
1991-02-07,0.0852
1991-02-08,0.0848
1991-02-11,0.0813
1991-02-12,0.0818
1991-02-13,0.0821
1991-02-14,0.0849
1991-02-15,0.0836
1991-02-19,0.087
1991-02-20,0.0856
1991-02-21,0.0856
1991-02-22,0.0819
1991-02-25,0.0832
1991-02-26,0.0875
1991-02-27,0.0916
1991-02-28,0.0902
1991-03-01,0.0922
1991-03-04,0.0933
1991-03-05,0.0956
1991-03-06,0.0948
1991-03-07,0.0965
1991-03-08,0.0958
1991-03-11,0.0926
1991-03-12,0.0922
1991-03-13,0.0911
1991-03-14,0.0927
1991-03-15,0.0907
1991-03-18,0.0923
1991-03-19,0.0918
1991-03-20,0.0903
1991-03-21,0.0889
1991-03-22,0.0905
1991-03-25,0.0911
1991-03-26,0.092
1991-03-27,0.0912
1991-03-28,0.0889
1991-04-01,0.09
1991-04-02,0.0908
1991-04-03,0.0903
1991-04-04,0.091
1991-04-05,0.0895
1991-04-08,0.0921
1991-04-09,0.0918
1991-04-10,0.0906
1991-04-11,0.0895
1991-04-12,0.0871
1991-04-15,0.0866
1991-04-16,0.0861
1991-04-17,0.0857
1991-04-18,0.0807
1991-04-19,0.0794
1991-04-22,0.081
1991-04-23,0.0789
1991-04-24,0.0817
1991-04-25,0.0817
1991-04-26,0.083
1991-04-29,0.0775
1991-04-30,0.0758
1991-05-01,0.0806
1991-05-02,0.0794
1991-05-03,0.0793
1991-05-06,0.0759
1991-05-07,0.0761
1991-05-08,0.0762
1991-05-09,0.0782
1991-05-10,0.0764
1991-05-13,0.0778
1991-05-14,0.0764
1991-05-15,0.0785
1991-05-16,0.0786
1991-05-17,0.0779
1991-05-20,0.0803
1991-05-21,0.0799
1991-05-22,0.08
1991-05-23,0.0787
1991-05-24,0.0808
1991-05-28,0.081
1991-05-29,0.0802
1991-05-30,0.0807
1991-05-31,0.0804
1991-06-03,0.0844
1991-06-04,0.0865
1991-06-05,0.0856
1991-06-06,0.0877
1991-06-07,0.0885
1991-06-10,0.0887
1991-06-11,0.0881
1991-06-12,0.0885
1991-06-13,0.0917
1991-06-14,0.0941
1991-06-17,0.096
1991-06-18,0.0988
1991-06-19,0.1
1991-06-20,0.0989
1991-06-21,0.0986
1991-06-24,0.0982
1991-06-25,0.0992
1991-06-26,0.1004
1991-06-27,0.1019
1991-06-28,0.0975
1991-07-01,0.0997
1991-07-02,0.0978
1991-07-03,0.0998
1991-07-05,0.0998
1991-07-08,0.1068
1991-07-09,0.1063
1991-07-10,0.1031
1991-07-11,0.1029
1991-07-12,0.1057
1991-07-15,0.0912
1991-07-16,0.1001
1991-07-17,0.0989
1991-07-18,0.1072
1991-07-19,0.1054
1991-07-22,0.1025
1991-07-23,0.1026
1991-07-24,0.1027
1991-07-25,0.0985
1991-07-26,0.1017
1991-07-29,0.1022
1991-07-30,0.1029
1991-07-31,0.1054
1991-08-01,0.1047
1991-08-02,0.1027
1991-08-05,0.1044
1991-08-06,0.1021
1991-08-07,0.1004
1991-08-08,0.0985
1991-08-09,0.0963
1991-08-12,0.0898
1991-08-13,0.0909
1991-08-14,0.0913
1991-08-15,0.0903
1991-08-16,0.0894
1991-08-19,0.0872
1991-08-20,0.0855
1991-08-21,0.0918
1991-08-22,0.0928
1991-08-23,0.0919
1991-08-26,0.0941
1991-08-27,0.0953
1991-08-28,0.094
1991-08-29,0.0918
1991-08-30,0.0933
1991-09-03,0.0925
1991-09-04,0.0924
1991-09-05,0.0935
1991-09-06,0.0965
1991-09-09,0.094
1991-09-10,0.0944
1991-09-11,0.0936
1991-09-12,0.0928
1991-09-13,0.0926
1991-09-16,0.0896
1991-09-17,0.0924
1991-09-18,0.0938
1991-09-19,0.0928
1991-09-20,0.0932
1991-09-23,0.0931
1991-09-24,0.0967
1991-09-25,0.0953
1991-09-26,0.0967
1991-09-27,0.0967
1991-09-30,0.0946
1991-10-01,0.0936
1991-10-02,0.0932
1991-10-03,0.0899
1991-10-04,0.0904
1991-10-07,0.0909
1991-10-08,0.0905
1991-10-09,0.0905
1991-10-10,0.0903
1991-10-11,0.0889
1991-10-14,0.0897
1991-10-15,0.0903
1991-10-16,0.0916
1991-10-17,0.0925
1991-10-18,0.0906
1991-10-21,0.0899
1991-10-22,0.0927
1991-10-23,0.0917
1991-10-24,0.0899
1991-10-25,0.0897
1991-10-28,0.0913
1991-10-29,0.0917
1991-10-30,0.0921
1991-10-31,0.0917
1991-11-01,0.0913
1991-11-04,0.0919
1991-11-05,0.0907
1991-11-06,0.0879
1991-11-07,0.0889
1991-11-08,0.0888
1991-11-11,0.0884
1991-11-12,0.0876
1991-11-13,0.0845
1991-11-14,0.0848
1991-11-15,0.0846
1991-11-18,0.0844
1991-11-19,0.0843
1991-11-20,0.0847
1991-11-21,0.0862
1991-11-22,0.0879
1991-11-25,0.0912
1991-11-26,0.0905
1991-11-27,0.0911
1991-11-29,0.0911
1991-12-02,0.0912
1991-12-03,0.0938
1991-12-04,0.0934
1991-12-05,0.0925
1991-12-06,0.0904
1991-12-09,0.0922
1991-12-10,0.091
1991-12-11,0.0889
1991-12-12,0.0875
1991-12-13,0.0877
1991-12-16,0.09
1991-12-17,0.0885
1991-12-18,0.088
1991-12-19,0.0886
1991-12-20,0.0902
1991-12-23,0.0906
1991-12-24,0.0902
1991-12-26,0.0894
1991-12-27,0.0905
1991-12-30,0.0903
1991-12-31,0.0904
1992-01-02,0.0874
1992-01-03,0.0852
1992-01-06,0.0866
1992-01-07,0.0845
1992-01-08,0.0851
1992-01-09,0.0842
1992-01-10,0.0843
1992-01-13,0.0844
1992-01-14,0.0836
1992-01-15,0.0828
1992-01-16,0.0831
1992-01-17,0.0851
1992-01-20,0.0837
1992-01-21,0.084
1992-01-22,0.0854
1992-01-23,0.0859
1992-01-24,0.0863
1992-01-27,0.0853
1992-01-28,0.0824
1992-01-29,0.0823
1992-01-30,0.0826
1992-01-31,0.08
1992-02-03,0.0799
1992-02-04,0.0801
1992-02-05,0.0812
1992-02-06,0.0809
1992-02-07,0.0811
1992-02-10,0.0806
1992-02-11,0.0789
1992-02-12,0.0785
1992-02-13,0.0788
1992-02-14,0.079
1992-02-18,0.0848
1992-02-19,0.0837
1992-02-20,0.0838
1992-02-21,0.0806
1992-02-24,0.0805
1992-02-25,0.0803
1992-02-26,0.0797
1992-02-27,0.0795
1992-02-28,0.0799
1992-03-02,0.0794
1992-03-03,0.0818
1992-03-04,0.0812
1992-03-05,0.0799
1992-03-06,0.0803
1992-03-09,0.0817
1992-03-10,0.083
1992-03-11,0.0824
1992-03-12,0.0821
1992-03-13,0.0817
1992-03-16,0.0824
1992-03-17,0.0815
1992-03-18,0.083
1992-03-19,0.0831
1992-03-20,0.0837
1992-03-23,0.0817
1992-03-24,0.0822
1992-03-25,0.0825
1992-03-26,0.0815
1992-03-27,0.0825
1992-03-30,0.0852
1992-03-31,0.0852
1992-04-01,0.0864
1992-04-02,0.0894
1992-04-03,0.091
1992-04-06,0.0894
1992-04-07,0.0967
1992-04-08,0.0987
1992-04-09,0.0963
1992-04-10,0.0946
1992-04-13,0.0973
1992-04-14,0.0942
1992-04-15,0.0942
1992-04-16,0.096
1992-04-20,0.0945
1992-04-21,0.0946
1992-04-22,0.0956
1992-04-23,0.1025
1992-04-24,0.099
1992-04-27,0.098
1992-04-28,0.098
1992-04-29,0.0985
1992-04-30,0.0965
1992-05-01,0.0942
1992-05-04,0.0954
1992-05-05,0.0967
1992-05-06,0.095
1992-05-07,0.0968
1992-05-08,0.0966
1992-05-11,0.0966
1992-05-12,0.0971
1992-05-13,0.0969
1992-05-14,0.0964
1992-05-15,0.0966
1992-05-18,0.092
1992-05-19,0.0938
1992-05-20,0.0946
1992-05-21,0.0939
1992-05-22,0.0947
1992-05-26,0.0955
1992-05-27,0.0997
1992-05-28,0.0996
1992-05-29,0.1003
1992-06-01,0.0974
1992-06-02,0.0991
1992-06-03,0.101
1992-06-04,0.1039
1992-06-05,0.1034
1992-06-08,0.1027
1992-06-09,0.1009
1992-06-10,0.1029
1992-06-11,0.1025
1992-06-12,0.1025
1992-06-15,0.1061
1992-06-16,0.1067
1992-06-17,0.1116
1992-06-18,0.1087
1992-06-19,0.1083
1992-06-22,0.1089
1992-06-23,0.1097
1992-06-24,0.1076
1992-06-25,0.1106
1992-06-26,0.1085
1992-06-29,0.1087
1992-06-30,0.1031
1992-07-01,0.0991
1992-07-02,0.1001
1992-07-06,0.0999
1992-07-07,0.1009
1992-07-08,0.101
1992-07-09,0.1004
1992-07-10,0.0998
1992-07-13,0.1019
1992-07-14,0.1023
1992-07-15,0.1029
1992-07-16,0.1067
1992-07-17,0.1086
1992-07-20,0.1054
1992-07-21,0.1075
1992-07-22,0.1071
1992-07-23,0.1057
1992-07-24,0.1056
1992-07-27,0.105
1992-07-28,0.1062
1992-07-29,0.1007
1992-07-30,0.0992
1992-07-31,0.0998
1992-08-03,0.1002
1992-08-04,0.0994
1992-08-05,0.1006
1992-08-06,0.1008
1992-08-07,0.1005
1992-08-10,0.1009
1992-08-11,0.1021
1992-08-12,0.1027
1992-08-13,0.0981
1992-08-14,0.0997
1992-08-17,0.0998
1992-08-18,0.099
1992-08-19,0.0949
1992-08-20,0.095
1992-08-21,0.0923
1992-08-24,0.094
1992-08-25,0.0942
1992-08-26,0.0924
1992-08-27,0.0951
1992-08-28,0.0951
1992-08-31,0.096
1992-09-01,0.0921
1992-09-02,0.0932
1992-09-03,0.0937
1992-09-04,0.0948
1992-09-08,0.0953
1992-09-09,0.0967
1992-09-10,0.0989
1992-09-11,0.1001
1992-09-14,0.0968
1992-09-15,0.097
1992-09-16,0.0944
1992-09-17,0.0929
1992-09-18,0.0931
1992-09-21,0.0897
1992-09-22,0.0889
1992-09-23,0.0889
1992-09-24,0.0889
1992-09-25,0.0891
1992-09-28,0.0886
1992-09-29,0.0886
1992-09-30,0.0868
1992-10-01,0.0861
1992-10-02,0.0871
1992-10-05,0.0855
1992-10-06,0.0847
1992-10-07,0.0849
1992-10-08,0.0867
1992-10-09,0.0861
1992-10-12,0.0857
1992-10-13,0.0863
1992-10-14,0.0888
1992-10-15,0.0883
1992-10-16,0.0881
1992-10-19,0.0875
1992-10-20,0.0876
1992-10-21,0.0879
1992-10-22,0.0873
1992-10-23,0.0856
1992-10-26,0.0851
1992-10-27,0.085
1992-10-28,0.0865
1992-10-29,0.0864
1992-10-30,0.0869
1992-11-02,0.0884
1992-11-03,0.0881
1992-11-04,0.0871
1992-11-05,0.0858
1992-11-06,0.0861
1992-11-09,0.0871
1992-11-10,0.0861
1992-11-11,0.0855
1992-11-12,0.0861
1992-11-13,0.0862
1992-11-16,0.085
1992-11-17,0.0855
1992-11-18,0.0854
1992-11-19,0.0856
1992-11-20,0.0847
1992-11-23,0.0824
1992-11-24,0.0827
1992-11-25,0.0829
1992-11-27,0.0829
1992-11-30,0.0828
1992-12-01,0.0832
1992-12-02,0.0838
1992-12-03,0.084
1992-12-04,0.0825
1992-12-07,0.0817
1992-12-08,0.0808
1992-12-09,0.0813
1992-12-10,0.081
1992-12-11,0.0811
1992-12-14,0.0817
1992-12-15,0.0801
1992-12-16,0.0805
1992-12-17,0.0816
1992-12-18,0.0814
1992-12-21,0.0801
1992-12-22,0.0802
1992-12-23,0.0802
1992-12-24,0.0805
1992-12-28,0.0808
1992-12-29,0.0821
1992-12-30,0.082
1992-12-31,0.0823
1993-01-04,0.0816
1993-01-05,0.0796
1993-01-06,0.0802
1993-01-07,0.0801
1993-01-08,0.0826
1993-01-11,0.0844
1993-01-12,0.084
1993-01-13,0.0832
1993-01-14,0.0841
1993-01-15,0.0832
1993-01-18,0.0822
1993-01-19,0.0829
1993-01-20,0.0835
1993-01-21,0.0832
1993-01-22,0.0828
1993-01-25,0.0829
1993-01-26,0.0841
1993-01-27,0.0844
1993-01-28,0.0829
1993-01-29,0.0816
1993-02-01,0.0809
1993-02-02,0.0786
1993-02-03,0.0796
1993-02-04,0.0803
1993-02-05,0.0791
1993-02-08,0.0785
1993-02-09,0.0798
1993-02-10,0.084
1993-02-11,0.0837
1993-02-12,0.0836
1993-02-16,0.0884
1993-02-17,0.0909
1993-02-18,0.0905
1993-02-19,0.0887
1993-02-22,0.0906
1993-02-23,0.0946
1993-02-24,0.0948
1993-02-25,0.0946
1993-02-26,0.0946
1993-03-01,0.0958
1993-03-02,0.099
1993-03-03,0.0981
1993-03-04,0.0983
1993-03-05,0.0971
1993-03-08,0.0967
1993-03-09,0.096
1993-03-10,0.0961
1993-03-11,0.0993
1993-03-12,0.1017
1993-03-15,0.1127
1993-03-16,0.1079
1993-03-17,0.1076
1993-03-18,0.1114
1993-03-19,0.1203
1993-03-22,0.1183
1993-03-23,0.1172
1993-03-24,0.1144
1993-03-25,0.1147
1993-03-26,0.1157
1993-03-29,0.1174
1993-03-30,0.1188
1993-03-31,0.1175
1993-04-01,0.1171
1993-04-02,0.1186
1993-04-05,0.1184
1993-04-06,0.1138
1993-04-07,0.1073
1993-04-08,0.1081
1993-04-12,0.1051
1993-04-13,0.1061
1993-04-14,0.1032
1993-04-15,0.1027
1993-04-16,0.1042
1993-04-19,0.1075
1993-04-20,0.1091
1993-04-21,0.1094
1993-04-22,0.1143
1993-04-23,0.117
1993-04-26,0.1204
1993-04-27,0.1218
1993-04-28,0.1224
1993-04-29,0.1225
1993-04-30,0.1246
1993-05-03,0.12
1993-05-04,0.1184
1993-05-05,0.1191
1993-05-06,0.1197
1993-05-07,0.1195
1993-05-10,0.1194
1993-05-11,0.1222
1993-05-12,0.1227
1993-05-13,0.1246
1993-05-14,0.1293
1993-05-17,0.1278
1993-05-18,0.1213
1993-05-19,0.1183
1993-05-20,0.119
1993-05-21,0.1219
1993-05-24,0.115
1993-05-25,0.1162
1993-05-26,0.1094
1993-05-27,0.1061
1993-05-28,0.1049
1993-06-01,0.1048
1993-06-02,0.1049
1993-06-03,0.1022
1993-06-04,0.1083
1993-06-07,0.1077
1993-06-08,0.1099
1993-06-09,0.1084
1993-06-10,0.1092
1993-06-11,0.109
1993-06-14,0.1062
1993-06-15,0.1069
1993-06-16,0.1039
1993-06-17,0.104
1993-06-18,0.0987
1993-06-21,0.0974
1993-06-22,0.0978
1993-06-23,0.0986
1993-06-24,0.0994
1993-06-25,0.0996
1993-06-28,0.1027
1993-06-29,0.0972
1993-06-30,0.0998
1993-07-01,0.1008
1993-07-02,0.1064
1993-07-06,0.1046
1993-07-07,0.1039
1993-07-08,0.1037
1993-07-09,0.1002
1993-07-12,0.0948
1993-07-13,0.0948
1993-07-14,0.0959
1993-07-15,0.0934
1993-07-16,0.0955
1993-07-19,0.0971
1993-07-20,0.0964
1993-07-21,0.0949
1993-07-22,0.0936
1993-07-23,0.0942
1993-07-26,0.0883
1993-07-27,0.0881
1993-07-28,0.0899
1993-07-29,0.0902
1993-07-30,0.0899
1993-08-02,0.0913
1993-08-03,0.0969
1993-08-04,0.098
1993-08-05,0.0998
1993-08-06,0.0987
1993-08-09,0.0949
1993-08-10,0.0974
1993-08-11,0.0961
1993-08-12,0.0926
1993-08-13,0.0918
1993-08-16,0.0905
1993-08-17,0.0919
1993-08-18,0.0913
1993-08-19,0.0923
1993-08-20,0.0887
1993-08-23,0.0908
1993-08-24,0.0905
1993-08-25,0.0895
1993-08-26,0.091
1993-08-27,0.09
1993-08-30,0.0911
1993-08-31,0.09
1993-09-01,0.0899
1993-09-02,0.0897
1993-09-03,0.0898
1993-09-07,0.0922
1993-09-08,0.0901
1993-09-09,0.0897
1993-09-10,0.0926
1993-09-13,0.094
1993-09-14,0.0931
1993-09-15,0.0962
1993-09-16,0.096
1993-09-17,0.1004
1993-09-20,0.0974
1993-09-21,0.0955
1993-09-22,0.0968
1993-09-23,0.0969
1993-09-24,0.1001
1993-09-27,0.0991
1993-09-28,0.1008
1993-09-29,0.0984
1993-09-30,0.101
1993-10-01,0.1033
1993-10-04,0.1039
1993-10-05,0.1033
1993-10-06,0.1042
1993-10-07,0.1002
1993-10-08,0.104
1993-10-11,0.1027
1993-10-12,0.1042
1993-10-13,0.1041
1993-10-14,0.1028
1993-10-15,0.103
1993-10-18,0.0999
1993-10-19,0.1007
1993-10-20,0.1001
1993-10-21,0.1009
1993-10-22,0.1016
1993-10-25,0.1042
1993-10-26,0.1029
1993-10-27,0.1038
1993-10-28,0.1029
1993-10-29,0.1035
1993-11-01,0.1019
1993-11-02,0.1017
1993-11-03,0.1025
1993-11-04,0.1052
1993-11-05,0.1058
1993-11-08,0.1039
1993-11-09,0.0975
1993-11-10,0.1011
1993-11-11,0.0993
1993-11-12,0.0972
1993-11-15,0.0983
1993-11-16,0.0993
1993-11-17,0.1
1993-11-18,0.1027
1993-11-19,0.1006
1993-11-22,0.0998
1993-11-23,0.0995
1993-11-24,0.0996
1993-11-26,0.0996
1993-11-29,0.1017
1993-11-30,0.1016
1993-12-01,0.105
1993-12-02,0.1041
1993-12-03,0.1054
1993-12-06,0.1036
1993-12-07,0.106
1993-12-08,0.1047
1993-12-09,0.1049
1993-12-10,0.1049
1993-12-13,0.1056
1993-12-14,0.1061
1993-12-15,0.1046
1993-12-16,0.1051
1993-12-17,0.105
1993-12-20,0.104
1993-12-21,0.1014
1993-12-22,0.1041
1993-12-23,0.1049
1993-12-27,0.1052
1993-12-28,0.105
1993-12-29,0.1049
1993-12-30,0.1052
1993-12-31,0.1052
1994-01-03,0.105
1994-01-04,0.1047
1994-01-05,0.1048
1994-01-06,0.1055
1994-01-07,0.1034
1994-01-10,0.1028
1994-01-11,0.1053
1994-01-12,0.1045
1994-01-13,0.1034
1994-01-14,0.1034
1994-01-17,0.1016
1994-01-18,0.1019
1994-01-19,0.1004
1994-01-20,0.1018
1994-01-21,0.101
1994-01-24,0.1016
1994-01-25,0.1015
1994-01-26,0.1006
1994-01-27,0.1016
1994-01-28,0.1026
1994-01-31,0.1032
1994-02-01,0.1015
1994-02-02,0.1033
1994-02-03,0.1066
1994-02-04,0.1079
1994-02-07,0.1073
1994-02-08,0.1069
1994-02-09,0.1071
1994-02-10,0.1073
1994-02-11,0.108
1994-02-14,0.1093
1994-02-15,0.1071
1994-02-16,0.1081
1994-02-17,0.1089
1994-02-18,0.1095
1994-02-22,0.107
1994-02-23,0.1101
1994-02-24,0.112
1994-02-25,0.1122
1994-02-28,0.1119
1994-03-01,0.1139
1994-03-02,0.1128
1994-03-03,0.1135
1994-03-04,0.115
1994-03-07,0.115
1994-03-08,0.1135
1994-03-09,0.1149
1994-03-10,0.1162
1994-03-11,0.1182
1994-03-14,0.1208
1994-03-15,0.1189
1994-03-16,0.1184
1994-03-17,0.1186
1994-03-18,0.1178
1994-03-21,0.1186
1994-03-22,0.1191
1994-03-23,0.1186
1994-03-24,0.1196
1994-03-25,0.1191
1994-03-28,0.119
1994-03-29,0.1166
1994-03-30,0.1175
1994-03-31,0.1169
1994-04-04,0.1168
1994-04-05,0.1193
1994-04-06,0.1098
1994-04-07,0.1104
1994-04-08,0.11
1994-04-11,0.1071
1994-04-12,0.1031
1994-04-13,0.1076
1994-04-14,0.1069
1994-04-15,0.1089
1994-04-18,0.1082
1994-04-19,0.1076
1994-04-20,0.1067
1994-04-21,0.1107
1994-04-22,0.1137
1994-04-25,0.1151
1994-04-26,0.1157
1994-04-28,0.1162
1994-04-29,0.1149
1994-05-02,0.1132
1994-05-03,0.1136
1994-05-04,0.115
1994-05-05,0.1175
1994-05-06,0.1168
1994-05-09,0.118
1994-05-10,0.1178
1994-05-11,0.121
1994-05-12,0.1211
1994-05-13,0.118
1994-05-16,0.1177
1994-05-17,0.1179
1994-05-18,0.1206
1994-05-19,0.1205
1994-05-20,0.1176
1994-05-23,0.1216
1994-05-24,0.1182
1994-05-25,0.1174
1994-05-26,0.1179
1994-05-27,0.1166
1994-05-31,0.1187
1994-06-01,0.1207
1994-06-02,0.1191
1994-06-03,0.1199
1994-06-06,0.1195
1994-06-07,0.1209
1994-06-08,0.1225
1994-06-09,0.1236
1994-06-10,0.1241
1994-06-13,0.1228
1994-06-14,0.1232
1994-06-15,0.1229
1994-06-16,0.1234
1994-06-17,0.1236
1994-06-20,0.1206
1994-06-21,0.1205
1994-06-22,0.1186
1994-06-23,0.1207
1994-06-24,0.1217
1994-06-27,0.1142
1994-06-28,0.1146
1994-06-29,0.115
1994-06-30,0.1162
1994-07-01,0.117
1994-07-05,0.1167
1994-07-06,0.1156
1994-07-07,0.1108
1994-07-08,0.1117
1994-07-11,0.1141
1994-07-12,0.1145
1994-07-13,0.1145
1994-07-14,0.1162
1994-07-15,0.1188
1994-07-18,0.1214
1994-07-19,0.1214
1994-07-20,0.1201
1994-07-21,0.1204
1994-07-22,0.1205
1994-07-25,0.1192
1994-07-26,0.1173
1994-07-27,0.1182
1994-07-28,0.1193
1994-07-29,0.1175
1994-08-01,0.1179
1994-08-02,0.1153
1994-08-03,0.1164
1994-08-04,0.1196
1994-08-05,0.1196
1994-08-08,0.1187
1994-08-09,0.1192
1994-08-10,0.1205
1994-08-11,0.12
1994-08-12,0.1197
1994-08-15,0.1194
1994-08-16,0.1199
1994-08-17,0.1197
1994-08-18,0.1225
1994-08-19,0.1238
1994-08-22,0.1226
1994-08-23,0.1228
1994-08-24,0.1216
1994-08-25,0.1229
1994-08-26,0.1212
1994-08-29,0.1226
1994-08-30,0.1231
1994-08-31,0.123
1994-09-01,0.1223
1994-09-02,0.1228
1994-09-06,0.1208
1994-09-07,0.1253
1994-09-08,0.1246
1994-09-09,0.1247
1994-09-12,0.1249
1994-09-13,0.1265
1994-09-14,0.1292
1994-09-15,0.1293
1994-09-16,0.1288
1994-09-19,0.129
1994-09-20,0.1294
1994-09-21,0.1272
1994-09-22,0.1273
1994-09-23,0.125
1994-09-26,0.1282
1994-09-27,0.1266
1994-09-28,0.1258
1994-09-29,0.1272
1994-09-30,0.1263
1994-10-03,0.1269
1994-10-04,0.126
1994-10-05,0.1264
1994-10-06,0.1256
1994-10-07,0.1264
1994-10-10,0.1258
1994-10-11,0.1229
1994-10-12,0.1247
1994-10-13,0.1244
1994-10-14,0.1263
1994-10-17,0.1294
1994-10-18,0.1283
1994-10-19,0.1295
1994-10-20,0.1293
1994-10-21,0.1284
1994-10-24,0.1284
1994-10-25,0.1287
1994-10-26,0.1297
1994-10-27,0.1301
1994-10-28,0.1294
1994-10-31,0.13
1994-11-01,0.1305
1994-11-02,0.1334
1994-11-03,0.1326
1994-11-04,0.1341
1994-11-07,0.1349
1994-11-08,0.1337
1994-11-09,0.133
1994-11-10,0.1339
1994-11-11,0.138
1994-11-14,0.138
1994-11-15,0.1383
1994-11-16,0.1366
1994-11-17,0.1383
1994-11-18,0.1404
1994-11-21,0.1407
1994-11-22,0.1462
1994-11-23,0.1456
1994-11-25,0.1456
1994-11-28,0.151
1994-11-29,0.1488
1994-11-30,0.1488
1994-12-01,0.1457
1994-12-02,0.1445
1994-12-05,0.1455
1994-12-06,0.1481
1994-12-07,0.1466
1994-12-08,0.1459
1994-12-09,0.1434
1994-12-12,0.1444
1994-12-13,0.1466
1994-12-14,0.1462
1994-12-15,0.1489
1994-12-16,0.152
1994-12-19,0.148
1994-12-20,0.1496
1994-12-21,0.1471
1994-12-22,0.1491
1994-12-23,0.1506
1994-12-27,0.1494
1994-12-28,0.1492
1994-12-29,0.1481
1994-12-30,0.1502
1995-01-03,0.1526
1995-01-04,0.1574
1995-01-05,0.1556
1995-01-06,0.1563
1995-01-09,0.1543
1995-01-10,0.1536
1995-01-11,0.1508
1995-01-12,0.1523
1995-01-13,0.1409
1995-01-16,0.1413
1995-01-17,0.1439
1995-01-18,0.1465
1995-01-19,0.1483
1995-01-20,0.1519
1995-01-23,0.1489
1995-01-24,0.1475
1995-01-25,0.1455
1995-01-26,0.145
1995-01-27,0.1447
1995-01-30,0.1436
1995-01-31,0.1409
1995-02-01,0.1424
1995-02-02,0.1446
1995-02-03,0.1437
1995-02-06,0.1374
1995-02-07,0.1387
1995-02-08,0.1387
1995-02-09,0.1411
1995-02-10,0.1424
1995-02-13,0.1429
1995-02-14,0.1446
1995-02-15,0.1438
1995-02-16,0.1462
1995-02-17,0.1481
1995-02-21,0.1479
1995-02-22,0.1469
1995-02-23,0.1501
1995-02-24,0.1493
1995-02-27,0.1461
1995-02-28,0.1476
1995-03-01,0.1491
1995-03-02,0.1482
1995-03-03,0.1479
1995-03-06,0.1464
1995-03-07,0.1468
1995-03-08,0.1439
1995-03-09,0.1459
1995-03-10,0.1461
1995-03-13,0.1474
1995-03-14,0.1449
1995-03-15,0.1419
1995-03-16,0.1412
1995-03-17,0.1411
1995-03-20,0.1434
1995-03-21,0.1424
1995-03-22,0.1451
1995-03-23,0.1464
1995-03-24,0.1463
1995-03-27,0.1467
1995-03-28,0.1506
1995-03-29,0.1466
1995-03-30,0.1484
1995-03-31,0.1484
1995-04-03,0.1434
1995-04-04,0.1476
1995-04-05,0.1431
1995-04-06,0.1441
1995-04-07,0.1444
1995-04-10,0.1415
1995-04-11,0.1381
1995-04-12,0.1367
1995-04-13,0.13
1995-04-17,0.1283
1995-04-18,0.1321
1995-04-19,0.132
1995-04-20,0.1343
1995-04-21,0.1362
1995-04-24,0.1238
1995-04-25,0.1336
1995-04-26,0.1313
1995-04-27,0.1314
1995-04-28,0.1304
1995-05-01,0.1327
1995-05-02,0.1323
1995-05-03,0.1331
1995-05-04,0.1335
1995-05-05,0.1361
1995-05-08,0.1375
1995-05-09,0.1343
1995-05-10,0.1343
1995-05-11,0.1306
1995-05-12,0.1314
1995-05-15,0.1334
1995-05-16,0.1385
1995-05-17,0.1378
1995-05-18,0.1372
1995-05-19,0.1363
1995-05-22,0.1356
1995-05-23,0.1356
1995-05-24,0.1372
1995-05-25,0.137
1995-05-26,0.1342
1995-05-30,0.1317
1995-05-31,0.1383
1995-06-01,0.1384
1995-06-02,0.1362
1995-06-05,0.136
1995-06-06,0.1392
1995-06-07,0.1386
1995-06-08,0.1414
1995-06-09,0.1406
1995-06-12,0.1385
1995-06-13,0.1354
1995-06-14,0.1361
1995-06-15,0.1367
1995-06-16,0.1372
1995-06-19,0.1363
1995-06-20,0.1387
1995-06-21,0.1403
1995-06-22,0.1411
1995-06-23,0.1456
1995-06-26,0.1483
1995-06-27,0.1471
1995-06-28,0.1424
1995-06-29,0.1422
1995-06-30,0.1425
1995-07-03,0.1425
1995-07-05,0.1413
1995-07-06,0.142
1995-07-07,0.1364
1995-07-10,0.1371
1995-07-11,0.1374
1995-07-12,0.1298
1995-07-13,0.1315
1995-07-14,0.1292
1995-07-17,0.1283
1995-07-18,0.1284
1995-07-19,0.1284
1995-07-20,0.1314
1995-07-21,0.134
1995-07-24,0.1379
1995-07-25,0.1377
1995-07-26,0.1369
1995-07-27,0.1364
1995-07-28,0.1365
1995-07-31,0.1369
1995-08-01,0.1373
1995-08-02,0.1373
1995-08-03,0.1358
1995-08-04,0.137
1995-08-07,0.139
1995-08-08,0.1385
1995-08-09,0.1402
1995-08-10,0.1403
1995-08-11,0.1417
1995-08-14,0.1415
1995-08-15,0.1395
1995-08-16,0.1397
1995-08-17,0.1371
1995-08-18,0.1437
1995-08-21,0.1397
1995-08-22,0.1379
1995-08-23,0.142
1995-08-24,0.1397
1995-08-25,0.1355
1995-08-28,0.1313
1995-08-29,0.1296
1995-08-30,0.129
1995-08-31,0.1288
1995-09-01,0.1315
1995-09-05,0.1307
1995-09-06,0.1283
1995-09-07,0.1286
1995-09-08,0.1296
1995-09-11,0.128
1995-09-12,0.1278
1995-09-13,0.1281
1995-09-14,0.1253
1995-09-15,0.1254
1995-09-18,0.1247
1995-09-19,0.1249
1995-09-20,0.1263
1995-09-21,0.1277
1995-09-22,0.1283
1995-09-25,0.1272
1995-09-26,0.1251
1995-09-27,0.1262
1995-09-28,0.127
1995-09-29,0.1231
1995-10-02,0.1178
1995-10-03,0.118
1995-10-04,0.1189
1995-10-05,0.1201
1995-10-06,0.1192
1995-10-09,0.1188
1995-10-10,0.1184
1995-10-11,0.1199
1995-10-12,0.1204
1995-10-13,0.1208
1995-10-16,0.1208
1995-10-17,0.1181
1995-10-18,0.1195
1995-10-19,0.1208
1995-10-20,0.1204
1995-10-23,0.1201
1995-10-24,0.1215
1995-10-25,0.1208
1995-10-26,0.1187
1995-10-27,0.1178
1995-10-30,0.1182
1995-10-31,0.118
1995-11-01,0.1191
1995-11-02,0.1196
1995-11-03,0.1196
1995-11-06,0.1202
1995-11-07,0.121
1995-11-08,0.12
1995-11-09,0.1166
1995-11-10,0.1183
1995-11-13,0.1194
1995-11-14,0.1195
1995-11-15,0.1196
1995-11-16,0.1205
1995-11-17,0.1187
1995-11-20,0.118
1995-11-21,0.1192
1995-11-22,0.1203
1995-11-24,0.1203
1995-11-27,0.1212
1995-11-28,0.1196
1995-11-29,0.121
1995-11-30,0.121
1995-12-01,0.1245
1995-12-04,0.124
1995-12-05,0.1236
1995-12-06,0.1236
1995-12-07,0.124
1995-12-08,0.125
1995-12-11,0.1244
1995-12-12,0.1229
1995-12-13,0.1222
1995-12-14,0.1248
1995-12-15,0.1241
1995-12-18,0.1228
1995-12-19,0.1228
1995-12-20,0.1243
1995-12-21,0.1249
1995-12-22,0.1244
1995-12-26,0.1244
1995-12-27,0.1244
1995-12-28,0.1249
1995-12-29,0.1248
1996-01-02,0.1276
1996-01-03,0.1279
1996-01-04,0.1268
1996-01-05,0.1272
1996-01-08,0.1272
1996-01-09,0.1272
1996-01-10,0.128
1996-01-11,0.1259
1996-01-12,0.126
1996-01-15,0.1251
1996-01-16,0.1182
1996-01-17,0.1193
1996-01-18,0.1214
1996-01-19,0.1236
1996-01-22,0.1242
1996-01-23,0.1241
1996-01-24,0.124
1996-01-25,0.1248
1996-01-26,0.1291
1996-01-29,0.1316
1996-01-30,0.1308
1996-01-31,0.1283
1996-02-01,0.1261
1996-02-02,0.1277
1996-02-05,0.128
1996-02-06,0.1269
1996-02-07,0.1251
1996-02-08,0.1273
1996-02-09,0.1265
1996-02-12,0.1295
1996-02-13,0.1289
1996-02-14,0.1297
1996-02-15,0.1312
1996-02-16,0.1339
1996-02-20,0.1324
1996-02-21,0.1306
1996-02-22,0.1318
1996-02-23,0.13
1996-02-26,0.1313
1996-02-27,0.1319
1996-02-28,0.1337
1996-02-29,0.1298
1996-03-01,0.1292
1996-03-04,0.1287
1996-03-05,0.1274
1996-03-06,0.129
1996-03-07,0.1283
1996-03-08,0.1271
1996-03-11,0.1317
1996-03-12,0.1306
1996-03-13,0.1316
1996-03-14,0.1324
1996-03-15,0.1323
1996-03-18,0.1337
1996-03-19,0.1353
1996-03-20,0.1348
1996-03-21,0.1328
1996-03-22,0.1328
1996-03-25,0.1318
1996-03-26,0.1308
1996-03-27,0.1289
1996-03-28,0.1269
1996-03-29,0.128
1996-04-01,0.1267
1996-04-02,0.1262
1996-04-03,0.1296
1996-04-04,0.1294
1996-04-08,0.1292
1996-04-09,0.1268
1996-04-10,0.1278
1996-04-11,0.1275
1996-04-12,0.1263
1996-04-15,0.128
1996-04-16,0.1269
1996-04-17,0.1253
1996-04-18,0.1217
1996-04-19,0.1214
1996-04-22,0.121
1996-04-23,0.1219
1996-04-24,0.12
1996-04-25,0.1181
1996-04-26,0.1178
1996-04-29,0.1152
1996-04-30,0.1133
1996-05-01,0.1132
1996-05-02,0.1149
1996-05-03,0.116
1996-05-06,0.1136
1996-05-07,0.1158
1996-05-08,0.1195
1996-05-09,0.1176
1996-05-10,0.1181
1996-05-13,0.1177
1996-05-14,0.1196
1996-05-15,0.1201
1996-05-16,0.1198
1996-05-17,0.1235
1996-05-20,0.1255
1996-05-21,0.1244
1996-05-22,0.1241
1996-05-23,0.1226
1996-05-24,0.1223
1996-05-28,0.1204
1996-05-29,0.12
1996-05-30,0.1217
1996-05-31,0.1223
1996-06-03,0.1221
1996-06-04,0.1235
1996-06-05,0.1225
1996-06-06,0.125
1996-06-07,0.1264
1996-06-10,0.1236
1996-06-11,0.1266
1996-06-12,0.1261
1996-06-13,0.1255
1996-06-14,0.1263
1996-06-17,0.1257
1996-06-18,0.125
1996-06-19,0.1239
1996-06-20,0.1265
1996-06-21,0.1287
1996-06-24,0.1272
1996-06-25,0.1273
1996-06-26,0.1236
1996-06-27,0.127
1996-06-28,0.125
1996-07-01,0.1239
1996-07-02,0.1257
1996-07-03,0.1271
1996-07-05,0.1271
1996-07-08,0.1297
1996-07-09,0.1308
1996-07-10,0.1284
1996-07-11,0.1299
1996-07-12,0.1317
1996-07-15,0.1311
1996-07-16,0.1289
1996-07-17,0.1298
1996-07-18,0.1288
1996-07-19,0.1276
1996-07-22,0.1266
1996-07-23,0.1251
1996-07-24,0.1273
1996-07-25,0.1287
1996-07-26,0.1306
1996-07-29,0.1293
1996-07-30,0.1279
1996-07-31,0.1258
1996-08-01,0.1265
1996-08-02,0.1257
1996-08-05,0.1252
1996-08-06,0.1245
1996-08-07,0.121
1996-08-08,0.1213
1996-08-09,0.1211
1996-08-12,0.1223
1996-08-13,0.1254
1996-08-14,0.1242
1996-08-15,0.1207
1996-08-16,0.1214
1996-08-19,0.1228
1996-08-20,0.118
1996-08-21,0.1237
1996-08-22,0.1248
1996-08-23,0.1241
1996-08-26,0.1229
1996-08-27,0.1223
1996-08-28,0.1224
1996-08-29,0.1223
1996-08-30,0.1232
1996-09-03,0.1258
1996-09-04,0.1255
1996-09-05,0.1242
1996-09-06,0.1246
1996-09-09,0.1256
1996-09-10,0.1237
1996-09-11,0.1235
1996-09-12,0.123
1996-09-13,0.1196
1996-09-16,0.1194
1996-09-17,0.117
1996-09-18,0.1165
1996-09-19,0.1164
1996-09-20,0.1133
1996-09-23,0.1156
1996-09-24,0.1133
1996-09-25,0.1123
1996-09-26,0.1117
1996-09-27,0.1104
1996-09-30,0.1122
1996-10-01,0.1176
1996-10-02,0.1186
1996-10-03,0.1187
1996-10-04,0.1181
1996-10-07,0.1184
1996-10-08,0.1178
1996-10-09,0.1179
1996-10-10,0.1164
1996-10-11,0.1171
1996-10-14,0.117
1996-10-15,0.117
1996-10-16,0.1174
1996-10-17,0.119
1996-10-18,0.1164
1996-10-21,0.115
1996-10-22,0.1158
1996-10-23,0.1153
1996-10-24,0.1147
1996-10-25,0.1153
1996-10-28,0.1155
1996-10-29,0.1143
1996-10-30,0.1141
1996-10-31,0.1115
1996-11-01,0.1126
1996-11-04,0.1126
1996-11-05,0.1108
1996-11-06,0.1128
1996-11-07,0.1146
1996-11-08,0.1122
1996-11-11,0.1125
1996-11-12,0.1119
1996-11-13,0.1125
1996-11-14,0.1109
1996-11-15,0.1111
1996-11-18,0.112
1996-11-19,0.1141
1996-11-20,0.1138
1996-11-21,0.1133
1996-11-22,0.1139
1996-11-25,0.1135
1996-11-26,0.115
1996-11-27,0.1147
1996-11-29,0.1147
1996-12-02,0.1148
1996-12-03,0.1109
1996-12-04,0.1117
1996-12-05,0.1115
1996-12-06,0.1112
1996-12-09,0.1109
1996-12-10,0.1119
1996-12-11,0.1121
1996-12-12,0.1123
1996-12-13,0.1148
1996-12-16,0.1134
1996-12-17,0.1147
1996-12-18,0.1159
1996-12-19,0.1159
1996-12-20,0.1151
1996-12-23,0.1144
1996-12-24,0.1154
1996-12-26,0.1154
1996-12-27,0.1147
1996-12-30,0.1167
1996-12-31,0.1182
1997-01-02,0.1153
1997-01-03,0.1177
1997-01-06,0.1153
1997-01-07,0.1153
1997-01-08,0.1156
1997-01-09,0.113
1997-01-10,0.1127
1997-01-13,0.1123
1997-01-14,0.1133
1997-01-15,0.1124
1997-01-16,0.1136
1997-01-17,0.1117
1997-01-20,0.1095
1997-01-21,0.1091
1997-01-22,0.1066
1997-01-23,0.1068
1997-01-24,0.108
1997-01-27,0.1094
1997-01-28,0.1092
1997-01-29,0.1072
1997-01-30,0.107
1997-01-31,0.1082
1997-02-03,0.107
1997-02-04,0.1071
1997-02-05,0.1105
1997-02-06,0.1092
1997-02-07,0.1091
1997-02-10,0.1081
1997-02-11,0.109
1997-02-12,0.1088
1997-02-13,0.1083
1997-02-14,0.1109
1997-02-18,0.112
1997-02-19,0.1134
1997-02-20,0.1145
1997-02-21,0.114
1997-02-24,0.1122
1997-02-25,0.1111
1997-02-26,0.112
1997-02-27,0.1119
1997-02-28,0.1117
1997-03-03,0.1119
1997-03-04,0.1124
1997-03-05,0.1119
1997-03-06,0.1136
1997-03-07,0.1128
1997-03-10,0.1134
1997-03-11,0.1121
1997-03-12,0.111
1997-03-13,0.1105
1997-03-14,0.112
1997-03-17,0.1114
1997-03-18,0.1117
1997-03-19,0.1103
1997-03-20,0.1111
1997-03-21,0.1111
1997-03-24,0.1129
1997-03-25,0.1119
1997-03-26,0.1108
1997-03-27,0.1109
1997-03-31,0.1112
1997-04-01,0.1129
1997-04-02,0.1127
1997-04-03,0.1135
1997-04-04,0.1137
1997-04-07,0.113
1997-04-08,0.1146
1997-04-09,0.1166
1997-04-10,0.1163
1997-04-11,0.1179
1997-04-14,0.1156
1997-04-15,0.1154
1997-04-16,0.1147
1997-04-17,0.1125
1997-04-18,0.1147
1997-04-21,0.1154
1997-04-22,0.1157
1997-04-23,0.1183
1997-04-24,0.1152
1997-04-25,0.1168
1997-04-28,0.1186
1997-04-29,0.1134
1997-04-30,0.1151
1997-05-01,0.1127
1997-05-02,0.1124
1997-05-05,0.1138
1997-05-06,0.1137
1997-05-07,0.1139
1997-05-08,0.1141
1997-05-09,0.1154
1997-05-12,0.1152
1997-05-13,0.116
1997-05-14,0.1159
1997-05-15,0.1151
1997-05-16,0.1155
1997-05-19,0.1151
1997-05-20,0.1163
1997-05-21,0.117
1997-05-22,0.1154
1997-05-23,0.1163
1997-05-27,0.1177
1997-05-28,0.1168
1997-05-29,0.1176
1997-05-30,0.1173
1997-06-02,0.1196
1997-06-03,0.1219
1997-06-04,0.1208
1997-06-05,0.1221
1997-06-06,0.1217
1997-06-09,0.1214
1997-06-10,0.12
1997-06-11,0.1202
1997-06-12,0.1215
1997-06-13,0.1209
1997-06-16,0.1207
1997-06-17,0.1205
1997-06-18,0.1205
1997-06-19,0.1203
1997-06-20,0.1177
1997-06-23,0.1183
1997-06-24,0.1198
1997-06-25,0.1195
1997-06-26,0.119
1997-06-27,0.1186
1997-06-30,0.1183
1997-07-01,0.1206
1997-07-02,0.1189
1997-07-03,0.1189
1997-07-07,0.1187
1997-07-08,0.1185
1997-07-09,0.1186
1997-07-10,0.1192
1997-07-11,0.1202
1997-07-14,0.1179
1997-07-15,0.1185
1997-07-16,0.1205
1997-07-17,0.1203
1997-07-18,0.1206
1997-07-21,0.1209
1997-07-22,0.1241
1997-07-23,0.1233
1997-07-24,0.1223
1997-07-25,0.1253
1997-07-28,0.1254
1997-07-29,0.125
1997-07-30,0.125
1997-07-31,0.1255
1997-08-01,0.1249
1997-08-04,0.1244
1997-08-05,0.1246
1997-08-06,0.125
1997-08-07,0.1251
1997-08-08,0.1224
1997-08-11,0.1225
1997-08-12,0.1234
1997-08-13,0.1235
1997-08-14,0.1238
1997-08-15,0.1254
1997-08-18,0.1273
1997-08-19,0.1264
1997-08-20,0.1259
1997-08-21,0.1268
1997-08-22,0.1258
1997-08-25,0.1261
1997-08-26,0.1284
1997-08-27,0.1267
1997-08-28,0.1273
1997-08-29,0.1268
1997-09-02,0.1287
1997-09-03,0.128
1997-09-04,0.1297
1997-09-05,0.1277
1997-09-08,0.1273
1997-09-09,0.1284
1997-09-10,0.1269
1997-09-11,0.1285
1997-09-12,0.1273
1997-09-15,0.1277
1997-09-16,0.1265
1997-09-17,0.1275
1997-09-18,0.1262
1997-09-19,0.1267
1997-09-22,0.1238
1997-09-23,0.1248
1997-09-24,0.1241
1997-09-25,0.1331
1997-09-26,0.1233
1997-09-29,0.1252
1997-09-30,0.1254
1997-10-01,0.1277
1997-10-02,0.128
1997-10-03,0.1282
1997-10-06,0.1284
1997-10-07,0.1283
1997-10-08,0.13
1997-10-09,0.1289
1997-10-10,0.1288
1997-10-13,0.1281
1997-10-14,0.1285
1997-10-15,0.1291
1997-10-16,0.1268
1997-10-17,0.1284
1997-10-20,0.1271
1997-10-21,0.1266
1997-10-22,0.1261
1997-10-23,0.1272
1997-10-24,0.1275
1997-10-27,0.1295
1997-10-28,0.1274
1997-10-29,0.1314
1997-10-30,0.1324
1997-10-31,0.1331
1997-11-03,0.1331
1997-11-04,0.1329
1997-11-05,0.1329
1997-11-06,0.1327
1997-11-07,0.1324
1997-11-10,0.131
1997-11-11,0.1346
1997-11-12,0.1323
1997-11-13,0.1331
1997-11-14,0.1327
1997-11-17,0.1331
1997-11-18,0.1317
1997-11-19,0.1324
1997-11-20,0.129
1997-11-21,0.1289
1997-11-24,0.1292
1997-11-25,0.1309
1997-11-26,0.1307
1997-11-28,0.1307
1997-12-01,0.1336
1997-12-02,0.1325
1997-12-03,0.1309
1997-12-04,0.1298
1997-12-05,0.1302
1997-12-08,0.1311
1997-12-09,0.1286
1997-12-10,0.1294
1997-12-11,0.1276
1997-12-12,0.1272
1997-12-15,0.1281
1997-12-16,0.1256
1997-12-17,0.1263
1997-12-18,0.1294
1997-12-19,0.1288
1997-12-22,0.128
1997-12-23,0.1272
1997-12-24,0.128
1997-12-26,0.128
1997-12-29,0.1286
1997-12-30,0.129
1997-12-31,0.127
1998-01-02,0.127
1998-01-05,0.1256
1998-01-06,0.1254
1998-01-07,0.1219
1998-01-08,0.121
1998-01-09,0.1207
1998-01-12,0.1174
1998-01-13,0.1178
1998-01-14,0.1177
1998-01-15,0.1141
1998-01-16,0.1136
1998-01-20,0.114
1998-01-21,0.1148
1998-01-22,0.1152
1998-01-23,0.1157
1998-01-26,0.115
1998-01-27,0.112
1998-01-28,0.1147
1998-01-29,0.1144
1998-01-30,0.1143
1998-02-02,0.115
1998-02-03,0.1145
1998-02-04,0.1133
1998-02-05,0.1116
1998-02-06,0.1099
1998-02-09,0.1107
1998-02-10,0.1118
1998-02-11,0.1132
1998-02-12,0.1158
1998-02-13,0.1155
1998-02-17,0.1142
1998-02-18,0.1119
1998-02-19,0.1122
1998-02-20,0.1093
1998-02-23,0.1059
1998-02-24,0.1036
1998-02-25,0.1048
1998-02-26,0.103
1998-02-27,0.1053
1998-03-02,0.1073
1998-03-03,0.1076
1998-03-04,0.1075
1998-03-05,0.1062
1998-03-06,0.1062
1998-03-09,0.1046
1998-03-10,0.103
1998-03-11,0.1016
1998-03-12,0.1017
1998-03-13,0.103
1998-03-16,0.1042
1998-03-17,0.1047
1998-03-18,0.1077
1998-03-19,0.1084
1998-03-20,0.1091
1998-03-23,0.1084
1998-03-24,0.1088
1998-03-25,0.1091
1998-03-26,0.1087
1998-03-27,0.1073
1998-03-30,0.1081
1998-03-31,0.1107
1998-04-01,0.1093
1998-04-02,0.1082
1998-04-03,0.1092
1998-04-06,0.108
1998-04-07,0.1067
1998-04-08,0.1041
1998-04-09,0.1052
1998-04-13,0.1006
1998-04-14,0.1039
1998-04-15,0.1023
1998-04-16,0.1009
1998-04-17,0.1004
1998-04-20,0.0988
1998-04-21,0.1012
1998-04-22,0.1009
1998-04-23,0.1017
1998-04-24,0.1007
1998-04-27,0.1012
1998-04-28,0.0996
1998-04-29,0.096
1998-04-30,0.0974
1998-05-01,0.0959
1998-05-04,0.0982
1998-05-05,0.0981
1998-05-06,0.1023
1998-05-07,0.104
1998-05-08,0.1037
1998-05-11,0.105
1998-05-12,0.107
1998-05-13,0.1055
1998-05-14,0.1064
1998-05-15,0.1052
1998-05-18,0.1037
1998-05-19,0.1018
1998-05-20,0.1032
1998-05-21,0.1037
1998-05-22,0.1021
1998-05-26,0.0992
1998-05-27,0.0974
1998-05-28,0.0965
1998-05-29,0.0968
1998-06-01,0.0949
1998-06-02,0.0943
1998-06-03,0.0949
1998-06-04,0.0931
1998-06-05,0.0948
1998-06-08,0.0921
1998-06-09,0.0899
1998-06-10,0.0865
1998-06-11,0.0889
1998-06-12,0.0882
1998-06-15,0.0881
1998-06-16,0.09
1998-06-17,0.094
1998-06-18,0.0941
1998-06-19,0.094
1998-06-22,0.0916
1998-06-23,0.0914
1998-06-24,0.0934
1998-06-25,0.0975
1998-06-26,0.1005
1998-06-29,0.1026
1998-06-30,0.0977
1998-07-01,0.097
1998-07-02,0.0972
1998-07-06,0.0964
1998-07-07,0.0951
1998-07-08,0.0942
1998-07-09,0.0945
1998-07-10,0.097
1998-07-13,0.098
1998-07-14,0.0969
1998-07-15,0.099
1998-07-16,0.0979
1998-07-17,0.1001
1998-07-20,0.1012
1998-07-21,0.0965
1998-07-22,0.0943
1998-07-23,0.097
1998-07-24,0.0959
1998-07-27,0.0951
1998-07-28,0.0965
1998-07-29,0.0969
1998-07-30,0.0996
1998-07-31,0.0986
1998-08-03,0.0986
1998-08-04,0.0976
1998-08-05,0.0989
1998-08-06,0.101
1998-08-07,0.1025
1998-08-10,0.1011
1998-08-11,0.1005
1998-08-12,0.0982
1998-08-13,0.0996
1998-08-14,0.0983
1998-08-17,0.0977
1998-08-18,0.0973
1998-08-19,0.0969
1998-08-20,0.0966
1998-08-21,0.0933
1998-08-24,0.0898
1998-08-25,0.089
1998-08-26,0.0853
1998-08-27,0.0851
1998-08-28,0.0838
1998-08-31,0.0856
1998-09-01,0.0831
1998-09-02,0.087
1998-09-03,0.085
1998-09-04,0.0849
1998-09-08,0.0835
1998-09-09,0.0815
1998-09-10,0.0814
1998-09-11,0.0818
1998-09-14,0.081
1998-09-15,0.081
1998-09-16,0.0827
1998-09-17,0.0804
1998-09-18,0.0756
1998-09-21,0.0799
1998-09-22,0.081
1998-09-23,0.079
1998-09-24,0.0829
1998-09-25,0.0822
1998-09-28,0.0828
1998-09-29,0.0829
1998-09-30,0.0836
1998-10-01,0.0827
1998-10-02,0.0812
1998-10-05,0.0792
1998-10-06,0.08
1998-10-07,0.0809
1998-10-08,0.0792
1998-10-09,0.0819
1998-10-12,0.0834
1998-10-13,0.0833
1998-10-14,0.0841
1998-10-15,0.0831
1998-10-16,0.0848
1998-10-19,0.082
1998-10-20,0.0845
1998-10-21,0.0834
1998-10-22,0.083
1998-10-23,0.083
1998-10-26,0.0831
1998-10-27,0.0818
1998-10-28,0.0832
1998-10-29,0.0827
1998-10-30,0.0824
1998-11-02,0.0818
1998-11-03,0.0834
1998-11-04,0.0853
1998-11-05,0.0862
1998-11-06,0.0849
1998-11-09,0.0843
1998-11-10,0.0857
1998-11-11,0.089
1998-11-12,0.09
1998-11-13,0.0896
1998-11-16,0.089
1998-11-17,0.0906
1998-11-18,0.0906
1998-11-19,0.0907
1998-11-20,0.0903
1998-11-23,0.088
1998-11-24,0.0862
1998-11-25,0.0865
1998-11-27,0.0865
1998-11-30,0.0874
1998-12-01,0.0896
1998-12-02,0.0893
1998-12-03,0.0886
1998-12-04,0.089
1998-12-07,0.0877
1998-12-08,0.0879
1998-12-09,0.0884
1998-12-10,0.089
1998-12-11,0.0878
1998-12-14,0.0877
1998-12-15,0.0876
1998-12-16,0.0886
1998-12-17,0.0842
1998-12-18,0.0822
1998-12-21,0.0816
1998-12-22,0.0806
1998-12-23,0.0813
1998-12-24,0.0816
1998-12-28,0.0819
1998-12-29,0.0841
1998-12-30,0.0848
1998-12-31,0.0854
1999-01-04,0.0876
1999-01-05,0.0928
1999-01-06,0.084
1999-01-07,0.0932
1999-01-08,0.0929
1999-01-11,0.0933
1999-01-12,0.0925
1999-01-13,0.092
1999-01-14,0.0905
1999-01-15,0.0894
1999-01-19,0.0836
1999-01-20,0.0804
1999-01-21,0.0819
1999-01-22,0.0766
1999-01-25,0.0747
1999-01-26,0.0721
1999-01-27,0.0704
1999-01-28,0.0715
1999-01-29,0.0759
1999-02-01,0.0707
1999-02-02,0.0735
1999-02-03,0.0722
1999-02-04,0.0698
1999-02-05,0.0709
1999-02-08,0.0714
1999-02-09,0.0709
1999-02-10,0.0715
1999-02-11,0.0686
1999-02-12,0.0689
1999-02-16,0.0691
1999-02-17,0.0673
1999-02-18,0.0695
1999-02-19,0.0702
1999-02-22,0.0708
1999-02-23,0.0697
1999-02-24,0.07
1999-02-25,0.0739
1999-02-26,0.0697
1999-03-01,0.0659
1999-03-02,0.0649
1999-03-03,0.0636
1999-03-04,0.0614
1999-03-05,0.0602
1999-03-08,0.0619
1999-03-09,0.0628
1999-03-10,0.064
1999-03-11,0.0536
1999-03-12,0.0635
1999-03-15,0.0627
1999-03-16,0.0615
1999-03-17,0.062
1999-03-18,0.0607
1999-03-19,0.0587
1999-03-22,0.0587
1999-03-23,0.059
1999-03-24,0.0583
1999-03-25,0.0582
1999-03-26,0.06
1999-03-29,0.0599
1999-03-30,0.0615
1999-03-31,0.0624
1999-04-01,0.0593
1999-04-05,0.0601
1999-04-06,0.0598
1999-04-07,0.0584
1999-04-08,0.0582
1999-04-09,0.0576
1999-04-12,0.0563
1999-04-13,0.0546
1999-04-14,0.0546
1999-04-15,0.0544
1999-04-16,0.0548
1999-04-19,0.0541
1999-04-20,0.0548
1999-04-21,0.0543
1999-04-22,0.0524
1999-04-23,0.0513
1999-04-26,0.0498
1999-04-27,0.0486
1999-04-28,0.0479
1999-04-29,0.0506
1999-04-30,0.0516
1999-05-03,0.0535
1999-05-04,0.0546
1999-05-05,0.0557
1999-05-06,0.0571
1999-05-07,0.0568
1999-05-10,0.0577
1999-05-11,0.0589
1999-05-12,0.0584
1999-05-13,0.0583
1999-05-14,0.0558
1999-05-17,0.0573
1999-05-18,0.0567
1999-05-19,0.0577
1999-05-20,0.0569
1999-05-21,0.0611
1999-05-24,0.0602
1999-05-25,0.06
1999-05-26,0.0603
1999-05-27,0.0605
1999-05-28,0.0613
1999-06-01,0.0633
1999-06-02,0.0674
1999-06-03,0.0646
1999-06-04,0.0643
1999-06-07,0.0662
1999-06-08,0.0658
1999-06-09,0.0643
1999-06-10,0.0647
1999-06-11,0.0652
1999-06-14,0.0643
1999-06-15,0.0645
1999-06-16,0.0643
1999-06-17,0.066
1999-06-18,0.0695
1999-06-21,0.0677
1999-06-22,0.0689
1999-06-23,0.069
1999-06-24,0.0685
1999-06-25,0.0716
1999-06-28,0.0719
1999-06-29,0.0677
1999-06-30,0.0669
1999-07-01,0.0692
1999-07-02,0.0681
1999-07-06,0.0622
1999-07-07,0.0577
1999-07-08,0.0622
1999-07-09,0.0616
1999-07-12,0.0574
1999-07-13,0.058
1999-07-14,0.0578
1999-07-15,0.0576
1999-07-16,0.0579
1999-07-19,0.0592
1999-07-20,0.0605
1999-07-21,0.0606
1999-07-22,0.0618
1999-07-23,0.0608
1999-07-26,0.0607
1999-07-27,0.0611
1999-07-28,0.0631
1999-07-29,0.0638
1999-07-30,0.0626
1999-08-02,0.063
1999-08-03,0.0637
1999-08-04,0.0643
1999-08-05,0.0646
1999-08-06,0.0631
1999-08-09,0.0637
1999-08-10,0.064
1999-08-11,0.0636
1999-08-12,0.0617
1999-08-13,0.0624
1999-08-16,0.0633
1999-08-17,0.0631
1999-08-18,0.063
1999-08-19,0.0632
1999-08-20,0.0633
1999-08-23,0.0627
1999-08-24,0.0631
1999-08-25,0.0629
1999-08-26,0.0632
1999-08-27,0.0644
1999-08-30,0.0681
1999-08-31,0.0705
1999-09-01,0.0695
1999-09-02,0.0715
1999-09-03,0.0714
1999-09-07,0.0729
1999-09-08,0.0725
1999-09-09,0.0723
1999-09-10,0.0699
1999-09-13,0.0699
1999-09-14,0.0688
1999-09-15,0.0682
1999-09-16,0.0679
1999-09-17,0.0701
1999-09-20,0.0709
1999-09-21,0.0689
1999-09-22,0.0697
1999-09-23,0.0702
1999-09-24,0.0686
1999-09-27,0.0672
1999-09-28,0.0672
1999-09-29,0.0697
1999-09-30,0.0697
1999-10-01,0.0703
1999-10-04,0.0692
1999-10-05,0.0684
1999-10-06,0.0676
1999-10-07,0.0671
1999-10-08,0.0689
1999-10-11,0.0689
1999-10-12,0.069
1999-10-13,0.0682
1999-10-14,0.0677
1999-10-15,0.0663
1999-10-18,0.0656
1999-10-19,0.0668
1999-10-20,0.0709
1999-10-21,0.0708
1999-10-22,0.07
1999-10-25,0.073
1999-10-26,0.0706
1999-10-27,0.0705
1999-10-28,0.0704
1999-10-29,0.0695
1999-11-01,0.0705
1999-11-02,0.0712
1999-11-03,0.07
1999-11-04,0.0697
1999-11-05,0.0701
1999-11-08,0.0694
1999-11-09,0.0686
1999-11-10,0.0687
1999-11-11,0.0679
1999-11-12,0.0679
1999-11-15,0.0664
1999-11-16,0.0669
1999-11-17,0.0625
1999-11-18,0.0604
1999-11-19,0.0587
1999-11-22,0.0579
1999-11-23,0.0602
1999-11-24,0.0605
1999-11-26,0.0605
1999-11-29,0.0603
1999-11-30,0.0592
1999-12-01,0.0586
1999-12-02,0.0588
1999-12-03,0.0599
1999-12-06,0.0629
1999-12-07,0.0618
1999-12-08,0.061
1999-12-09,0.0608
1999-12-10,0.0603
1999-12-13,0.06
1999-12-14,0.06
1999-12-15,0.0576
1999-12-16,0.0579
1999-12-17,0.0584
1999-12-20,0.0594
1999-12-21,0.0593
1999-12-22,0.061
1999-12-23,0.0603
1999-12-27,0.0595
1999-12-28,0.0601
1999-12-29,0.0616
1999-12-30,0.0613
1999-12-31,0.0613
2000-01-03,0.062
2000-01-04,0.0584
2000-01-05,0.0586
2000-01-06,0.0592
2000-01-07,0.0585
2000-01-10,0.0582
2000-01-11,0.057
2000-01-12,0.0554
2000-01-13,0.0549
2000-01-14,0.0559
2000-01-18,0.0543
2000-01-19,0.0547
2000-01-20,0.0558
2000-01-21,0.0552
2000-01-24,0.0538
2000-01-25,0.0535
2000-01-26,0.057
2000-01-27,0.0557
2000-01-28,0.0553
2000-01-31,0.0547
2000-02-01,0.0547
2000-02-02,0.0565
2000-02-03,0.0581
2000-02-04,0.0598
2000-02-07,0.0596
2000-02-08,0.0579
2000-02-09,0.0565
2000-02-10,0.0574
2000-02-11,0.0568
2000-02-14,0.0543
2000-02-15,0.0531
2000-02-16,0.0518
2000-02-17,0.0532
2000-02-18,0.0532
2000-02-22,0.0537
2000-02-23,0.0548
2000-02-24,0.0537
2000-02-25,0.0528
2000-02-28,0.0517
2000-02-29,0.0518
2000-03-01,0.0527
2000-03-02,0.0529
2000-03-03,0.053
2000-03-06,0.0523
2000-03-07,0.0531
2000-03-08,0.0534
2000-03-09,0.0538
2000-03-10,0.0539
2000-03-13,0.0562
2000-03-14,0.0548
2000-03-15,0.0554
2000-03-16,0.056
2000-03-17,0.0554
2000-03-20,0.0541
2000-03-21,0.0541
2000-03-22,0.0549
2000-03-23,0.0569
2000-03-24,0.0565
2000-03-27,0.0574
2000-03-28,0.058
2000-03-29,0.0568
2000-03-30,0.0593
2000-03-31,0.0623
2000-04-03,0.0623
2000-04-04,0.0602
2000-04-05,0.0628
2000-04-06,0.0629
2000-04-07,0.0619
2000-04-10,0.0612
2000-04-11,0.0627
2000-04-12,0.0624
2000-04-13,0.0644
2000-04-14,0.0644
2000-04-17,0.0661
2000-04-18,0.0659
2000-04-19,0.068
2000-04-20,0.067
2000-04-24,0.0676
2000-04-25,0.0676
2000-04-26,0.0666
2000-04-27,0.067
2000-04-28,0.0687
2000-05-01,0.0675
2000-05-02,0.0665
2000-05-03,0.067
2000-05-04,0.068
2000-05-05,0.0686
2000-05-08,0.0676
2000-05-09,0.0683
2000-05-10,0.0685
2000-05-11,0.0705
2000-05-12,0.0716
2000-05-15,0.0736
2000-05-16,0.0758
2000-05-17,0.0756
2000-05-18,0.0747
2000-05-19,0.0762
2000-05-22,0.0786
2000-05-23,0.0785
2000-05-24,0.0802
2000-05-25,0.0802
2000-05-26,0.0814
2000-05-30,0.0806
2000-05-31,0.0796
2000-06-01,0.0795
2000-06-02,0.0837
2000-06-05,0.0818
2000-06-06,0.0836
2000-06-07,0.0838
2000-06-08,0.0839
2000-06-09,0.0873
2000-06-12,0.0869
2000-06-13,0.0896
2000-06-14,0.0907
2000-06-15,0.0881
2000-06-16,0.0849
2000-06-19,0.0879
2000-06-20,0.0893
2000-06-21,0.09
2000-06-22,0.0887
2000-06-23,0.0869
2000-06-26,0.0888
2000-06-27,0.0904
2000-06-28,0.0906
2000-06-29,0.0927
2000-06-30,0.0885
2000-07-03,0.0885
2000-07-05,0.0913
2000-07-06,0.0929
2000-07-07,0.0908
2000-07-10,0.0908
2000-07-11,0.0927
2000-07-12,0.0956
2000-07-13,0.0969
2000-07-14,0.097
2000-07-17,0.1007
2000-07-18,0.1046
2000-07-19,0.1051
2000-07-20,0.1073
2000-07-21,0.1076
2000-07-24,0.1081
2000-07-25,0.1085
2000-07-26,0.1097
2000-07-27,0.1119
2000-07-28,0.1131
2000-07-31,0.1104
2000-08-01,0.1077
2000-08-02,0.1134
2000-08-03,0.116
2000-08-04,0.1143
2000-08-07,0.1115
2000-08-08,0.1124
2000-08-09,0.1098
2000-08-10,0.1096
2000-08-11,0.1119
2000-08-14,0.112
2000-08-15,0.1116
2000-08-16,0.1125
2000-08-17,0.1118
2000-08-18,0.1118
2000-08-21,0.1125
2000-08-22,0.1103
2000-08-23,0.1093
2000-08-24,0.1092
2000-08-25,0.1115
2000-08-28,0.1116
2000-08-29,0.1117
2000-08-30,0.1116
2000-08-31,0.1087
2000-09-01,0.1125
2000-09-05,0.1102
2000-09-06,0.1091
2000-09-07,0.1102
2000-09-08,0.1091
2000-09-11,0.1083
2000-09-12,0.1078
2000-09-13,0.1081
2000-09-14,0.105
2000-09-15,0.0993
2000-09-18,0.1003
2000-09-19,0.1012
2000-09-20,0.0977
2000-09-21,0.0949
2000-09-22,0.0987
2000-09-25,0.1004
2000-09-26,0.0993
2000-09-27,0.0983
2000-09-28,0.0998
2000-09-29,0.1001
2000-10-02,0.1002
2000-10-03,0.1031
2000-10-04,0.1045
2000-10-05,0.106
2000-10-06,0.1124
2000-10-09,0.1087
2000-10-10,0.1144
2000-10-11,0.1146
2000-10-12,0.1152
2000-10-13,0.1158
2000-10-16,0.1184
2000-10-17,0.1169
2000-10-18,0.1157
2000-10-19,0.1129
2000-10-20,0.1133
2000-10-23,0.1136
2000-10-24,0.111
2000-10-25,0.1094
2000-10-26,0.1
2000-10-27,0.1018
2000-10-30,0.1027
2000-10-31,0.1015
2000-11-01,0.1027
2000-11-02,0.102
2000-11-03,0.0998
2000-11-06,0.1006
2000-11-07,0.1004
2000-11-08,0.0994
2000-11-09,0.0926
2000-11-10,0.0941
2000-11-13,0.0945
2000-11-14,0.0933
2000-11-15,0.0955
2000-11-16,0.1004
2000-11-17,0.1023
2000-11-20,0.1016
2000-11-21,0.1028
2000-11-22,0.1044
2000-11-24,0.1044
2000-11-27,0.1102
2000-11-28,0.1029
2000-11-29,0.1032
2000-11-30,0.1022
2000-12-01,0.1023
2000-12-04,0.1024
2000-12-05,0.1025
2000-12-06,0.1016
2000-12-07,0.1016
2000-12-08,0.1031
2000-12-11,0.1029
2000-12-12,0.1012
2000-12-13,0.0996
2000-12-14,0.0982
2000-12-15,0.0983
2000-12-18,0.0984
2000-12-19,0.0997
2000-12-20,0.1027
2000-12-21,0.1027
2000-12-22,0.1039
2000-12-26,0.1045
2000-12-27,0.1071
2000-12-28,0.1067
2000-12-29,0.1064
2001-01-02,0.1054
2001-01-03,0.106
2001-01-04,0.1073
2001-01-05,0.1073
2001-01-08,0.1095
2001-01-09,0.1099
2001-01-10,0.1076
2001-01-11,0.1082
2001-01-12,0.1064
2001-01-16,0.1074
2001-01-17,0.1069
2001-01-18,0.1058
2001-01-19,0.1071
2001-01-22,0.1058
2001-01-23,0.1067
2001-01-24,0.107
2001-01-25,0.1067
2001-01-26,0.106
2001-01-29,0.1035
2001-01-30,0.0997
2001-01-31,0.1039
2001-02-01,0.107
2001-02-02,0.1083
2001-02-05,0.1053
2001-02-06,0.1064
2001-02-07,0.1056
2001-02-08,0.1058
2001-02-09,0.1037
2001-02-12,0.1029
2001-02-13,0.1023
2001-02-14,0.1028
2001-02-15,0.1026
2001-02-16,0.1023
2001-02-20,0.0989
2001-02-21,0.1005
2001-02-22,0.1002
2001-02-23,0.0987
2001-02-26,0.099
2001-02-27,0.0964
2001-02-28,0.1002
2001-03-01,0.1012
2001-03-02,0.1005
2001-03-05,0.101
2001-03-06,0.1025
2001-03-07,0.1006
2001-03-08,0.0989
2001-03-09,0.0988
2001-03-12,0.097
2001-03-13,0.0972
2001-03-14,0.0957
2001-03-15,0.0979
2001-03-16,0.0964
2001-03-19,0.0956
2001-03-20,0.0928
2001-03-21,0.0952
2001-03-22,0.0941
2001-03-23,0.0916
2001-03-26,0.0931
2001-03-27,0.0948
2001-03-28,0.0947
2001-03-29,0.0934
2001-03-30,0.0885
2001-04-02,0.0894
2001-04-03,0.0908
2001-04-04,0.0908
2001-04-05,0.0883
2001-04-06,0.0903
2001-04-09,0.0908
2001-04-10,0.0922
2001-04-11,0.091
2001-04-12,0.0909
2001-04-16,0.0916
2001-04-17,0.0937
2001-04-18,0.0927
2001-04-19,0.0942
2001-04-20,0.0949
2001-04-23,0.0946
2001-04-24,0.0937
2001-04-25,0.0937
2001-04-26,0.0957
2001-04-27,0.0977
2001-04-30,0.0966
2001-05-01,0.0988
2001-05-02,0.1006
2001-05-03,0.1025
2001-05-04,0.0996
2001-05-07,0.1012
2001-05-08,0.1026
2001-05-09,0.102
2001-05-10,0.1018
2001-05-11,0.1018
2001-05-14,0.1014
2001-05-15,0.1008
2001-05-16,0.1012
2001-05-17,0.0989
2001-05-18,0.0989
2001-05-21,0.1015
2001-05-22,0.1016
2001-05-23,0.1006
2001-05-24,0.0993
2001-05-25,0.09
2001-05-29,0.0972
2001-05-30,0.0959
2001-05-31,0.0954
2001-06-01,0.0945
2001-06-04,0.0962
2001-06-05,0.0964
2001-06-06,0.0968
2001-06-07,0.0954
2001-06-08,0.0957
2001-06-11,0.0951
2001-06-12,0.0937
2001-06-13,0.0957
2001-06-14,0.0965
2001-06-15,0.0966
2001-06-18,0.0977
2001-06-19,0.0985
2001-06-20,0.0999
2001-06-21,0.0994
2001-06-22,0.1028
2001-06-25,0.1002
2001-06-26,0.1021
2001-06-27,0.1025
2001-06-28,0.0999
2001-06-29,0.1025
2001-07-02,0.0978
2001-07-03,0.0955
2001-07-05,0.0943
2001-07-06,0.0929
2001-07-09,0.0958
2001-07-10,0.0955
2001-07-11,0.0952
2001-07-12,0.0964
2001-07-13,0.0938
2001-07-16,0.0968
2001-07-17,0.0948
2001-07-18,0.0971
2001-07-19,0.0972
2001-07-20,0.0947
2001-07-23,0.0958
2001-07-24,0.0938
2001-07-25,0.0937
2001-07-26,0.0925
2001-07-27,0.0938
2001-07-30,0.0928
2001-07-31,0.0897
2001-08-01,0.0895
2001-08-02,0.0869
2001-08-03,0.0868
2001-08-06,0.0866
2001-08-07,0.0861
2001-08-08,0.0845
2001-08-09,0.0858
2001-08-10,0.0849
2001-08-13,0.0869
2001-08-14,0.0898
2001-08-15,0.0902
2001-08-16,0.0886
2001-08-17,0.0876
2001-08-20,0.0896
2001-08-21,0.0878
2001-08-22,0.0876
2001-08-23,0.089
2001-08-24,0.0907
2001-08-27,0.0905
2001-08-28,0.089
2001-08-29,0.0877
2001-08-30,0.0856
2001-08-31,0.085
2001-09-04,0.086
2001-09-05,0.0861
2001-09-06,0.0861
2001-09-07,0.0852
2001-09-10,0.0864
2001-09-11,0.0864
2001-09-12,0.0864
2001-09-13,0.0864
2001-09-14,0.0864
2001-09-17,0.0864
2001-09-18,0.0864
2001-09-19,0.0864
2001-09-20,0.0864
2001-09-21,0.0864
2001-09-24,0.0864
2001-09-25,0.0864
2001-09-26,0.0864
2001-09-27,0.0864
2001-09-28,0.0864
2001-10-01,0.0864
2001-10-02,0.0713
2001-10-03,0.072
2001-10-04,0.0711
2001-10-05,0.0718
2001-10-08,0.0718
2001-10-09,0.0676
2001-10-10,0.0676
2001-10-11,0.0687
2001-10-12,0.0692
2001-10-15,0.0707
2001-10-16,0.0718
2001-10-17,0.073
2001-10-18,0.0697
2001-10-19,0.0715
2001-10-22,0.073
2001-10-23,0.0727
2001-10-24,0.0746
2001-10-25,0.0733
2001-10-26,0.074
2001-10-29,0.0731
2001-10-30,0.0723
2001-10-31,0.0724
2001-11-01,0.0716
2001-11-02,0.0716
2001-11-05,0.0734
2001-11-06,0.0745
2001-11-07,0.0761
2001-11-08,0.0777
2001-11-09,0.0758
2001-11-12,0.0771
2001-11-13,0.0771
2001-11-14,0.0797
2001-11-15,0.0784
2001-11-16,0.0778
2001-11-19,0.0796
2001-11-20,0.0793
2001-11-21,0.0803
2001-11-23,0.0803
2001-11-26,0.0812
2001-11-27,0.081
2001-11-28,0.082
2001-11-29,0.0831
2001-11-30,0.0831
2001-12-03,0.0824
2001-12-04,0.083
2001-12-05,0.083
2001-12-06,0.0843
2001-12-07,0.0833
2001-12-10,0.0812
2001-12-11,0.079
2001-12-12,0.0786
2001-12-13,0.0801
2001-12-14,0.0816
2001-12-17,0.0784
2001-12-18,0.0762
2001-12-19,0.0764
2001-12-20,0.0785
2001-12-21,0.078
2001-12-24,0.078
2001-12-26,0.0785
2001-12-27,0.08
2001-12-28,0.0796
2001-12-31,0.0796
2002-01-02,0.0814
2002-01-03,0.0827
2002-01-04,0.0817
2002-01-07,0.0813
2002-01-08,0.0822
2002-01-09,0.0846
2002-01-10,0.0841
2002-01-11,0.0826
2002-01-14,0.0815
2002-01-15,0.0828
2002-01-16,0.0843
2002-01-17,0.081
2002-01-18,0.0774
2002-01-22,0.08
2002-01-23,0.0792
2002-01-24,0.0751
2002-01-25,0.0767
2002-01-28,0.0773
2002-01-29,0.0739
2002-01-30,0.0707
2002-01-31,0.071
2002-02-01,0.0686
2002-02-04,0.0705
2002-02-05,0.0701
2002-02-06,0.0686
2002-02-07,0.0675
2002-02-08,0.0673
2002-02-11,0.0647
2002-02-12,0.0687
2002-02-13,0.069
2002-02-14,0.0692
2002-02-15,0.0689
2002-02-19,0.0691
2002-02-20,0.0699
2002-02-21,0.0692
2002-02-22,0.0684
2002-02-25,0.0692
2002-02-26,0.063
2002-02-27,0.0646
2002-02-28,0.0681
2002-03-01,0.0702
2002-03-04,0.0718
2002-03-05,0.0705
2002-03-06,0.0707
2002-03-07,0.0718
2002-03-08,0.0732
2002-03-11,0.0733
2002-03-12,0.0723
2002-03-13,0.0732
2002-03-14,0.0745
2002-03-15,0.0747
2002-03-18,0.0753
2002-03-19,0.0748
2002-03-20,0.0743
2002-03-21,0.07
2002-03-22,0.0707
2002-03-25,0.0733
2002-03-26,0.0718
2002-03-27,0.0731
2002-03-28,0.0747
2002-04-01,0.0721
2002-04-02,0.0721
2002-04-03,0.0718
2002-04-04,0.0703
2002-04-05,0.071
2002-04-08,0.0702
2002-04-09,0.0687
2002-04-10,0.0708
2002-04-11,0.0708
2002-04-12,0.0698
2002-04-15,0.0682
2002-04-16,0.0687
2002-04-17,0.0708
2002-04-18,0.0699
2002-04-19,0.0725
2002-04-22,0.0759
2002-04-23,0.075
2002-04-24,0.0747
2002-04-25,0.0709
2002-04-26,0.0715
2002-04-29,0.0694
2002-04-30,0.0717
2002-05-01,0.0672
2002-05-02,0.0725
2002-05-03,0.0698
2002-05-06,0.0689
2002-05-07,0.0722
2002-05-08,0.0722
2002-05-09,0.071
2002-05-10,0.072
2002-05-13,0.0751
2002-05-14,0.0758
2002-05-15,0.0752
2002-05-16,0.0774
2002-05-17,0.0763
2002-05-20,0.0752
2002-05-21,0.0718
2002-05-22,0.0742
2002-05-23,0.0733
2002-05-24,0.0742
2002-05-28,0.0728
2002-05-29,0.0746
2002-05-30,0.0749
2002-05-31,0.0757
2002-06-03,0.0755
2002-06-04,0.0735
2002-06-05,0.0727
2002-06-06,0.0736
2002-06-07,0.0737
2002-06-10,0.0731
2002-06-11,0.0719
2002-06-12,0.0684
2002-06-13,0.0702
2002-06-14,0.0704
2002-06-17,0.0678
2002-06-18,0.0689
2002-06-19,0.0675
2002-06-20,0.0679
2002-06-21,0.0674
2002-06-24,0.0667
2002-06-25,0.0694
2002-06-26,0.0706
2002-06-27,0.0727
2002-06-28,0.0719
2002-07-01,0.0794
2002-07-02,0.0813
2002-07-03,0.0836
2002-07-05,0.0836
2002-07-08,0.0785
2002-07-09,0.0814
2002-07-10,0.0824
2002-07-11,0.082
2002-07-12,0.0822
2002-07-15,0.0784
2002-07-16,0.0789
2002-07-17,0.0781
2002-07-18,0.0814
2002-07-19,0.0807
2002-07-22,0.082
2002-07-23,0.0826
2002-07-24,0.0786
2002-07-25,0.0787
2002-07-26,0.0784
2002-07-29,0.0785
2002-07-30,0.076
2002-07-31,0.0805
2002-08-01,0.0771
2002-08-02,0.078
2002-08-05,0.0794
2002-08-06,0.0784
2002-08-07,0.0802
2002-08-08,0.0811
2002-08-09,0.0805
2002-08-12,0.0784
2002-08-13,0.0776
2002-08-14,0.0779
2002-08-15,0.0797
2002-08-16,0.0798
2002-08-19,0.077
2002-08-20,0.0776
2002-08-21,0.079
2002-08-22,0.078
2002-08-23,0.0779
2002-08-26,0.0776
2002-08-27,0.0787
2002-08-28,0.0783
2002-08-29,0.0778
2002-08-30,0.0795
2002-09-03,0.0805
2002-09-04,0.082
2002-09-05,0.0801
2002-09-06,0.0822
2002-09-09,0.0839
2002-09-10,0.0848
2002-09-11,0.0832
2002-09-12,0.0851
2002-09-13,0.0876
2002-09-16,0.0862
2002-09-17,0.0865
2002-09-18,0.0878
2002-09-19,0.0892
2002-09-20,0.0895
2002-09-23,0.0878
2002-09-24,0.0874
2002-09-25,0.0864
2002-09-26,0.0853
2002-09-27,0.0858
2002-09-30,0.0861
2002-10-01,0.0846
2002-10-02,0.0848
2002-10-03,0.0855
2002-10-04,0.0864
2002-10-07,0.0863
2002-10-08,0.0894
2002-10-09,0.0875
2002-10-10,0.0886
2002-10-11,0.0878
2002-10-14,0.0886
2002-10-15,0.09
2002-10-16,0.0883
2002-10-17,0.0891
2002-10-18,0.091
2002-10-21,0.0906
2002-10-22,0.0888
2002-10-23,0.0904
2002-10-24,0.0892
2002-10-25,0.0885
2002-10-28,0.0889
2002-10-29,0.0875
2002-10-30,0.0899
2002-10-31,0.0904
2002-11-01,0.0912
2002-11-04,0.0894
2002-11-05,0.0927
2002-11-06,0.0943
2002-11-07,0.0921
2002-11-08,0.0922
2002-11-11,0.087
2002-11-12,0.0886
2002-11-13,0.0817
2002-11-14,0.0834
2002-11-15,0.0853
2002-11-18,0.0865
2002-11-19,0.0861
2002-11-20,0.0893
2002-11-21,0.0908
2002-11-22,0.0896
2002-11-25,0.0897
2002-11-26,0.0893
2002-11-27,0.0861
2002-11-29,0.0861
2002-12-02,0.0892
2002-12-03,0.0905
2002-12-04,0.0928
2002-12-05,0.0912
2002-12-06,0.0907
2002-12-09,0.088
2002-12-10,0.089
2002-12-11,0.0909
2002-12-12,0.0905
2002-12-13,0.0912
2002-12-16,0.0889
2002-12-17,0.0887
2002-12-18,0.0863
2002-12-19,0.0868
2002-12-20,0.0866
2002-12-23,0.085
2002-12-24,0.0848
2002-12-26,0.0848
2002-12-27,0.0827
2002-12-30,0.084
2002-12-31,0.0842
2003-01-02,0.0856
2003-01-03,0.0814
2003-01-06,0.0843
2003-01-07,0.0852
2003-01-08,0.0842
2003-01-09,0.084
2003-01-10,0.0829
2003-01-13,0.0812
2003-01-14,0.0847
2003-01-15,0.0868
2003-01-16,0.0839
2003-01-17,0.0865
2003-01-21,0.0842
2003-01-22,0.0829
2003-01-23,0.0812
2003-01-24,0.0833
2003-01-27,0.0916
2003-01-28,0.0885
2003-01-29,0.0901
2003-01-30,0.092
2003-01-31,0.0935
2003-02-03,0.0889
2003-02-04,0.0908
2003-02-05,0.0869
2003-02-06,0.0948
2003-02-07,0.0936
2003-02-10,0.096
2003-02-11,0.0924
2003-02-12,0.0919
2003-02-13,0.0909
2003-02-14,0.092
2003-02-18,0.092
2003-02-19,0.0941
2003-02-20,0.0938
2003-02-21,0.0944
2003-02-24,0.0902
2003-02-25,0.0883
2003-02-26,0.0887
2003-02-27,0.0883
2003-02-28,0.0888
2003-03-03,0.0918
2003-03-04,0.09
2003-03-05,0.0879
2003-03-06,0.0887
2003-03-07,0.0895
2003-03-10,0.0874
2003-03-11,0.0875
2003-03-12,0.0844
2003-03-13,0.0823
2003-03-14,0.0854
2003-03-17,0.0827
2003-03-18,0.0831
2003-03-19,0.0831
2003-03-20,0.081
2003-03-21,0.0835
2003-03-24,0.0854
2003-03-25,0.0816
2003-03-26,0.0828
2003-03-27,0.0813
2003-03-28,0.0832
2003-03-31,0.0831
2003-04-01,0.0825
2003-04-02,0.0817
2003-04-03,0.0811
2003-04-04,0.0825
2003-04-07,0.0822
2003-04-08,0.0784
2003-04-09,0.0772
2003-04-10,0.0765
2003-04-11,0.0761
2003-04-14,0.0765
2003-04-15,0.0766
2003-04-16,0.0793
2003-04-17,0.0794
2003-04-21,0.0795
2003-04-22,0.0802
2003-04-23,0.0802
2003-04-24,0.0788
2003-04-25,0.0829
2003-04-28,0.0813
2003-04-29,0.0761
2003-04-30,0.0746
2003-05-01,0.0769
2003-05-02,0.0772
2003-05-05,0.0745
2003-05-06,0.0741
2003-05-07,0.0737
2003-05-08,0.0714
2003-05-09,0.073
2003-05-12,0.073
2003-05-13,0.0723
2003-05-14,0.0748
2003-05-15,0.0734
2003-05-16,0.0729
2003-05-19,0.0737
2003-05-20,0.0758
2003-05-21,0.0747
2003-05-22,0.076
2003-05-23,0.0756
2003-05-27,0.0748
2003-05-28,0.0724
2003-05-29,0.0723
2003-05-30,0.0737
2003-06-02,0.0733
2003-06-03,0.0711
2003-06-04,0.0698
2003-06-05,0.0694
2003-06-06,0.0707
2003-06-09,0.0687
2003-06-10,0.0702
2003-06-11,0.0694
2003-06-12,0.0684
2003-06-13,0.0683
2003-06-16,0.069
2003-06-17,0.0676
2003-06-18,0.0681
2003-06-19,0.0689
2003-06-20,0.0689
2003-06-23,0.067
2003-06-24,0.0662
2003-06-25,0.066
2003-06-26,0.0668
2003-06-27,0.0658
2003-06-30,0.0658
2003-07-01,0.0662
2003-07-02,0.069
2003-07-03,0.0681
2003-07-07,0.0688
2003-07-08,0.0688
2003-07-09,0.0701
2003-07-10,0.0692
2003-07-11,0.0698
2003-07-14,0.0701
2003-07-15,0.0708
2003-07-16,0.0707
2003-07-17,0.071
2003-07-18,0.0731
2003-07-21,0.0732
2003-07-22,0.0744
2003-07-23,0.0746
2003-07-24,0.0743
2003-07-25,0.0744
2003-07-28,0.0742
2003-07-29,0.0753
2003-07-30,0.0764
2003-07-31,0.0772
2003-08-01,0.0779
2003-08-04,0.0781
2003-08-05,0.0789
2003-08-06,0.0776
2003-08-07,0.074
2003-08-08,0.0716
2003-08-11,0.0728
2003-08-12,0.0729
2003-08-13,0.0722
2003-08-14,0.0716
2003-08-15,0.071
2003-08-18,0.0716
2003-08-19,0.071
2003-08-20,0.0719
2003-08-21,0.0716
2003-08-22,0.0714
2003-08-25,0.0721
2003-08-26,0.0732
2003-08-27,0.0713
2003-08-28,0.0711
2003-08-29,0.0695
2003-09-02,0.0681
2003-09-03,0.0681
2003-09-04,0.0654
2003-09-05,0.0667
2003-09-08,0.0668
2003-09-09,0.0647
2003-09-10,0.0675
2003-09-11,0.0664
2003-09-12,0.0661
2003-09-15,0.0652
2003-09-16,0.0656
2003-09-17,0.0664
2003-09-18,0.0658
2003-09-19,0.0663
2003-09-22,0.066
2003-09-23,0.0668
2003-09-24,0.0694
2003-09-25,0.0665
2003-09-26,0.068
2003-09-29,0.0706
2003-09-30,0.0708
2003-10-01,0.0704
2003-10-02,0.071
2003-10-03,0.0718
2003-10-06,0.068
2003-10-07,0.0667
2003-10-08,0.0669
2003-10-09,0.0668
2003-10-10,0.0662
2003-10-13,0.0665
2003-10-14,0.0666
2003-10-15,0.0666
2003-10-16,0.066
2003-10-17,0.066
2003-10-20,0.0663
2003-10-21,0.067
2003-10-22,0.0667
2003-10-23,0.0665
2003-10-24,0.0667
2003-10-27,0.0687
2003-10-28,0.068
2003-10-29,0.0682
2003-10-30,0.0674
2003-10-31,0.0647
2003-11-03,0.065
2003-11-04,0.0662
2003-11-05,0.0668
2003-11-06,0.066
2003-11-07,0.0683
2003-11-10,0.0686
2003-11-11,0.0687
2003-11-12,0.068
2003-11-13,0.0702
2003-11-14,0.0701
2003-11-17,0.0702
2003-11-18,0.0705
2003-11-19,0.0699
2003-11-20,0.0703
2003-11-21,0.0679
2003-11-24,0.0676
2003-11-25,0.0678
2003-11-26,0.0678
2003-11-28,0.0681
2003-12-01,0.0688
2003-12-02,0.0697
2003-12-03,0.0712
2003-12-04,0.0729
2003-12-05,0.0738
2003-12-08,0.0728
2003-12-09,0.073
2003-12-10,0.0724
2003-12-11,0.0741
2003-12-12,0.0743
2003-12-15,0.0711
2003-12-16,0.0712
2003-12-17,0.0707
2003-12-18,0.0703
2003-12-19,0.0676
2003-12-22,0.0647
2003-12-23,0.0633
2003-12-24,0.0659
2003-12-26,0.0659
2003-12-29,0.0645
2003-12-30,0.0643
2003-12-31,0.0635
2004-01-02,0.0635
2004-01-05,0.0638
2004-01-06,0.0642
2004-01-07,0.0658
2004-01-08,0.0634
2004-01-09,0.0644
2004-01-12,0.0639
2004-01-13,0.0646
2004-01-14,0.0637
2004-01-15,0.0627
2004-01-16,0.0635
2004-01-20,0.0636
2004-01-21,0.0639
2004-01-22,0.0652
2004-01-23,0.0632
2004-01-26,0.0652
2004-01-27,0.0624
2004-01-28,0.065
2004-01-29,0.0664
2004-01-30,0.0658
2004-02-02,0.0651
2004-02-03,0.0656
2004-02-04,0.0657
2004-02-05,0.065
2004-02-06,0.0649
2004-02-09,0.0622
2004-02-10,0.0663
2004-02-11,0.0654
2004-02-12,0.0648
2004-02-13,0.0672
2004-02-17,0.0718
2004-02-18,0.0728
2004-02-19,0.0697
2004-02-20,0.0732
2004-02-23,0.0763
2004-02-24,0.0774
2004-02-25,0.0789
2004-02-26,0.08
2004-02-27,0.0794
2004-03-01,0.08
2004-03-02,0.0792
2004-03-03,0.0787
2004-03-04,0.0795
2004-03-05,0.0791
2004-03-08,0.0789
2004-03-09,0.0805
2004-03-10,0.0818
2004-03-11,0.0832
2004-03-12,0.0853
2004-03-15,0.0841
2004-03-16,0.0841
2004-03-17,0.0858
2004-03-18,0.085
2004-03-19,0.0846
2004-03-22,0.0856
2004-03-23,0.0875
2004-03-24,0.0896
2004-03-25,0.0833
2004-03-26,0.0797
2004-03-29,0.0784
2004-03-30,0.0794
2004-03-31,0.0807
2004-04-01,0.0798
2004-04-02,0.0809
2004-04-05,0.0794
2004-04-06,0.0798
2004-04-07,0.0819
2004-04-08,0.0834
2004-04-12,0.0819
2004-04-13,0.08
2004-04-14,0.0822
2004-04-15,0.0819
2004-04-16,0.0822
2004-04-19,0.0811
2004-04-20,0.0818
2004-04-21,0.081
2004-04-22,0.0822
2004-04-23,0.081
2004-04-26,0.0857
2004-04-27,0.0837
2004-04-28,0.0857
2004-04-29,0.0851
2004-04-30,0.0842
2004-05-03,0.0835
2004-05-04,0.0838
2004-05-05,0.0819
2004-05-06,0.0826
2004-05-07,0.0808
2004-05-10,0.0794
2004-05-11,0.0781
2004-05-12,0.0786
2004-05-13,0.0777
2004-05-14,0.0778
2004-05-17,0.0785
2004-05-18,0.0803
2004-05-19,0.0798
2004-05-20,0.0799
2004-05-21,0.0807
2004-05-24,0.0796
2004-05-25,0.0817
2004-05-26,0.0834
2004-05-27,0.084
2004-05-28,0.0844
2004-06-01,0.0852
2004-06-02,0.0866
2004-06-03,0.0846
2004-06-04,0.0855
2004-06-07,0.0851
2004-06-08,0.0829
2004-06-09,0.0829
2004-06-10,0.0809
2004-06-14,0.0799
2004-06-15,0.0804
2004-06-16,0.0831
2004-06-17,0.0857
2004-06-18,0.081
2004-06-21,0.0828
2004-06-22,0.0831
2004-06-23,0.0849
2004-06-24,0.0847
2004-06-25,0.0866
2004-06-28,0.0854
2004-06-29,0.0867
2004-06-30,0.0892
2004-07-01,0.088
2004-07-02,0.089
2004-07-06,0.0906
2004-07-07,0.0934
2004-07-08,0.0918
2004-07-09,0.0922
2004-07-12,0.0944
2004-07-13,0.0917
2004-07-14,0.0922
2004-07-15,0.0934
2004-07-16,0.0933
2004-07-19,0.0928
2004-07-20,0.0925
2004-07-21,0.0914
2004-07-22,0.0911
2004-07-23,0.0895
2004-07-26,0.0913
2004-07-27,0.0924
2004-07-28,0.0924
2004-07-29,0.0923
2004-07-30,0.0936
2004-08-02,0.0942
2004-08-03,0.0944
2004-08-04,0.092
2004-08-05,0.0914
2004-08-06,0.0927
2004-08-09,0.0912
2004-08-10,0.0902
2004-08-11,0.0906
2004-08-12,0.0903
2004-08-13,0.0889
2004-08-16,0.087
2004-08-17,0.0877
2004-08-18,0.0885
2004-08-19,0.088
2004-08-20,0.0875
2004-08-23,0.0898
2004-08-24,0.088
2004-08-25,0.0887
2004-08-26,0.0873
2004-08-27,0.0895
2004-08-30,0.0899
2004-08-31,0.0906
2004-09-01,0.0933
2004-09-02,0.0928
2004-09-03,0.0936
2004-09-07,0.0921
2004-09-08,0.0906
2004-09-09,0.0895
2004-09-10,0.0901
2004-09-13,0.088
2004-09-14,0.0891
2004-09-15,0.0876
2004-09-16,0.0882
2004-09-17,0.0864
2004-09-20,0.0851
2004-09-21,0.0876
2004-09-22,0.0882
2004-09-23,0.0902
2004-09-24,0.0917
2004-09-27,0.0951
2004-09-28,0.0959
2004-09-29,0.0982
2004-09-30,0.0983
2004-10-01,0.0969
2004-10-04,0.0972
2004-10-05,0.0985
2004-10-06,0.0978
2004-10-07,0.0988
2004-10-08,0.0989
2004-10-11,0.0992
2004-10-12,0.1014
2004-10-13,0.1002
2004-10-14,0.1011
2004-10-15,0.1007
2004-10-18,0.0986
2004-10-19,0.0977
2004-10-20,0.0989
2004-10-21,0.0979
2004-10-22,0.0987
2004-10-25,0.0972
2004-10-26,0.0974
2004-10-27,0.0971
2004-10-28,0.0953
2004-10-29,0.0962
2004-11-01,0.0938
2004-11-02,0.0948
2004-11-03,0.0902
2004-11-04,0.0938
2004-11-05,0.0944
2004-11-08,0.0954
2004-11-09,0.0951
2004-11-10,0.0954
2004-11-11,0.0956
2004-11-12,0.0954
2004-11-15,0.0964
2004-11-16,0.0985
2004-11-17,0.0972
2004-11-18,0.0975
2004-11-19,0.0978
2004-11-22,0.0985
2004-11-23,0.0993
2004-11-24,0.1001
2004-11-26,0.1001
2004-11-29,0.1005
2004-11-30,0.1002
2004-12-01,0.1021
2004-12-02,0.1029
2004-12-03,0.1021
2004-12-06,0.1027
2004-12-07,0.1005
2004-12-08,0.1013
2004-12-09,0.1012
2004-12-10,0.1006
2004-12-13,0.1013
2004-12-14,0.1002
2004-12-15,0.0996
2004-12-16,0.0982
2004-12-17,0.1006
2004-12-20,0.102
2004-12-21,0.1027
2004-12-22,0.1023
2004-12-23,0.1025
2004-12-27,0.1039
2004-12-28,0.1044
2004-12-29,0.1049
2004-12-30,0.1045
2004-12-31,0.1045
2005-01-03,0.1059
2005-01-04,0.1047
2005-01-05,0.1039
2005-01-06,0.1039
2005-01-07,0.1009
2005-01-10,0.0998
2005-01-11,0.0999
2005-01-12,0.1
2005-01-13,0.1016
2005-01-14,0.1019
2005-01-18,0.1027
2005-01-19,0.1023
2005-01-20,0.1032
2005-01-21,0.1032
2005-01-24,0.1033
2005-01-25,0.1043
2005-01-26,0.1061
2005-01-27,0.1071
2005-01-28,0.1052
2005-01-31,0.106
2005-02-01,0.1035
2005-02-02,0.1031
2005-02-03,0.104
2005-02-04,0.1057
2005-02-07,0.1031
2005-02-08,0.1046
2005-02-09,0.1052
2005-02-10,0.1058
2005-02-11,0.1057
2005-02-14,0.105
2005-02-15,0.1051
2005-02-16,0.1039
2005-02-17,0.1045
2005-02-18,0.1036
2005-02-22,0.1081
2005-02-23,0.1065
2005-02-24,0.1075
2005-02-25,0.1053
2005-02-28,0.1063
2005-03-01,0.1062
2005-03-02,0.1061
2005-03-03,0.1037
2005-03-04,0.1031
2005-03-07,0.1041
2005-03-08,0.1053
2005-03-09,0.1053
2005-03-10,0.106
2005-03-11,0.1076
2005-03-14,0.1084
2005-03-15,0.1079
2005-03-16,0.108
2005-03-17,0.1086
2005-03-18,0.1077
2005-03-21,0.106
2005-03-22,0.1053
2005-03-23,0.1044
2005-03-24,0.1042
2005-03-28,0.1047
2005-03-29,0.1037
2005-03-30,0.103
2005-03-31,0.1055
2005-04-01,0.1038
2005-04-04,0.1024
2005-04-05,0.1028
2005-04-06,0.1027
2005-04-07,0.1037
2005-04-08,0.1028
2005-04-11,0.1017
2005-04-12,0.1021
2005-04-13,0.1013
2005-04-14,0.0995
2005-04-15,0.099
2005-04-18,0.0992
2005-04-19,0.1014
2005-04-20,0.102
2005-04-21,0.1021
2005-04-22,0.1018
2005-04-25,0.1008
2005-04-26,0.1014
2005-04-27,0.1035
2005-04-28,0.1025
2005-04-29,0.104
2005-05-02,0.1045
2005-05-03,0.1029
2005-05-04,0.1032
2005-05-05,0.1006
2005-05-06,0.1009
2005-05-09,0.1011
2005-05-10,0.1022
2005-05-11,0.1026
2005-05-12,0.1007
2005-05-13,0.101
2005-05-16,0.0998
2005-05-17,0.0989
2005-05-18,0.1016
2005-05-19,0.1021
2005-05-20,0.1017
2005-05-23,0.1036
2005-05-24,0.1024
2005-05-25,0.1022
2005-05-26,0.1044
2005-05-27,0.1033
2005-05-31,0.1032
2005-06-01,0.1023
2005-06-02,0.1027
2005-06-03,0.104
2005-06-06,0.1042
2005-06-07,0.1045
2005-06-08,0.1036
2005-06-09,0.1048
2005-06-10,0.1035
2005-06-13,0.103
2005-06-14,0.1033
2005-06-15,0.1027
2005-06-16,0.1031
2005-06-17,0.1033
2005-06-20,0.1051
2005-06-21,0.1039
2005-06-22,0.105
2005-06-23,0.1044
2005-06-24,0.1061
2005-06-27,0.1073
2005-06-28,0.1064
2005-06-29,0.1063
2005-06-30,0.1088
2005-07-01,0.1055
2005-07-05,0.1077
2005-07-06,0.1069
2005-07-07,0.1073
2005-07-08,0.108
2005-07-11,0.1078
2005-07-12,0.1086
2005-07-13,0.1067
2005-07-14,0.1083
2005-07-15,0.1088
2005-07-18,0.1094
2005-07-19,0.1072
2005-07-20,0.1075
2005-07-21,0.1093
2005-07-22,0.1104
2005-07-25,0.1108
2005-07-26,0.1129
2005-07-27,0.1124
2005-07-28,0.1122
2005-07-29,0.1094
2005-08-01,0.1119
2005-08-02,0.112
2005-08-03,0.1139
2005-08-04,0.1152
2005-08-05,0.1134
2005-08-08,0.1126
2005-08-09,0.1104
2005-08-10,0.1099
2005-08-11,0.1103
2005-08-12,0.1092
2005-08-15,0.1102
2005-08-16,0.1092
2005-08-17,0.1091
2005-08-18,0.1085
2005-08-19,0.1101
2005-08-22,0.1079
2005-08-23,0.1077
2005-08-24,0.1098
2005-08-25,0.1103
2005-08-26,0.1088
2005-08-29,0.1118
2005-08-30,0.1136
2005-08-31,0.1139
2005-09-01,0.1133
2005-09-02,0.1133
2005-09-06,0.1123
2005-09-07,0.1119
2005-09-08,0.111
2005-09-09,0.1148
2005-09-12,0.1152
2005-09-13,0.114
2005-09-14,0.1128
2005-09-15,0.1149
2005-09-16,0.1162
2005-09-19,0.1156
2005-09-20,0.117
2005-09-21,0.1145
2005-09-22,0.1165
2005-09-23,0.1161
2005-09-26,0.1156
2005-09-27,0.1215
2005-09-28,0.1223
2005-09-29,0.1221
2005-09-30,0.1226
2005-10-03,0.1244
2005-10-04,0.1269
2005-10-05,0.1259
2005-10-06,0.1234
2005-10-07,0.124
2005-10-10,0.1267
2005-10-11,0.1276
2005-10-12,0.1277
2005-10-13,0.1278
2005-10-14,0.1274
2005-10-17,0.1257
2005-10-18,0.1269
2005-10-19,0.1286
2005-10-20,0.1271
2005-10-21,0.1279
2005-10-24,0.1277
2005-10-25,0.1283
2005-10-26,0.1282
2005-10-27,0.1275
2005-10-28,0.1274
2005-10-31,0.124
2005-11-01,0.123
2005-11-02,0.124
2005-11-03,0.1258
2005-11-04,0.1252
2005-11-07,0.125
2005-11-08,0.1234
2005-11-09,0.1223
2005-11-10,0.1251
2005-11-11,0.1251
2005-11-14,0.1271
2005-11-15,0.1305
2005-11-16,0.1313
2005-11-17,0.1316
2005-11-18,0.1302
2005-11-21,0.1314
2005-11-22,0.1313
2005-11-23,0.1318
2005-11-25,0.1314
2005-11-28,0.1354
2005-11-29,0.1364
2005-11-30,0.1351
2005-12-01,0.1389
2005-12-02,0.1404
2005-12-05,0.1424
2005-12-06,0.1429
2005-12-07,0.1446
2005-12-08,0.1467
2005-12-09,0.1486
2005-12-12,0.1508
2005-12-13,0.1497
2005-12-14,0.148
2005-12-15,0.15
2005-12-16,0.1542
2005-12-19,0.1548
2005-12-20,0.1543
2005-12-21,0.1534
2005-12-22,0.1549
2005-12-23,0.1594
2005-12-27,0.1578
2005-12-28,0.1574
2005-12-29,0.1603
2005-12-30,0.1598
2006-01-03,0.1539
2006-01-04,0.1595
2006-01-05,0.1614
2006-01-06,0.1613
2006-01-09,0.16
2006-01-10,0.1585
2006-01-11,0.1598
2006-01-12,0.1587
2006-01-13,0.164
2006-01-17,0.1668
2006-01-18,0.1678
2006-01-19,0.1713
2006-01-20,0.1814
2006-01-23,0.1936
2006-01-24,0.1779
2006-01-25,0.1792
2006-01-26,0.1949
2006-01-27,0.1973
2006-01-30,0.1936
2006-01-31,0.1931
2006-02-01,0.1914
2006-02-02,0.2001
2006-02-03,0.2046
2006-02-06,0.1991
2006-02-07,0.191
2006-02-08,0.1961
2006-02-09,0.1956
2006-02-10,0.1866
2006-02-13,0.1849
2006-02-14,0.1858
2006-02-15,0.1882
2006-02-16,0.1813
2006-02-17,0.1814
2006-02-21,0.1847
2006-02-22,0.1935
2006-02-23,0.1906
2006-02-24,0.1867
2006-02-27,0.1801
2006-02-28,0.1756
2006-03-01,0.1777
2006-03-02,0.1763
2006-03-03,0.1789
2006-03-06,0.1844
2006-03-07,0.182
2006-03-08,0.182
2006-03-09,0.1725
2006-03-10,0.1746
2006-03-13,0.1791
2006-03-14,0.1734
2006-03-15,0.1755
2006-03-16,0.1758
2006-03-17,0.1749
2006-03-20,0.1755
2006-03-21,0.1755
2006-03-22,0.1782
2006-03-23,0.1765
2006-03-24,0.1796
2006-03-27,0.1836
2006-03-28,0.1912
2006-03-29,0.1918
2006-03-30,0.1926
2006-03-31,0.1902
2006-04-03,0.1928
2006-04-04,0.1908
2006-04-05,0.1886
2006-04-06,0.1875
2006-04-07,0.1815
2006-04-10,0.1796
2006-04-11,0.1789
2006-04-12,0.1773
2006-04-13,0.1787
2006-04-17,0.178
2006-04-18,0.1828
2006-04-19,0.1756
2006-04-20,0.1822
2006-04-21,0.18
2006-04-24,0.1817
2006-04-25,0.1799
2006-04-26,0.181
2006-04-27,0.1817
2006-04-28,0.1819
2006-05-01,0.1873
2006-05-02,0.1882
2006-05-03,0.1884
2006-05-04,0.1826
2006-05-05,0.1828
2006-05-08,0.1819
2006-05-09,0.182
2006-05-10,0.1839
2006-05-11,0.1846
2006-05-12,0.1867
2006-05-15,0.1726
2006-05-16,0.1802
2006-05-17,0.1804
2006-05-18,0.1738
2006-05-19,0.1719
2006-05-22,0.1723
2006-05-23,0.1757
2006-05-24,0.1718
2006-05-25,0.1726
2006-05-26,0.1687
2006-05-30,0.1687
2006-05-31,0.1657
2006-06-01,0.1628
2006-06-02,0.1632
2006-06-05,0.1638
2006-06-06,0.1601
2006-06-07,0.1592
2006-06-08,0.1592
2006-06-09,0.1599
2006-06-12,0.1566
2006-06-13,0.1562
2006-06-14,0.1563
2006-06-15,0.1567
2006-06-16,0.158
2006-06-19,0.1552
2006-06-20,0.1588
2006-06-21,0.1631
2006-06-22,0.1663
2006-06-23,0.164
2006-06-26,0.1697
2006-06-27,0.167
2006-06-28,0.1682
2006-06-29,0.1679
2006-06-30,0.1705
2006-07-03,0.1712
2006-07-05,0.1754
2006-07-06,0.1791
2006-07-07,0.178
2006-07-10,0.1739
2006-07-11,0.1752
2006-07-12,0.1738
2006-07-13,0.1722
2006-07-14,0.1694
2006-07-17,0.1614
2006-07-18,0.1655
2006-07-19,0.1615
2006-07-20,0.1617
2006-07-21,0.16
2006-07-24,0.1627
2006-07-25,0.1617
2006-07-26,0.1598
2006-07-27,0.1544
2006-07-28,0.15
2006-07-31,0.1556
2006-08-01,0.1547
2006-08-02,0.1512
2006-08-03,0.1488
2006-08-04,0.1502
2006-08-07,0.1494
2006-08-08,0.144
2006-08-09,0.147
2006-08-10,0.1437
2006-08-11,0.1386
2006-08-14,0.1331
2006-08-15,0.1315
2006-08-16,0.1336
2006-08-17,0.1279
2006-08-18,0.1268
2006-08-21,0.1273
2006-08-22,0.1268
2006-08-23,0.1309
2006-08-24,0.1307
2006-08-25,0.1302
2006-08-28,0.1283
2006-08-29,0.1263
2006-08-30,0.121
2006-08-31,0.1216
2006-09-01,0.1224
2006-09-05,0.1216
2006-09-06,0.1253
2006-09-07,0.1246
2006-09-08,0.1266
2006-09-11,0.1232
2006-09-12,0.1233
2006-09-13,0.1297
2006-09-14,0.1305
2006-09-15,0.1316
2006-09-18,0.1347
2006-09-19,0.1322
2006-09-20,0.1293
2006-09-21,0.1181
2006-09-22,0.1178
2006-09-25,0.1136
2006-09-26,0.1169
2006-09-27,0.1198
2006-09-28,0.1187
2006-09-29,0.1231
2006-10-02,0.1202
2006-10-03,0.1159
2006-10-04,0.1146
2006-10-05,0.1158
2006-10-06,0.1151
2006-10-09,0.1191
2006-10-10,0.1234
2006-10-11,0.1161
2006-10-12,0.1182
2006-10-13,0.1179
2006-10-16,0.1207
2006-10-17,0.1314
2006-10-18,0.1233
2006-10-19,0.1224
2006-10-20,0.1224
2006-10-23,0.1231
2006-10-24,0.1222
2006-10-25,0.1246
2006-10-26,0.1246
2006-10-27,0.1245
2006-10-30,0.1224
2006-10-31,0.1211
2006-11-01,0.1218
2006-11-02,0.1209
2006-11-03,0.1199
2006-11-06,0.1224
2006-11-07,0.1231
2006-11-08,0.1244
2006-11-09,0.1266
2006-11-10,0.1265
2006-11-13,0.1243
2006-11-14,0.123
2006-11-15,0.1254
2006-11-16,0.1226
2006-11-17,0.1201
2006-11-20,0.1235
2006-11-21,0.1209
2006-11-22,0.121
2006-11-24,0.1235
2006-11-27,0.1239
2006-11-28,0.1256
2006-11-29,0.1288
2006-11-30,0.1308
2006-12-01,0.1308
2006-12-04,0.1258
2006-12-05,0.1244
2006-12-06,0.1214
2006-12-07,0.1198
2006-12-08,0.1199
2006-12-11,0.1183
2006-12-12,0.1214
2006-12-13,0.1198
2006-12-14,0.1187
2006-12-15,0.121
2006-12-18,0.1274
2006-12-19,0.1282
2006-12-20,0.128
2006-12-21,0.1277
2006-12-22,0.1284
2006-12-26,0.129
2006-12-27,0.1268
2006-12-28,0.1282
2006-12-29,0.128
2007-01-03,0.1237
2007-01-04,0.1233
2007-01-05,0.1205
2007-01-08,0.1194
2007-01-09,0.1192
2007-01-10,0.1198
2007-01-11,0.12
2007-01-12,0.1173
2007-01-16,0.1184
2007-01-17,0.1164
2007-01-18,0.1171
2007-01-19,0.1178
2007-01-22,0.1182
2007-01-23,0.1188
2007-01-24,0.1186
2007-01-25,0.1169
2007-01-26,0.1164
2007-01-29,0.1172
2007-01-30,0.1144
2007-01-31,0.1156
2007-02-01,0.1164
2007-02-02,0.1152
2007-02-05,0.1152
2007-02-06,0.1134
2007-02-07,0.1108
2007-02-08,0.1121
2007-02-09,0.1151
2007-02-12,0.1144
2007-02-13,0.1134
2007-02-14,0.1168
2007-02-15,0.1216
2007-02-16,0.1205
2007-02-20,0.1196
2007-02-21,0.1174
2007-02-22,0.1166
2007-02-23,0.118
2007-02-26,0.1175
2007-02-27,0.119
2007-02-28,0.1166
2007-03-01,0.1198
2007-03-02,0.1244
2007-03-05,0.1173
2007-03-06,0.1188
2007-03-07,0.1184
2007-03-08,0.1181
2007-03-09,0.1163
2007-03-12,0.1158
2007-03-13,0.1147
2007-03-14,0.1145
2007-03-15,0.114
2007-03-16,0.1137
2007-03-19,0.1121
2007-03-20,0.112
2007-03-21,0.1124
2007-03-22,0.1117
2007-03-23,0.1116
2007-03-26,0.1105
2007-03-27,0.1103
2007-03-28,0.1119
2007-03-29,0.1089
2007-03-30,0.1103
2007-04-02,0.1086
2007-04-03,0.1081
2007-04-04,0.1086
2007-04-05,0.1086
2007-04-09,0.1116
2007-04-10,0.1108
2007-04-11,0.1116
2007-04-12,0.1111
2007-04-13,0.1124
2007-04-16,0.1104
2007-04-17,0.1095
2007-04-18,0.1086
2007-04-19,0.1077
2007-04-20,0.1082
2007-04-23,0.1056
2007-04-24,0.1059
2007-04-25,0.1055
2007-04-26,0.1069
2007-04-27,0.105
2007-04-30,0.1053
2007-05-01,0.1045
2007-05-02,0.1047
2007-05-03,0.1067
2007-05-04,0.1067
2007-05-07,0.1069
2007-05-08,0.1067
2007-05-09,0.107
2007-05-10,0.1079
2007-05-11,0.1083
2007-05-14,0.108
2007-05-15,0.1042
2007-05-16,0.1041
2007-05-17,0.1054
2007-05-18,0.1049
2007-05-21,0.1068
2007-05-22,0.1074
2007-05-23,0.1074
2007-05-24,0.1086
2007-05-25,0.1134
2007-05-29,0.1146
2007-05-30,0.114
2007-05-31,0.1131
2007-06-01,0.1109
2007-06-04,0.1095
2007-06-05,0.1068
2007-06-06,0.1071
2007-06-07,0.1056
2007-06-08,0.1068
2007-06-11,0.1085
2007-06-12,0.107
2007-06-13,0.1058
2007-06-14,0.1043
2007-06-15,0.1067
2007-06-18,0.1108
2007-06-19,0.11
2007-06-20,0.1115
2007-06-21,0.1144
2007-06-22,0.1135
2007-06-25,0.1144
2007-06-26,0.1177
2007-06-27,0.1159
2007-06-28,0.1156
2007-06-29,0.1173
2007-07-02,0.115
2007-07-03,0.1167
2007-07-05,0.1175
2007-07-06,0.1188
2007-07-09,0.1177
2007-07-10,0.1201
2007-07-11,0.1202
2007-07-12,0.1195
2007-07-13,0.1237
2007-07-16,0.1218
2007-07-17,0.1212
2007-07-18,0.1244
2007-07-19,0.1272
2007-07-20,0.1266
2007-07-23,0.1246
2007-07-24,0.1255
2007-07-25,0.1231
2007-07-26,0.1253
2007-07-27,0.1213
2007-07-30,0.123
2007-07-31,0.124
2007-08-01,0.1252
2007-08-02,0.1226
2007-08-03,0.1224
2007-08-06,0.1216
2007-08-07,0.1191
2007-08-08,0.1188
2007-08-09,0.1198
2007-08-10,0.1151
2007-08-13,0.1147
2007-08-14,0.114
2007-08-15,0.1145
2007-08-16,0.1125
2007-08-17,0.1131
2007-08-20,0.1151
2007-08-21,0.1143
2007-08-22,0.1142
2007-08-23,0.1143
2007-08-24,0.1144
2007-08-27,0.1152
2007-08-28,0.1158
2007-08-29,0.1151
2007-08-30,0.1156
2007-08-31,0.1154
2007-09-04,0.1144
2007-09-05,0.1148
2007-09-06,0.1141
2007-09-07,0.1149
2007-09-10,0.1134
2007-09-11,0.1141
2007-09-12,0.1143
2007-09-13,0.1149
2007-09-14,0.1145
2007-09-17,0.1139
2007-09-18,0.1123
2007-09-19,0.1163
2007-09-20,0.12
2007-09-21,0.1202
2007-09-24,0.1168
2007-09-25,0.12
2007-09-26,0.1173
2007-09-27,0.121
2007-09-28,0.1183
2007-10-01,0.1137
2007-10-02,0.1165
2007-10-03,0.1123
2007-10-04,0.1136
2007-10-05,0.1119
2007-10-08,0.1148
2007-10-09,0.1173
2007-10-10,0.1149
2007-10-11,0.1178
2007-10-12,0.118
2007-10-15,0.1192
2007-10-16,0.119
2007-10-17,0.1218
2007-10-18,0.1212
2007-10-19,0.1195
2007-10-22,0.1221
2007-10-23,0.1221
2007-10-24,0.1221
2007-10-25,0.1235
2007-10-26,0.1234
2007-10-29,0.1191
2007-10-30,0.1223
2007-10-31,0.1215
2007-11-01,0.1184
2007-11-02,0.1182
2007-11-05,0.1202
2007-11-06,0.1218
2007-11-07,0.1203
2007-11-08,0.1201
2007-11-09,0.1213
2007-11-12,0.1208
2007-11-13,0.1164
2007-11-14,0.1166
2007-11-15,0.1166
2007-11-16,0.1198
2007-11-19,0.1179
2007-11-20,0.1133
2007-11-21,0.1155
2007-11-23,0.1155
2007-11-26,0.1161
2007-11-27,0.1143
2007-11-28,0.12
2007-11-29,0.1174
2007-11-30,0.1189
2007-12-03,0.1163
2007-12-04,0.1156
2007-12-05,0.1197
2007-12-06,0.1184
2007-12-07,0.1204
2007-12-10,0.1204
2007-12-11,0.1245
2007-12-12,0.1228
2007-12-13,0.1225
2007-12-14,0.1242
2007-12-17,0.1267
2007-12-18,0.1278
2007-12-19,0.1219
2007-12-20,0.1314
2007-12-21,0.1322
2007-12-24,0.1322
2007-12-26,0.1297
2007-12-27,0.1317
2007-12-28,0.1314
2007-12-31,0.1302
2008-01-02,0.1283
2008-01-03,0.1309
2008-01-04,0.134
2008-01-07,0.1351
2008-01-08,0.1375
2008-01-09,0.1345
2008-01-10,0.1345
2008-01-11,0.1358
2008-01-14,0.1348
2008-01-15,0.1358
2008-01-16,0.1362
2008-01-17,0.1445
2008-01-18,0.1426
2008-01-22,0.1372
2008-01-23,0.1366
2008-01-24,0.1343
2008-01-25,0.1385
2008-01-28,0.144
2008-01-29,0.1432
2008-01-30,0.1452
2008-01-31,0.1446
2008-02-01,0.1438
2008-02-04,0.143
2008-02-05,0.1394
2008-02-06,0.1413
2008-02-07,0.1417
2008-02-08,0.1444
2008-02-11,0.1472
2008-02-12,0.1455
2008-02-13,0.1456
2008-02-14,0.1506
2008-02-15,0.1521
2008-02-19,0.1552
2008-02-20,0.1559
2008-02-21,0.1578
2008-02-22,0.1589
2008-02-25,0.1593
2008-02-26,0.1606
2008-02-27,0.1622
2008-02-28,0.1636
2008-02-29,0.1633
2008-03-03,0.167
2008-03-04,0.1624
2008-03-05,0.164
2008-03-06,0.1564
2008-03-07,0.1496
2008-03-10,0.1467
2008-03-11,0.15
2008-03-12,0.15
2008-03-13,0.1522
2008-03-14,0.1514
2008-03-17,0.1401
2008-03-18,0.1408
2008-03-19,0.1338
2008-03-20,0.1351
2008-03-24,0.1363
2008-03-25,0.1389
2008-03-26,0.139
2008-03-27,0.1384
2008-03-28,0.1353
2008-03-31,0.1323
2008-04-01,0.133
2008-04-02,0.1334
2008-04-03,0.1359
2008-04-04,0.1337
2008-04-07,0.1364
2008-04-08,0.135
2008-04-09,0.1409
2008-04-10,0.1415
2008-04-11,0.1397
2008-04-14,0.141
2008-04-15,0.1416
2008-04-16,0.1433
2008-04-17,0.1411
2008-04-18,0.1415
2008-04-21,0.1357
2008-04-22,0.1367
2008-04-23,0.1357
2008-04-24,0.1358
2008-04-25,0.1357
2008-04-28,0.1315
2008-04-29,0.1313
2008-04-30,0.1298
2008-05-01,0.1245
2008-05-02,0.1252
2008-05-05,0.1259
2008-05-06,0.1301
2008-05-07,0.1287
2008-05-08,0.1268
2008-05-09,0.1267
2008-05-12,0.1273
2008-05-13,0.1248
2008-05-14,0.1195
2008-05-15,0.1195
2008-05-16,0.1236
2008-05-19,0.1228
2008-05-20,0.1198
2008-05-21,0.1191
2008-05-22,0.1154
2008-05-23,0.1154
2008-05-27,0.1189
2008-05-28,0.1174
2008-05-29,0.1161
2008-05-30,0.1175
2008-06-02,0.1236
2008-06-03,0.1188
2008-06-04,0.1164
2008-06-05,0.1186
2008-06-06,0.1208
2008-06-09,0.1217
2008-06-10,0.1225
2008-06-11,0.1287
2008-06-12,0.1283
2008-06-13,0.1282
2008-06-16,0.1335
2008-06-17,0.1357
2008-06-18,0.1405
2008-06-19,0.1423
2008-06-20,0.1458
2008-06-23,0.1434
2008-06-24,0.1438
2008-06-25,0.1426
2008-06-26,0.1468
2008-06-27,0.1446
2008-06-30,0.1451
2008-07-01,0.1545
2008-07-02,0.1565
2008-07-03,0.1559
2008-07-07,0.1517
2008-07-08,0.1531
2008-07-09,0.1553
2008-07-10,0.1538
2008-07-11,0.1562
2008-07-14,0.1525
2008-07-15,0.1557
2008-07-16,0.1539
2008-07-17,0.1453
2008-07-18,0.1434
2008-07-21,0.1437
2008-07-22,0.1376
2008-07-23,0.138
2008-07-24,0.1392
2008-07-25,0.1418
2008-07-28,0.1405
2008-07-29,0.1439
2008-07-30,0.15
2008-07-31,0.1554
2008-08-01,0.1613
2008-08-04,0.1528
2008-08-05,0.1558
2008-08-06,0.1597
2008-08-07,0.1591
2008-08-08,0.1544
2008-08-11,0.1526
2008-08-12,0.1542
2008-08-13,0.157
2008-08-14,0.153
2008-08-15,0.1496
2008-08-18,0.1553
2008-08-19,0.157
2008-08-20,0.1563
2008-08-21,0.1576
2008-08-22,0.1593
2008-08-25,0.1595
2008-08-26,0.1606
2008-08-27,0.1566
2008-08-28,0.1529
2008-08-29,0.1475
2008-09-02,0.1471
2008-09-03,0.1474
2008-09-04,0.1484
2008-09-05,0.1484
2008-09-08,0.1471
2008-09-09,0.1447
2008-09-10,0.1445
2008-09-11,0.1444
2008-09-12,0.1452
2008-09-15,0.1452
2008-09-16,0.144
2008-09-17,0.1465
2008-09-18,0.1449
2008-09-19,0.1403
2008-09-22,0.1456
2008-09-23,0.1429
2008-09-24,0.1509
2008-09-25,0.1552
2008-09-26,0.1588
2008-09-29,0.1527
2008-09-30,0.1505
2008-10-01,0.1532
2008-10-02,0.1467
2008-10-03,0.1426
2008-10-06,0.1344
2008-10-07,0.1345
2008-10-08,0.1328
2008-10-09,0.1337
2008-10-10,0.1283
2008-10-13,0.1301
2008-10-14,0.1314
2008-10-15,0.1263
2008-10-16,0.1249
2008-10-17,0.1267
2008-10-20,0.1278
2008-10-21,0.1235
2008-10-22,0.1235
2008-10-23,0.12
2008-10-24,0.1177
2008-10-27,0.1198
2008-10-28,0.1223
2008-10-29,0.131
2008-10-30,0.1274
2008-10-31,0.1298
2008-11-03,0.1305
2008-11-04,0.1379
2008-11-05,0.1358
2008-11-06,0.1288
2008-11-07,0.1299
2008-11-10,0.1309
2008-11-11,0.1282
2008-11-12,0.1266
2008-11-13,0.1245
2008-11-14,0.1264
2008-11-17,0.1269
2008-11-18,0.1276
2008-11-19,0.1279
2008-11-20,0.1268
2008-11-21,0.1239
2008-11-24,0.1282
2008-11-25,0.1276
2008-11-26,0.1292
2008-11-28,0.1285
2008-12-01,0.1269
2008-12-02,0.1269
2008-12-03,0.1217
2008-12-04,0.119
2008-12-05,0.1163
2008-12-08,0.1192
2008-12-09,0.1221
2008-12-10,0.126
2008-12-11,0.1294
2008-12-12,0.1268
2008-12-15,0.1262
2008-12-16,0.1267
2008-12-17,0.1269
2008-12-18,0.1282
2008-12-19,0.1201
2008-12-22,0.1187
2008-12-23,0.1178
2008-12-24,0.1196
2008-12-26,0.1198
2008-12-29,0.1208
2008-12-30,0.1214
2008-12-31,0.1275
2009-01-02,0.1281
2009-01-05,0.1278
2009-01-06,0.1305
2009-01-07,0.1299
2009-01-08,0.129
2009-01-09,0.1295
2009-01-12,0.1257
2009-01-13,0.1236
2009-01-14,0.1243
2009-01-15,0.1269
2009-01-16,0.1269
2009-01-20,0.1337
2009-01-21,0.1345
2009-01-22,0.1325
2009-01-23,0.1352
2009-01-26,0.1378
2009-01-27,0.1369
2009-01-28,0.1354
2009-01-29,0.1341
2009-01-30,0.1359
2009-02-02,0.1358
2009-02-03,0.136
2009-02-04,0.1343
2009-02-05,0.1361
2009-02-06,0.1393
2009-02-09,0.1414
2009-02-10,0.141
2009-02-11,0.1405
2009-02-12,0.1399
2009-02-13,0.1409
2009-02-17,0.1395
2009-02-18,0.1356
2009-02-19,0.138
2009-02-20,0.1367
2009-02-23,0.1367
2009-02-24,0.1392
2009-02-25,0.1411
2009-02-26,0.1451
2009-02-27,0.1445
2009-03-02,0.1367
2009-03-03,0.1328
2009-03-04,0.1415
2009-03-05,0.137
2009-03-06,0.1373
2009-03-09,0.135
2009-03-10,0.1352
2009-03-11,0.1374
2009-03-12,0.139
2009-03-13,0.1395
2009-03-16,0.1388
2009-03-17,0.1393
2009-03-18,0.1393
2009-03-19,0.1449
2009-03-20,0.1451
2009-03-23,0.144
2009-03-24,0.1392
2009-03-25,0.1379
2009-03-26,0.137
2009-03-27,0.134
2009-03-30,0.1337
2009-03-31,0.1352
2009-04-01,0.1368
2009-04-02,0.1405
2009-04-03,0.1376
2009-04-06,0.1334
2009-04-07,0.134
2009-04-08,0.1343
2009-04-09,0.1378
2009-04-13,0.1443
2009-04-14,0.145
2009-04-15,0.1447
2009-04-16,0.1419
2009-04-17,0.1468
2009-04-20,0.1438
2009-04-21,0.1445
2009-04-22,0.1467
2009-04-23,0.1482
2009-04-24,0.1539
2009-04-27,0.1532
2009-04-28,0.1535
2009-04-29,0.1536
2009-04-30,0.1567
2009-05-01,0.163
2009-05-04,0.1634
2009-05-05,0.1643
2009-05-06,0.1673
2009-05-07,0.1682
2009-05-08,0.1671
2009-05-11,0.1687
2009-05-12,0.17
2009-05-13,0.1673
2009-05-14,0.1672
2009-05-15,0.164
2009-05-18,0.1686
2009-05-19,0.1675
2009-05-20,0.1673
2009-05-21,0.1688
2009-05-22,0.1688
2009-05-26,0.1729
2009-05-27,0.1697
2009-05-28,0.1696
2009-05-29,0.1689
2009-06-01,0.1712
2009-06-02,0.1691
2009-06-03,0.1627
2009-06-04,0.1632
2009-06-05,0.167
2009-06-08,0.167
2009-06-09,0.1694
2009-06-10,0.1667
2009-06-11,0.1681
2009-06-12,0.1644
2009-06-15,0.1615
2009-06-16,0.1622
2009-06-17,0.1629
2009-06-18,0.1631
2009-06-19,0.1631
2009-06-22,0.1625
2009-06-23,0.1709
2009-06-24,0.1796
2009-06-25,0.1822
2009-06-26,0.181
2009-06-29,0.181
2009-06-30,0.1835
2009-07-01,0.1855
2009-07-02,0.1829
2009-07-06,0.1791
2009-07-07,0.1773
2009-07-08,0.1777
2009-07-09,0.1779
2009-07-10,0.18
2009-07-13,0.1812
2009-07-14,0.1862
2009-07-15,0.185
2009-07-16,0.1808
2009-07-17,0.1811
2009-07-20,0.186
2009-07-21,0.1866
2009-07-22,0.1871
2009-07-23,0.1909
2009-07-24,0.1917
2009-07-27,0.1928
2009-07-28,0.1928
2009-07-29,0.1932
2009-07-30,0.1958
2009-07-31,0.1949
2009-08-03,0.1997
2009-08-04,0.1937
2009-08-05,0.2033
2009-08-06,0.2051
2009-08-07,0.2125
2009-08-10,0.2279
2009-08-11,0.2279
2009-08-12,0.2245
2009-08-13,0.233
2009-08-14,0.2241
2009-08-17,0.2253
2009-08-18,0.224
2009-08-19,0.2298
2009-08-20,0.2295
2009-08-21,0.2259
2009-08-24,0.2264
2009-08-25,0.2269
2009-08-26,0.2296
2009-08-27,0.2317
2009-08-28,0.2412
2009-08-31,0.2502
2009-09-01,0.2469
2009-09-02,0.2422
2009-09-03,0.2366
2009-09-04,0.2259
2009-09-08,0.2173
2009-09-09,0.2175
2009-09-10,0.2216
2009-09-11,0.2212
2009-09-14,0.2248
2009-09-15,0.224
2009-09-16,0.2322
2009-09-17,0.2341
2009-09-18,0.2297
2009-09-21,0.2274
2009-09-22,0.2283
2009-09-23,0.2273
2009-09-24,0.2253
2009-09-25,0.2328
2009-09-28,0.2429
2009-09-29,0.2467
2009-09-30,0.2485
2009-10-01,0.2434
2009-10-02,0.243
2009-10-05,0.2411
2009-10-06,0.2431
2009-10-07,0.2342
2009-10-08,0.2258
2009-10-09,0.217
2009-10-12,0.2162
2009-10-13,0.2276
2009-10-14,0.2271
2009-10-15,0.2271
2009-10-16,0.2394
2009-10-19,0.2414
2009-10-20,0.2414
2009-10-21,0.2424
2009-10-22,0.2346
2009-10-23,0.2325
2009-10-26,0.2325
2009-10-27,0.2267
2009-10-28,0.2218
2009-10-29,0.2278
2009-10-30,0.2259
2009-11-02,0.2327
2009-11-03,0.2388
2009-11-04,0.238
2009-11-05,0.2285
2009-11-06,0.2266
2009-11-09,0.2247
2009-11-10,0.2213
2009-11-11,0.2265
2009-11-12,0.2278
2009-11-13,0.2272
2009-11-16,0.2309
2009-11-17,0.2309
2009-11-18,0.237
2009-11-19,0.2284
2009-11-20,0.2284
2009-11-23,0.2284
2009-11-24,0.223
2009-11-25,0.223
2009-11-27,0.2302
2009-11-30,0.2282
2009-12-01,0.2316
2009-12-02,0.2326
2009-12-03,0.2325
2009-12-04,0.2276
2009-12-07,0.2286
2009-12-08,0.2265
2009-12-09,0.2252
2009-12-10,0.2355
2009-12-11,0.2413
2009-12-14,0.2549
2009-12-15,0.2548
2009-12-16,0.2638
2009-12-17,0.2649
2009-12-18,0.2677
2009-12-21,0.2617
2009-12-22,0.2671
2009-12-23,0.2677
2009-12-24,0.2745
2009-12-28,0.2776
2009-12-29,0.2753
2009-12-30,0.2761
2009-12-31,0.2761
2010-01-04,0.2787
2010-01-05,0.2787
2010-01-06,0.2886
2010-01-07,0.2874
2010-01-08,0.2836
2010-01-11,0.2746
2010-01-12,0.2791
2010-01-13,0.285
2010-01-14,0.2842
2010-01-15,0.2815
2010-01-19,0.2921
2010-01-20,0.296
2010-01-21,0.2968
2010-01-22,0.2954
2010-01-25,0.3036
2010-01-26,0.3
2010-01-27,0.2903
2010-01-28,0.2933
2010-01-29,0.3064
2010-02-01,0.301
2010-02-02,0.2982
2010-02-03,0.2938
2010-02-04,0.286
2010-02-05,0.2696
2010-02-08,0.2711
2010-02-09,0.2758
2010-02-10,0.2752
2010-02-11,0.2787
2010-02-12,0.2771
2010-02-16,0.2838
2010-02-17,0.2688
2010-02-18,0.269
2010-02-19,0.2712
2010-02-22,0.262
2010-02-23,0.2476
2010-02-24,0.2553
2010-02-25,0.2506
2010-02-26,0.2503
2010-03-01,0.2372
2010-03-02,0.2362
2010-03-03,0.2386
2010-03-04,0.2299
2010-03-05,0.2353
2010-03-08,0.2284
2010-03-09,0.2199
2010-03-10,0.2135
2010-03-11,0.2088
2010-03-12,0.2103
2010-03-15,0.2107
2010-03-16,0.2018
2010-03-17,0.2016
2010-03-18,0.2091
2010-03-19,0.2095
2010-03-22,0.2058
2010-03-23,0.1936
2010-03-24,0.2021
2010-03-25,0.2035
2010-03-26,0.1995
2010-03-29,0.2042
2010-03-30,0.2109
2010-03-31,0.2034
2010-04-01,0.1997
2010-04-05,0.1999
2010-04-06,0.1962
2010-04-07,0.1952
2010-04-08,0.1953
2010-04-09,0.1958
2010-04-12,0.2015
2010-04-13,0.206
2010-04-14,0.209
2010-04-15,0.2049
2010-04-16,0.1974
2010-04-19,0.2031
2010-04-20,0.2043
2010-04-21,0.2044
2010-04-22,0.202
2010-04-23,0.1971
2010-04-26,0.1972
2010-04-27,0.1895
2010-04-28,0.1893
2010-04-29,0.192
2010-04-30,0.1925
2010-05-03,0.193
2010-05-04,0.1882
2010-05-05,0.1864
2010-05-06,0.1811
2010-05-07,0.1807
2010-05-10,0.1848
2010-05-11,0.1859
2010-05-12,0.1912
2010-05-13,0.1954
2010-05-14,0.1911
2010-05-17,0.1923
2010-05-18,0.2029
2010-05-19,0.2026
2010-05-20,0.2045
2010-05-21,0.2109
2010-05-24,0.208
2010-05-25,0.2093
2010-05-26,0.2061
2010-05-27,0.2033
2010-05-28,0.2005
2010-06-01,0.2014
2010-06-02,0.197
2010-06-03,0.1978
2010-06-04,0.2044
2010-06-07,0.2023
2010-06-08,0.2044
2010-06-09,0.2121
2010-06-10,0.2108
2010-06-11,0.2161
2010-06-14,0.2176
2010-06-15,0.2166
2010-06-16,0.2196
2010-06-17,0.2146
2010-06-18,0.2112
2010-06-21,0.2176
2010-06-22,0.2161
2010-06-23,0.2177
2010-06-24,0.2207
2010-06-25,0.2255
2010-06-28,0.2193
2010-06-29,0.2119
2010-06-30,0.2188
2010-07-01,0.2194
2010-07-02,0.2248
2010-07-06,0.2242
2010-07-07,0.2266
2010-07-08,0.228
2010-07-09,0.2256
2010-07-12,0.2266
2010-07-13,0.2299
2010-07-14,0.2265
2010-07-15,0.2301
2010-07-16,0.2309
2010-07-19,0.2337
2010-07-20,0.2313
2010-07-21,0.2356
2010-07-22,0.2426
2010-07-23,0.2404
2010-07-26,0.2449
2010-07-27,0.2464
2010-07-28,0.2467
2010-07-29,0.2517
2010-07-30,0.2525
2010-08-02,0.2516
2010-08-03,0.2441
2010-08-04,0.2478
2010-08-05,0.2437
2010-08-06,0.2423
2010-08-09,0.2351
2010-08-10,0.2446
2010-08-11,0.2416
2010-08-12,0.2475
2010-08-13,0.2521
2010-08-16,0.251
2010-08-17,0.2501
2010-08-18,0.2526
2010-08-19,0.2519
2010-08-20,0.2575
2010-08-23,0.2583
2010-08-24,0.2554
2010-08-25,0.2603
2010-08-26,0.2546
2010-08-27,0.2596
2010-08-30,0.2567
2010-08-31,0.2609
2010-09-01,0.2674
2010-09-02,0.2726
2010-09-03,0.276
2010-09-07,0.2743
2010-09-08,0.2822
2010-09-09,0.2941
2010-09-10,0.3014
2010-09-13,0.3103
2010-09-14,0.3193
2010-09-15,0.3211
2010-09-16,0.3298
2010-09-17,0.3298
2010-09-20,0.3297
2010-09-21,0.3211
2010-09-22,0.3261
2010-09-23,0.3315
2010-09-24,0.333
2010-09-27,0.3329
2010-09-28,0.3393
2010-09-29,0.3311
2010-09-30,0.3251
2010-10-01,0.3162
2010-10-04,0.3191
2010-10-05,0.3245
2010-10-06,0.3212
2010-10-07,0.3369
2010-10-08,0.3509
2010-10-11,0.3482
2010-10-12,0.3583
2010-10-13,0.3606
2010-10-14,0.3664
2010-10-15,0.3522
2010-10-18,0.3559
2010-10-19,0.367
2010-10-20,0.3691
2010-10-21,0.3678
2010-10-22,0.3636
2010-10-25,0.3667
2010-10-26,0.3613
2010-10-27,0.3645
2010-10-28,0.3673
2010-10-29,0.3698
2010-11-01,0.3667
2010-11-02,0.3725
2010-11-03,0.3667
2010-11-04,0.3849
2010-11-05,0.3857
2010-11-08,0.3914
2010-11-09,0.3965
2010-11-10,0.394
2010-11-11,0.3681
2010-11-12,0.3341
2010-11-15,0.3357
2010-11-16,0.3284
2010-11-17,0.3307
2010-11-18,0.347
2010-11-19,0.3293
2010-11-22,0.3276
2010-11-23,0.3323
2010-11-24,0.3302
2010-11-26,0.3427
2010-11-29,0.3357
2010-11-30,0.3308
2010-12-01,0.3368
2010-12-02,0.3409
2010-12-03,0.3454
2010-12-06,0.3433
2010-12-07,0.3381
2010-12-08,0.3431
2010-12-09,0.3393
2010-12-10,0.3412
2010-12-13,0.3539
2010-12-14,0.3581
2010-12-15,0.3615
2010-12-16,0.3595
2010-12-17,0.3748
2010-12-20,0.3828
2010-12-21,0.3834
2010-12-22,0.3754
2010-12-23,0.3754
2010-12-27,0.3835
2010-12-28,0.389
2010-12-29,0.3871
2010-12-30,0.3579
2010-12-31,0.3615
2011-01-03,0.3615
2011-01-04,0.3537
2011-01-05,0.3637
2011-01-06,0.346
2011-01-07,0.3559
2011-01-10,0.3563
2011-01-11,0.368
2011-01-12,0.3621
2011-01-13,0.3596
2011-01-14,0.3625
2011-01-18,0.3539
2011-01-19,0.3525
2011-01-20,0.3509
2011-01-21,0.3625
2011-01-24,0.3628
2011-01-25,0.3566
2011-01-26,0.3682
2011-01-27,0.3816
2011-01-28,0.3783
2011-01-31,0.3754
2011-02-01,0.3759
2011-02-02,0.3891
2011-02-03,0.3632
2011-02-04,0.3625
2011-02-07,0.3616
2011-02-08,0.3488
2011-02-09,0.3485
2011-02-10,0.357
2011-02-11,0.3441
2011-02-14,0.3443
2011-02-15,0.3404
2011-02-16,0.3489
2011-02-17,0.3402
2011-02-18,0.3476
2011-02-22,0.338
2011-02-23,0.331
2011-02-24,0.3341
2011-02-25,0.3398
2011-02-28,0.3462
2011-03-01,0.347
2011-03-02,0.3602
2011-03-03,0.3629
2011-03-04,0.3516
2011-03-07,0.3543
2011-03-08,0.3637
2011-03-09,0.3548
2011-03-10,0.3422
2011-03-11,0.3326
2011-03-14,0.3325
2011-03-15,0.3129
2011-03-16,0.3094
2011-03-17,0.32
2011-03-18,0.3241
2011-03-21,0.3235
2011-03-22,0.3221
2011-03-23,0.3179
2011-03-24,0.3214
2011-03-25,0.325
2011-03-28,0.3193
2011-03-29,0.3213
2011-03-30,0.3213
2011-03-31,0.3158
2011-04-01,0.319
2011-04-04,0.3234
2011-04-05,0.3238
2011-04-06,0.2988
2011-04-07,0.3073
2011-04-08,0.301
2011-04-11,0.2892
2011-04-12,0.2953
2011-04-13,0.2892
2011-04-14,0.288
2011-04-15,0.2874
2011-04-18,0.2849
2011-04-19,0.2819
2011-04-20,0.2874
2011-04-21,0.2902
2011-04-25,0.2858
2011-04-26,0.2849
2011-04-27,0.2817
2011-04-28,0.2768
2011-04-29,0.2743
2011-05-02,0.2698
2011-05-03,0.2736
2011-05-04,0.2655
2011-05-05,0.2612
2011-05-06,0.2579
2011-05-09,0.2569
2011-05-10,0.2693
2011-05-11,0.2631
2011-05-12,0.2601
2011-05-13,0.2547
2011-05-16,0.2649
2011-05-17,0.2634
2011-05-18,0.2722
2011-05-19,0.2647
2011-05-20,0.2718
2011-05-23,0.2633
2011-05-24,0.2684
2011-05-25,0.2741
2011-05-26,0.2707
2011-05-27,0.2735
2011-05-31,0.2757
2011-06-01,0.2707
2011-06-02,0.2745
2011-06-03,0.2839
2011-06-06,0.2768
2011-06-07,0.2861
2011-06-08,0.2891
2011-06-09,0.2887
2011-06-10,0.2959
2011-06-13,0.2959
2011-06-14,0.293
2011-06-15,0.2912
2011-06-16,0.2967
2011-06-17,0.3017
2011-06-20,0.309
2011-06-21,0.3115
2011-06-22,0.312
2011-06-23,0.309
2011-06-24,0.2922
2011-06-27,0.3092
2011-06-28,0.3229
2011-06-29,0.3235
2011-06-30,0.3105
2011-07-01,0.3032
2011-07-05,0.2943
2011-07-06,0.2982
2011-07-07,0.288
2011-07-08,0.2829
2011-07-11,0.2829
2011-07-12,0.279
2011-07-13,0.2922
2011-07-14,0.2888
2011-07-15,0.2793
2011-07-18,0.2778
2011-07-19,0.278
2011-07-20,0.2782
2011-07-21,0.2792
2011-07-22,0.2862
2011-07-25,0.2978
2011-07-26,0.2934
2011-07-27,0.2954
2011-07-28,0.297
2011-07-29,0.2859
2011-08-01,0.2844
2011-08-02,0.278
2011-08-03,0.2717
2011-08-04,0.2671
2011-08-05,0.2674
2011-08-08,0.2649
2011-08-09,0.259
2011-08-10,0.2621
2011-08-11,0.2631
2011-08-12,0.2678
2011-08-15,0.2687
2011-08-16,0.2653
2011-08-17,0.2708
2011-08-18,0.2849
2011-08-19,0.2812
2011-08-22,0.295
2011-08-23,0.294
2011-08-24,0.2949
2011-08-25,0.2892
2011-08-26,0.2859
2011-08-29,0.291
2011-08-30,0.2878
2011-08-31,0.2853
2011-09-01,0.2866
2011-09-02,0.2852
2011-09-06,0.2777
2011-09-07,0.2737
2011-09-08,0.2754
2011-09-09,0.2766
2011-09-12,0.2768
2011-09-13,0.2819
2011-09-14,0.2807
2011-09-15,0.2823
2011-09-16,0.2822
2011-09-19,0.2644
2011-09-20,0.268
2011-09-21,0.2675
2011-09-22,0.2594
2011-09-23,0.2486
2011-09-26,0.2415
2011-09-27,0.2432
2011-09-28,0.249
2011-09-29,0.2456
2011-09-30,0.2598
2011-10-03,0.2541
2011-10-04,0.2408
2011-10-05,0.2395
2011-10-06,0.2404
2011-10-07,0.2392
2011-10-10,0.2439
2011-10-11,0.2538
2011-10-12,0.2505
2011-10-13,0.2516
2011-10-14,0.2599
2011-10-17,0.2687
2011-10-18,0.2672
2011-10-19,0.2678
2011-10-20,0.2606
2011-10-21,0.2594
2011-10-24,0.2564
2011-10-25,0.2621
2011-10-26,0.2608
2011-10-27,0.2558
2011-10-28,0.2603
2011-10-31,0.2547
2011-11-01,0.2548
2011-11-02,0.2515
2011-11-03,0.2484
2011-11-04,0.248
2011-11-07,0.2496
2011-11-08,0.2482
2011-11-09,0.2474
2011-11-10,0.2527
2011-11-11,0.248
2011-11-14,0.2481
2011-11-15,0.2421
2011-11-16,0.2422
2011-11-17,0.2424
2011-11-18,0.2403
2011-11-21,0.2362
2011-11-22,0.2352
2011-11-23,0.2362
2011-11-25,0.2275
2011-11-28,0.2266
2011-11-29,0.2257
2011-11-30,0.2282
2011-12-01,0.2337
2011-12-02,0.2333
2011-12-05,0.2329
2011-12-06,0.2311
2011-12-07,0.237
2011-12-08,0.2375
2011-12-09,0.2275
2011-12-12,0.2371
2011-12-13,0.2297
2011-12-14,0.2289
2011-12-15,0.2307
2011-12-16,0.224
2011-12-19,0.2243
2011-12-20,0.2273
2011-12-21,0.2277
2011-12-22,0.2308
2011-12-23,0.2308
2011-12-27,0.2313
2011-12-28,0.2304
2011-12-29,0.2316
2011-12-30,0.2277
2012-01-03,0.2315
2012-01-04,0.2294
2012-01-05,0.2398
2012-01-06,0.2397
2012-01-09,0.2275
2012-01-10,0.2293
2012-01-11,0.2298
2012-01-12,0.2296
2012-01-13,0.2332
2012-01-17,0.234
2012-01-18,0.2353
2012-01-19,0.2339
2012-01-20,0.235
2012-01-23,0.2422
2012-01-24,0.243
2012-01-25,0.2432
2012-01-26,0.2424
2012-01-27,0.242
2012-01-30,0.2419
2012-01-31,0.2385
2012-02-01,0.2364
2012-02-02,0.2359
2012-02-03,0.2348
2012-02-06,0.2348
2012-02-07,0.245
2012-02-08,0.244
2012-02-09,0.2448
2012-02-10,0.2453
2012-02-13,0.2467
2012-02-14,0.2464
2012-02-15,0.2425
2012-02-16,0.2449
2012-02-17,0.2459
2012-02-21,0.2462
2012-02-22,0.2535
2012-02-23,0.2576
2012-02-24,0.2494
2012-02-27,0.2619
2012-02-28,0.265
2012-02-29,0.2609
2012-03-01,0.2485
2012-03-02,0.2485
2012-03-05,0.2496
2012-03-06,0.2468
2012-03-07,0.2405
2012-03-08,0.2392
2012-03-09,0.2396
2012-03-12,0.2366
2012-03-13,0.2377
2012-03-14,0.2413
2012-03-15,0.2444
2012-03-16,0.255
2012-03-19,0.2541
2012-03-20,0.2566
2012-03-21,0.2561
2012-03-22,0.2561
2012-03-23,0.2591
2012-03-26,0.2563
2012-03-27,0.2478
2012-03-28,0.243
2012-03-29,0.2426
2012-03-30,0.246
2012-04-02,0.2471
2012-04-03,0.2471
2012-04-04,0.2425
2012-04-05,0.2442
2012-04-09,0.2458
2012-04-10,0.2443
2012-04-11,0.2387
2012-04-12,0.2419
2012-04-13,0.2422
2012-04-16,0.2337
2012-04-17,0.2337
2012-04-18,0.2302
2012-04-19,0.2234
2012-04-20,0.2234
2012-04-23,0.2193
2012-04-24,0.2191
2012-04-25,0.22
2012-04-26,0.2204
2012-04-27,0.2132
2012-04-30,0.2122
2012-05-01,0.2117
2012-05-02,0.2095
2012-05-03,0.2055
2012-05-04,0.2065
2012-05-07,0.2081
2012-05-08,0.2105
2012-05-09,0.2037
2012-05-10,0.2038
2012-05-11,0.2045
2012-05-14,0.2022
2012-05-15,0.2027
2012-05-16,0.204
2012-05-17,0.2073
2012-05-18,0.2086
2012-05-21,0.2047
2012-05-22,0.2038
2012-05-23,0.198
2012-05-24,0.1951
2012-05-25,0.1958
2012-05-29,0.1962
2012-05-30,0.1953
2012-05-31,0.1948
2012-06-01,0.1942
2012-06-04,0.1909
2012-06-05,0.189
2012-06-06,0.189
2012-06-07,0.199
2012-06-08,0.1976
2012-06-11,0.1998
2012-06-12,0.2047
2012-06-13,0.2036
2012-06-14,0.1992
2012-06-15,0.1997
2012-06-18,0.2084
2012-06-19,0.2086
2012-06-20,0.2157
2012-06-21,0.2174
2012-06-22,0.2174
2012-06-25,0.2024
2012-06-26,0.203
2012-06-27,0.2053
2012-06-28,0.2142
2012-06-29,0.2121
2012-07-02,0.2181
2012-07-03,0.214
2012-07-05,0.214
2012-07-06,0.2192
2012-07-09,0.2225
2012-07-10,0.227
2012-07-11,0.2249
2012-07-12,0.2288
2012-07-13,0.2246
2012-07-16,0.2273
2012-07-17,0.2277
2012-07-18,0.2279
2012-07-19,0.2295
2012-07-20,0.2325
2012-07-23,0.2392
2012-07-24,0.2389
2012-07-25,0.2349
2012-07-26,0.2357
2012-07-27,0.225
2012-07-30,0.2252
2012-07-31,0.228
2012-08-01,0.2264
2012-08-02,0.2256
2012-08-03,0.2204
2012-08-06,0.22
2012-08-07,0.2183
2012-08-08,0.2142
2012-08-09,0.2109
2012-08-10,0.208
2012-08-13,0.2074
2012-08-14,0.2039
2012-08-15,0.2032
2012-08-16,0.2029
2012-08-17,0.2015
2012-08-20,0.2018
2012-08-21,0.205
2012-08-22,0.1978
2012-08-23,0.1994
2012-08-24,0.1959
2012-08-27,0.1958
2012-08-28,0.1956
2012-08-29,0.2013
2012-08-30,0.1976
2012-08-31,0.1975
2012-09-04,0.1978
2012-09-05,0.1934
2012-09-06,0.1901
2012-09-07,0.1887
2012-09-10,0.1938
2012-09-11,0.1943
2012-09-12,0.1944
2012-09-13,0.1972
2012-09-14,0.1971
2012-09-17,0.1991
2012-09-18,0.2003
2012-09-19,0.1944
2012-09-20,0.1896
2012-09-21,0.1921
2012-09-24,0.1938
2012-09-25,0.195
2012-09-26,0.1986
2012-09-27,0.1957
2012-09-28,0.196
2012-10-01,0.1958
2012-10-02,0.2113
2012-10-03,0.2159
2012-10-04,0.2158
2012-10-05,0.216
2012-10-08,0.2154
2012-10-09,0.2142
2012-10-10,0.2147
2012-10-11,0.2126
2012-10-12,0.2045
2012-10-15,0.2005
2012-10-16,0.1985
2012-10-17,0.2017
2012-10-18,0.2011
2012-10-19,0.1979
2012-10-22,0.2023
2012-10-23,0.2006
2012-10-24,0.1965
2012-10-25,0.1968
2012-10-26,0.1953
2012-10-29,0.1953
2012-10-30,0.1953
2012-10-31,0.1956
2012-11-01,0.1938
2012-11-02,0.1938
2012-11-05,0.1945
2012-11-06,0.1933
2012-11-07,0.1959
2012-11-08,0.1895
2012-11-09,0.1884
2012-11-12,0.1906
2012-11-13,0.1936
2012-11-14,0.1935
2012-11-15,0.1924
2012-11-16,0.1904
2012-11-19,0.1915
2012-11-20,0.1994
2012-11-21,0.199
2012-11-23,0.1964
2012-11-26,0.1914
2012-11-27,0.1915
2012-11-28,0.1923
2012-11-29,0.1916
2012-11-30,0.1934
2012-12-03,0.1934
2012-12-04,0.1975
2012-12-05,0.1944
2012-12-06,0.1957
2012-12-07,0.1936
2012-12-10,0.1921
2012-12-11,0.1876
2012-12-12,0.1888
2012-12-13,0.1854
2012-12-14,0.1854
2012-12-17,0.1901
2012-12-18,0.1941
2012-12-19,0.1939
2012-12-20,0.1923
2012-12-21,0.1923
2012-12-24,0.1925
2012-12-26,0.1902
2012-12-27,0.1905
2012-12-28,0.1945
2012-12-31,0.1942
2013-01-02,0.1951
2013-01-03,0.1969
2013-01-04,0.191
2013-01-07,0.1885
2013-01-08,0.1886
2013-01-09,0.1867
2013-01-10,0.1872
2013-01-11,0.1896
2013-01-14,0.1864
2013-01-15,0.189
2013-01-16,0.1862
2013-01-17,0.1845
2013-01-18,0.1842
2013-01-22,0.1837
2013-01-23,0.1812
2013-01-24,0.185
2013-01-25,0.1849
2013-01-28,0.1838
2013-01-29,0.1873
2013-01-30,0.1838
2013-01-31,0.1871
2013-02-01,0.1871
2013-02-04,0.1889
2013-02-05,0.1873
2013-02-06,0.1856
2013-02-07,0.1819
2013-02-08,0.1816
2013-02-11,0.1814
2013-02-12,0.1844
2013-02-13,0.1808
2013-02-14,0.1823
2013-02-15,0.1794
2013-02-19,0.18
2013-02-20,0.18
2013-02-21,0.1835
2013-02-22,0.1812
2013-02-25,0.1824
2013-02-26,0.1801
2013-02-27,0.1779
2013-02-28,0.1784
2013-03-01,0.1838
2013-03-04,0.1791
2013-03-05,0.1808
2013-03-06,0.1819
2013-03-07,0.182
2013-03-08,0.1877
2013-03-11,0.1875
2013-03-12,0.1882
2013-03-13,0.1882
2013-03-14,0.188
2013-03-15,0.1884
2013-03-18,0.1889
2013-03-19,0.1829
2013-03-20,0.1831
2013-03-21,0.1835
2013-03-22,0.1821
2013-03-25,0.182
2013-03-26,0.1797
2013-03-27,0.1778
2013-03-28,0.1785
2013-04-01,0.1766
2013-04-02,0.1769
2013-04-03,0.1759
2013-04-04,0.175
2013-04-05,0.1767
2013-04-08,0.1765
2013-04-09,0.177
2013-04-10,0.1772
2013-04-11,0.179
2013-04-12,0.1784
2013-04-15,0.1803
2013-04-16,0.1779
2013-04-17,0.1801
2013-04-18,0.1785
2013-04-19,0.1769
2013-04-22,0.1797
2013-04-23,0.1787
2013-04-24,0.1774
2013-04-25,0.174
2013-04-26,0.1741
2013-04-29,0.1736
2013-04-30,0.1749
2013-05-01,0.1767
2013-05-02,0.1733
2013-05-03,0.176
2013-05-06,0.1753
2013-05-07,0.1781
2013-05-08,0.1764
2013-05-09,0.1747
2013-05-10,0.1747
2013-05-13,0.1743
2013-05-14,0.1725
2013-05-15,0.1702
2013-05-16,0.1695
2013-05-17,0.1683
2013-05-20,0.1689
2013-05-21,0.1681
2013-05-22,0.1686
2013-05-23,0.1665
2013-05-24,0.1676
2013-05-28,0.1684
2013-05-29,0.1672
2013-05-30,0.1667
2013-05-31,0.1665
2013-06-03,0.1655
2013-06-04,0.1643
2013-06-05,0.1638
2013-06-06,0.1638
2013-06-07,0.1648
2013-06-10,0.1643
2013-06-11,0.1643
2013-06-12,0.1629
2013-06-13,0.1621
2013-06-14,0.1624
2013-06-17,0.1678
2013-06-18,0.1693
2013-06-19,0.1676
2013-06-20,0.1697
2013-06-21,0.1697
2013-06-24,0.1697
2013-06-25,0.1701
2013-06-26,0.1707
2013-06-27,0.1701
2013-06-28,0.1647
2013-07-01,0.1638
2013-07-02,0.1669
2013-07-03,0.1653
2013-07-05,0.1642
2013-07-08,0.1626
2013-07-09,0.1633
2013-07-10,0.1634
2013-07-11,0.1625
2013-07-12,0.161
2013-07-15,0.1606
2013-07-16,0.1616
2013-07-17,0.16
2013-07-18,0.1608
2013-07-19,0.1618
2013-07-22,0.1629
2013-07-23,0.164
2013-07-24,0.1634
2013-07-25,0.1614
2013-07-26,0.1639
2013-07-29,0.1647
2013-07-30,0.1692
2013-07-31,0.1693
2013-08-01,0.1697
2013-08-02,0.1683
2013-08-05,0.1679
2013-08-06,0.1656
2013-08-07,0.1655
2013-08-08,0.1678
2013-08-09,0.1682
2013-08-12,0.1698
2013-08-13,0.1716
2013-08-14,0.1725
2013-08-15,0.1725
2013-08-16,0.1719
2013-08-19,0.1431
2013-08-20,0.1653
2013-08-21,0.1647
2013-08-22,0.1632
2013-08-23,0.1628
2013-08-26,0.1647
2013-08-27,0.1661
2013-08-28,0.1646
2013-08-29,0.1644
2013-08-30,0.1637
2013-09-03,0.1634
2013-09-04,0.1634
2013-09-05,0.1638
2013-09-06,0.1678
2013-09-09,0.1679
2013-09-10,0.1701
2013-09-11,0.1718
2013-09-12,0.1717
2013-09-13,0.1718
2013-09-16,0.1718
2013-09-17,0.1694
2013-09-18,0.1679
2013-09-19,0.1689
2013-09-20,0.1717
2013-09-23,0.1718
2013-09-24,0.1725
2013-09-25,0.1742
2013-09-26,0.1762
2013-09-27,0.1751
2013-09-30,0.1687
2013-10-01,0.1748
2013-10-02,0.1832
2013-10-03,0.1851
2013-10-04,0.1852
2013-10-07,0.1848
2013-10-08,0.1859
2013-10-09,0.1862
2013-10-10,0.1859
2013-10-11,0.1872
2013-10-14,0.1893
2013-10-15,0.1905
2013-10-16,0.187
2013-10-17,0.1901
2013-10-18,0.19
2013-10-21,0.195
2013-10-22,0.1942
2013-10-23,0.1945
2013-10-24,0.1928
2013-10-25,0.1897
2013-10-28,0.1897
2013-10-29,0.1891
2013-10-30,0.1845
2013-10-31,0.1832
2013-11-01,0.1832
2013-11-04,0.1825
2013-11-05,0.1832
2013-11-06,0.1826
2013-11-07,0.181
2013-11-08,0.1804
2013-11-11,0.1808
2013-11-12,0.1797
2013-11-13,0.1787
2013-11-14,0.178
2013-11-15,0.1764
2013-11-18,0.1755
2013-11-19,0.1775
2013-11-20,0.1765
2013-11-21,0.176
2013-11-22,0.1751
2013-11-25,0.174
2013-11-26,0.1732
2013-11-27,0.173
2013-11-29,0.1722
2013-12-02,0.1715
2013-12-03,0.1697
2013-12-04,0.1681
2013-12-05,0.1668
2013-12-06,0.1669
2013-12-09,0.1659
2013-12-10,0.1655
2013-12-11,0.1662
2013-12-12,0.1651
2013-12-13,0.163
2013-12-16,0.1627
2013-12-17,0.1627
2013-12-18,0.1596
2013-12-19,0.1589
2013-12-20,0.1615
2013-12-23,0.1645
2013-12-24,0.1623
2013-12-26,0.1621
2013-12-27,0.1621
2013-12-30,0.1643
2013-12-31,0.1638
2014-01-02,0.1641
2014-01-03,0.1629
2014-01-06,0.1608
2014-01-07,0.1608
2014-01-08,0.1606
2014-01-09,0.1574
2014-01-10,0.1548
2014-01-13,0.1557
2014-01-14,0.156
2014-01-15,0.1549
2014-01-16,0.1523
2014-01-17,0.1545
2014-01-21,0.1522
2014-01-22,0.1522
2014-01-23,0.1503
2014-01-24,0.1504
2014-01-27,0.1511
2014-01-28,0.148
2014-01-29,0.1502
2014-01-30,0.1474
2014-01-31,0.1499
2014-02-03,0.1555
2014-02-04,0.1574
2014-02-05,0.1606
2014-02-06,0.161
2014-02-07,0.1585
2014-02-10,0.1573
2014-02-11,0.1564
2014-02-12,0.1564
2014-02-13,0.1581
2014-02-14,0.1566
2014-02-18,0.1563
2014-02-19,0.1616
2014-02-20,0.1646
2014-02-21,0.1633
2014-02-24,0.1672
2014-02-25,0.1741
2014-02-26,0.1734
2014-02-27,0.1729
2014-02-28,0.1744
2014-03-03,0.1647
2014-03-04,0.178
2014-03-05,0.1774
2014-03-06,0.1823
2014-03-07,0.1832
2014-03-10,0.1801
2014-03-11,0.1822
2014-03-12,0.1803
2014-03-13,0.1767
2014-03-14,0.1782
2014-03-17,0.1725
2014-03-18,0.1705
2014-03-19,0.1714
2014-03-20,0.1732
2014-03-21,0.1705
2014-03-24,0.1705
2014-03-25,0.1684
2014-03-26,0.1697
2014-03-27,0.1736
2014-03-28,0.1787
2014-03-31,0.1798
2014-04-01,0.1777
2014-04-02,0.1718
2014-04-03,0.1697
2014-04-04,0.1718
2014-04-07,0.1735
2014-04-08,0.1716
2014-04-09,0.1716
2014-04-10,0.1716
2014-04-11,0.1708
2014-04-14,0.168
2014-04-15,0.1659
2014-04-16,0.1656
2014-04-17,0.1692
2014-04-21,0.1666
2014-04-22,0.1666
2014-04-23,0.1699
2014-04-24,0.1742
2014-04-25,0.1712
2014-04-28,0.172
2014-04-29,0.1694
2014-04-30,0.1704
2014-05-01,0.1724
2014-05-02,0.1724
2014-05-05,0.1745
2014-05-06,0.1747
2014-05-07,0.172
2014-05-08,0.1726
2014-05-09,0.1724
2014-05-12,0.172
2014-05-13,0.1729
2014-05-14,0.178
2014-05-15,0.1825
2014-05-16,0.182
2014-05-19,0.1791
2014-05-20,0.1777
2014-05-21,0.1758
2014-05-22,0.1744
2014-05-23,0.1738
2014-05-26,0.1737
2014-05-27,0.1737
2014-05-28,0.1737
2014-05-29,0.1711
2014-05-30,0.1748
2014-06-02,0.1738
2014-06-03,0.1718
2014-06-04,0.1719
2014-06-05,0.1704
2014-06-06,0.1683
2014-06-09,0.1692
2014-06-10,0.1698
2014-06-11,0.1697
2014-06-12,0.1681
2014-06-13,0.167
2014-06-16,0.1704
2014-06-17,0.171
2014-06-18,0.1706
2014-06-19,0.1706
2014-06-20,0.1794
2014-06-23,0.1792
2014-06-24,0.1781
2014-06-25,0.1781
2014-06-26,0.1772
2014-06-27,0.1757
2014-06-30,0.1685
2014-07-01,0.1662
2014-07-02,0.178
2014-07-03,0.1787
2014-07-07,0.1781
2014-07-08,0.1781
2014-07-09,0.1768
2014-07-10,0.1742
2014-07-11,0.1729
2014-07-14,0.1729
2014-07-15,0.1729
2014-07-16,0.1721
2014-07-17,0.1707
2014-07-18,0.1692
2014-07-21,0.1697
2014-07-22,0.1728
2014-07-23,0.1728
2014-07-24,0.1696
2014-07-25,0.1705
2014-07-28,0.1714
2014-07-29,0.1714
2014-07-30,0.1662
2014-07-31,0.1663
2014-08-01,0.1646
2014-08-04,0.1635
2014-08-05,0.1632
2014-08-06,0.1613
2014-08-07,0.1632
2014-08-08,0.1605
2014-08-11,0.1614
2014-08-12,0.1624
2014-08-13,0.1605
2014-08-14,0.1602
2014-08-15,0.1591
2014-08-18,0.1591
2014-08-19,0.1568
2014-08-20,0.1547
2014-08-21,0.157
2014-08-22,0.1599
2014-08-25,0.1564
2014-08-26,0.1536
2014-08-27,0.1571
2014-08-28,0.1558
2014-08-29,0.1556
2014-09-02,0.1549
2014-09-03,0.1582
2014-09-04,0.1562
2014-09-05,0.1513
2014-09-08,0.15
2014-09-09,0.1494
2014-09-10,0.1488
2014-09-11,0.1452
2014-09-12,0.1436
2014-09-15,0.1378
2014-09-16,0.1367
2014-09-17,0.1355
2014-09-18,0.1388
2014-09-19,0.1379
2014-09-22,0.135
2014-09-23,0.1408
2014-09-24,0.1415
2014-09-25,0.1462
2014-09-26,0.147
2014-09-29,0.1541
2014-09-30,0.1566
2014-10-01,0.1548
2014-10-02,0.1604
2014-10-03,0.1605
2014-10-06,0.1644
2014-10-07,0.1644
2014-10-08,0.1698
2014-10-09,0.1692
2014-10-10,0.167
2014-10-13,0.1655
2014-10-14,0.1667
2014-10-15,0.1681
2014-10-16,0.165
2014-10-17,0.165
2014-10-20,0.1662
2014-10-21,0.1668
2014-10-22,0.1644
2014-10-23,0.165
2014-10-24,0.1616
2014-10-27,0.1638
2014-10-28,0.1603
2014-10-29,0.1613
2014-10-30,0.163
2014-10-31,0.163
2014-11-03,0.1604
2014-11-04,0.1593
2014-11-05,0.1568
2014-11-06,0.1551
2014-11-07,0.1548
2014-11-10,0.1569
2014-11-11,0.1566
2014-11-12,0.1623
2014-11-13,0.1636
2014-11-14,0.1601
2014-11-17,0.159
2014-11-18,0.1577
2014-11-19,0.1571
2014-11-20,0.1587
2014-11-21,0.1587
2014-11-24,0.1609
2014-11-25,0.16
2014-11-26,0.16
2014-11-28,0.1612
2014-12-01,0.1559
2014-12-02,0.1559
2014-12-03,0.1524
2014-12-04,0.1509
2014-12-05,0.1521
2014-12-08,0.1514
2014-12-09,0.153
2014-12-10,0.1542
2014-12-11,0.1547
2014-12-12,0.1515
2014-12-15,0.1498
2014-12-16,0.1496
2014-12-17,0.1471
2014-12-18,0.1472
2014-12-19,0.1499
2014-12-22,0.1498
2014-12-23,0.1486
2014-12-24,0.1483
2014-12-26,0.1476
2014-12-29,0.1476
2014-12-30,0.146
2014-12-31,0.1461
2015-01-02,0.1461
2015-01-05,0.1417
2015-01-06,0.1426
2015-01-07,0.1487
2015-01-08,0.1478
2015-01-09,0.1488
2015-01-12,0.1491
2015-01-13,0.1491
2015-01-14,0.1487
2015-01-15,0.1487
2015-01-16,0.1535
2015-01-20,0.1533
2015-01-21,0.1583
2015-01-22,0.1592
2015-01-23,0.1591
2015-01-26,0.1517
2015-01-27,0.1535
2015-01-28,0.1516
2015-01-29,0.1516
2015-01-30,0.1485
2015-02-02,0.1479
2015-02-03,0.1422
2015-02-04,0.1447
2015-02-05,0.1445
2015-02-06,0.1441
2015-02-09,0.1451
2015-02-10,0.1482
2015-02-11,0.1471
2015-02-12,0.1471
2015-02-13,0.1504
2015-02-17,0.1488
2015-02-18,0.1514
2015-02-19,0.1509
2015-02-20,0.1468
2015-02-23,0.1439
2015-02-24,0.1431
2015-02-25,0.1417
2015-02-26,0.1379
2015-02-27,0.1408
2015-03-02,0.1393
2015-03-03,0.1364
2015-03-04,0.1345
2015-03-05,0.1334
2015-03-06,0.1344
2015-03-09,0.1344
2015-03-10,0.1327
2015-03-11,0.1302
2015-03-12,0.1314
2015-03-13,0.1321
2015-03-16,0.127
2015-03-17,0.129
2015-03-18,0.1282
2015-03-19,0.1282
2015-03-20,0.1262
2015-03-23,0.1268
2015-03-24,0.1274
2015-03-25,0.1245
2015-03-26,0.1252
2015-03-27,0.1234
2015-03-30,0.1213
2015-03-31,0.1199
2015-04-01,0.1193
2015-04-02,0.1232
2015-04-06,0.1274
2015-04-07,0.1254
2015-04-08,0.1277
2015-04-09,0.1297
2015-04-10,0.128
2015-04-13,0.1283
2015-04-14,0.1301
2015-04-15,0.1319
2015-04-16,0.13
2015-04-17,0.1343
2015-04-20,0.1324
2015-04-21,0.1269
2015-04-22,0.1241
2015-04-23,0.1266
2015-04-24,0.1309
2015-04-27,0.1323
2015-04-28,0.1331
2015-04-29,0.1317
2015-04-30,0.1309
2015-05-01,0.1298
2015-05-04,0.1291
2015-05-05,0.1251
2015-05-06,0.1275
2015-05-07,0.1287
2015-05-08,0.1296
2015-05-11,0.1342
2015-05-12,0.1348
2015-05-13,0.1358
2015-05-14,0.1296
2015-05-15,0.1284
2015-05-18,0.1289
2015-05-19,0.1278
2015-05-20,0.1286
2015-05-21,0.1259
2015-05-22,0.1249
2015-05-26,0.1231
2015-05-27,0.1187
2015-05-28,0.1194
2015-05-29,0.1198
2015-06-01,0.1225
2015-06-02,0.1232
2015-06-03,0.1205
2015-06-04,0.1212
2015-06-05,0.1205
2015-06-08,0.1216
2015-06-09,0.1242
2015-06-10,0.1233
2015-06-11,0.1204
2015-06-12,0.1207
2015-06-15,0.1183
2015-06-16,0.1168
2015-06-17,0.1177
2015-06-18,0.1169
2015-06-19,0.1155
2015-06-22,0.1194
2015-06-23,0.1177
2015-06-24,0.1202
2015-06-25,0.1187
2015-06-26,0.1195
2015-06-29,0.1207
2015-06-30,0.1247
2015-07-01,0.1244
2015-07-02,0.123
2015-07-06,0.1248
2015-07-07,0.1233
2015-07-08,0.1231
2015-07-09,0.119
2015-07-10,0.1241
2015-07-13,0.1256
2015-07-14,0.1264
2015-07-15,0.1246
2015-07-16,0.1227
2015-07-17,0.1196
2015-07-20,0.1144
2015-07-21,0.1142
2015-07-22,0.1138
2015-07-23,0.1151
2015-07-24,0.1124
2015-07-27,0.1124
2015-07-28,0.1117
2015-07-29,0.1146
2015-07-30,0.1127
2015-07-31,0.1114
2015-08-03,0.1089
2015-08-04,0.1101
2015-08-05,0.1076
2015-08-06,0.107
2015-08-07,0.1066
2015-08-10,0.1057
2015-08-11,0.1062
2015-08-12,0.1054
2015-08-13,0.1049
2015-08-14,0.1068
2015-08-17,0.1063
2015-08-18,0.1073
2015-08-19,0.1059
2015-08-20,0.1062
2015-08-21,0.1044
2015-08-24,0.1039
2015-08-25,0.106
2015-08-26,0.1053
2015-08-27,0.1106
2015-08-28,0.1097
2015-08-31,0.1069
2015-09-01,0.1071
2015-09-02,0.1073
2015-09-03,0.1134
2015-09-04,0.1127
2015-09-08,0.1107
2015-09-09,0.1239
2015-09-10,0.1227
2015-09-11,0.1245
2015-09-14,0.1238
2015-09-15,0.1231
2015-09-16,0.1233
2015-09-17,0.1222
2015-09-18,0.117
2015-09-21,0.1167
2015-09-22,0.1157
2015-09-23,0.1155
2015-09-24,0.1186
2015-09-25,0.1241
2015-09-28,0.1238
2015-09-29,0.1246
2015-09-30,0.1288
2015-10-01,0.1326
2015-10-02,0.1353
2015-10-05,0.1364
2015-10-06,0.1363
2015-10-07,0.1398
2015-10-08,0.1401
2015-10-09,0.1434
2015-10-12,0.1424
2015-10-13,0.1383
2015-10-14,0.1409
2015-10-15,0.1413
2015-10-16,0.1427
2015-10-19,0.1426
2015-10-20,0.1406
2015-10-21,0.1418
2015-10-22,0.146
2015-10-23,0.1428
2015-10-26,0.1464
2015-10-27,0.1442
2015-10-28,0.1465
2015-10-29,0.1456
2015-10-30,0.1452
2015-11-02,0.1511
2015-11-03,0.1549
2015-11-04,0.1464
2015-11-05,0.1476
2015-11-06,0.1446
2015-11-09,0.1399
2015-11-10,0.1471
2015-11-11,0.1469
2015-11-12,0.1497
2015-11-13,0.1504
2015-11-16,0.1518
2015-11-17,0.1478
2015-11-18,0.1447
2015-11-19,0.1495
2015-11-20,0.153
2015-11-23,0.1541
2015-11-24,0.15
2015-11-25,0.1491
2015-11-27,0.1497
2015-11-30,0.1493
2015-12-01,0.1544
2015-12-02,0.1534
2015-12-03,0.1558
2015-12-04,0.1548
2015-12-07,0.153
2015-12-08,0.15
2015-12-09,0.1509
2015-12-10,0.1455
2015-12-11,0.1458
2015-12-14,0.1451
2015-12-15,0.1459
2015-12-16,0.1459
2015-12-17,0.147
2015-12-18,0.151
2015-12-21,0.1497
2015-12-22,0.1504
2015-12-23,0.1515
2015-12-24,0.1506
2015-12-28,0.1476
2015-12-29,0.1478
2015-12-30,0.1515
2015-12-31,0.1524
2016-01-04,0.1497
2016-01-05,0.1457
2016-01-06,0.1442
2016-01-07,0.1475
2016-01-08,0.1446
2016-01-11,0.1415
2016-01-12,0.1405
2016-01-13,0.1447
2016-01-14,0.1488
2016-01-15,0.1492
2016-01-19,0.1475
2016-01-20,0.1418
2016-01-21,0.1445
2016-01-22,0.1442
2016-01-25,0.141
2016-01-26,0.1402
2016-01-27,0.1358
2016-01-28,0.1325
2016-01-29,0.1314
2016-02-01,0.1283
2016-02-02,0.1299
2016-02-03,0.1289
2016-02-04,0.1289
2016-02-05,0.1327
2016-02-08,0.1335
2016-02-09,0.1335
2016-02-10,0.1333
2016-02-11,0.1302
2016-02-12,0.1312
2016-02-16,0.132
2016-02-17,0.1315
2016-02-18,0.1285
2016-02-19,0.1267
2016-02-22,0.1276
2016-02-23,0.139
2016-02-24,0.1388
2016-02-25,0.142
2016-02-26,0.14
2016-02-29,0.1436
2016-03-01,0.1439
2016-03-02,0.1467
2016-03-03,0.1484
2016-03-04,0.1483
2016-03-07,0.1466
2016-03-08,0.1486
2016-03-09,0.1463
2016-03-10,0.1482
2016-03-11,0.1513
2016-03-14,0.1542
2016-03-15,0.1532
2016-03-16,0.1547
2016-03-17,0.1599
2016-03-18,0.1597
2016-03-21,0.1629
2016-03-22,0.1658
2016-03-23,0.1671
2016-03-24,0.1587
2016-03-28,0.1594
2016-03-29,0.1586
2016-03-30,0.1587
2016-03-31,0.1535
2016-04-01,0.1518
2016-04-04,0.1464
2016-04-05,0.1464
2016-04-06,0.1462
2016-04-07,0.1461
2016-04-08,0.1488
2016-04-11,0.1439
2016-04-12,0.1434
2016-04-13,0.1429
2016-04-14,0.1437
2016-04-15,0.152
2016-04-18,0.1554
2016-04-19,0.1542
2016-04-20,0.1581
2016-04-21,0.1579
2016-04-22,0.1547
2016-04-25,0.1589
2016-04-26,0.1605
2016-04-27,0.1584
2016-04-28,0.1571
2016-04-29,0.1632
2016-05-02,0.1621
2016-05-03,0.1625
2016-05-04,0.1665
2016-05-05,0.1584
2016-05-06,0.1574
2016-05-09,0.1588
2016-05-10,0.1602
2016-05-11,0.1677
2016-05-12,0.1698
2016-05-13,0.1674
2016-05-16,0.1689
2016-05-17,0.1682
2016-05-18,0.1681
2016-05-19,0.167
2016-05-20,0.1707
2016-05-23,0.168
2016-05-24,0.1661
2016-05-25,0.1716
2016-05-26,0.1742
2016-05-27,0.1752
2016-05-31,0.1749
2016-06-01,0.1741
2016-06-02,0.1808
2016-06-03,0.1875
2016-06-06,0.1887
2016-06-07,0.1912
2016-06-08,0.1966
2016-06-09,0.198
2016-06-10,0.1973
2016-06-13,0.1964
2016-06-14,0.1942
2016-06-15,0.1985
2016-06-16,0.1976
2016-06-17,0.199
2016-06-20,0.1976
2016-06-21,0.1934
2016-06-22,0.1917
2016-06-23,0.1919
2016-06-24,0.1916
2016-06-27,0.1964
2016-06-28,0.1994
2016-06-29,0.2101
2016-06-30,0.2033
2016-07-01,0.2078
2016-07-05,0.2087
2016-07-06,0.2057
2016-07-07,0.1973
2016-07-08,0.1957
2016-07-11,0.2028
2016-07-12,0.1972
2016-07-13,0.1948
2016-07-14,0.1991
2016-07-15,0.1931
2016-07-18,0.1937
2016-07-19,0.1936
2016-07-20,0.1928
2016-07-21,0.1956
2016-07-22,0.1959
2016-07-25,0.1989
2016-07-26,0.1952
2016-07-27,0.191
2016-07-28,0.188
2016-07-29,0.1905
2016-08-01,0.1881
2016-08-02,0.1905
2016-08-03,0.1904
2016-08-04,0.197
2016-08-05,0.2035
2016-08-08,0.2055
2016-08-09,0.2039
2016-08-10,0.1964
2016-08-11,0.196
2016-08-12,0.1971
2016-08-15,0.1998
2016-08-16,0.2026
2016-08-17,0.1972
2016-08-18,0.1998
2016-08-19,0.1977
2016-08-22,0.2042
2016-08-23,0.2073
2016-08-24,0.2022
2016-08-25,0.2055
2016-08-26,0.2061
2016-08-29,0.2067
2016-08-30,0.2052
2016-08-31,0.2006
2016-09-01,0.1959
2016-09-02,0.2018
2016-09-06,0.2022
2016-09-07,0.2029
2016-09-08,0.2088
2016-09-09,0.2069
2016-09-12,0.2085
2016-09-13,0.2096
2016-09-14,0.2073
2016-09-15,0.2116
2016-09-16,0.2247
2016-09-19,0.2275
2016-09-20,0.227
2016-09-21,0.2276
2016-09-22,0.2267
2016-09-23,0.227
2016-09-26,0.2312
2016-09-27,0.2344
2016-09-28,0.2378
2016-09-29,0.2335
2016-09-30,0.23
2016-10-03,0.2267
2016-10-04,0.2326
2016-10-05,0.2381
2016-10-06,0.2311
2016-10-07,0.2342
2016-10-10,0.2313
2016-10-11,0.2329
2016-10-12,0.2315
2016-10-13,0.2292
2016-10-14,0.2291
2016-10-17,0.2316
2016-10-18,0.2302
2016-10-19,0.2295
2016-10-20,0.2262
2016-10-21,0.2271
2016-10-24,0.232
2016-10-25,0.2293
2016-10-26,0.2267
2016-10-27,0.2259
2016-10-28,0.2216
2016-10-31,0.2157
2016-11-01,0.2119
2016-11-02,0.217
2016-11-03,0.2148
2016-11-04,0.2173
2016-11-07,0.2227
2016-11-08,0.2197
2016-11-09,0.2211
2016-11-10,0.2165
2016-11-11,0.217
2016-11-14,0.2163
2016-11-15,0.2115
2016-11-16,0.2036
2016-11-17,0.2022
2016-11-18,0.2015
2016-11-21,0.2035
2016-11-22,0.1975
2016-11-23,0.1958
2016-11-25,0.1984
2016-11-28,0.1994
2016-11-29,0.1966
2016-11-30,0.1981
2016-12-01,0.1936
2016-12-02,0.1912
2016-12-05,0.1894
2016-12-06,0.1951
2016-12-07,0.1963
2016-12-08,0.1945
2016-12-09,0.1924
2016-12-12,0.1925
2016-12-13,0.186
2016-12-14,0.1803
2016-12-15,0.1856
2016-12-16,0.1822
2016-12-19,0.1823
2016-12-20,0.1825
2016-12-21,0.182
2016-12-22,0.1816
2016-12-23,0.1815
2016-12-27,0.1854
2016-12-28,0.1899
2016-12-29,0.1949
2016-12-30,0.1951
2017-01-03,0.2051
2017-01-04,0.2089
2017-01-05,0.2078
2017-01-06,0.2075
2017-01-09,0.2042
2017-01-10,0.2048
2017-01-11,0.2056
2017-01-12,0.2076
2017-01-13,0.2052
2017-01-17,0.2073
2017-01-18,0.2098
2017-01-19,0.2018
2017-01-20,0.2018
2017-01-23,0.2064
2017-01-24,0.2058
2017-01-25,0.2034
2017-01-26,0.2036
2017-01-27,0.2033
2017-01-30,0.2031
2017-01-31,0.2045
2017-02-01,0.2084
2017-02-02,0.2055
2017-02-03,0.2111
2017-02-06,0.2118
2017-02-07,0.2072
2017-02-08,0.2073
2017-02-09,0.2065
2017-02-10,0.2043
2017-02-13,0.1999
2017-02-14,0.2037
2017-02-15,0.2043
2017-02-16,0.203
2017-02-17,0.2026
2017-02-21,0.2074
2017-02-22,0.2068
2017-02-23,0.2013
2017-02-24,0.1981
2017-02-27,0.1915
2017-02-28,0.1923
2017-03-01,0.1948
2017-03-02,0.1966
2017-03-03,0.1952
2017-03-06,0.1915
2017-03-07,0.184
2017-03-08,0.184
2017-03-09,0.18
2017-03-10,0.1822
2017-03-13,0.1818
2017-03-14,0.1816
2017-03-15,0.1823
2017-03-16,0.1825
2017-03-17,0.1817
2017-03-20,0.177
2017-03-21,0.1729
2017-03-22,0.173
2017-03-23,0.176
2017-03-24,0.1771
2017-03-27,0.177
2017-03-28,0.1756
2017-03-29,0.1712
2017-03-30,0.1681
2017-03-31,0.1676
2017-04-03,0.1654
2017-04-04,0.1616
2017-04-05,0.161
2017-04-06,0.1645
2017-04-07,0.1674
2017-04-10,0.1662
2017-04-11,0.1676
2017-04-12,0.1674
2017-04-13,0.1657
2017-04-17,0.1652
2017-04-18,0.1683
2017-04-19,0.1652
2017-04-20,0.1641
2017-04-21,0.1651
2017-04-24,0.1632
2017-04-25,0.1628
2017-04-26,0.1557
2017-04-27,0.1543
2017-04-28,0.1613
2017-05-01,0.1618
2017-05-02,0.1588
2017-05-03,0.1577
2017-05-04,0.1537
2017-05-05,0.1531
2017-05-08,0.1538
2017-05-09,0.1544
2017-05-10,0.1584
2017-05-11,0.1563
2017-05-12,0.1551
2017-05-15,0.1561
2017-05-16,0.1588
2017-05-17,0.163
2017-05-18,0.1603
2017-05-19,0.1638
2017-05-22,0.1651
2017-05-23,0.1587
2017-05-24,0.1567
2017-05-25,0.1566
2017-05-26,0.1505
2017-05-30,0.1502
2017-05-31,0.1487
2017-06-01,0.1423
2017-06-02,0.1374
2017-06-05,0.1389
2017-06-06,0.1398
2017-06-07,0.1414
2017-06-08,0.1434
2017-06-09,0.1447
2017-06-12,0.1421
2017-06-13,0.1402
2017-06-14,0.1385
2017-06-15,0.1368
2017-06-16,0.1363
2017-06-19,0.1367
2017-06-20,0.1382
2017-06-21,0.1326
2017-06-22,0.1306
2017-06-23,0.1317
2017-06-26,0.1285
2017-06-27,0.1289
2017-06-28,0.1276
2017-06-29,0.135
2017-06-30,0.1381
2017-07-03,0.1392
2017-07-05,0.1372
2017-07-06,0.1392
2017-07-07,0.1415
2017-07-10,0.1356
2017-07-11,0.1344
2017-07-12,0.1349
2017-07-13,0.1414
2017-07-14,0.143
2017-07-17,0.1409
2017-07-18,0.141
2017-07-19,0.145
2017-07-20,0.1441
2017-07-21,0.144
2017-07-24,0.144
2017-07-25,0.139
2017-07-26,0.1423
2017-07-27,0.1443
2017-07-28,0.1437
2017-07-31,0.1491
2017-08-01,0.1488
2017-08-02,0.1479
2017-08-03,0.1431
2017-08-04,0.1414
2017-08-07,0.1387
2017-08-08,0.1378
2017-08-09,0.1364
2017-08-10,0.1324
2017-08-11,0.132
2017-08-14,0.135
2017-08-15,0.1313
2017-08-16,0.1294
2017-08-17,0.1329
2017-08-18,0.1341
2017-08-21,0.1352
2017-08-22,0.1351
2017-08-23,0.1367
2017-08-24,0.1402
2017-08-25,0.1403
2017-08-28,0.1431
2017-08-29,0.1382
2017-08-30,0.1391
2017-08-31,0.144
2017-09-01,0.1375
2017-09-04,0.1375
2017-09-05,0.1403
2017-09-06,0.1429
2017-09-07,0.1403
2017-09-08,0.1409
2017-09-11,0.1484
2017-09-12,0.1454
2017-09-13,0.148
2017-09-14,0.1485
2017-09-15,0.1517
2017-09-18,0.1492
2017-09-19,0.1437
2017-09-20,0.147
2017-09-21,0.1473
2017-09-22,0.1464
2017-09-25,0.1435
2017-09-26,0.1391
2017-09-27,0.1383
2017-09-28,0.1395
2017-09-29,0.141
2017-10-02,0.1431
2017-10-03,0.1404
2017-10-04,0.1425
2017-10-05,0.1439
2017-10-06,0.1398
2017-10-09,0.14
2017-10-10,0.1417
2017-10-11,0.143
2017-10-12,0.1428
2017-10-13,0.1441
2017-10-16,0.1418
2017-10-17,0.1403
2017-10-18,0.1408
2017-10-19,0.1413
2017-10-20,0.14
2017-10-23,0.1388
2017-10-24,0.1428
2017-10-25,0.1418
2017-10-26,0.1411
2017-10-27,0.1463
2017-10-30,0.1473
2017-10-31,0.1474
2017-11-01,0.1461
2017-11-02,0.1423
2017-11-03,0.1438
2017-11-06,0.1456
2017-11-07,0.1472
2017-11-08,0.1484
2017-11-09,0.1488
2017-11-10,0.1496
2017-11-13,0.1513
2017-11-14,0.151
2017-11-15,0.1509
2017-11-16,0.1526
2017-11-17,0.1537
2017-11-20,0.1498
2017-11-21,0.1488
2017-11-22,0.1528
2017-11-24,0.1545
2017-11-27,0.1539
2017-11-28,0.1504
2017-11-29,0.1507
2017-11-30,0.1508
2017-12-01,0.1498
2017-12-04,0.1506
2017-12-05,0.149
2017-12-06,0.1445
2017-12-07,0.1431
2017-12-08,0.1405
2017-12-11,0.1395
2017-12-12,0.1377
2017-12-13,0.1385
2017-12-14,0.1377
2017-12-15,0.1366
2017-12-18,0.1376
2017-12-19,0.1441
2017-12-20,0.1457
2017-12-21,0.1477
2017-12-22,0.146
2017-12-26,0.147
2017-12-27,0.1493
2017-12-28,0.15
2017-12-29,0.1516
2018-01-02,0.1533
2018-01-03,0.1531
2018-01-04,0.1525
2018-01-05,0.1508
2018-01-08,0.1478
2018-01-09,0.1473
2018-01-10,0.1465
2018-01-11,0.1418
2018-01-12,0.1418
2018-01-16,0.1359
2018-01-17,0.1342
2018-01-18,0.1308
2018-01-19,0.1325
2018-01-22,0.1317
2018-01-23,0.1319
2018-01-24,0.1316
2018-01-25,0.1324
2018-01-26,0.1336
2018-01-29,0.1367
2018-01-30,0.1372
2018-01-31,0.1323
2018-02-01,0.1337
2018-02-02,0.1363
2018-02-05,0.139
2018-02-06,0.1384
2018-02-07,0.14
2018-02-08,0.1358
2018-02-09,0.1367
2018-02-12,0.1373
2018-02-13,0.1348
2018-02-14,0.134
2018-02-15,0.1362
2018-02-16,0.1338
2018-02-20,0.1336
2018-02-21,0.1338
2018-02-22,0.1371
2018-02-23,0.1364
2018-02-26,0.1357
2018-02-27,0.1293
2018-02-28,0.134
2018-03-01,0.1371
2018-03-02,0.1342
2018-03-05,0.1356
2018-03-06,0.1345
2018-03-07,0.1279
2018-03-08,0.1289
2018-03-09,0.1284
2018-03-12,0.1293
2018-03-13,0.1262
2018-03-14,0.1276
2018-03-15,0.1274
2018-03-16,0.1265
2018-03-19,0.1289
2018-03-20,0.1256
2018-03-21,0.1267
2018-03-22,0.1277
2018-03-23,0.1257
2018-03-26,0.1242
2018-03-27,0.1254
2018-03-28,0.1221
2018-03-29,0.1235
2018-04-02,0.1252
2018-04-03,0.1247
2018-04-04,0.1227
2018-04-05,0.1235
2018-04-06,0.1234
2018-04-09,0.1236
2018-04-10,0.1213
2018-04-11,0.1206
2018-04-12,0.1205
2018-04-13,0.1208
2018-04-16,0.1198
2018-04-17,0.1165
2018-04-18,0.1174
2018-04-19,0.1175
2018-04-20,0.1164
2018-04-23,0.1121
2018-04-24,0.1114
2018-04-25,0.1091
2018-04-26,0.1113
2018-04-27,0.114
2018-04-30,0.117
2018-05-01,0.1169
2018-05-02,0.1175
2018-05-03,0.1169
2018-05-04,0.1151
2018-05-07,0.1132
2018-05-08,0.1156
2018-05-09,0.1129
2018-05-10,0.1127
2018-05-11,0.1122
2018-05-14,0.1126
2018-05-15,0.1152
2018-05-16,0.1161
2018-05-17,0.1156
2018-05-18,0.1166
2018-05-21,0.121
2018-05-22,0.1215
2018-05-23,0.1235
2018-05-24,0.1238
2018-05-25,0.1246
2018-05-29,0.1246
2018-05-30,0.126
2018-05-31,0.1279
2018-06-01,0.1252
2018-06-04,0.119
2018-06-05,0.1202
2018-06-06,0.122
2018-06-07,0.1173
2018-06-08,0.1225
2018-06-11,0.1235
2018-06-12,0.1235
2018-06-13,0.1251
2018-06-14,0.1223
2018-06-15,0.1202
2018-06-18,0.1199
2018-06-19,0.1184
2018-06-20,0.1189
2018-06-21,0.1187
2018-06-22,0.1205
2018-06-25,0.12
2018-06-26,0.1219
2018-06-27,0.1185
2018-06-28,0.121
2018-06-29,0.1217
2018-07-02,0.1156
2018-07-03,0.1139
2018-07-05,0.1148
2018-07-06,0.1151
2018-07-09,0.114
2018-07-10,0.1141
2018-07-11,0.1129
2018-07-12,0.1108
2018-07-13,0.1096
2018-07-16,0.1114
2018-07-17,0.1113
2018-07-18,0.1108
2018-07-19,0.1097
2018-07-20,0.1112
2018-07-23,0.1108
2018-07-24,0.1119
2018-07-25,0.1119
2018-07-26,0.1103
2018-07-27,0.1088
2018-07-30,0.1082
2018-07-31,0.1055
2018-08-01,0.1048
2018-08-02,0.1059
2018-08-03,0.1085
2018-08-06,0.1098
2018-08-07,0.1088
2018-08-08,0.1081
2018-08-09,0.1084
2018-08-10,0.1054
2018-08-13,0.103
2018-08-14,0.1034
2018-08-15,0.1023
2018-08-16,0.103
2018-08-17,0.1018
2018-08-20,0.1009
2018-08-21,0.1017
2018-08-22,0.1018
2018-08-23,0.1012
2018-08-24,0.1023
2018-08-27,0.1051
2018-08-28,0.1031
2018-08-29,0.1037
2018-08-30,0.1057
2018-08-31,0.106
2018-09-04,0.1064
2018-09-05,0.1089
2018-09-06,0.108
2018-09-07,0.1101
2018-09-10,0.112
2018-09-11,0.1118
2018-09-12,0.1167
2018-09-13,0.1168
2018-09-14,0.1116
2018-09-17,0.1063
2018-09-18,0.1052
2018-09-19,0.1076
2018-09-20,0.108
2018-09-21,0.1084
2018-09-24,0.1038
2018-09-25,0.1052
2018-09-26,0.103
2018-09-27,0.1057
2018-09-28,0.1104
2018-10-01,0.1161
2018-10-02,0.1207
2018-10-03,0.1223
2018-10-04,0.1233
2018-10-05,0.1263
2018-10-08,0.1294
2018-10-09,0.1297
2018-10-10,0.1285
2018-10-11,0.1292
2018-10-12,0.1307
2018-10-15,0.1343
2018-10-16,0.1325
2018-10-17,0.1373
2018-10-18,0.1387
2018-10-19,0.1389
2018-10-22,0.1382
2018-10-23,0.1381
2018-10-24,0.1401
2018-10-25,0.1397
2018-10-26,0.1384
2018-10-29,0.135
2018-10-30,0.1332
2018-10-31,0.1319
2018-11-01,0.1319
2018-11-02,0.1344
2018-11-05,0.1315
2018-11-06,0.1296
2018-11-07,0.1301
2018-11-08,0.1284
2018-11-09,0.1273
2018-11-12,0.1294
2018-11-13,0.1261
2018-11-14,0.1265
2018-11-15,0.1265
2018-11-16,0.1269
2018-11-19,0.128
2018-11-20,0.1246
2018-11-21,0.1268
2018-11-23,0.1247
2018-11-26,0.1248
2018-11-27,0.1234
2018-11-28,0.1284
2018-11-29,0.1287
2018-11-30,0.1284
2018-12-03,0.1291
2018-12-04,0.1275
2018-12-05,0.1272
2018-12-06,0.1264
2018-12-07,0.1287
2018-12-10,0.1272
2018-12-11,0.1283
2018-12-12,0.1274
2018-12-13,0.1275
2018-12-14,0.1265
2018-12-17,0.1249
2018-12-18,0.123
2018-12-19,0.1247
2018-12-20,0.1243
2018-12-21,0.1234
2018-12-24,0.124
2018-12-26,0.1239
2018-12-27,0.1225
2018-12-28,0.1239
2018-12-31,0.1203
2019-01-02,0.1193
2019-01-03,0.1169
2019-01-04,0.1193
2019-01-07,0.1265
2019-01-08,0.1276
2019-01-09,0.1287
2019-01-10,0.1267
2019-01-11,0.1278
2019-01-14,0.1275
2019-01-15,0.1316
2019-01-16,0.1317
2019-01-17,0.1285
2019-01-18,0.1303
2019-01-22,0.1293
2019-01-23,0.1297
2019-01-24,0.1298
2019-01-25,0.1244
2019-01-28,0.1279
2019-01-29,0.1269
2019-01-30,0.1253
2019-01-31,0.1273
2019-02-01,0.126
2019-02-04,0.1285
2019-02-05,0.1282
2019-02-06,0.129
2019-02-07,0.1273
2019-02-08,0.1271
2019-02-11,0.1267
2019-02-12,0.1285
2019-02-13,0.1275
2019-02-14,0.1261
2019-02-15,0.1314
2019-02-19,0.1335
2019-02-20,0.1344
2019-02-21,0.1324
2019-02-22,0.1337
2019-02-25,0.1308
2019-02-26,0.1287
2019-02-27,0.1295
2019-02-28,0.1277
2019-03-01,0.1262
2019-03-04,0.1236
2019-03-05,0.1244
2019-03-06,0.1216
2019-03-07,0.1214
2019-03-08,0.1218
2019-03-11,0.1229
2019-03-12,0.1233
2019-03-13,0.1236
2019-03-14,0.1241
2019-03-15,0.1252
2019-03-18,0.1284
2019-03-19,0.1278
2019-03-20,0.1274
2019-03-21,0.125
2019-03-22,0.1257
2019-03-25,0.1248
2019-03-26,0.1259
2019-03-27,0.1258
2019-03-28,0.1253
2019-03-29,0.1253
2019-04-01,0.1267
2019-04-02,0.1266
2019-04-03,0.1242
2019-04-04,0.1271
2019-04-05,0.1276
2019-04-08,0.1257
2019-04-09,0.1278
2019-04-10,0.1281
2019-04-11,0.1266
2019-04-12,0.1277
2019-04-15,0.1266
2019-04-16,0.1251
2019-04-17,0.1235
2019-04-18,0.1276
2019-04-22,0.1254
2019-04-23,0.127
2019-04-24,0.1268
2019-04-25,0.1243
2019-04-26,0.1242
2019-04-29,0.1205
2019-04-30,0.1227
2019-05-01,0.1221
2019-05-02,0.1223
2019-05-03,0.1201
2019-05-06,0.1188
2019-05-07,0.1195
2019-05-08,0.1165
2019-05-09,0.1178
2019-05-10,0.1172
2019-05-13,0.1184
2019-05-14,0.1194
2019-05-15,0.1185
2019-05-16,0.1178
2019-05-17,0.1155
2019-05-20,0.1162
2019-05-21,0.1181
2019-05-22,0.1162
2019-05-23,0.1157
2019-05-24,0.1166
2019-05-27,0.1166
2019-05-28,0.1175
2019-05-29,0.1187
2019-05-30,0.1176
2019-05-31,0.121
2019-06-03,0.1219
2019-06-04,0.1242
2019-06-05,0.1221
2019-06-06,0.1251
2019-06-07,0.125
2019-06-10,0.124
2019-06-11,0.1254
2019-06-12,0.1262
2019-06-13,0.1275
2019-06-14,0.1275
2019-06-17,0.1266
2019-06-18,0.1261
2019-06-19,0.125
2019-06-20,0.1243
2019-06-21,0.1222
2019-06-24,0.1227
2019-06-25,0.1238
2019-06-26,0.1215
2019-06-27,0.1268
2019-06-28,0.1256
2019-07-01,0.1257
2019-07-02,0.1235
2019-07-03,0.1254
2019-07-04,0.1254
2019-07-05,0.1236
2019-07-08,0.1245
2019-07-09,0.1235
2019-07-10,0.125
2019-07-11,0.1238
2019-07-12,0.123
2019-07-15,0.1206
2019-07-16,0.1199
2019-07-17,0.1179
2019-07-18,0.1155
2019-07-19,0.1159
2019-07-22,0.1156
2019-07-23,0.1198
2019-07-24,0.1206
2019-07-25,0.12
2019-07-26,0.1202
2019-07-29,0.1207
2019-07-30,0.1215
2019-07-31,0.1221
2019-08-01,0.1212
2019-08-02,0.1202
2019-08-05,0.1182
2019-08-06,0.1173
2019-08-07,0.1134
2019-08-08,0.1143
2019-08-09,0.1186
2019-08-12,0.1156
2019-08-13,0.1172
2019-08-14,0.1161
2019-08-15,0.1163
2019-08-16,0.1164
2019-08-19,0.1147
2019-08-20,0.1144
2019-08-21,0.1139
2019-08-22,0.1158
2019-08-23,0.1147
2019-08-26,0.1143
2019-08-27,0.1124
2019-08-28,0.1137
2019-08-29,0.1121
2019-08-30,0.1114
2019-09-02,0.1114
2019-09-03,0.1119
2019-09-04,0.1101
2019-09-05,0.1097
2019-09-06,0.1102
2019-09-09,0.1092
2019-09-10,0.1088
2019-09-11,0.1081
2019-09-12,0.1076
2019-09-13,0.1089
2019-09-16,0.1109
2019-09-17,0.1094
2019-09-18,0.11
2019-09-19,0.1099
2019-09-20,0.1109
2019-09-23,0.1122
2019-09-24,0.115
2019-09-25,0.1197
2019-09-26,0.1203
2019-09-27,0.1218
2019-09-30,0.125
2019-10-01,0.1288
2019-10-02,0.1289
2019-10-03,0.1274
2019-10-04,0.1276
2019-10-07,0.1252
2019-10-08,0.1246
2019-10-09,0.1241
2019-10-10,0.1241
2019-10-11,0.1241
2019-10-14,0.1252
2019-10-15,0.1259
2019-10-16,0.1235
2019-10-17,0.1224
2019-10-18,0.1232
2019-10-21,0.1227
2019-10-22,0.1218
2019-10-23,0.1215
2019-10-24,0.123
2019-10-25,0.1235
2019-10-28,0.1254
2019-10-29,0.1234
2019-10-30,0.1241
2019-10-31,0.1248
2019-11-01,0.1248
2019-11-04,0.1251
2019-11-05,0.1271
2019-11-06,0.1256
2019-11-07,0.1239
2019-11-08,0.1257
2019-11-11,0.1257
2019-11-12,0.1259
2019-11-13,0.1285
2019-11-14,0.1281
2019-11-15,0.1273
2019-11-18,0.1276
2019-11-19,0.1269
2019-11-20,0.1275
2019-11-21,0.1261
2019-11-22,0.1283
2019-11-25,0.1282
2019-11-26,0.1278
2019-11-27,0.1279
2019-11-28,0.1279
2019-11-29,0.1294
2019-12-02,0.1275
2019-12-03,0.1286
2019-12-04,0.1306
2019-12-05,0.1308
2019-12-06,0.1318
2019-12-09,0.1338
2019-12-10,0.1346
2019-12-11,0.1342
2019-12-12,0.1352
2019-12-13,0.135
2019-12-16,0.1329
2019-12-17,0.1327
2019-12-18,0.1343
2019-12-19,0.1355
2019-12-20,0.1354
2019-12-23,0.1345
2019-12-24,0.1337
2019-12-26,0.1344
2019-12-27,0.1354
2019-12-30,0.1353
2019-12-31,0.1342
2020-01-02,0.1313
2020-01-03,0.1331
2020-01-06,0.1373
2020-01-07,0.1359
2020-01-08,0.1347
2020-01-09,0.1371
2020-01-10,0.1407
2020-01-13,0.1416
2020-01-14,0.1432
2020-01-15,0.1452
2020-01-16,0.1443
2020-01-17,0.1445
2020-01-20,0.1445
2020-01-21,0.1455
2020-01-22,0.1466
2020-01-23,0.1457
2020-01-24,0.1439
2020-01-27,0.1421
2020-01-28,0.1454
2020-01-29,0.1449
2020-01-30,0.1459
2020-01-31,0.1461
2020-02-03,0.1489
2020-02-04,0.1471
2020-02-05,0.1473
2020-02-06,0.1474
2020-02-07,0.1492
2020-02-10,0.1504
2020-02-11,0.1541
2020-02-12,0.1578
2020-02-13,0.1516
2020-02-14,0.1506
2020-02-17,0.1506
2020-02-18,0.1528
2020-02-19,0.1558
2020-02-20,0.154
2020-02-21,0.1559
2020-02-24,0.1527
2020-02-25,0.1507
2020-02-26,0.1469
2020-02-27,0.1428
2020-02-28,0.142
2020-03-02,0.1381
2020-03-03,0.1376
2020-03-04,0.1347
2020-03-05,0.1342
2020-03-06,0.1302
2020-03-09,0.1261
2020-03-10,0.1259
2020-03-11,0.1226
2020-03-12,0.1162
2020-03-13,0.117
2020-03-16,0.1109
2020-03-17,0.1089
2020-03-18,0.1067
2020-03-19,0.1059
2020-03-20,0.1091
2020-03-23,0.1104
2020-03-24,0.1127
2020-03-25,0.1141
2020-03-26,0.1133
2020-03-27,0.111
2020-03-30,0.1073
2020-03-31,0.1042
2020-04-01,0.1004
2020-04-02,0.1029
2020-04-03,0.1031
2020-04-06,0.1045
2020-04-07,0.1038
2020-04-08,0.1037
2020-04-09,0.1043
2020-04-13,0.1017
2020-04-14,0.1005
2020-04-15,0.1016
2020-04-16,0.1016
2020-04-17,0.1037
2020-04-20,0.1006
2020-04-21,0.0975
2020-04-22,0.0983
2020-04-23,0.0984
2020-04-24,0.0973
2020-04-27,0.0924
2020-04-28,0.0941
2020-04-29,0.0986
2020-04-30,0.1037
2020-05-01,0.1097
2020-05-04,0.104
2020-05-05,0.1078
2020-05-06,0.1027
2020-05-07,0.1033
2020-05-08,0.1029
2020-05-11,0.1012
2020-05-12,0.1025
2020-05-13,0.1026
2020-05-14,0.1046
2020-05-15,0.1038
2020-05-18,0.108
2020-05-19,0.1085
2020-05-20,0.1119
2020-05-21,0.1098
2020-05-22,0.1093
2020-05-25,0.1093
2020-05-26,0.1105
2020-05-27,0.108
2020-05-28,0.108
2020-05-29,0.1091
2020-06-01,0.11
2020-06-02,0.1122
2020-06-03,0.1162
2020-06-04,0.1173
2020-06-05,0.1202
2020-06-08,0.1194
2020-06-09,0.12
2020-06-10,0.1223
2020-06-11,0.1194
2020-06-12,0.1187
2020-06-15,0.1204
2020-06-16,0.1219
2020-06-17,0.1211
2020-06-18,0.1189
2020-06-19,0.1205
2020-06-22,0.1192
2020-06-23,0.1179
2020-06-24,0.1175
2020-06-25,0.1183
2020-06-26,0.1158
2020-06-29,0.1175
2020-06-30,0.1194
2020-07-01,0.1217
2020-07-02,0.1224
2020-07-06,0.1193
2020-07-07,0.1218
2020-07-08,0.1208
2020-07-09,0.1184
2020-07-10,0.1176
2020-07-13,0.1158
2020-07-14,0.1132
2020-07-15,0.1182
2020-07-16,0.1179
2020-07-17,0.1173
2020-07-20,0.1172
2020-07-21,0.1167
2020-07-22,0.1186
2020-07-23,0.1177
2020-07-24,0.1149
2020-07-27,0.1212
2020-07-28,0.1201
2020-07-29,0.1201
2020-07-30,0.1211
2020-07-31,0.1264
2020-08-03,0.1272
2020-08-04,0.1278
2020-08-05,0.1254
2020-08-06,0.1294
2020-08-07,0.1267
2020-08-10,0.1255
2020-08-11,0.1274
2020-08-12,0.1284
2020-08-13,0.1311
2020-08-14,0.131
2020-08-17,0.1306
2020-08-18,0.1289
2020-08-19,0.1324
2020-08-20,0.1301
2020-08-21,0.1283
2020-08-24,0.1271
2020-08-25,0.1276
2020-08-26,0.1258
2020-08-27,0.1277
2020-08-28,0.126
2020-08-31,0.1266
2020-09-01,0.126
2020-09-02,0.1244
2020-09-03,0.1207
2020-09-04,0.1193
2020-09-07,0.1193
2020-09-08,0.1204
2020-09-09,0.1203
2020-09-10,0.1191
2020-09-11,0.1192
2020-09-14,0.1176
2020-09-15,0.1208
2020-09-16,0.1235
2020-09-17,0.1262
2020-09-18,0.1277
2020-09-21,0.1255
2020-09-22,0.1289
2020-09-23,0.1282
2020-09-24,0.1284
2020-09-25,0.131
2020-09-28,0.1277
2020-09-29,0.1325
2020-09-30,0.1342
2020-10-01,0.1358
2020-10-02,0.1355
2020-10-05,0.1361
2020-10-06,0.1388
2020-10-07,0.1414
2020-10-08,0.1417
2020-10-09,0.1423
2020-10-12,0.1384
2020-10-13,0.1401
2020-10-14,0.142
2020-10-15,0.1418
2020-10-16,0.1443
2020-10-19,0.1472
2020-10-20,0.1454
2020-10-21,0.145
2020-10-22,0.1478
2020-10-23,0.1472
2020-10-26,0.1477
2020-10-27,0.1483
2020-10-28,0.1489
2020-10-29,0.144
2020-10-30,0.1436
2020-11-02,0.1497
2020-11-03,0.1472
2020-11-04,0.1465
2020-11-05,0.1448
2020-11-06,0.1491
2020-11-09,0.1488
2020-11-10,0.1468
2020-11-11,0.1449
2020-11-12,0.1492
2020-11-13,0.1496
2020-11-16,0.1547
2020-11-17,0.1531
2020-11-18,0.1545
2020-11-19,0.1528
2020-11-20,0.1521
2020-11-23,0.1515
2020-11-24,0.1504
2020-11-25,0.1477
2020-11-26,0.1477
2020-11-27,0.1482
2020-11-30,0.1451
2020-12-01,0.1451
2020-12-02,0.146
2020-12-03,0.1471
2020-12-04,0.1444
2020-12-07,0.1445
2020-12-08,0.1439
2020-12-09,0.1497
2020-12-10,0.1466
2020-12-11,0.1443
2020-12-14,0.1412
2020-12-15,0.1421
2020-12-16,0.1449
2020-12-17,0.1468
2020-12-18,0.1444
2020-12-21,0.1453
2020-12-22,0.1454
2020-12-23,0.1483
2020-12-24,0.149
2020-12-28,0.1498
2020-12-29,0.1504
2020-12-30,0.1528
2020-12-31,0.1549
2021-01-04,0.1576
2021-01-05,0.1612
2021-01-06,0.1625
2021-01-07,0.156
2021-01-08,0.156
2021-01-11,0.1567
2021-01-12,0.1546
2021-01-13,0.1584
2021-01-14,0.1667
2021-01-15,0.1645
2021-01-18,0.1645
2021-01-19,0.161
2021-01-20,0.1627
2021-01-21,0.1605
2021-01-22,0.1587
2021-01-25,0.1574
2021-01-26,0.1574
2021-01-27,0.158
2021-01-28,0.1559
2021-01-29,0.1583
2021-02-01,0.1615
2021-02-02,0.1629
2021-02-03,0.1604
2021-02-04,0.1605
2021-02-05,0.1642
2021-02-08,0.1627
2021-02-09,0.1644
2021-02-10,0.1671
2021-02-11,0.1655
2021-02-12,0.1638
2021-02-15,0.1638
2021-02-16,0.1673
2021-02-17,0.1696
2021-02-18,0.1751
2021-02-19,0.1779
2021-02-22,0.1878
2021-02-23,0.1813
2021-02-24,0.1776
2021-02-25,0.1724
2021-02-26,0.1667
2021-03-01,0.1621
2021-03-02,0.1643
2021-03-03,0.1614
2021-03-04,0.1626
2021-03-05,0.164
2021-03-08,0.162
2021-03-09,0.159
2021-03-10,0.1596
2021-03-11,0.1636
2021-03-12,0.1613
2021-03-15,0.1612
2021-03-16,0.163
2021-03-17,0.1599
2021-03-18,0.1589
2021-03-19,0.1576
2021-03-22,0.1553
2021-03-23,0.1543
2021-03-24,0.1563
2021-03-25,0.1509
2021-03-26,0.1519
2021-03-29,0.1492
2021-03-30,0.1492
2021-03-31,0.1477
2021-04-01,0.1471
2021-04-05,0.1484
2021-04-06,0.1516
2021-04-07,0.1514
2021-04-08,0.1518
2021-04-09,0.1546
2021-04-12,0.1535
2021-04-13,0.1543
2021-04-14,0.1586
2021-04-15,0.1638
2021-04-16,0.1672
2021-04-19,0.1629
2021-04-20,0.1677
2021-04-21,0.1694
2021-04-22,0.1692
2021-04-23,0.1691
2021-04-26,0.1717
2021-04-27,0.179
2021-04-28,0.1724
2021-04-29,0.1699
2021-04-30,0.1707
2021-05-03,0.1673
2021-05-04,0.1712
2021-05-05,0.1753
2021-05-06,0.1755
2021-05-07,0.1749
2021-05-10,0.1749
2021-05-11,0.181
2021-05-12,0.1784
2021-05-13,0.1711
2021-05-14,0.1696
2021-05-17,0.1699
2021-05-18,0.1721
2021-05-19,0.1695
2021-05-20,0.1704
2021-05-21,0.1667
2021-05-24,0.1683
2021-05-25,0.1704
2021-05-26,0.1678
2021-05-27,0.1712
2021-05-28,0.1736
2021-05-31,0.1736
2021-06-01,0.1769
2021-06-02,0.1768
2021-06-03,0.1743
2021-06-04,0.1771
2021-06-07,0.1738
2021-06-08,0.1771
2021-06-09,0.1773
2021-06-10,0.1766
2021-06-11,0.1754
2021-06-14,0.1729
2021-06-15,0.1705
2021-06-16,0.1704
2021-06-17,0.1655
2021-06-18,0.1643
2021-06-21,0.1678
2021-06-22,0.1643
2021-06-23,0.1669
2021-06-24,0.1693
2021-06-25,0.1698
2021-06-28,0.1738
2021-06-29,0.1742
2021-06-30,0.1784
2021-07-01,0.1794
2021-07-02,0.1815
2021-07-05,0.1815
2021-07-06,0.1787
2021-07-07,0.1775
2021-07-08,0.1745
2021-07-09,0.1728
2021-07-12,0.1699
2021-07-13,0.1708
2021-07-14,0.1693
2021-07-15,0.1733
2021-07-16,0.1771
2021-07-19,0.1707
2021-07-20,0.1741
2021-07-21,0.1767
2021-07-22,0.1762
2021-07-23,0.1817
2021-07-26,0.1842
2021-07-27,0.1835
2021-07-28,0.1861
2021-07-29,0.183
2021-07-30,0.1791
2021-08-02,0.1795
2021-08-03,0.1798
2021-08-04,0.1793
2021-08-05,0.1862
2021-08-06,0.1868
2021-08-09,0.1847
2021-08-10,0.1959
2021-08-11,0.1947
2021-08-12,0.1954
2021-08-13,0.1995
2021-08-16,0.2003
2021-08-17,0.2002
2021-08-18,0.2017
2021-08-19,0.1979
2021-08-20,0.1958
2021-08-23,0.1958
2021-08-24,0.1958
2021-08-25,0.1973
2021-08-26,0.1968
2021-08-27,0.2004
2021-08-30,0.2022
2021-08-31,0.1984
2021-09-01,0.1967
2021-09-02,0.199
2021-09-03,0.1962
2021-09-06,0.1962
2021-09-07,0.1948
2021-09-08,0.1949
2021-09-09,0.1924
2021-09-10,0.1879
2021-09-13,0.1898
2021-09-14,0.1896
2021-09-15,0.1952
2021-09-16,0.1949
2021-09-17,0.1918
2021-09-20,0.1886
2021-09-21,0.1897
2021-09-22,0.1933
2021-09-23,0.1949
2021-09-24,0.191
2021-09-27,0.1892
2021-09-28,0.1932
2021-09-29,0.1941
2021-09-30,0.2024
2021-10-01,0.2006
2021-10-04,0.1969
2021-10-05,0.1985
2021-10-06,0.1977
2021-10-07,0.1984
2021-10-08,0.2029
2021-10-11,0.2033
2021-10-12,0.2007
2021-10-13,0.1986
2021-10-14,0.1959
2021-10-15,0.198
2021-10-18,0.1935
2021-10-19,0.1887
2021-10-20,0.1897
2021-10-21,0.1894
2021-10-22,0.1908
2021-10-25,0.1939
2021-10-26,0.1966
2021-10-27,0.197
2021-10-28,0.1962
2021-10-29,0.1927
2021-11-01,0.1937
2021-11-02,0.1954
2021-11-03,0.1938
2021-11-04,0.1963
2021-11-05,0.1994
2021-11-08,0.1992
2021-11-09,0.199
2021-11-10,0.196
2021-11-11,0.2012
2021-11-12,0.2001
2021-11-15,0.1974
2021-11-16,0.1999
2021-11-17,0.2042
2021-11-18,0.2018
2021-11-19,0.1999
2021-11-22,0.1976
2021-11-23,0.2011
2021-11-24,0.1993
2021-11-25,0.1993
2021-11-26,0.1935
2021-11-29,0.1919
2021-11-30,0.186
2021-12-01,0.186
2021-12-02,0.1862
2021-12-03,0.1875
2021-12-06,0.1916
2021-12-07,0.1948
2021-12-08,0.1982
2021-12-09,0.1969
2021-12-10,0.1971
2021-12-13,0.1964
2021-12-14,0.1965
2021-12-15,0.1929
2021-12-16,0.194
2021-12-17,0.1911
2021-12-20,0.1859
2021-12-21,0.1874
2021-12-22,0.1926
2021-12-23,0.1924
2021-12-24,0.1924
2021-12-27,0.1921
2021-12-28,0.1896
2021-12-29,0.191
2021-12-30,0.1878
2021-12-31,0.1888
2022-01-03,0.1874
2022-01-04,0.1875
2022-01-05,0.1834
2022-01-06,0.1819
2022-01-07,0.1805
2022-01-10,0.1783
2022-01-11,0.1811
2022-01-12,0.1834
2022-01-13,0.1809
2022-01-14,0.1831
2022-01-17,0.1831
2022-01-18,0.1866
2022-01-19,0.1907
2022-01-20,0.1893
2022-01-21,0.189
2022-01-24,0.1881
2022-01-25,0.1878
2022-01-26,0.1849
2022-01-27,0.1841
2022-01-28,0.182
2022-01-31,0.1822
2022-02-01,0.1848
2022-02-02,0.1793
2022-02-03,0.1799
2022-02-04,0.1823
2022-02-07,0.1805
2022-02-08,0.1808
2022-02-09,0.1848
2022-02-10,0.183
2022-02-11,0.1826
2022-02-14,0.1812
2022-02-15,0.1807
2022-02-16,0.1807
2022-02-17,0.1828
2022-02-18,0.182
2022-02-21,0.182
2022-02-22,0.1848
2022-02-23,0.184
2022-02-24,0.1816
2022-02-25,0.1776
2022-02-28,0.1776
2022-03-01,0.1834
2022-03-02,0.1864
2022-03-03,0.1893
2022-03-04,0.1935
2022-03-07,0.1927
2022-03-08,0.1943
2022-03-09,0.1894
2022-03-10,0.191
2022-03-11,0.1924
2022-03-14,0.1913
2022-03-15,0.1873
2022-03-16,0.1856
2022-03-17,0.1869
2022-03-18,0.1893
2022-03-21,0.1928
2022-03-22,0.1915
2022-03-23,0.1924
2022-03-24,0.1926
2022-03-25,0.1961
2022-03-28,0.1959
2022-03-29,0.1911
2022-03-30,0.1947
2022-03-31,0.1949
2022-04-01,0.1937
2022-04-04,0.1961
2022-04-05,0.1965
2022-04-06,0.1959
2022-04-07,0.1984
2022-04-08,0.2041
2022-04-11,0.2031
2022-04-12,0.2022
2022-04-13,0.201
2022-04-14,0.2006
2022-04-18,0.2026
2022-04-19,0.1974
2022-04-20,0.1962
2022-04-21,0.1987
2022-04-22,0.1924
2022-04-25,0.1895
2022-04-26,0.1898
2022-04-27,0.1897
2022-04-28,0.1931
2022-04-29,0.1919
2022-05-02,0.1885
2022-05-03,0.1862
2022-05-04,0.1862
2022-05-05,0.1878
2022-05-06,0.1916
2022-05-09,0.1866
2022-05-10,0.1854
2022-05-11,0.1855
2022-05-12,0.1864
2022-05-13,0.1917
2022-05-16,0.1968
2022-05-17,0.2
2022-05-18,0.1983
2022-05-19,0.1977
2022-05-20,0.1995
2022-05-23,0.1977
2022-05-24,0.1975
2022-05-25,0.1968
2022-05-26,0.1954
2022-05-27,0.1961
2022-05-30,0.1961
2022-05-31,0.194
2022-06-01,0.1944
2022-06-02,0.1935
2022-06-03,0.1929
2022-06-06,0.1956
2022-06-07,0.1897
2022-06-08,0.1898
2022-06-09,0.1929
2022-06-10,0.1887
2022-06-13,0.1871
2022-06-14,0.187
2022-06-15,0.1846
2022-06-16,0.1858
2022-06-17,0.186
2022-06-20,0.186
2022-06-21,0.1866
2022-06-22,0.1845
2022-06-23,0.1838
2022-06-24,0.1837
2022-06-27,0.1829
2022-06-28,0.1826
2022-06-29,0.1848
2022-06-30,0.1855
2022-07-01,0.1847
2022-07-04,0.1806
2022-07-05,0.1807
2022-07-06,0.1781
2022-07-07,0.1798
2022-07-08,0.1851
2022-07-11,0.1904
2022-07-12,0.189
2022-07-13,0.187
2022-07-14,0.1913
2022-07-15,0.1898
2022-07-18,0.1915
2022-07-19,0.1888
2022-07-20,0.1868
2022-07-21,0.1834
2022-07-22,0.1789
2022-07-25,0.1748
2022-07-26,0.1745
2022-07-27,0.174
2022-07-28,0.1773
2022-07-29,0.1755
2022-08-01,0.1764
2022-08-02,0.1767
2022-08-03,0.1779
2022-08-04,0.176
2022-08-05,0.1796
2022-08-08,0.1793
2022-08-09,0.1799
2022-08-10,0.1824
2022-08-11,0.185
2022-08-12,0.1863
2022-08-15,0.1855
2022-08-16,0.1828
2022-08-17,0.1825
2022-08-18,0.1778
2022-08-19,0.1806
2022-08-22,0.1792
2022-08-23,0.1793
2022-08-24,0.1804
2022-08-25,0.1791
2022-08-26,0.1846
2022-08-29,0.1841
2022-08-30,0.1814
2022-08-31,0.179
2022-09-01,0.1802
2022-09-02,0.1814
2022-09-05,0.1814
2022-09-06,0.1798
2022-09-07,0.1809
2022-09-08,0.1791
2022-09-09,0.1823
2022-09-12,0.1838
2022-09-13,0.1838
2022-09-14,0.1829
2022-09-15,0.182
2022-09-16,0.1793
2022-09-19,0.177
2022-09-20,0.1815
2022-09-21,0.1823
2022-09-22,0.185
2022-09-23,0.1827
2022-09-26,0.1761
2022-09-27,0.1763
2022-09-28,0.1771
2022-09-29,0.1777
2022-09-30,0.1767
2022-10-03,0.1744
2022-10-04,0.1788
2022-10-05,0.1793
2022-10-06,0.1838
2022-10-07,0.1871
2022-10-10,0.1864
2022-10-11,0.1871
2022-10-12,0.1868
2022-10-13,0.1878
2022-10-14,0.1881
2022-10-17,0.1873
2022-10-18,0.187
2022-10-19,0.1861
2022-10-20,0.184
2022-10-21,0.1838
2022-10-24,0.1812
2022-10-25,0.181
2022-10-26,0.1786
2022-10-27,0.1771
2022-10-28,0.1762
2022-10-31,0.1799
2022-11-01,0.1837
2022-11-02,0.1848
2022-11-03,0.1848
2022-11-04,0.1868
2022-11-07,0.1867
2022-11-08,0.1902
2022-11-09,0.193
2022-11-10,0.1939
2022-11-11,0.1961
2022-11-14,0.1982
2022-11-15,0.2031
2022-11-16,0.2026
2022-11-17,0.1972
2022-11-18,0.2007
2022-11-21,0.1989
2022-11-22,0.1975
2022-11-23,0.1955
2022-11-24,0.1955
2022-11-25,0.1931
2022-11-28,0.1944
2022-11-29,0.1951
2022-11-30,0.196
2022-12-01,0.1962
2022-12-02,0.1949
2022-12-05,0.1957
2022-12-06,0.1938
2022-12-07,0.1949
2022-12-08,0.1969
2022-12-09,0.1961
2022-12-12,0.1937
2022-12-13,0.1971
2022-12-14,0.2032
2022-12-15,0.1992
2022-12-16,0.2012
2022-12-19,0.2019
2022-12-20,0.2062
2022-12-21,0.2075
2022-12-22,0.2091
2022-12-23,0.2098
2022-12-26,0.2098
2022-12-27,0.2027
2022-12-28,0.2015
2022-12-29,0.2031
2022-12-30,0.2005
2023-01-02,0.2005
2023-01-03,0.1972
2023-01-04,0.1968
2023-01-05,0.1968
2023-01-06,0.1968
2023-01-09,0.1966
2023-01-10,0.1966
2023-01-11,0.1968
2023-01-12,0.1968
2023-01-13,0.1968
2023-01-16,0.1968
2023-01-17,0.1966
2023-01-18,0.1966
2023-01-19,0.1966
2023-01-20,0.1968
2023-01-23,0.1968
2023-01-24,0.1986
2023-01-25,0.2007
2023-01-26,0.2073
2023-01-27,0.2073
2023-01-30,0.212
2023-01-31,0.2178
2023-02-01,0.2136
2023-02-02,0.2168
2023-02-03,0.213
2023-02-06,0.2065
2023-02-07,0.2087
2023-02-08,0.2117
2023-02-09,0.2146
2023-02-10,0.2153
2023-02-13,0.2127
2023-02-14,0.215
2023-02-15,0.2134
2023-02-16,0.2146
2023-02-17,0.214
2023-02-20,0.214
2023-02-21,0.2137
2023-02-22,0.2129
2023-02-23,0.2165
2023-02-24,0.2132
2023-02-27,0.2026
2023-02-28,0.2001
2023-03-01,0.2056
2023-03-02,0.2029
2023-03-03,0.2091
2023-03-06,0.2088
2023-03-07,0.2103
2023-03-08,0.2086
2023-03-09,0.2113
2023-03-10,0.2116
2023-03-13,0.2086
2023-03-14,0.2066
2023-03-15,0.2052
2023-03-16,0.2075
2023-03-17,0.2068
2023-03-20,0.2051
2023-03-21,0.208
2023-03-22,0.2116
2023-03-23,0.2096
2023-03-24,0.2084
2023-03-27,0.2099
2023-03-28,0.2137
2023-03-29,0.2125
2023-03-30,0.2196
2023-03-31,0.223
2023-04-03,0.224
2023-04-04,0.2247
2023-04-05,0.2295
2023-04-06,0.2363
2023-04-07,0.2363
2023-04-10,0.2356
2023-04-11,0.2437
2023-04-12,0.2405
2023-04-13,0.2404
2023-04-14,0.2413
2023-04-17,0.2444
2023-04-18,0.2454
2023-04-19,0.2437
2023-04-20,0.2525
2023-04-21,0.2483
2023-04-24,0.2591
2023-04-25,0.2674
2023-04-26,0.2651
2023-04-27,0.2699
2023-04-28,0.2637
2023-05-01,0.2554
2023-05-02,0.2514
2023-05-03,0.2517
2023-05-04,0.2552
2023-05-05,0.2644
2023-05-08,0.2609
2023-05-09,0.2619
2023-05-10,0.2666
2023-05-11,0.2602
2023-05-12,0.262
2023-05-15,0.2629
2023-05-16,0.2607
2023-05-17,0.2591
2023-05-18,0.2561
2023-05-19,0.258
2023-05-22,0.2599
2023-05-23,0.2581
2023-05-24,0.2549
2023-05-25,0.2483
2023-05-26,0.2541
2023-05-29,0.2537
2023-05-30,0.2533
2023-05-31,0.2506
2023-06-01,0.2488
2023-06-02,0.2474
2023-06-05,0.244
2023-06-06,0.2458
2023-06-07,0.245
2023-06-08,0.2548
2023-06-09,0.2535
2023-06-12,0.2547
2023-06-13,0.2513
2023-06-14,0.2584
2023-06-15,0.26
2023-06-16,0.2633
2023-06-19,0.2633
2023-06-20,0.2622
2023-06-21,0.2588
2023-06-22,0.2493
2023-06-23,0.2443
2023-06-26,0.2372
2023-06-27,0.2313
2023-06-28,0.2259
2023-06-29,0.222
2023-06-30,0.2292
2023-07-03,0.2333
2023-07-04,0.2332
2023-07-05,0.235
2023-07-06,0.2325
2023-07-07,0.2351
2023-07-10,0.2344
2023-07-11,0.2352
2023-07-12,0.2391
2023-07-13,0.2401
2023-07-14,0.2429
2023-07-17,0.238
2023-07-18,0.2386
2023-07-19,0.2421
2023-07-20,0.2467
2023-07-21,0.2509
2023-07-24,0.2492
2023-07-25,0.2471
2023-07-26,0.2439
2023-07-27,0.2443
2023-07-28,0.239
2023-07-31,0.2411
2023-08-01,0.2439
2023-08-02,0.242
2023-08-03,0.2402
2023-08-04,0.2368
2023-08-07,0.2367
2023-08-08,0.2345
2023-08-09,0.2371
2023-08-10,0.2395
2023-08-11,0.2438
2023-08-14,0.2405
2023-08-15,0.2377
2023-08-16,0.242
2023-08-17,0.24
2023-08-18,0.238
2023-08-21,0.234
2023-08-22,0.234
2023-08-23,0.2385
2023-08-24,0.2429
2023-08-25,0.2489
2023-08-28,0.2557
2023-08-29,0.2545
2023-08-30,0.2534
2023-08-31,0.2506
2023-09-01,0.2586
2023-09-04,0.2581
2023-09-05,0.2665
2023-09-06,0.2622
2023-09-07,0.2668
2023-09-08,0.264
2023-09-11,0.264
2023-09-12,0.2683
2023-09-13,0.2654
2023-09-14,0.2698
2023-09-15,0.2678
2023-09-18,0.2711
2023-09-19,0.2744
2023-09-20,0.2679
2023-09-21,0.2693
2023-09-22,0.2702
2023-09-25,0.2631
2023-09-26,0.2602
2023-09-27,0.2613
2023-09-28,0.2673
2023-09-29,0.2651
2023-10-02,0.2635
2023-10-03,0.2567
2023-10-04,0.2593
2023-10-05,0.2616
2023-10-06,0.2677
2023-10-09,0.2718
2023-10-10,0.2705
2023-10-11,0.264
2023-10-12,0.2635
2023-10-13,0.2708
2023-10-16,0.2705
2023-10-17,0.2749
2023-10-18,0.2748
2023-10-19,0.2729
2023-10-20,0.2685
2023-10-23,0.2748
2023-10-24,0.2753
2023-10-25,0.2766
2023-10-26,0.2704
2023-10-27,0.2737
2023-10-30,0.2675
2023-10-31,0.2709
2023-11-01,0.2751
2023-11-02,0.2748
2023-11-03,0.2778
2023-11-06,0.2797
2023-11-07,0.2755
2023-11-08,0.2724
2023-11-09,0.2777
2023-11-10,0.2733
2023-11-13,0.2771
2023-11-14,0.2719
2023-11-15,0.2719
2023-11-16,0.272
2023-11-17,0.272
2023-11-20,0.2745
2023-11-24,0.2688
2023-11-27,0.2698
2023-11-28,0.272
2023-11-29,0.2699
2023-11-30,0.2686
2023-12-01,0.2604
2023-12-04,0.2509
2023-12-05,0.2581
2023-12-06,0.2496
2023-12-07,0.2301
2023-12-08,0.234
2023-12-11,0.2256
2023-12-12,0.2251
2023-12-13,0.2189
2023-12-14,0.2227
2023-12-15,0.2199
2023-12-18,0.2137
2023-12-19,0.214
2023-12-20,0.2088
2023-12-21,0.2042
2023-12-22,0.2057
2023-12-25,0.2057
2023-12-26,0.2046
2023-12-27,0.2063
2023-12-28,0.2187
2023-12-29,0.2049
2024-01-01,0.2049
2024-01-02,0.2086
2024-01-03,0.2091
2024-01-04,0.2114
2024-01-05,0.211
2024-01-08,0.2177
2024-01-09,0.216
2024-01-10,0.214
2024-01-11,0.2184
2024-01-12,0.2163
2024-01-15,0.2163
2024-01-16,0.226
2024-01-17,0.2234
2024-01-18,0.2317
2024-01-19,0.2356
2024-01-22,0.235
2024-01-23,0.2372
2024-01-24,0.2445
2024-01-25,0.2396
2024-01-26,0.2384
2024-01-29,0.235
2024-01-30,0.2401
2024-01-31,0.2406
2024-02-01,0.235
2024-02-02,0.2393
2024-02-05,0.2354
2024-02-06,0.2359
2024-02-07,0.2383
2024-02-08,0.2395
2024-02-09,0.2399
2024-02-12,0.2361
2024-02-13,0.233
2024-02-14,0.234
2024-02-15,0.2276
2024-02-16,0.2305
2024-02-19,0.2305
2024-02-20,0.2279
2024-02-21,0.2284
2024-02-22,0.2283
2024-02-23,0.2262
2024-02-26,0.231
2024-02-27,0.2363
2024-02-28,0.2399
2024-02-29,0.2256
2024-03-01,0.21
2024-03-04,0.2058
2024-03-05,0.2086
2024-03-06,0.2145
2024-03-07,0.213
2024-03-08,0.2118
2024-03-11,0.2195
2024-03-12,0.2189
2024-03-13,0.2193
2024-03-14,0.2177
2024-03-15,0.2213
2024-03-18,0.2216
2024-03-19,0.2164
2024-03-20,0.2177
2024-03-21,0.2206
2024-03-22,0.2186
2024-03-25,0.2197
2024-03-26,0.2239
2024-03-27,0.2217
2024-03-28,0.2251
2024-03-29,0.2251
2024-04-01,0.2263
2024-04-02,0.2232
2024-04-03,0.2222
2024-04-04,0.2236
2024-04-05,0.2194
2024-04-08,0.2159
2024-04-09,0.2149
2024-04-10,0.2142
2024-04-11,0.2146
2024-04-12,0.2085
2024-04-15,0.2045
2024-04-16,0.2002
2024-04-17,0.1963
2024-04-18,0.1932
2024-04-19,0.1959
2024-04-22,0.1973
2024-04-23,0.198
2024-04-24,0.1987
2024-04-25,0.1987
2024-04-26,0.1942
2024-04-29,0.1941
2024-04-30,0.1972
2024-05-01,0.1922
2024-05-02,0.1926
2024-05-03,0.1932
2024-05-06,0.1948
2024-05-07,0.1995
2024-05-08,0.1963
2024-05-09,0.1955
2024-05-10,0.1926
2024-05-13,0.1862
2024-05-14,0.189
2024-05-15,0.1863
2024-05-16,0.1833
2024-05-17,0.181
2024-05-20,0.1867
2024-05-21,0.1857
2024-05-22,0.1821
2024-05-23,0.1826
2024-05-24,0.1845
2024-05-27,0.1845
2024-05-28,0.187
2024-05-29,0.1832
2024-05-30,0.1816
2024-05-31,0.1832
2024-06-03,0.1877
2024-06-04,0.1886
2024-06-05,0.1914
2024-06-06,0.1914
2024-06-07,0.1922
2024-06-10,0.1861
2024-06-11,0.1874
2024-06-12,0.1909
2024-06-13,0.1953
2024-06-14,0.1935
2024-06-17,0.1896
2024-06-18,0.189
2024-06-19,0.189
2024-06-20,0.1892
2024-06-21,0.1899
2024-06-24,0.1899
2024-06-25,0.1917
2024-06-26,0.1926
2024-06-27,0.2015
2024-06-28,0.2031
2024-07-01,0.2017
2024-07-02,0.2017
2024-07-03,0.2052
2024-07-04,0.2052
2024-07-05,0.2008
2024-07-08,0.2022
2024-07-09,0.1965
2024-07-10,0.1978
2024-07-11,0.1942
2024-07-12,0.192
2024-07-15,0.1979
2024-07-16,0.1963
2024-07-17,0.1937
2024-07-18,0.1901
2024-07-19,0.1867
2024-07-22,0.1832
2024-07-23,0.1818
2024-07-24,0.1795
2024-07-25,0.1866
2024-07-26,0.1848
2024-07-29,0.19
2024-07-30,0.1913
2024-07-31,0.1913
2024-08-01,0.1857
2024-08-02,0.1817
2024-08-05,0.1803
2024-08-06,0.1803
2024-08-07,0.1785
2024-08-08,0.1852
2024-08-09,0.1854
2024-08-12,0.1834
2024-08-13,0.1834
2024-08-14,0.1836
2024-08-15,0.1783
2024-08-16,0.1783
2024-08-19,0.1802
2024-08-20,0.1757
2024-08-21,0.1773
2024-08-22,0.1782
2024-08-23,0.184
2024-08-26,0.184
2024-08-27,0.1967
2024-08-28,0.1967
2024-08-29,0.1984
2024-08-30,0.1944
2024-09-02,0.1944
2024-09-03,0.194
2024-09-04,0.1926
2024-09-05,0.1927
2024-09-06,0.189
2024-09-09,0.1882
2024-09-10,0.1843
2024-09-11,0.1873
2024-09-12,0.1903
2024-09-13,0.1894
2024-09-16,0.1923
2024-09-17,0.2
2024-09-18,0.2114
2024-09-19,0.2206
2024-09-20,0.2265
2024-09-23,0.2257
2024-09-24,0.2257
2024-09-25,0.232
2024-09-26,0.2357
2024-09-27,0.2276
2024-09-30,0.2276
2024-10-01,0.2265
2024-10-02,0.2264
2024-10-03,0.2323
2024-10-04,0.2301
2024-10-07,0.2301
2024-10-08,0.2246
2024-10-09,0.2208
2024-10-10,0.2208
2024-10-11,0.2224
2024-10-14,0.2238
2024-10-15,0.2287
2024-10-16,0.2287
2024-10-17,0.2201
2024-10-18,0.2219
2024-10-21,0.2185
2024-10-22,0.2185
2024-10-23,0.2235
2024-10-24,0.2214
2024-10-25,0.0
2024-10-28,0.2199
2024-10-29,0.2208
2024-10-30,0.2224
2024-10-31,0.2279
2024-11-01,0.2205
2024-11-04,0.2188
2024-11-05,0.2184
2024-11-06,0.2206
2024-11-07,0.2225
2024-11-08,0.2178
2024-11-11,0.2132
2024-11-12,0.2132
2024-11-13,0.2116
2024-11-14,0.2161
2024-11-15,0.2162
2024-11-18,0.222
2024-11-19,0.222
2024-11-20,0.2196
2024-11-21,0.2137
2024-11-22,0.2137
2024-11-25,0.2137
2024-11-26,0.2165
2024-11-27,0.2163
2024-11-28,0.2163
2024-11-29,0.2109
2024-12-02,0.2112
2024-12-03,0.2134
2024-12-04,0.2117
2024-12-05,0.2127
2024-12-06,0.2174
2024-12-09,0.2147
2024-12-10,0.2107
2024-12-11,0.2132
2024-12-12,0.2092
2024-12-13,0.2092
2024-12-16,0.2066
2024-12-17,0.1982
2024-12-18,0.1982
2024-12-19,0.196
2024-12-20,0.1951
2024-12-23,0.1952
2024-12-24,0.1952
2024-12-25,0.1952
2024-12-26,0.1925
2024-12-27,0.1936
2024-12-30,0.1912
2024-12-31,0.1929
2025-01-01,0.1929
2025-01-02,0.1929
2025-01-03,0.1968
2025-01-06,0.1933
2025-01-07,0.1951
2025-01-08,0.1951
2025-01-09,0.1918
2025-01-10,0.1921
2025-01-13,0.1887
2025-01-14,0.1887
2025-01-15,0.1805
2025-01-16,0.1805
2025-01-17,0.1821
2025-01-20,0.1821
2025-01-21,0.1775
2025-01-22,0.1816
2025-01-23,0.1873
2025-01-24,0.1907
2025-01-27,0.1916
2025-01-28,0.1916
2025-01-29,0.1927
2025-01-30,0.1942
2025-01-31,0.194
2025-02-03,0.1923
2025-02-04,0.1969
2025-02-05,0.1974
2025-02-06,0.1953
2025-02-07,0.1931
2025-02-10,0.1956
2025-02-11,0.1956
2025-02-12,0.1972
2025-02-13,0.2012
2025-02-14,0.204
2025-02-17,0.204
2025-02-18,0.2049
2025-02-19,0.2068
2025-02-20,0.211
2025-02-21,0.2131
2025-02-24,0.2105
2025-02-25,0.2138
2025-02-26,0.2064
2025-02-27,0.1967
2025-02-28,0.1967
2025-03-03,0.1827
2025-03-04,0.1814
2025-03-05,0.182
2025-03-06,0.182
2025-03-07,0.1833
2025-03-10,0.1884
2025-03-11,0.1863
2025-03-12,0.1886
2025-03-13,0.1921
2025-03-14,0.1919
2025-03-17,0.1919
2025-03-18,0.1991
2025-03-19,0.1965
2025-03-20,0.1965
2025-03-21,0.1969
2025-03-24,0.1928
2025-03-25,0.1955
2025-03-26,0.1955
2025-03-27,0.1908
2025-03-28,0.1906
2025-03-31,0.1906
2025-04-01,0.1936
2025-04-02,0.1936
2025-04-03,0.1905
2025-04-04,0.1893
2025-04-07,0.1867
2025-04-08,0.1867
2025-04-09,0.1789
2025-04-10,0.1811
2025-04-11,0.1799
2025-04-14,0.1783
2025-04-15,0.1756
2025-04-16,0.1786
2025-04-17,0.1791
2025-04-18,0.1791
2025-04-21,0.1778
2025-04-22,0.1797
2025-04-23,0.1794
2025-04-24,0.1794
2025-04-25,0.1816
2025-04-28,0.1783
2025-04-29,0.1783
2025-04-30,0.1738
2025-05-01,0.1738
2025-05-02,0.1727
2025-05-05,0.1743
2025-05-06,0.1741
2025-05-07,0.1714
2025-05-08,0.1752
2025-05-09,0.1752
2025-05-12,0.1765
2025-05-13,0.1765
2025-05-14,0.1808
2025-05-15,0.1766
2025-05-16,0.1756
2025-05-19,0.1748
2025-05-20,0.1741
2025-05-21,0.1774
2025-05-22,0.1738
2025-05-23,0.1738
2025-05-26,0.1731
2025-05-27,0.1725
2025-05-28,0.1691
2025-05-29,0.1704
2025-05-30,0.171
2025-06-02,0.1687
2025-06-03,0.1695
2025-06-04,0.1675
2025-06-05,0.1662
2025-06-06,0.1651
2025-06-09,0.1651
2025-06-10,0.1646
2025-06-11,0.1642
2025-06-12,0.1626
2025-06-13,0.1626
2025-06-16,0.1658
2025-06-17,0.1601
2025-06-18,0.1591
2025-06-19,0.1591
2025-06-20,0.1606
2025-06-23,0.16
2025-06-24,0.16
2025-06-25,0.1574
2025-06-26,0.1599
2025-06-27,0.1588
2025-06-30,0.1588
2025-07-01,0.1505
2025-07-02,0.157
2025-07-03,0.1556
2025-07-04,0.1637
2025-07-07,0.1637
2025-07-08,0.1625
2025-07-09,0.1615
2025-07-10,0.1654
2025-07-11,0.1626
2025-07-14,0.1656
2025-07-15,0.1631
2025-07-16,0.1656
2025-07-17,0.1655
2025-07-18,0.1675
2025-07-21,0.1679
2025-07-22,0.1636
2025-07-23,0.1626
2025-07-24,0.1627
2025-07-25,0.1657
2025-07-28,0.1628
2025-07-29,0.1643
2025-07-30,0.1656
2025-07-31,0.1646
2025-08-01,0.1635
2025-08-04,0.1625
2025-08-05,0.1625
2025-08-06,0.1609
2025-08-07,0.1604
2025-08-08,0.1603
2025-08-11,0.1654
2025-08-12,0.1654
2025-08-13,0.1695
2025-08-14,0.1683
2025-08-15,0.1658
2025-08-18,0.1647
2025-08-19,0.1624
2025-08-20,0.163
2025-08-21,0.1636
2025-08-22,0.1636
2025-08-25,0.1644
2025-08-26,0.1639
2025-08-27,0.1642
2025-08-28,0.1644
2025-08-29,0.165
2025-09-01,0.1634
2025-09-02,0.1634
2025-09-03,0.1605
2025-09-04,0.1605
2025-09-05,0.157
2025-09-08,0.154
2025-09-09,0.1564
2025-09-10,0.1584
2025-09-11,0.1589
2025-09-12,0.158
2025-09-15,0.1596
2025-09-16,0.1596
2025-09-17,0.1588
2025-09-18,0.1551
2025-09-19,0.1541
2025-09-22,0.155
2025-09-23,0.152
2025-09-24,0.1566
2025-09-25,0.156
2025-09-26,0.1577
2025-09-29,0.1583
2025-09-30,0.1592
2025-10-01,0.1606
2025-10-02,0.1615
2025-10-03,0.1642
2025-10-06,0.165
2025-10-07,0.1678
2025-10-08,0.1664
2025-10-09,0.1632
2025-10-10,0.1625
2025-10-13,0.161
2025-10-14,0.1587
2025-10-15,0.1587
2025-10-16,0.1567
2025-10-17,0.1585
2025-10-20,0.1553
2025-10-21,0.1577
2025-10-22,0.1524
2025-10-23,0.1513
2025-10-24,0.1524
2025-10-27,0.1497
2025-10-28,0.1447
2025-10-29,0.1443
2025-10-30,0.1425
2025-10-31,0.1442
2025-11-03,0.1468
2025-11-04,0.1421
2025-11-05,0.1412
2025-11-06,0.1422
2025-11-07,0.1413
2025-11-10,0.1426
2025-11-11,0.1428
2025-11-12,0.1457
2025-11-13,0.1443
2025-11-14,0.1485
2025-11-17,0.1475
2025-11-18,0.1471
2025-11-19,0.1466
2025-11-20,0.1468
2025-11-21,0.1477
2025-11-24,0.1485
2025-11-25,0.149
2025-11-26,0.1512
2025-11-27,0.1512
2025-11-28,0.1521
2025-12-01,0.1474
2025-12-02,0.1497
2025-12-03,0.1492
2025-12-04,0.1491
2025-12-05,0.1482
2025-12-08,0.1483
2025-12-09,0.1466
2025-12-10,0.149
2025-12-11,0.1486
2025-12-12,0.151
2025-12-15,0.1493
2025-12-16,0.1485
2025-12-17,0.1476
2025-12-18,0.1447
2025-12-19,0.1485
2025-12-22,0.15
2025-12-23,0.1517
2025-12-24,0.153
2025-12-25,0.153
2025-12-26,0.1517
2025-12-29,0.1523
2025-12-30,0.1486
2025-12-31,0.1495
2026-01-01,0.1495
2026-01-02,0.146
2026-01-05,0.1472
2026-01-06,0.1476
2026-01-07,0.1497
2026-01-08,0.1496
2026-01-09,0.1489
2026-01-12,0.1484
2026-01-13,0.1486
2026-01-14,0.1464
2026-01-15,0.1459
2026-01-16,0.1499
2026-01-19,0.1499
2026-01-20,0.1473
2026-01-21,0.1477
2026-01-22,0.1496
2026-01-23,0.1473
2026-01-26,0.1477
2026-01-27,0.1483
2026-01-28,0.1472
2026-01-29,0.1471
2026-01-30,0.1426
2026-02-02,0.1426
2026-02-03,0.1463
2026-02-04,0.1441
2026-02-05,0.1427
2026-02-06,0.1414
2026-02-09,0.1431
2026-02-10,0.1411
2026-02-11,0.1386
2026-02-12,0.138
2026-02-13,0.1387
2026-02-16,0.1387
2026-02-17,0.1384
2026-02-18,0.1417
2026-02-19,0.1408
2026-02-20,0.143
2026-02-23,0.1447
2026-02-24,0.1452
2026-02-25,0.1456
2026-02-26,0.1437
2026-02-27,0.1392
2026-03-02,0.139
2026-03-03,0.1395
2026-03-04,0.1371
2026-03-05,0.1371
2026-03-06,0.1408
