Date,Value
1986-01-02,3.505
1986-01-03,3.415
1986-01-06,3.435
1986-01-07,3.455
1986-01-08,3.43
1986-01-09,3.45
1986-01-10,3.485
1986-01-13,3.395
1986-01-14,3.395
1986-01-15,3.4
1986-01-16,3.445
1986-01-17,3.44
1986-01-20,3.42
1986-01-21,3.355
1986-01-22,3.395
1986-01-23,3.435
1986-01-24,3.355
1986-01-27,3.405
1986-01-28,3.435
1986-01-29,3.425
1986-01-30,3.475
1986-01-31,3.445
1986-02-03,3.395
1986-02-04,3.41
1986-02-05,3.39
1986-02-06,3.36
1986-02-07,3.38
1986-02-10,3.385
1986-02-11,3.465
1986-02-12,3.45
1986-02-13,3.505
1986-02-14,3.435
1986-02-18,3.51
1986-02-19,3.385
1986-02-20,3.455
1986-02-21,3.49
1986-02-24,3.52
1986-02-25,3.48
1986-02-26,3.495
1986-02-27,3.51
1986-02-28,3.48
1986-03-03,3.505
1986-03-04,3.475
1986-03-05,3.475
1986-03-06,3.535
1986-03-07,3.57
1986-03-10,3.58
1986-03-11,3.525
1986-03-12,3.545
1986-03-13,3.53
1986-03-14,3.55
1986-03-17,3.52
1986-03-18,3.575
1986-03-19,3.65
1986-03-20,3.725
1986-03-21,3.73
1986-03-24,3.69
1986-03-25,3.75
1986-03-26,3.715
1986-03-27,3.63
1986-03-31,3.6
1986-04-01,3.6
1986-04-02,3.68
1986-04-03,3.71
1986-04-04,3.77
1986-04-07,3.67
1986-04-08,3.595
1986-04-09,3.66
1986-04-10,3.595
1986-04-11,3.585
1986-04-14,3.655
1986-04-15,3.575
1986-04-16,3.6
1986-04-17,3.675
1986-04-18,3.655
1986-04-21,3.64
1986-04-22,3.62
1986-04-23,3.685
1986-04-24,3.72
1986-04-25,3.74
1986-04-28,3.495
1986-04-29,3.6
1986-04-30,2.935
1986-05-01,2.805
1986-05-02,2.68
1986-05-05,2.735
1986-05-06,2.785
1986-05-07,2.755
1986-05-08,2.895
1986-05-09,2.905
1986-05-12,2.795
1986-05-13,2.89
1986-05-14,2.845
1986-05-15,2.725
1986-05-16,2.655
1986-05-19,2.63
1986-05-20,2.6
1986-05-21,2.635
1986-05-22,2.595
1986-05-23,2.59
1986-05-27,2.57
1986-05-28,2.56
1986-05-29,2.485
1986-05-30,2.52
1986-06-02,2.565
1986-06-03,2.55
1986-06-04,2.59
1986-06-05,2.62
1986-06-06,2.625
1986-06-09,2.565
1986-06-10,2.58
1986-06-11,2.59
1986-06-12,2.55
1986-06-13,2.52
1986-06-16,2.495
1986-06-17,2.495
1986-06-18,2.51
1986-06-19,2.51
1986-06-20,2.5
1986-06-23,2.56
1986-06-24,2.6
1986-06-25,2.595
1986-06-26,2.635
1986-06-27,2.61
1986-06-30,2.555
1986-07-01,2.475
1986-07-02,2.48
1986-07-03,2.51
1986-07-07,2.49
1986-07-08,2.51
1986-07-09,2.54
1986-07-10,2.585
1986-07-11,2.62
1986-07-14,2.635
1986-07-15,2.585
1986-07-16,2.64
1986-07-17,2.605
1986-07-18,2.555
1986-07-21,2.54
1986-07-22,2.545
1986-07-23,2.575
1986-07-24,2.515
1986-07-25,2.51
1986-07-28,2.56
1986-07-29,2.6
1986-07-30,2.595
1986-07-31,2.575
1986-08-01,2.615
1986-08-04,2.63
1986-08-05,2.575
1986-08-06,2.61
1986-08-07,2.62
1986-08-08,2.58
1986-08-11,2.56
1986-08-12,2.52
1986-08-13,2.535
1986-08-14,2.565
1986-08-15,2.52
1986-08-18,2.495
1986-08-19,2.45
1986-08-20,2.4
1986-08-21,2.385
1986-08-22,2.385
1986-08-25,2.38
1986-08-26,2.345
1986-08-27,2.37
1986-08-28,2.425
1986-08-29,2.485
1986-09-02,2.465
1986-09-03,2.525
1986-09-04,2.52
1986-09-05,2.53
1986-09-08,2.48
1986-09-09,2.485
1986-09-10,2.435
1986-09-11,2.435
1986-09-12,2.465
1986-09-15,2.43
1986-09-16,2.45
1986-09-17,2.47
1986-09-18,2.4625
1986-09-19,2.49
1986-09-22,2.425
1986-09-23,2.49
1986-09-24,2.495
1986-09-25,2.495
1986-09-26,2.525
1986-09-29,2.565
1986-09-30,2.545
1986-10-01,2.6
1986-10-02,2.65
1986-10-03,2.58
1986-10-06,2.54
1986-10-07,2.565
1986-10-08,2.61
1986-10-09,2.695
1986-10-10,2.7
1986-10-13,2.715
1986-10-14,2.805
1986-10-15,2.775
1986-10-16,2.79
1986-10-17,2.835
1986-10-20,2.91
1986-10-21,2.98
1986-10-22,2.98
1986-10-23,2.97
1986-10-24,2.955
1986-10-27,3.04
1986-10-28,2.98
1986-10-29,2.93
1986-10-30,3.025
1986-10-31,2.985
1986-11-03,2.99
1986-11-04,3.005
1986-11-05,3.035
1986-11-06,2.975
1986-11-07,3.0
1986-11-10,2.94
1986-11-11,2.895
1986-11-12,2.975
1986-11-13,2.98
1986-11-14,2.98
1986-11-17,3.1075
1986-11-18,3.025
1986-11-19,3.025
1986-11-20,2.995
1986-11-21,2.97
1986-11-24,2.985
1986-11-25,2.985
1986-11-26,3.065
1986-11-28,3.115
1986-12-01,3.105
1986-12-02,3.09
1986-12-03,3.1
1986-12-04,3.07
1986-12-05,3.07
1986-12-08,3.08
1986-12-09,3.03
1986-12-10,3.035
1986-12-11,3.01
1986-12-12,3.01
1986-12-15,3.015
1986-12-16,2.995
1986-12-17,2.95
1986-12-18,2.95
1986-12-19,2.955
1986-12-22,3.0
1986-12-23,2.97
1986-12-24,2.97
1986-12-26,2.96
1986-12-29,2.93
1986-12-30,2.95
1986-12-31,2.935
1987-01-02,2.905
1987-01-05,2.88
1987-01-06,2.86
1987-01-07,2.975
1987-01-08,3.01
1987-01-09,3.01
1987-01-12,3.015
1987-01-13,3.045
1987-01-14,3.06
1987-01-15,3.06
1987-01-16,3.055
1987-01-19,3.055
1987-01-20,3.065
1987-01-21,3.09
1987-01-22,3.06
1987-01-23,3.12
1987-01-26,3.125
1987-01-27,3.07
1987-01-28,3.06
1987-01-29,3.015
1987-01-30,3.085
1987-02-02,3.065
1987-02-03,3.075
1987-02-04,3.085
1987-02-05,3.06
1987-02-06,3.08
1987-02-09,3.05
1987-02-10,3.015
1987-02-11,2.975
1987-02-12,2.915
1987-02-13,2.935
1987-02-17,2.985
1987-02-18,2.985
1987-02-19,3.02
1987-02-20,3.08
1987-02-23,2.99
1987-02-24,2.995
1987-02-25,2.985
1987-02-26,2.975
1987-02-27,3.025
1987-03-02,3.075
1987-03-03,3.045
1987-03-04,3.065
1987-03-05,3.095
1987-03-06,3.065
1987-03-09,3.09
1987-03-10,3.09
1987-03-11,3.085
1987-03-12,3.055
1987-03-13,3.02
1987-03-16,2.99
1987-03-17,3.01
1987-03-18,3.0
1987-03-19,3.015
1987-03-20,2.98
1987-03-23,2.98
1987-03-24,3.09
1987-03-25,3.08
1987-03-26,3.06
1987-03-27,3.075
1987-03-30,3.055
1987-03-31,3.015
1987-04-01,2.945
1987-04-02,2.81
1987-04-03,2.835
1987-04-06,2.82
1987-04-07,2.83
1987-04-08,2.84
1987-04-09,2.83
1987-04-10,2.79
1987-04-13,2.735
1987-04-14,2.745
1987-04-15,2.79
1987-04-16,2.82
1987-04-20,2.795
1987-04-21,2.755
1987-04-22,2.8
1987-04-23,2.86
1987-04-24,2.85
1987-04-27,2.885
1987-04-28,2.905
1987-04-29,2.925
1987-04-30,2.975
1987-05-01,2.975
1987-05-04,3.03
1987-05-05,3.0
1987-05-06,3.0
1987-05-07,3.025
1987-05-08,3.065
1987-05-11,3.18
1987-05-12,3.12
1987-05-13,3.1
1987-05-14,3.06
1987-05-15,3.045
1987-05-18,2.935
1987-05-19,2.955
1987-05-20,2.965
1987-05-21,2.965
1987-05-22,2.945
1987-05-26,2.965
1987-05-27,2.93
1987-05-28,2.82
1987-05-29,2.72
1987-06-01,2.71
1987-06-02,2.675
1987-06-03,2.685
1987-06-04,2.67
1987-06-05,2.62
1987-06-08,2.575
1987-06-09,2.59
1987-06-10,2.605
1987-06-11,2.575
1987-06-12,2.535
1987-06-15,2.63
1987-06-16,2.605
1987-06-17,2.55
1987-06-18,2.56
1987-06-19,2.545
1987-06-22,2.515
1987-06-23,2.545
1987-06-24,2.59
1987-06-25,2.57
1987-06-26,2.535
1987-06-29,2.485
1987-06-30,2.515
1987-07-01,2.51
1987-07-02,2.585
1987-07-06,2.63
1987-07-07,2.605
1987-07-08,2.56
1987-07-09,2.575
1987-07-10,2.58
1987-07-13,2.59
1987-07-14,2.6
1987-07-15,2.62
1987-07-16,2.6
1987-07-17,2.52
1987-07-20,2.55
1987-07-21,2.5
1987-07-22,2.545
1987-07-23,2.5
1987-07-24,2.475
1987-07-27,2.49
1987-07-28,2.48
1987-07-29,2.47
1987-07-30,2.45
1987-07-31,2.49
1987-08-03,2.505
1987-08-04,2.49
1987-08-05,2.48
1987-08-06,2.45
1987-08-07,2.435
1987-08-10,2.49
1987-08-11,2.495
1987-08-12,2.53
1987-08-13,2.495
1987-08-14,2.515
1987-08-17,2.535
1987-08-18,2.545
1987-08-19,2.575
1987-08-20,2.54
1987-08-21,2.565
1987-08-24,2.565
1987-08-25,2.58
1987-08-26,2.625
1987-08-27,2.645
1987-08-28,2.67
1987-08-31,2.675
1987-09-01,2.705
1987-09-02,2.71
1987-09-03,2.645
1987-09-04,2.655
1987-09-08,2.715
1987-09-09,2.735
1987-09-10,2.745
1987-09-11,2.705
1987-09-14,2.755
1987-09-15,2.73
1987-09-16,2.76
1987-09-17,2.715
1987-09-18,2.76
1987-09-21,2.755
1987-09-22,2.73
1987-09-23,2.7
1987-09-24,2.705
1987-09-25,2.73
1987-09-28,2.735
1987-09-29,2.76
1987-09-30,2.74
1987-10-01,2.845
1987-10-02,2.855
1987-10-05,2.82
1987-10-06,2.79
1987-10-07,2.805
1987-10-08,2.785
1987-10-09,2.825
1987-10-12,2.835
1987-10-13,2.865
1987-10-14,2.885
1987-10-15,2.92
1987-10-16,2.9
1987-10-19,2.8
1987-10-20,2.83
1987-10-21,2.89
1987-10-22,2.895
1987-10-23,2.885
1987-10-26,2.905
1987-10-27,2.9
1987-10-28,2.89
1987-10-29,2.895
1987-10-30,2.92
1987-11-02,2.825
1987-11-03,2.765
1987-11-04,2.785
1987-11-05,2.795
1987-11-06,2.74
1987-11-09,2.775
1987-11-10,2.81
1987-11-11,2.81
1987-11-12,2.85
1987-11-13,2.82
1987-11-16,2.875
1987-11-17,2.955
1987-11-18,2.995
1987-11-19,3.005
1987-11-20,3.045
1987-11-23,3.105
1987-11-24,3.135
1987-11-25,3.105
1987-11-27,3.125
1987-11-30,3.175
1987-12-01,3.205
1987-12-02,3.1875
1987-12-03,3.175
1987-12-04,3.17
1987-12-07,3.175
1987-12-08,3.15
1987-12-09,3.16
1987-12-10,3.14
1987-12-11,3.165
1987-12-14,3.195
1987-12-15,3.205
1987-12-16,3.145
1987-12-17,3.185
1987-12-18,3.25
1987-12-21,3.24
1987-12-22,3.23
1987-12-23,3.23
1987-12-24,3.23
1987-12-28,3.11
1987-12-29,3.12
1987-12-30,3.12
1987-12-31,3.12
1988-01-04,3.155
1988-01-05,3.215
1988-01-06,3.315
1988-01-07,3.305
1988-01-08,3.27
1988-01-11,3.26
1988-01-12,3.23
1988-01-13,3.225
1988-01-14,3.25
1988-01-15,3.185
1988-01-18,3.16
1988-01-19,3.165
1988-01-20,3.15
1988-01-21,3.16
1988-01-22,3.13
1988-01-25,3.16
1988-01-26,3.23
1988-01-27,3.205
1988-01-28,3.15
1988-01-29,3.17
1988-02-01,3.2
1988-02-02,3.185
1988-02-03,3.195
1988-02-04,3.26
1988-02-05,3.23
1988-02-08,3.28
1988-02-09,3.24
1988-02-10,3.24
1988-02-11,3.215
1988-02-12,3.23
1988-02-16,3.155
1988-02-17,3.125
1988-02-18,3.045
1988-02-19,3.065
1988-02-22,3.07
1988-02-23,3.02
1988-02-24,3.035
1988-02-25,3.055
1988-02-26,3.035
1988-02-29,3.025
1988-03-01,2.98
1988-03-02,2.935
1988-03-03,2.935
1988-03-04,2.965
1988-03-07,2.98
1988-03-08,2.93
1988-03-09,2.895
1988-03-10,2.845
1988-03-11,2.87
1988-03-14,2.925
1988-03-15,2.92
1988-03-16,2.89
1988-03-17,2.945
1988-03-18,2.965
1988-03-21,2.935
1988-03-22,2.97
1988-03-23,2.975
1988-03-24,2.985
1988-03-25,2.975
1988-03-28,2.925
1988-03-29,2.975
1988-03-30,3.005
1988-03-31,2.98
1988-04-04,2.975
1988-04-05,3.005
1988-04-06,3.04
1988-04-07,3.08
1988-04-08,3.11
1988-04-11,3.105
1988-04-12,3.135
1988-04-13,3.11
1988-04-14,3.09
1988-04-15,3.06
1988-04-18,3.06
1988-04-19,3.08
1988-04-20,3.09
1988-04-21,3.095
1988-04-22,3.09
1988-04-25,3.05
1988-04-26,3.06
1988-04-27,3.045
1988-04-28,3.04
1988-04-29,3.04
1988-05-02,3.005
1988-05-03,2.995
1988-05-04,3.02
1988-05-05,2.98
1988-05-06,3.015
1988-05-09,3.035
1988-05-10,3.07
1988-05-11,3.045
1988-05-12,3.025
1988-05-13,3.055
1988-05-16,3.185
1988-05-17,3.155
1988-05-18,3.225
1988-05-19,3.325
1988-05-20,3.365
1988-05-23,3.33
1988-05-24,3.355
1988-05-25,3.285
1988-05-26,3.235
1988-05-27,3.265
1988-05-31,3.385
1988-06-01,3.345
1988-06-02,3.355
1988-06-03,3.485
1988-06-06,3.665
1988-06-07,3.62
1988-06-08,3.53
1988-06-09,3.525
1988-06-10,3.53
1988-06-13,3.445
1988-06-14,3.46
1988-06-15,3.555
1988-06-16,3.47
1988-06-17,3.45
1988-06-20,3.645
1988-06-21,3.515
1988-06-22,3.46
1988-06-23,3.435
1988-06-24,3.395
1988-06-27,3.53
1988-06-28,3.275
1988-06-29,3.085
1988-06-30,3.465
1988-07-01,3.655
1988-07-05,3.55
1988-07-06,3.67
1988-07-07,3.495
1988-07-08,3.6
1988-07-11,3.41
1988-07-12,3.545
1988-07-13,3.68
1988-07-14,3.59
1988-07-15,3.6
1988-07-18,3.485
1988-07-19,3.555
1988-07-20,3.505
1988-07-21,3.57
1988-07-22,3.555
1988-07-25,3.43
1988-07-26,3.22
1988-07-27,3.365
1988-07-28,3.345
1988-07-29,3.495
1988-08-01,3.615
1988-08-02,3.56
1988-08-03,3.5
1988-08-04,3.655
1988-08-05,3.625
1988-08-08,3.615
1988-08-09,3.645
1988-08-10,3.69
1988-08-11,3.675
1988-08-12,3.65
1988-08-15,3.785
1988-08-16,3.745
1988-08-17,3.735
1988-08-18,3.735
1988-08-19,3.745
1988-08-22,3.635
1988-08-23,3.675
1988-08-24,3.725
1988-08-25,3.745
1988-08-26,3.715
1988-08-29,3.685
1988-08-30,3.76
1988-08-31,3.795
1988-09-01,3.785
1988-09-02,3.805
1988-09-06,3.875
1988-09-07,3.875
1988-09-08,3.845
1988-09-09,3.785
1988-09-12,3.79
1988-09-13,3.905
1988-09-14,3.935
1988-09-15,3.885
1988-09-16,3.865
1988-09-19,3.825
1988-09-20,3.945
1988-09-21,3.955
1988-09-22,4.01
1988-09-23,4.01
1988-09-26,3.975
1988-09-27,3.99
1988-09-28,3.935
1988-09-29,3.955
1988-09-30,3.975
1988-10-03,4.045
1988-10-04,4.045
1988-10-05,4.065
1988-10-06,4.135
1988-10-07,4.15
1988-10-10,4.084
1988-10-11,4.165
1988-10-12,4.17
1988-10-13,4.165
1988-10-14,4.115
1988-10-17,4.15
1988-10-18,4.115
1988-10-19,4.15
1988-10-20,4.13
1988-10-21,4.095
1988-10-24,4.11
1988-10-25,3.97
1988-10-26,4.025
1988-10-27,4.015
1988-10-28,4.02
1988-10-31,4.065
1988-11-01,4.11
1988-11-02,4.12
1988-11-03,4.095
1988-11-04,4.09
1988-11-07,4.15
1988-11-08,4.245
1988-11-09,4.245
1988-11-10,4.265
1988-11-11,4.265
1988-11-14,4.235
1988-11-15,4.16
1988-11-16,4.13
1988-11-17,4.125
1988-11-18,4.14
1988-11-21,4.115
1988-11-22,4.195
1988-11-23,4.225
1988-11-25,4.305
1988-11-28,4.245
1988-11-29,4.29
1988-11-30,4.29
1988-12-01,4.195
1988-12-02,4.21
1988-12-05,4.145
1988-12-06,4.235
1988-12-07,4.245
1988-12-08,4.315
1988-12-09,4.28
1988-12-12,4.305
1988-12-13,4.255
1988-12-14,4.25
1988-12-15,4.255
1988-12-16,4.29
1988-12-19,4.325
1988-12-20,4.31
1988-12-21,4.35
1988-12-22,4.355
1988-12-23,4.375
1988-12-27,4.365
1988-12-28,4.365
1988-12-29,4.375
1988-12-30,4.415
1989-01-03,4.415
1989-01-04,4.4925
1989-01-05,4.51
1989-01-06,4.515
1989-01-09,4.505
1989-01-10,4.485
1989-01-11,4.455
1989-01-12,4.395
1989-01-13,4.37
1989-01-16,4.305
1989-01-17,4.355
1989-01-18,4.38
1989-01-19,4.405
1989-01-20,4.435
1989-01-23,4.415
1989-01-24,4.355
1989-01-25,4.385
1989-01-26,4.43
1989-01-27,4.395
1989-01-30,4.365
1989-01-31,4.385
1989-02-01,4.28
1989-02-02,4.255
1989-02-03,4.26
1989-02-06,4.195
1989-02-07,4.205
1989-02-08,4.215
1989-02-09,4.205
1989-02-10,4.25
1989-02-13,4.235
1989-02-14,4.225
1989-02-15,4.245
1989-02-16,4.215
1989-02-17,4.235
1989-02-21,4.25
1989-02-22,4.265
1989-02-23,4.28
1989-02-24,4.355
1989-02-27,4.335
1989-02-28,4.385
1989-03-01,4.42
1989-03-02,4.395
1989-03-03,4.385
1989-03-06,4.42
1989-03-07,4.365
1989-03-08,4.365
1989-03-09,4.375
1989-03-10,4.385
1989-03-13,4.435
1989-03-14,4.435
1989-03-15,4.425
1989-03-16,4.45
1989-03-17,4.415
1989-03-20,4.31
1989-03-21,4.33
1989-03-22,4.27
1989-03-23,4.31
1989-03-27,4.31
1989-03-28,4.345
1989-03-29,4.355
1989-03-30,4.165
1989-03-31,4.1
1989-04-03,4.15
1989-04-04,4.08
1989-04-05,4.115
1989-04-06,4.08
1989-04-07,4.015
1989-04-10,4.04
1989-04-11,4.105
1989-04-12,4.13
1989-04-13,4.21
1989-04-14,4.26
1989-04-17,4.21
1989-04-18,4.165
1989-04-19,4.225
1989-04-20,4.205
1989-04-21,4.255
1989-04-24,4.285
1989-04-25,4.275
1989-04-26,4.255
1989-04-27,4.18
1989-04-28,4.315
1989-05-01,4.36
1989-05-02,4.38
1989-05-03,4.4
1989-05-04,4.415
1989-05-05,4.51
1989-05-08,4.48
1989-05-09,4.305
1989-05-10,4.27
1989-05-11,4.25
1989-05-12,4.25
1989-05-15,4.25
1989-05-16,4.155
1989-05-17,4.055
1989-05-18,4.04
1989-05-19,4.0
1989-05-22,3.935
1989-05-23,3.945
1989-05-24,3.98
1989-05-25,3.945
1989-05-26,3.895
1989-05-30,3.88
1989-05-31,3.82
1989-06-01,3.795
1989-06-02,3.805
1989-06-05,3.85
1989-06-06,3.79
1989-06-07,3.72
1989-06-08,3.71
1989-06-09,3.745
1989-06-12,3.755
1989-06-13,3.795
1989-06-14,3.885
1989-06-15,3.825
1989-06-16,3.825
1989-06-19,3.845
1989-06-20,3.835
1989-06-21,3.885
1989-06-22,3.885
1989-06-23,3.885
1989-06-26,3.96
1989-06-27,4.085
1989-06-28,4.07
1989-06-29,3.965
1989-06-30,3.925
1989-07-03,3.88
1989-07-05,4.0
1989-07-06,4.0
1989-07-07,4.025
1989-07-10,3.985
1989-07-11,3.925
1989-07-12,3.9
1989-07-13,3.935
1989-07-14,3.965
1989-07-17,3.855
1989-07-18,3.895
1989-07-19,3.925
1989-07-20,3.97
1989-07-21,3.955
1989-07-24,3.885
1989-07-25,3.845
1989-07-26,3.845
1989-07-27,3.875
1989-07-28,3.865
1989-07-31,3.83
1989-08-01,3.855
1989-08-02,3.89
1989-08-03,3.86
1989-08-04,3.88
1989-08-07,3.925
1989-08-08,3.94
1989-08-09,4.02
1989-08-10,3.99
1989-08-11,4.015
1989-08-14,4.005
1989-08-15,4.02
1989-08-16,4.02
1989-08-17,4.02
1989-08-18,3.975
1989-08-21,3.96
1989-08-22,3.955
1989-08-23,4.005
1989-08-24,4.04
1989-08-25,4.015
1989-08-28,3.985
1989-08-29,3.955
1989-08-30,3.99
1989-08-31,3.975
1989-09-01,4.005
1989-09-05,4.075
1989-09-06,4.075
1989-09-07,4.075
1989-09-08,4.06
1989-09-11,4.055
1989-09-12,4.095
1989-09-13,4.005
1989-09-14,4.005
1989-09-15,4.015
1989-09-18,3.955
1989-09-19,3.95
1989-09-20,3.965
1989-09-21,3.99
1989-09-22,3.955
1989-09-25,3.96
1989-09-26,3.99
1989-09-27,4.06
1989-09-28,4.075
1989-09-29,4.145
1989-10-02,4.13
1989-10-03,4.145
1989-10-04,4.13
1989-10-05,4.14
1989-10-06,4.13
1989-10-09,4.08
1989-10-10,4.06
1989-10-11,4.01
1989-10-12,4.06
1989-10-13,4.03
1989-10-16,4.08
1989-10-17,4.075
1989-10-18,4.04
1989-10-19,4.035
1989-10-20,4.045
1989-10-23,4.02
1989-10-24,4.005
1989-10-25,4.0
1989-10-26,3.94
1989-10-27,3.945
1989-10-30,3.945
1989-10-31,3.95
1989-11-01,4.02
1989-11-02,4.09
1989-11-03,4.14
1989-11-06,4.155
1989-11-07,4.155
1989-11-08,4.135
1989-11-09,4.14
1989-11-10,4.155
1989-11-13,4.135
1989-11-14,4.14
1989-11-15,4.21
1989-11-16,4.27
1989-11-17,4.29
1989-11-20,4.32
1989-11-21,4.315
1989-11-22,4.27
1989-11-24,4.27
1989-11-27,4.24
1989-11-28,4.245
1989-11-29,4.26
1989-11-30,4.255
1989-12-01,4.245
1989-12-04,4.165
1989-12-05,4.185
1989-12-06,4.21
1989-12-07,4.195
1989-12-08,4.205
1989-12-11,4.225
1989-12-12,4.23
1989-12-13,4.24
1989-12-14,4.26
1989-12-15,4.235
1989-12-18,4.2
1989-12-19,4.17
1989-12-20,4.17
1989-12-21,4.16
1989-12-22,4.16
1989-12-26,4.145
1989-12-27,4.1
1989-12-28,4.125
1989-12-29,4.125
1990-01-02,4.165
1990-01-03,4.175
1990-01-04,4.19
1990-01-05,4.235
1990-01-08,4.245
1990-01-09,4.265
1990-01-10,4.235
1990-01-11,4.24
1990-01-12,4.21
1990-01-15,4.2
1990-01-16,4.195
1990-01-17,4.23
1990-01-18,4.185
1990-01-19,4.11
1990-01-22,4.07
1990-01-23,4.08
1990-01-24,4.065
1990-01-25,4.005
1990-01-26,3.965
1990-01-29,3.915
1990-01-30,3.9
1990-01-31,3.925
1990-02-01,3.92
1990-02-02,3.965
1990-02-05,4.035
1990-02-06,4.02
1990-02-07,3.98
1990-02-08,3.99
1990-02-09,4.015
1990-02-12,4.04
1990-02-13,4.02
1990-02-14,4.05
1990-02-15,3.98
1990-02-16,3.95
1990-02-20,3.92
1990-02-21,3.935
1990-02-22,3.98
1990-02-23,4.04
1990-02-26,4.065
1990-02-27,4.04
1990-02-28,4.025
1990-03-01,3.99
1990-03-02,3.96
1990-03-05,3.925
1990-03-06,3.905
1990-03-07,3.88
1990-03-08,3.915
1990-03-09,3.86
1990-03-12,3.85
1990-03-13,3.815
1990-03-14,3.81
1990-03-15,3.83
1990-03-16,3.88
1990-03-19,3.905
1990-03-20,3.915
1990-03-21,3.91
1990-03-22,3.915
1990-03-23,3.89
1990-03-26,3.895
1990-03-27,3.84
1990-03-28,3.73
1990-03-29,3.75
1990-03-30,3.725
1990-04-02,3.83
1990-04-03,3.875
1990-04-04,3.86
1990-04-05,3.89
1990-04-06,3.875
1990-04-09,3.85
1990-04-10,3.875
1990-04-11,3.92
1990-04-12,3.95
1990-04-16,3.96
1990-04-17,3.995
1990-04-18,3.98
1990-04-19,4.02
1990-04-20,3.99
1990-04-23,3.99
1990-04-24,3.96
1990-04-25,3.94
1990-04-26,3.635
1990-04-27,3.635
1990-04-30,3.395
1990-05-01,3.325
1990-05-02,3.365
1990-05-03,3.36
1990-05-04,3.385
1990-05-07,3.415
1990-05-08,3.365
1990-05-09,3.385
1990-05-10,3.395
1990-05-11,3.35
1990-05-14,3.325
1990-05-15,3.35
1990-05-16,3.38
1990-05-17,3.36
1990-05-18,3.325
1990-05-21,3.285
1990-05-22,3.275
1990-05-23,3.28
1990-05-24,3.26
1990-05-25,3.25
1990-05-29,3.275
1990-05-30,3.225
1990-05-31,3.245
1990-06-01,3.215
1990-06-04,3.25
1990-06-05,3.245
1990-06-06,3.245
1990-06-07,3.27
1990-06-08,3.25
1990-06-11,3.245
1990-06-12,3.275
1990-06-13,3.265
1990-06-14,3.27
1990-06-15,3.22
1990-06-18,3.245
1990-06-19,3.27
1990-06-20,3.3
1990-06-21,3.365
1990-06-22,3.33
1990-06-25,3.315
1990-06-26,3.32
1990-06-27,3.315
1990-06-28,3.27
1990-06-29,3.215
1990-07-02,3.26
1990-07-03,3.24
1990-07-05,3.175
1990-07-06,3.065
1990-07-09,3.05
1990-07-10,3.05
1990-07-11,3.025
1990-07-12,3.055
1990-07-13,3.08
1990-07-16,3.015
1990-07-17,3.0
1990-07-18,2.98
1990-07-19,2.965
1990-07-20,2.905
1990-07-23,2.92
1990-07-24,2.96
1990-07-25,2.95
1990-07-26,2.965
1990-07-27,2.955
1990-07-30,2.9
1990-07-31,2.85
1990-08-01,2.78
1990-08-02,2.82
1990-08-03,2.79
1990-08-06,2.81
1990-08-07,2.8
1990-08-08,2.8
1990-08-09,2.835
1990-08-10,2.81
1990-08-13,2.77
1990-08-14,2.835
1990-08-15,2.93
1990-08-16,2.925
1990-08-17,2.915
1990-08-20,2.905
1990-08-21,2.885
1990-08-22,2.905
1990-08-23,2.915
1990-08-24,2.935
1990-08-27,2.9
1990-08-28,2.905
1990-08-29,2.895
1990-08-30,2.88
1990-08-31,2.73
1990-09-04,2.7
1990-09-05,2.775
1990-09-06,2.79
1990-09-07,2.765
1990-09-10,2.795
1990-09-11,2.775
1990-09-12,2.725
1990-09-13,2.68
1990-09-14,2.625
1990-09-17,2.64
1990-09-18,2.6
1990-09-19,2.515
1990-09-20,2.505
1990-09-21,2.565
1990-09-24,2.625
1990-09-25,2.615
1990-09-26,2.615
1990-09-27,2.605
1990-09-28,2.595
1990-10-01,2.465
1990-10-02,2.525
1990-10-03,2.545
1990-10-04,2.555
1990-10-05,2.56
1990-10-08,2.625
1990-10-09,2.615
1990-10-10,2.62
1990-10-11,2.565
1990-10-12,2.515
1990-10-15,2.425
1990-10-16,2.46
1990-10-17,2.485
1990-10-18,2.52
1990-10-19,2.55
1990-10-22,2.565
1990-10-23,2.595
1990-10-24,2.655
1990-10-25,2.66
1990-10-26,2.62
1990-10-29,2.63
1990-10-30,2.675
1990-10-31,2.65
1990-11-01,2.65
1990-11-02,2.68
1990-11-05,2.655
1990-11-06,2.68
1990-11-07,2.715
1990-11-08,2.75
1990-11-09,2.725
1990-11-12,2.725
1990-11-13,2.725
1990-11-14,2.655
1990-11-15,2.6
1990-11-16,2.645
1990-11-19,2.66
1990-11-20,2.585
1990-11-21,2.615
1990-11-23,2.61
1990-11-26,2.6
1990-11-27,2.605
1990-11-28,2.625
1990-11-29,2.71
1990-11-30,2.63
1990-12-03,2.665
1990-12-04,2.65
1990-12-05,2.64
1990-12-06,2.675
1990-12-07,2.725
1990-12-10,2.75
1990-12-11,2.755
1990-12-12,2.755
1990-12-13,2.73
1990-12-14,2.74
1990-12-17,2.75
1990-12-18,2.72
1990-12-19,2.705
1990-12-20,2.68
1990-12-21,2.695
1990-12-24,2.725
1990-12-26,2.745
1990-12-27,2.705
1990-12-28,2.7
1990-12-31,2.69
1991-01-02,2.705
1991-01-03,2.665
1991-01-04,2.64
1991-01-07,2.635
1991-01-08,2.565
1991-01-09,2.585
1991-01-10,2.61
1991-01-11,2.57
1991-01-14,2.555
1991-01-15,2.505
1991-01-16,2.545
1991-01-17,2.625
1991-01-18,2.6
1991-01-21,2.57
1991-01-22,2.595
1991-01-23,2.58
1991-01-24,2.6
1991-01-25,2.62
1991-01-28,2.63
1991-01-29,2.66
1991-01-30,2.675
1991-01-31,2.685
1991-02-01,2.68
1991-02-04,2.68
1991-02-05,2.65
1991-02-06,2.615
1991-02-07,2.615
1991-02-08,2.63
1991-02-11,2.61
1991-02-12,2.62
1991-02-13,2.625
1991-02-14,2.675
1991-02-15,2.675
1991-02-19,2.645
1991-02-20,2.625
1991-02-21,2.63
1991-02-22,2.62
1991-02-25,2.625
1991-02-26,2.65
1991-02-27,2.625
1991-02-28,2.665
1991-03-01,2.74
1991-03-04,2.75
1991-03-05,2.815
1991-03-06,2.81
1991-03-07,2.82
1991-03-08,2.845
1991-03-11,2.815
1991-03-12,2.895
1991-03-13,2.915
1991-03-14,2.87
1991-03-15,2.79
1991-03-18,2.815
1991-03-19,2.825
1991-03-20,2.835
1991-03-21,2.83
1991-03-22,2.88
1991-03-25,2.915
1991-03-26,2.875
1991-03-27,2.915
1991-03-28,2.955
1991-04-01,3.025
1991-04-02,2.99
1991-04-03,2.98
1991-04-04,2.945
1991-04-05,2.93
1991-04-08,2.915
1991-04-09,2.88
1991-04-10,2.9
1991-04-11,2.955
1991-04-12,2.96
1991-04-15,2.915
1991-04-16,2.915
1991-04-17,2.895
1991-04-18,2.865
1991-04-19,2.885
1991-04-22,2.885
1991-04-23,2.92
1991-04-24,2.895
1991-04-25,2.875
1991-04-26,2.865
1991-04-29,2.8
1991-04-30,2.86
1991-05-01,2.865
1991-05-02,2.88
1991-05-03,2.91
1991-05-06,2.935
1991-05-07,2.94
1991-05-08,2.935
1991-05-09,2.975
1991-05-10,3.015
1991-05-13,3.02
1991-05-14,3.0
1991-05-15,2.98
1991-05-16,2.965
1991-05-17,2.97
1991-05-20,3.015
1991-05-21,3.03
1991-05-22,3.075
1991-05-23,3.055
1991-05-24,3.03
1991-05-28,3.015
1991-05-29,2.995
1991-05-30,2.95
1991-05-31,2.97
1991-06-03,3.025
1991-06-04,3.005
1991-06-05,3.02
1991-06-06,2.96
1991-06-07,3.015
1991-06-10,2.965
1991-06-11,3.02
1991-06-12,3.065
1991-06-13,3.03
1991-06-14,2.97
1991-06-17,2.9225
1991-06-18,2.945
1991-06-19,2.905
1991-06-20,2.805
1991-06-21,2.715
1991-06-24,2.705
1991-06-25,2.725
1991-06-26,2.7252
1991-06-27,2.6
1991-06-28,2.585
1991-07-01,2.615
1991-07-02,2.62
1991-07-03,2.595
1991-07-05,2.585
1991-07-08,2.48
1991-07-09,2.55
1991-07-10,2.625
1991-07-11,2.59
1991-07-12,2.665
1991-07-15,2.625
1991-07-16,2.66
1991-07-17,2.675
1991-07-18,2.645
1991-07-19,2.655
1991-07-22,2.65
1991-07-23,2.725
1991-07-24,2.665
1991-07-25,2.685
1991-07-26,2.7
1991-07-29,2.735
1991-07-30,2.745
1991-07-31,2.765
1991-08-01,2.78
1991-08-02,2.82
1991-08-05,2.705
1991-08-06,2.735
1991-08-07,2.715
1991-08-08,2.725
1991-08-09,2.735
1991-08-12,2.775
1991-08-13,2.785
1991-08-14,2.745
1991-08-15,2.775
1991-08-16,2.785
1991-08-19,2.63
1991-08-20,2.58
1991-08-21,2.76
1991-08-22,2.795
1991-08-23,2.795
1991-08-26,2.855
1991-08-27,2.8
1991-08-28,2.81
1991-08-29,2.795
1991-08-30,2.865
1991-09-03,2.905
1991-09-04,2.915
1991-09-05,2.895
1991-09-06,2.875
1991-09-09,2.865
1991-09-10,2.875
1991-09-11,2.905
1991-09-12,2.905
1991-09-13,2.885
1991-09-16,2.895
1991-09-17,2.895
1991-09-18,2.945
1991-09-19,2.905
1991-09-20,2.865
1991-09-23,2.815
1991-09-24,2.815
1991-09-25,2.77
1991-09-26,2.725
1991-09-27,2.765
1991-09-30,2.835
1991-10-01,2.815
1991-10-02,2.82
1991-10-03,2.76
1991-10-04,2.805
1991-10-07,2.84
1991-10-08,2.83
1991-10-09,2.795
1991-10-10,2.795
1991-10-11,2.885
1991-10-14,2.905
1991-10-15,2.925
1991-10-16,2.965
1991-10-17,2.995
1991-10-18,3.035
1991-10-21,3.01
1991-10-22,3.075
1991-10-23,3.135
1991-10-24,3.145
1991-10-25,3.215
1991-10-28,3.135
1991-10-29,3.285
1991-10-30,3.31
1991-10-31,3.365
1991-11-01,3.375
1991-11-04,3.355
1991-11-05,3.34
1991-11-06,3.29
1991-11-07,3.24
1991-11-08,3.285
1991-11-11,3.23
1991-11-12,3.235
1991-11-13,3.285
1991-11-14,3.315
1991-11-15,3.24
1991-11-18,3.295
1991-11-19,3.305
1991-11-20,3.435
1991-11-21,3.415
1991-11-22,3.445
1991-11-25,3.48
1991-11-26,3.405
1991-11-27,3.455
1991-11-29,3.43
1991-12-02,3.475
1991-12-03,3.575
1991-12-04,3.595
1991-12-05,3.615
1991-12-06,3.56
1991-12-09,3.57
1991-12-10,3.535
1991-12-11,3.595
1991-12-12,3.535
1991-12-13,3.58
1991-12-16,3.625
1991-12-17,3.635
1991-12-18,3.655
1991-12-19,3.63
1991-12-20,3.66
1991-12-23,3.725
1991-12-24,3.75
1991-12-26,3.785
1991-12-27,3.725
1991-12-30,3.645
1991-12-31,3.715
1992-01-02,3.675
1992-01-03,3.655
1992-01-06,3.645
1992-01-07,3.625
1992-01-08,3.705
1992-01-09,3.665
1992-01-10,3.685
1992-01-13,3.765
1992-01-14,3.775
1992-01-15,3.815
1992-01-16,3.765
1992-01-17,3.835
1992-01-20,3.855
1992-01-21,3.865
1992-01-22,3.895
1992-01-23,3.995
1992-01-24,4.005
1992-01-27,4.015
1992-01-28,3.995
1992-01-29,4.035
1992-01-30,3.985
1992-01-31,4.035
1992-02-03,4.105
1992-02-04,4.115
1992-02-05,4.09
1992-02-06,4.115
1992-02-07,4.095
1992-02-10,4.17
1992-02-11,3.98
1992-02-12,3.85
1992-02-13,3.845
1992-02-14,3.895
1992-02-18,3.745
1992-02-19,3.745
1992-02-20,3.825
1992-02-21,3.805
1992-02-24,3.725
1992-02-25,3.725
1992-02-26,3.865
1992-02-27,3.835
1992-02-28,3.765
1992-03-02,3.785
1992-03-03,3.665
1992-03-04,3.675
1992-03-05,3.79
1992-03-06,3.79
1992-03-09,3.895
1992-03-10,3.865
1992-03-11,3.855
1992-03-12,3.815
1992-03-13,3.765
1992-03-16,3.755
1992-03-17,3.785
1992-03-18,3.775
1992-03-19,3.805
1992-03-20,3.815
1992-03-23,3.835
1992-03-24,3.795
1992-03-25,3.765
1992-03-26,3.795
1992-03-27,3.765
1992-03-30,3.705
1992-03-31,3.625
1992-04-01,3.545
1992-04-02,3.465
1992-04-03,3.515
1992-04-06,3.545
1992-04-07,3.485
1992-04-08,3.505
1992-04-09,3.465
1992-04-10,3.45
1992-04-13,3.45
1992-04-14,3.395
1992-04-15,3.465
1992-04-16,3.485
1992-04-20,3.545
1992-04-21,3.565
1992-04-22,3.595
1992-04-23,3.675
1992-04-24,3.725
1992-04-27,3.675
1992-04-28,3.605
1992-04-29,3.545
1992-04-30,3.545
1992-05-01,3.575
1992-05-04,3.735
1992-05-05,3.695
1992-05-06,3.675
1992-05-07,3.695
1992-05-08,3.66
1992-05-11,3.6
1992-05-12,3.565
1992-05-13,3.575
1992-05-14,3.5
1992-05-15,3.495
1992-05-18,3.515
1992-05-19,3.415
1992-05-20,3.365
1992-05-21,3.35
1992-05-22,3.38
1992-05-26,3.445
1992-05-27,3.465
1992-05-28,3.475
1992-05-29,3.435
1992-06-01,3.49
1992-06-02,3.535
1992-06-03,3.61
1992-06-04,3.635
1992-06-05,3.625
1992-06-08,3.655
1992-06-09,3.725
1992-06-10,3.695
1992-06-11,3.615
1992-06-12,3.585
1992-06-15,3.54
1992-06-16,3.515
1992-06-17,3.535
1992-06-18,3.505
1992-06-19,3.555
1992-06-22,3.545
1992-06-23,3.515
1992-06-24,3.48
1992-06-25,3.475
1992-06-26,3.455
1992-06-29,3.47
1992-06-30,3.435
1992-07-01,3.425
1992-07-02,3.335
1992-07-06,3.365
1992-07-07,3.365
1992-07-08,3.405
1992-07-09,3.355
1992-07-10,3.325
1992-07-13,3.355
1992-07-14,3.375
1992-07-15,3.435
1992-07-16,3.425
1992-07-17,3.465
1992-07-20,3.435
1992-07-21,3.44
1992-07-22,3.425
1992-07-23,3.345
1992-07-24,3.325
1992-07-27,3.315
1992-07-28,3.295
1992-07-29,3.25
1992-07-30,3.195
1992-07-31,3.125
1992-08-03,3.12
1992-08-04,3.055
1992-08-05,3.04
1992-08-06,3.035
1992-08-07,3.025
1992-08-10,3.01
1992-08-11,3.055
1992-08-12,3.04
1992-08-13,2.99
1992-08-14,2.985
1992-08-17,2.965
1992-08-18,2.965
1992-08-19,2.945
1992-08-20,2.975
1992-08-21,3.06
1992-08-24,3.1
1992-08-25,3.135
1992-08-26,3.12
1992-08-27,3.115
1992-08-28,3.085
1992-08-31,3.145
1992-09-01,3.195
1992-09-02,3.275
1992-09-03,3.265
1992-09-04,3.255
1992-09-08,3.245
1992-09-09,3.255
1992-09-10,3.235
1992-09-11,3.195
1992-09-14,3.175
1992-09-15,3.195
1992-09-16,3.295
1992-09-17,3.305
1992-09-18,3.305
1992-09-21,3.305
1992-09-22,3.245
1992-09-23,3.265
1992-09-24,3.325
1992-09-25,3.345
1992-09-28,3.375
1992-09-29,3.375
1992-09-30,3.385
1992-10-01,3.395
1992-10-02,3.365
1992-10-05,3.355
1992-10-06,3.35
1992-10-07,3.295
1992-10-08,3.295
1992-10-09,3.315
1992-10-12,3.375
1992-10-13,3.375
1992-10-14,3.47
1992-10-15,3.405
1992-10-16,3.38
1992-10-19,3.39
1992-10-20,3.365
1992-10-21,3.325
1992-10-22,3.325
1992-10-23,3.28
1992-10-26,3.265
1992-10-27,3.305
1992-10-28,3.325
1992-10-29,3.355
1992-10-30,3.46
1992-11-02,3.545
1992-11-03,3.545
1992-11-04,3.555
1992-11-05,3.545
1992-11-06,3.585
1992-11-09,3.625
1992-11-10,3.645
1992-11-11,3.675
1992-11-12,3.705
1992-11-13,3.755
1992-11-16,3.785
1992-11-17,3.8
1992-11-18,3.76
1992-11-19,3.745
1992-11-20,3.775
1992-11-23,3.85
1992-11-24,3.86
1992-11-25,3.875
1992-11-27,3.875
1992-11-30,3.805
1992-12-01,3.825
1992-12-02,3.745
1992-12-03,3.775
1992-12-04,3.745
1992-12-07,3.695
1992-12-08,3.685
1992-12-09,3.715
1992-12-10,3.695
1992-12-11,3.695
1992-12-14,3.795
1992-12-15,3.8
1992-12-16,3.755
1992-12-17,3.725
1992-12-18,3.715
1992-12-21,3.735
1992-12-22,3.745
1992-12-23,3.78
1992-12-24,3.78
1992-12-28,3.705
1992-12-29,3.665
1992-12-30,3.725
1992-12-31,3.725
1993-01-04,3.85
1993-01-05,3.87
1993-01-06,3.92
1993-01-07,3.965
1993-01-08,3.965
1993-01-11,3.955
1993-01-12,3.955
1993-01-13,4.015
1993-01-14,4.07
1993-01-15,4.065
1993-01-18,4.07
1993-01-19,4.155
1993-01-20,4.135
1993-01-21,4.075
1993-01-22,4.045
1993-01-25,4.015
1993-01-26,3.97
1993-01-27,3.925
1993-01-28,3.91
1993-01-29,3.93
1993-02-01,3.905
1993-02-02,3.905
1993-02-03,3.885
1993-02-04,3.735
1993-02-05,3.735
1993-02-08,3.725
1993-02-09,3.795
1993-02-10,3.815
1993-02-11,3.805
1993-02-12,3.765
1993-02-16,3.745
1993-02-17,3.845
1993-02-18,3.805
1993-02-19,3.825
1993-02-22,3.835
1993-02-23,3.885
1993-02-24,3.88
1993-02-25,3.84
1993-02-26,3.865
1993-03-01,3.885
1993-03-02,3.935
1993-03-03,3.925
1993-03-04,3.97
1993-03-05,3.925
1993-03-08,3.915
1993-03-09,3.865
1993-03-10,3.805
1993-03-11,3.785
1993-03-12,3.775
1993-03-15,3.815
1993-03-16,3.865
1993-03-17,3.965
1993-03-18,4.055
1993-03-19,4.165
1993-03-22,4.105
1993-03-23,4.075
1993-03-24,4.155
1993-03-25,4.195
1993-03-26,4.125
1993-03-29,4.105
1993-03-30,4.05
1993-03-31,4.045
1993-04-01,4.075
1993-04-02,4.11
1993-04-05,4.095
1993-04-06,4.025
1993-04-07,4.035
1993-04-08,4.075
1993-04-12,4.095
1993-04-13,4.09
1993-04-14,4.085
1993-04-15,4.195
1993-04-16,4.185
1993-04-19,4.195
1993-04-20,4.18
1993-04-21,3.945
1993-04-22,3.885
1993-04-23,3.78
1993-04-26,3.73
1993-04-27,3.73
1993-04-28,3.73
1993-04-29,2.965
1993-04-30,2.995
1993-05-03,2.945
1993-05-04,2.895
1993-05-05,2.905
1993-05-06,2.905
1993-05-07,2.95
1993-05-10,2.97
1993-05-11,2.925
1993-05-12,2.965
1993-05-13,2.925
1993-05-14,2.965
1993-05-17,2.945
1993-05-18,2.985
1993-05-19,2.975
1993-05-20,2.975
1993-05-21,2.985
1993-05-24,2.94
1993-05-25,2.895
1993-05-26,2.895
1993-05-27,2.89
1993-05-28,2.895
1993-06-01,2.83
1993-06-02,2.85
1993-06-03,2.85
1993-06-04,2.815
1993-06-07,2.825
1993-06-08,2.81
1993-06-09,2.815
1993-06-10,2.795
1993-06-11,2.795
1993-06-14,2.815
1993-06-15,2.735
1993-06-16,2.705
1993-06-17,2.695
1993-06-18,2.705
1993-06-21,2.725
1993-06-22,2.775
1993-06-23,2.935
1993-06-24,2.815
1993-06-25,2.775
1993-06-28,2.755
1993-06-29,2.805
1993-06-30,2.805
1993-07-01,2.875
1993-07-02,2.965
1993-07-06,3.065
1993-07-07,2.985
1993-07-08,2.965
1993-07-09,2.875
1993-07-12,2.825
1993-07-13,2.735
1993-07-14,2.77
1993-07-15,2.795
1993-07-16,2.845
1993-07-19,2.905
1993-07-20,2.945
1993-07-21,2.955
1993-07-22,2.98
1993-07-23,3.025
1993-07-26,3.04
1993-07-27,3.105
1993-07-28,3.065
1993-07-29,2.995
1993-07-30,2.955
1993-08-02,2.995
1993-08-03,3.025
1993-08-04,3.015
1993-08-05,2.95
1993-08-06,3.015
1993-08-09,3.025
1993-08-10,3.035
1993-08-11,3.05
1993-08-12,2.965
1993-08-13,2.985
1993-08-16,3.015
1993-08-17,3.065
1993-08-18,3.015
1993-08-19,3.035
1993-08-20,3.015
1993-08-23,3.015
1993-08-24,2.965
1993-08-25,2.895
1993-08-26,2.835
1993-08-27,2.8425
1993-08-30,2.86
1993-08-31,2.89
1993-09-01,2.875
1993-09-02,2.885
1993-09-03,2.855
1993-09-07,2.855
1993-09-08,2.87
1993-09-09,2.84
1993-09-10,2.76
1993-09-13,2.735
1993-09-14,2.72
1993-09-15,2.72
1993-09-16,2.7
1993-09-17,2.685
1993-09-20,2.64
1993-09-21,2.66
1993-09-22,2.65
1993-09-23,2.66
1993-09-24,2.71
1993-09-27,2.67
1993-09-28,2.71
1993-09-29,2.785
1993-09-30,2.81
1993-10-01,2.775
1993-10-04,2.725
1993-10-05,2.735
1993-10-06,2.77
1993-10-07,2.815
1993-10-08,2.815
1993-10-11,2.845
1993-10-12,2.91
1993-10-13,2.905
1993-10-14,2.91
1993-10-15,2.9
1993-10-18,2.95
1993-10-19,3.025
1993-10-20,3.07
1993-10-21,3.13
1993-10-22,3.08
1993-10-25,3.065
1993-10-26,3.015
1993-10-27,3.02
1993-10-28,2.975
1993-10-29,3.06
1993-11-01,3.025
1993-11-02,3.06
1993-11-03,3.085
1993-11-04,3.19
1993-11-05,3.14
1993-11-08,3.125
1993-11-09,3.195
1993-11-10,3.275
1993-11-11,3.245
1993-11-12,3.28
1993-11-15,3.3
1993-11-16,3.385
1993-11-17,3.435
1993-11-18,3.42
1993-11-19,3.48
1993-11-22,3.43
1993-11-23,3.42
1993-11-24,3.435
1993-11-26,3.45
1993-11-29,3.395
1993-11-30,3.355
1993-12-01,3.405
1993-12-02,3.45
1993-12-03,3.505
1993-12-06,3.545
1993-12-07,3.55
1993-12-08,3.53
1993-12-09,3.53
1993-12-10,3.555
1993-12-13,3.51
1993-12-14,3.57
1993-12-15,3.575
1993-12-16,3.625
1993-12-17,3.625
1993-12-20,3.68
1993-12-21,3.685
1993-12-22,3.67
1993-12-23,3.67
1993-12-27,3.67
1993-12-28,3.665
1993-12-29,3.705
1993-12-30,3.69
1993-12-31,3.69
1994-01-03,3.645
1994-01-04,3.74
1994-01-05,3.845
1994-01-06,3.91
1994-01-07,3.92
1994-01-10,3.9
1994-01-11,3.85
1994-01-12,3.87
1994-01-13,3.9
1994-01-14,3.86
1994-01-17,3.815
1994-01-18,3.73
1994-01-19,3.705
1994-01-20,3.69
1994-01-21,3.735
1994-01-24,3.765
1994-01-25,3.75
1994-01-26,3.71
1994-01-27,3.66
1994-01-28,3.625
1994-01-31,3.68
1994-02-01,3.65
1994-02-02,3.69
1994-02-03,3.655
1994-02-04,3.645
1994-02-07,3.62
1994-02-08,3.595
1994-02-09,3.65
1994-02-10,3.625
1994-02-11,3.645
1994-02-14,3.665
1994-02-15,3.61
1994-02-16,3.58
1994-02-17,3.58
1994-02-18,3.54
1994-02-22,3.47
1994-02-23,3.44
1994-02-24,3.4
1994-02-25,3.425
1994-02-28,3.375
1994-03-01,3.385
1994-03-02,3.375
1994-03-03,3.375
1994-03-04,3.425
1994-03-07,3.435
1994-03-08,3.385
1994-03-09,3.345
1994-03-10,3.34
1994-03-11,3.35
1994-03-14,3.34
1994-03-15,3.32
1994-03-16,3.37
1994-03-17,3.365
1994-03-18,3.34
1994-03-21,3.32
1994-03-22,3.245
1994-03-23,3.28
1994-03-24,3.27
1994-03-25,3.25
1994-03-28,3.265
1994-03-29,3.265
1994-03-30,3.325
1994-03-31,3.235
1994-04-04,3.3
1994-04-05,3.32
1994-04-06,3.4
1994-04-07,3.395
1994-04-08,3.37
1994-04-11,3.285
1994-04-12,3.285
1994-04-13,3.275
1994-04-14,3.24
1994-04-15,3.275
1994-04-18,3.26
1994-04-19,3.175
1994-04-20,3.155
1994-04-21,3.135
1994-04-22,3.125
1994-04-25,3.155
1994-04-26,3.175
1994-04-28,3.195
1994-04-29,3.255
1994-05-02,3.295
1994-05-03,3.245
1994-05-04,3.295
1994-05-05,3.25
1994-05-06,3.215
1994-05-09,3.195
1994-05-10,3.165
1994-05-11,3.165
1994-05-12,3.175
1994-05-13,3.16
1994-05-16,3.215
1994-05-17,3.205
1994-05-18,3.195
1994-05-19,3.175
1994-05-20,3.215
1994-05-23,3.31
1994-05-24,3.235
1994-05-25,3.225
1994-05-26,3.14
1994-05-27,3.085
1994-05-31,3.1725
1994-06-01,3.205
1994-06-02,3.225
1994-06-03,3.225
1994-06-06,3.235
1994-06-07,3.255
1994-06-08,3.295
1994-06-09,3.285
1994-06-10,3.315
1994-06-13,3.335
1994-06-14,3.295
1994-06-15,3.305
1994-06-16,3.265
1994-06-17,3.235
1994-06-20,3.115
1994-06-21,3.105
1994-06-22,3.055
1994-06-23,3.035
1994-06-24,3.025
1994-06-27,3.015
1994-06-28,3.095
1994-06-29,3.065
1994-06-30,3.035
1994-07-01,3.035
1994-07-05,3.005
1994-07-06,2.98
1994-07-07,2.995
1994-07-08,3.055
1994-07-11,3.06
1994-07-12,3.085
1994-07-13,3.085
1994-07-14,3.06
1994-07-15,3.065
1994-07-18,3.125
1994-07-19,3.115
1994-07-20,3.08
1994-07-21,3.045
1994-07-22,3.025
1994-07-25,3.075
1994-07-26,3.115
1994-07-27,3.165
1994-07-28,3.135
1994-07-29,3.125
1994-08-01,3.115
1994-08-02,3.165
1994-08-03,3.155
1994-08-04,3.155
1994-08-05,3.175
1994-08-08,3.175
1994-08-09,3.135
1994-08-10,3.135
1994-08-11,3.155
1994-08-12,3.215
1994-08-15,3.2525
1994-08-16,3.325
1994-08-17,3.325
1994-08-18,3.315
1994-08-19,3.365
1994-08-22,3.355
1994-08-23,3.355
1994-08-24,3.305
1994-08-25,3.415
1994-08-26,3.445
1994-08-29,3.415
1994-08-30,3.435
1994-08-31,3.465
1994-09-01,3.495
1994-09-02,3.525
1994-09-06,3.565
1994-09-07,3.675
1994-09-08,3.615
1994-09-09,3.665
1994-09-12,3.695
1994-09-13,3.725
1994-09-14,3.695
1994-09-15,3.595
1994-09-16,3.655
1994-09-19,3.655
1994-09-20,3.7
1994-09-21,3.635
1994-09-22,3.675
1994-09-23,3.715
1994-09-26,3.715
1994-09-27,3.675
1994-09-28,3.645
1994-09-29,3.635
1994-09-30,3.795
1994-10-03,3.875
1994-10-04,3.885
1994-10-05,3.875
1994-10-06,3.865
1994-10-07,3.915
1994-10-10,3.925
1994-10-11,3.985
1994-10-12,3.945
1994-10-13,3.875
1994-10-14,3.925
1994-10-17,3.87
1994-10-18,3.8
1994-10-19,3.83
1994-10-20,3.845
1994-10-21,3.815
1994-10-24,3.875
1994-10-25,3.855
1994-10-26,3.875
1994-10-27,3.815
1994-10-28,3.805
1994-10-31,3.785
1994-11-01,3.845
1994-11-02,3.935
1994-11-03,3.865
1994-11-04,3.87
1994-11-07,3.875
1994-11-08,3.835
1994-11-09,3.805
1994-11-10,3.795
1994-11-11,3.765
1994-11-14,3.795
1994-11-15,3.775
1994-11-16,3.76
1994-11-17,3.78
1994-11-18,3.805
1994-11-21,3.79
1994-11-22,3.71
1994-11-23,3.69
1994-11-25,3.715
1994-11-28,3.755
1994-11-29,3.7
1994-11-30,3.765
1994-12-01,3.785
1994-12-02,3.845
1994-12-05,3.835
1994-12-06,3.815
1994-12-07,3.875
1994-12-08,3.925
1994-12-09,3.925
1994-12-12,3.935
1994-12-13,3.865
1994-12-14,3.845
1994-12-15,3.835
1994-12-16,3.96
1994-12-19,4.015
1994-12-20,4.045
1994-12-21,4.055
1994-12-22,4.065
1994-12-23,4.065
1994-12-27,4.16
1994-12-28,4.14
1994-12-29,4.095
1994-12-30,4.07
1995-01-03,4.05
1995-01-04,4.01
1995-01-05,3.995
1995-01-06,3.925
1995-01-09,3.815
1995-01-10,3.815
1995-01-11,3.8
1995-01-12,3.765
1995-01-13,3.68
1995-01-16,3.685
1995-01-17,3.715
1995-01-18,3.71
1995-01-19,3.635
1995-01-20,3.685
1995-01-23,3.715
1995-01-24,3.705
1995-01-25,3.75
1995-01-26,3.685
1995-01-27,3.705
1995-01-30,3.755
1995-01-31,3.825
1995-02-01,3.785
1995-02-02,3.835
1995-02-03,3.775
1995-02-06,3.735
1995-02-07,3.745
1995-02-08,3.695
1995-02-09,3.715
1995-02-10,3.785
1995-02-13,3.745
1995-02-14,3.76
1995-02-15,3.695
1995-02-16,3.695
1995-02-17,3.715
1995-02-21,3.645
1995-02-22,3.655
1995-02-23,3.665
1995-02-24,3.665
1995-02-27,3.595
1995-02-28,3.535
1995-03-01,3.565
1995-03-02,3.535
1995-03-03,3.52
1995-03-06,3.52
1995-03-07,3.625
1995-03-08,3.605
1995-03-09,3.575
1995-03-10,3.495
1995-03-13,3.545
1995-03-14,3.565
1995-03-15,3.615
1995-03-16,3.565
1995-03-17,3.585
1995-03-20,3.655
1995-03-21,3.625
1995-03-22,3.685
1995-03-23,3.62
1995-03-24,3.565
1995-03-27,3.525
1995-03-28,3.48
1995-03-29,3.44
1995-03-30,3.43
1995-03-31,3.4
1995-04-03,3.44
1995-04-04,3.485
1995-04-05,3.535
1995-04-06,3.505
1995-04-07,3.47
1995-04-10,3.515
1995-04-11,3.605
1995-04-12,3.565
1995-04-13,3.505
1995-04-17,3.475
1995-04-18,3.5
1995-04-19,3.485
1995-04-20,3.5
1995-04-21,3.5
1995-04-24,3.525
1995-04-25,3.54
1995-04-26,3.55
1995-04-27,3.505
1995-04-28,3.505
1995-05-01,3.575
1995-05-02,3.6
1995-05-03,3.59
1995-05-04,3.54
1995-05-05,3.51
1995-05-08,3.55
1995-05-09,3.585
1995-05-10,3.57
1995-05-11,3.59
1995-05-12,3.66
1995-05-15,3.58
1995-05-16,3.58
1995-05-17,3.515
1995-05-18,3.545
1995-05-19,3.505
1995-05-22,3.56
1995-05-23,3.615
1995-05-24,3.61
1995-05-25,3.62
1995-05-26,3.705
1995-05-30,3.58
1995-05-31,3.585
1995-06-01,3.665
1995-06-02,3.705
1995-06-05,3.705
1995-06-06,3.665
1995-06-07,3.585
1995-06-08,3.655
1995-06-09,3.69
1995-06-12,3.565
1995-06-13,3.635
1995-06-14,3.745
1995-06-15,3.725
1995-06-16,3.685
1995-06-19,3.825
1995-06-20,3.805
1995-06-21,3.905
1995-06-22,4.025
1995-06-23,4.155
1995-06-26,4.155
1995-06-27,4.105
1995-06-28,4.305
1995-06-29,4.405
1995-06-30,4.375
1995-07-03,4.255
1995-07-05,4.18
1995-07-06,4.225
1995-07-07,4.015
1995-07-10,3.965
1995-07-11,4.055
1995-07-12,4.085
1995-07-13,4.155
1995-07-14,4.265
1995-07-17,4.465
1995-07-18,4.475
1995-07-19,4.465
1995-07-20,4.505
1995-07-21,4.625
1995-07-24,4.615
1995-07-25,4.415
1995-07-26,4.385
1995-07-27,4.355
1995-07-28,4.375
1995-07-31,4.425
1995-08-01,4.395
1995-08-02,4.17
1995-08-03,4.175
1995-08-04,4.075
1995-08-07,3.935
1995-08-08,4.095
1995-08-09,4.075
1995-08-10,4.025
1995-08-11,4.105
1995-08-14,4.085
1995-08-15,4.035
1995-08-16,3.9
1995-08-17,3.925
1995-08-18,4.015
1995-08-21,4.08
1995-08-22,4.095
1995-08-23,4.145
1995-08-24,4.195
1995-08-25,4.175
1995-08-28,4.165
1995-08-29,4.075
1995-08-30,4.065
1995-08-31,4.225
1995-09-01,4.215
1995-09-05,4.285
1995-09-06,4.355
1995-09-07,4.535
1995-09-08,4.485
1995-09-11,4.495
1995-09-12,4.555
1995-09-13,4.465
1995-09-14,4.485
1995-09-15,4.485
1995-09-18,4.545
1995-09-19,4.635
1995-09-20,4.675
1995-09-21,4.705
1995-09-22,4.625
1995-09-25,4.605
1995-09-26,4.585
1995-09-27,4.605
1995-09-28,4.67
1995-09-29,4.74
1995-10-02,4.78
1995-10-03,4.77
1995-10-04,4.765
1995-10-05,4.725
1995-10-06,4.68
1995-10-09,4.745
1995-10-10,4.765
1995-10-11,4.695
1995-10-12,4.705
1995-10-13,4.765
1995-10-16,4.865
1995-10-17,4.815
1995-10-18,4.925
1995-10-19,5.005
1995-10-20,5.045
1995-10-23,5.005
1995-10-24,4.91
1995-10-25,5.005
1995-10-26,5.08
1995-10-27,5.06
1995-10-30,5.03
1995-10-31,5.075
1995-11-01,5.105
1995-11-02,5.0
1995-11-03,4.95
1995-11-06,5.035
1995-11-07,5.035
1995-11-08,5.05
1995-11-09,4.97
1995-11-10,5.105
1995-11-13,5.015
1995-11-14,5.05
1995-11-15,5.005
1995-11-16,5.045
1995-11-17,5.055
1995-11-20,5.05
1995-11-21,5.015
1995-11-22,5.055
1995-11-24,5.07
1995-11-27,5.055
1995-11-28,5.01
1995-11-29,5.07
1995-11-30,5.03
1995-12-01,5.04
1995-12-04,5.0
1995-12-05,5.08
1995-12-06,5.115
1995-12-07,5.165
1995-12-08,5.185
1995-12-11,5.2
1995-12-12,5.165
1995-12-13,5.16
1995-12-14,5.12
1995-12-15,5.08
1995-12-18,5.13
1995-12-19,5.14
1995-12-20,5.08
1995-12-21,5.025
1995-12-22,5.04
1995-12-26,5.075
1995-12-27,5.065
1995-12-28,5.13
1995-12-29,5.13
1996-01-02,5.08
1996-01-03,5.075
1996-01-04,4.99
1996-01-05,4.835
1996-01-08,4.73
1996-01-09,4.845
1996-01-10,4.835
1996-01-11,4.735
1996-01-12,4.835
1996-01-15,4.85
1996-01-16,4.69
1996-01-17,4.68
1996-01-18,4.72
1996-01-19,4.765
1996-01-22,4.715
1996-01-23,4.84
1996-01-24,4.835
1996-01-25,4.8
1996-01-26,4.96
1996-01-29,5.09
1996-01-30,4.965
1996-01-31,4.86
1996-02-01,4.84
1996-02-02,4.93
1996-02-05,4.845
1996-02-06,4.875
1996-02-07,4.785
1996-02-08,4.75
1996-02-09,4.785
1996-02-12,4.76
1996-02-13,4.795
1996-02-14,4.92
1996-02-15,4.9
1996-02-16,4.875
1996-02-20,4.78
1996-02-21,4.47
1996-02-22,4.62
1996-02-23,4.69
1996-02-26,4.73
1996-02-27,4.74
1996-02-28,4.775
1996-02-29,4.81
1996-03-01,4.835
1996-03-04,4.825
1996-03-05,4.755
1996-03-06,4.795
1996-03-07,4.865
1996-03-08,4.805
1996-03-11,4.79
1996-03-12,4.695
1996-03-13,4.705
1996-03-14,4.67
1996-03-15,4.59
1996-03-18,4.61
1996-03-19,4.605
1996-03-20,4.725
1996-03-21,4.725
1996-03-22,4.7312
1996-03-25,4.825
1996-03-26,4.945
1996-03-27,4.875
1996-03-28,4.845
1996-03-29,4.915
1996-04-01,4.985
1996-04-02,4.97
1996-04-03,5.08
1996-04-04,5.07
1996-04-08,5.065
1996-04-09,5.11
1996-04-10,5.29
1996-04-11,5.42
1996-04-12,5.61
1996-04-15,5.66
1996-04-16,5.455
1996-04-17,5.495
1996-04-18,5.785
1996-04-19,5.87
1996-04-22,6.07
1996-04-23,6.27
1996-04-24,6.255
1996-04-25,6.345
1996-04-26,6.2
1996-04-29,5.805
1996-04-30,5.505
1996-05-01,5.885
1996-05-02,5.57
1996-05-03,5.52
1996-05-06,5.465
1996-05-07,5.61
1996-05-08,5.82
1996-05-09,5.87
1996-05-10,5.7
1996-05-13,5.78
1996-05-14,5.78
1996-05-15,5.875
1996-05-16,5.685
1996-05-17,5.78
1996-05-20,5.69
1996-05-21,5.6
1996-05-22,5.515
1996-05-23,5.44
1996-05-24,5.45
1996-05-28,5.29
1996-05-29,5.035
1996-05-30,5.105
1996-05-31,5.135
1996-06-03,5.04
1996-06-04,4.84
1996-06-05,4.75
1996-06-06,4.76
1996-06-07,4.83
1996-06-10,5.0
1996-06-11,4.89
1996-06-12,4.765
1996-06-13,4.86
1996-06-14,4.775
1996-06-17,4.7
1996-06-18,4.8
1996-06-19,4.74
1996-06-20,4.675
1996-06-21,4.725
1996-06-24,4.805
1996-06-25,4.835
1996-06-26,4.755
1996-06-27,4.645
1996-06-28,4.675
1996-07-01,4.765
1996-07-02,4.655
1996-07-03,4.755
1996-07-05,4.705
1996-07-08,4.775
1996-07-09,4.905
1996-07-10,4.935
1996-07-11,5.055
1996-07-12,4.985
1996-07-15,4.895
1996-07-16,4.84
1996-07-17,4.775
1996-07-18,4.745
1996-07-19,4.615
1996-07-22,4.645
1996-07-23,4.565
1996-07-24,4.405
1996-07-25,4.435
1996-07-26,4.345
1996-07-29,4.445
1996-07-30,4.4
1996-07-31,4.425
1996-08-01,4.48
1996-08-02,4.525
1996-08-05,4.475
1996-08-06,4.525
1996-08-07,4.585
1996-08-08,4.65
1996-08-09,4.675
1996-08-12,4.785
1996-08-13,4.645
1996-08-14,4.595
1996-08-15,4.605
1996-08-16,4.585
1996-08-19,4.635
1996-08-20,4.585
1996-08-21,4.545
1996-08-22,4.545
1996-08-23,4.565
1996-08-26,4.635
1996-08-27,4.635
1996-08-28,4.565
1996-08-29,4.565
1996-08-30,4.545
1996-09-03,4.525
1996-09-04,4.485
1996-09-05,4.475
1996-09-06,4.435
1996-09-09,4.505
1996-09-10,4.535
1996-09-11,4.375
1996-09-12,4.325
1996-09-13,4.245
1996-09-16,4.175
1996-09-17,4.19
1996-09-18,4.245
1996-09-19,4.165
1996-09-20,4.215
1996-09-23,4.265
1996-09-24,4.295
1996-09-25,4.31
1996-09-26,4.315
1996-09-27,4.34
1996-09-30,4.375
1996-10-01,4.345
1996-10-02,4.205
1996-10-03,4.17
1996-10-04,4.175
1996-10-07,4.185
1996-10-08,4.24
1996-10-09,4.23
1996-10-10,4.19
1996-10-11,4.205
1996-10-14,4.235
1996-10-15,4.135
1996-10-16,4.055
1996-10-17,3.98
1996-10-18,3.92
1996-10-21,3.85
1996-10-22,3.84
1996-10-23,3.835
1996-10-24,3.68
1996-10-25,3.74
1996-10-28,3.66
1996-10-29,3.695
1996-10-30,3.635
1996-10-31,3.52
1996-11-01,3.555
1996-11-04,3.605
1996-11-05,3.52
1996-11-06,3.525
1996-11-07,3.59
1996-11-08,3.645
1996-11-11,3.735
1996-11-12,3.85
1996-11-13,3.96
1996-11-14,3.915
1996-11-15,3.925
1996-11-18,3.86
1996-11-19,3.885
1996-11-20,4.045
1996-11-21,3.975
1996-11-22,3.995
1996-11-25,3.99
1996-11-26,3.935
1996-11-27,3.88
1996-11-29,3.82
1996-12-02,3.8
1996-12-03,3.745
1996-12-04,3.74
1996-12-05,3.78
1996-12-06,3.78
1996-12-09,3.705
1996-12-10,3.755
1996-12-11,3.8
1996-12-12,3.85
1996-12-13,3.885
1996-12-16,3.94
1996-12-17,3.93
1996-12-18,4.005
1996-12-19,4.0
1996-12-20,3.965
1996-12-23,3.935
1996-12-24,3.935
1996-12-26,3.98
1996-12-27,3.915
1996-12-30,3.84
1996-12-31,3.84
1997-01-02,3.87
1997-01-03,3.81
1997-01-06,3.85
1997-01-07,3.885
1997-01-08,3.895
1997-01-09,3.84
1997-01-10,3.81
1997-01-13,3.835
1997-01-14,3.79
1997-01-15,3.785
1997-01-16,3.74
1997-01-17,3.68
1997-01-20,3.645
1997-01-21,3.74
1997-01-22,3.71
1997-01-23,3.67
1997-01-24,3.665
1997-01-27,3.635
1997-01-28,3.685
1997-01-29,3.65
1997-01-30,3.655
1997-01-31,3.545
1997-02-03,3.56
1997-02-04,3.475
1997-02-05,3.505
1997-02-06,3.47
1997-02-07,3.44
1997-02-10,3.41
1997-02-11,3.505
1997-02-12,3.46
1997-02-13,3.475
1997-02-14,3.48
1997-02-18,3.53
1997-02-19,3.48
1997-02-20,3.515
1997-02-21,3.59
1997-02-24,3.61
1997-02-25,3.63
1997-02-26,3.565
1997-02-27,3.535
1997-02-28,3.595
1997-03-03,3.59
1997-03-04,3.515
1997-03-05,3.51
1997-03-06,3.56
1997-03-07,3.56
1997-03-10,3.58
1997-03-11,3.64
1997-03-12,3.615
1997-03-13,3.63
1997-03-14,3.71
1997-03-17,3.65
1997-03-18,3.68
1997-03-19,3.765
1997-03-20,3.815
1997-03-21,3.735
1997-03-24,3.705
1997-03-25,3.735
1997-03-26,3.795
1997-03-27,3.86
1997-03-31,3.8
1997-04-01,3.75
1997-04-02,3.69
1997-04-03,3.585
1997-04-04,3.58
1997-04-07,3.66
1997-04-08,3.68
1997-04-09,3.71
1997-04-10,3.785
1997-04-11,3.89
1997-04-14,4.09
1997-04-15,4.02
1997-04-16,3.93
1997-04-17,4.12
1997-04-18,4.26
1997-04-21,4.295
1997-04-22,4.325
1997-04-23,4.215
1997-04-24,4.11
1997-04-25,4.13
1997-04-28,4.03
1997-04-29,4.035
1997-04-30,4.15
1997-05-01,4.08
1997-05-02,3.995
1997-05-05,3.945
1997-05-06,3.855
1997-05-07,3.885
1997-05-08,3.925
1997-05-09,3.975
1997-05-12,3.825
1997-05-13,3.79
1997-05-14,3.7
1997-05-15,3.72
1997-05-16,3.72
1997-05-19,3.78
1997-05-20,3.63
1997-05-21,3.705
1997-05-22,3.67
1997-05-23,3.66
1997-05-27,3.56
1997-05-28,3.6
1997-05-29,3.505
1997-05-30,3.545
1997-06-02,3.555
1997-06-03,3.58
1997-06-04,3.5
1997-06-05,3.53
1997-06-06,3.565
1997-06-09,3.64
1997-06-10,3.59
1997-06-11,3.595
1997-06-12,3.485
1997-06-13,3.47
1997-06-16,3.38
1997-06-17,3.395
1997-06-18,3.35
1997-06-19,3.385
1997-06-20,3.345
1997-06-23,3.27
1997-06-24,3.3
1997-06-25,3.3
1997-06-26,3.315
1997-06-27,3.265
1997-06-30,3.24
1997-07-01,3.22
1997-07-02,3.2
1997-07-03,3.13
1997-07-07,3.07
1997-07-08,3.145
1997-07-09,3.23
1997-07-10,3.18
1997-07-11,3.2
1997-07-14,3.27
1997-07-15,3.28
1997-07-16,3.21
1997-07-17,3.17
1997-07-18,3.2
1997-07-21,3.265
1997-07-22,3.37
1997-07-23,3.46
1997-07-24,3.485
1997-07-25,3.49
1997-07-28,3.48
1997-07-29,3.5
1997-07-30,3.485
1997-07-31,3.56
1997-08-01,3.55
1997-08-04,3.55
1997-08-05,3.48
1997-08-06,3.575
1997-08-07,3.58
1997-08-08,3.65
1997-08-11,3.6
1997-08-12,3.58
1997-08-13,3.57
1997-08-14,3.51
1997-08-15,3.5
1997-08-18,3.53
1997-08-19,3.51
1997-08-20,3.54
1997-08-21,3.68
1997-08-22,3.69
1997-08-25,3.66
1997-08-26,3.65
1997-08-27,3.71
1997-08-28,3.725
1997-08-29,3.72
1997-09-02,3.76
1997-09-03,3.77
1997-09-04,3.74
1997-09-05,3.76
1997-09-08,3.7
1997-09-09,3.74
1997-09-10,3.71
1997-09-11,3.65
1997-09-12,3.595
1997-09-15,3.52
1997-09-16,3.55
1997-09-17,3.57
1997-09-18,3.515
1997-09-19,3.5
1997-09-22,3.47
1997-09-23,3.5
1997-09-24,3.5
1997-09-25,3.515
1997-09-26,3.415
1997-09-29,3.43
1997-09-30,3.39
1997-10-01,3.35
1997-10-02,3.395
1997-10-03,3.425
1997-10-06,3.395
1997-10-07,3.505
1997-10-08,3.475
1997-10-09,3.57
1997-10-10,3.55
1997-10-13,3.63
1997-10-14,3.58
1997-10-15,3.61
1997-10-16,3.545
1997-10-17,3.5
1997-10-20,3.57
1997-10-21,3.62
1997-10-22,3.64
1997-10-23,3.59
1997-10-24,3.61
1997-10-27,3.54
1997-10-28,3.57
1997-10-29,3.575
1997-10-30,3.59
1997-10-31,3.6
1997-11-03,3.64
1997-11-04,3.61
1997-11-05,3.57
1997-11-06,3.59
1997-11-07,3.595
1997-11-10,3.55
1997-11-11,3.55
1997-11-12,3.51
1997-11-13,3.5
1997-11-14,3.48
1997-11-17,3.54
1997-11-18,3.555
1997-11-19,3.5
1997-11-20,3.49
1997-11-21,3.53
1997-11-24,3.5
1997-11-25,3.445
1997-11-26,3.505
1997-11-28,3.555
1997-12-01,3.61
1997-12-02,3.64
1997-12-03,3.63
1997-12-04,3.64
1997-12-05,3.68
1997-12-08,3.69
1997-12-09,3.67
1997-12-10,3.64
1997-12-11,3.57
1997-12-12,3.49
1997-12-15,3.47
1997-12-16,3.4812
1997-12-17,3.5
1997-12-18,3.39
1997-12-19,3.39
1997-12-22,3.38
1997-12-23,3.41
1997-12-24,3.41
1997-12-26,3.41
1997-12-29,3.38
1997-12-30,3.32
1997-12-31,3.3
1998-01-02,3.34
1998-01-05,3.34
1998-01-06,3.27
1998-01-07,3.32
1998-01-08,3.245
1998-01-09,3.25
1998-01-12,3.26
1998-01-13,3.375
1998-01-14,3.325
1998-01-15,3.38
1998-01-16,3.39
1998-01-20,3.36
1998-01-21,3.34
1998-01-22,3.35
1998-01-23,3.38
1998-01-26,3.45
1998-01-27,3.44
1998-01-28,3.44
1998-01-29,3.42
1998-01-30,3.39
1998-02-02,3.45
1998-02-03,3.445
1998-02-04,3.425
1998-02-05,3.395
1998-02-06,3.345
1998-02-09,3.38
1998-02-10,3.38
1998-02-11,3.335
1998-02-12,3.34
1998-02-13,3.29
1998-02-17,3.185
1998-02-18,3.18
1998-02-19,3.19
1998-02-20,3.2
1998-02-23,3.23
1998-02-24,3.17
1998-02-25,3.14
1998-02-26,3.175
1998-02-27,3.22
1998-03-02,3.29
1998-03-03,3.28
1998-03-04,3.25
1998-03-05,3.215
1998-03-06,3.215
1998-03-09,3.24
1998-03-10,3.27
1998-03-11,3.345
1998-03-12,3.325
1998-03-13,3.275
1998-03-16,3.235
1998-03-17,3.265
1998-03-18,3.215
1998-03-19,3.195
1998-03-20,3.165
1998-03-23,3.21
1998-03-24,3.225
1998-03-25,3.205
1998-03-26,3.125
1998-03-27,3.155
1998-03-30,3.175
1998-03-31,3.12
1998-04-01,3.075
1998-04-02,3.095
1998-04-03,3.075
1998-04-06,3.025
1998-04-07,2.995
1998-04-08,3.025
1998-04-09,2.985
1998-04-13,3.055
1998-04-14,3.105
1998-04-15,3.145
1998-04-16,3.135
1998-04-17,3.105
1998-04-20,3.075
1998-04-21,3.075
1998-04-22,3.025
1998-04-23,3.0
1998-04-24,3.01
1998-04-27,3.015
1998-04-28,3.045
1998-04-29,2.92
1998-04-30,2.88
1998-05-01,2.9
1998-05-04,2.93
1998-05-05,2.995
1998-05-06,3.04
1998-05-07,3.025
1998-05-08,2.985
1998-05-11,2.89
1998-05-12,2.92
1998-05-13,2.935
1998-05-14,2.915
1998-05-15,2.915
1998-05-18,2.905
1998-05-19,2.875
1998-05-20,2.915
1998-05-21,2.865
1998-05-22,2.865
1998-05-26,2.785
1998-05-27,2.735
1998-05-28,2.705
1998-05-29,2.705
1998-06-01,2.705
1998-06-02,2.735
1998-06-03,2.665
1998-06-04,2.685
1998-06-05,2.665
1998-06-08,2.615
1998-06-09,2.635
1998-06-10,2.645
1998-06-11,2.645
1998-06-12,2.645
1998-06-15,2.545
1998-06-16,2.585
1998-06-17,2.65
1998-06-18,2.655
1998-06-19,2.705
1998-06-22,2.685
1998-06-23,2.735
1998-06-24,2.765
1998-06-25,2.72
1998-06-26,2.635
1998-06-29,2.535
1998-06-30,2.585
1998-07-01,2.565
1998-07-02,2.525
1998-07-06,2.555
1998-07-07,2.635
1998-07-08,2.625
1998-07-09,2.595
1998-07-10,2.535
1998-07-13,2.525
1998-07-14,2.475
1998-07-15,2.455
1998-07-16,2.455
1998-07-17,2.485
1998-07-20,2.46
1998-07-21,2.36
1998-07-22,2.315
1998-07-23,2.305
1998-07-24,2.305
1998-07-27,2.225
1998-07-28,2.205
1998-07-29,2.195
1998-07-30,2.235
1998-07-31,2.23
1998-08-03,2.205
1998-08-04,2.165
1998-08-05,2.155
1998-08-06,2.205
1998-08-07,2.205
1998-08-10,2.26
1998-08-11,2.235
1998-08-12,2.335
1998-08-13,2.285
1998-08-14,2.365
1998-08-17,2.385
1998-08-18,2.365
1998-08-19,2.375
1998-08-20,2.355
1998-08-21,2.315
1998-08-24,2.305
1998-08-25,2.255
1998-08-26,2.215
1998-08-27,2.185
1998-08-28,2.165
1998-08-31,2.065
1998-09-01,2.05
1998-09-02,2.075
1998-09-03,2.115
1998-09-04,2.165
1998-09-08,2.165
1998-09-09,2.145
1998-09-10,2.155
1998-09-11,2.05
1998-09-14,2.08
1998-09-15,2.14
1998-09-16,2.12
1998-09-17,2.14
1998-09-18,2.145
1998-09-21,2.175
1998-09-22,2.185
1998-09-23,2.085
1998-09-24,2.135
1998-09-25,2.105
1998-09-28,2.105
1998-09-29,2.115
1998-09-30,2.115
1998-10-01,2.005
1998-10-02,2.075
1998-10-05,2.175
1998-10-06,2.145
1998-10-07,2.255
1998-10-08,2.295
1998-10-09,2.275
1998-10-12,2.205
1998-10-13,2.255
1998-10-14,2.235
1998-10-15,2.253
1998-10-16,2.3
1998-10-19,2.275
1998-10-20,2.19
1998-10-21,2.185
1998-10-22,2.255
1998-10-23,2.265
1998-10-26,2.315
1998-10-27,2.265
1998-10-28,2.265
1998-10-29,2.245
1998-10-30,2.285
1998-11-02,2.215
1998-11-03,2.265
1998-11-04,2.335
1998-11-05,2.365
1998-11-06,2.395
1998-11-09,2.425
1998-11-10,2.465
1998-11-11,2.455
1998-11-12,2.455
1998-11-13,2.405
1998-11-16,2.405
1998-11-17,2.405
1998-11-18,2.455
1998-11-19,2.435
1998-11-20,2.395
1998-11-23,2.315
1998-11-24,2.305
1998-11-25,2.305
1998-11-27,2.305
1998-11-30,2.53
1998-12-01,2.53
1998-12-02,2.63
1998-12-03,2.57
1998-12-04,2.6
1998-12-07,2.575
1998-12-08,2.575
1998-12-09,2.495
1998-12-10,2.5
1998-12-11,2.4775
1998-12-14,2.505
1998-12-15,2.485
1998-12-16,2.525
1998-12-17,2.505
1998-12-18,2.515
1998-12-21,2.525
1998-12-22,2.515
1998-12-23,2.525
1998-12-24,2.525
1998-12-28,2.565
1998-12-29,2.565
1998-12-30,2.51
1998-12-31,2.51
1999-01-04,2.54
1999-01-05,2.545
1999-01-06,2.625
1999-01-07,2.615
1999-01-08,2.655
1999-01-11,2.605
1999-01-12,2.555
1999-01-13,2.485
1999-01-14,2.505
1999-01-15,2.515
1999-01-19,2.425
1999-01-20,2.435
1999-01-21,2.425
1999-01-22,2.455
1999-01-25,2.435
1999-01-26,2.425
1999-01-27,2.46
1999-01-28,2.47
1999-01-29,2.5
1999-02-01,2.445
1999-02-02,2.445
1999-02-03,2.405
1999-02-04,2.425
1999-02-05,2.435
1999-02-08,2.41
1999-02-09,2.385
1999-02-10,2.415
1999-02-11,2.375
1999-02-12,2.315
1999-02-16,2.265
1999-02-17,2.305
1999-02-18,2.325
1999-02-19,2.295
1999-02-22,2.26
1999-02-23,2.265
1999-02-24,2.185
1999-02-25,2.135
1999-02-26,2.125
1999-03-01,2.205
1999-03-02,2.295
1999-03-03,2.275
1999-03-04,2.3
1999-03-05,2.355
1999-03-08,2.4175
1999-03-09,2.37
1999-03-10,2.475
1999-03-11,2.495
1999-03-12,2.445
1999-03-15,2.445
1999-03-16,2.485
1999-03-17,2.495
1999-03-18,2.475
1999-03-19,2.445
1999-03-22,2.445
1999-03-23,2.415
1999-03-24,2.395
1999-03-25,2.515
1999-03-26,2.585
1999-03-29,2.64
1999-03-30,2.645
1999-03-31,2.505
1999-04-01,2.475
1999-04-05,2.495
1999-04-06,2.495
1999-04-07,2.445
1999-04-08,2.44
1999-04-09,2.415
1999-04-12,2.345
1999-04-13,2.355
1999-04-14,2.385
1999-04-15,2.42
1999-04-16,2.375
1999-04-19,2.335
1999-04-20,2.415
1999-04-21,2.47
1999-04-22,2.475
1999-04-23,2.475
1999-04-26,2.455
1999-04-27,2.425
1999-04-28,2.47
1999-04-29,2.47
1999-04-30,2.515
1999-05-03,2.505
1999-05-04,2.525
1999-05-05,2.515
1999-05-06,2.475
1999-05-07,2.475
1999-05-10,2.495
1999-05-11,2.525
1999-05-12,2.555
1999-05-13,2.555
1999-05-14,2.465
1999-05-17,2.5
1999-05-18,2.495
1999-05-19,2.445
1999-05-20,2.405
1999-05-21,2.365
1999-05-24,2.315
1999-05-25,2.325
1999-05-26,2.315
1999-05-27,2.33
1999-05-28,2.345
1999-06-01,2.345
1999-06-02,2.365
1999-06-03,2.445
1999-06-04,2.395
1999-06-07,2.385
1999-06-08,2.325
1999-06-09,2.305
1999-06-10,2.345
1999-06-11,2.325
1999-06-14,2.375
1999-06-15,2.345
1999-06-16,2.325
1999-06-17,2.305
1999-06-18,2.285
1999-06-21,2.295
1999-06-22,2.245
1999-06-23,2.255
1999-06-24,2.245
1999-06-25,2.26
1999-06-28,2.275
1999-06-29,2.285
1999-06-30,2.285
1999-07-01,2.215
1999-07-02,2.125
1999-07-06,2.045
1999-07-07,2.055
1999-07-08,2.005
1999-07-09,1.985
1999-07-12,1.995
1999-07-13,1.995
1999-07-14,2.01
1999-07-15,1.995
1999-07-16,1.975
1999-07-19,2.005
1999-07-20,2.015
1999-07-21,2.085
1999-07-22,2.075
1999-07-23,2.175
1999-07-26,2.13
1999-07-27,2.075
1999-07-28,2.115
1999-07-29,2.125
1999-07-30,2.195
1999-08-02,2.385
1999-08-03,2.255
1999-08-04,2.275
1999-08-05,2.245
1999-08-06,2.245
1999-08-09,2.25
1999-08-10,2.245
1999-08-11,2.185
1999-08-12,2.075
1999-08-13,2.115
1999-08-16,2.11
1999-08-17,2.16
1999-08-18,2.175
1999-08-19,2.225
1999-08-20,2.195
1999-08-23,2.215
1999-08-24,2.215
1999-08-25,2.255
1999-08-26,2.235
1999-08-27,2.235
1999-08-30,2.13
1999-08-31,2.225
1999-09-01,2.265
1999-09-02,2.35
1999-09-03,2.445
1999-09-07,2.475
1999-09-08,2.405
1999-09-09,2.415
1999-09-10,2.495
1999-09-13,2.465
1999-09-14,2.485
1999-09-15,2.365
1999-09-16,2.395
1999-09-17,2.32
1999-09-20,2.355
1999-09-21,2.345
1999-09-22,2.355
1999-09-23,2.395
1999-09-24,2.445
1999-09-27,2.485
1999-09-28,2.555
1999-09-29,2.535
1999-09-30,2.435
1999-10-01,2.355
1999-10-04,2.365
1999-10-05,2.315
1999-10-06,2.305
1999-10-07,2.215
1999-10-08,2.195
1999-10-11,2.185
1999-10-12,2.235
1999-10-13,2.235
1999-10-14,2.285
1999-10-15,2.345
1999-10-18,2.345
1999-10-19,2.345
1999-10-20,2.2763
1999-10-21,2.265
1999-10-22,2.305
1999-10-25,2.365
1999-10-26,2.365
1999-10-27,2.385
1999-10-28,2.395
1999-10-29,2.395
1999-11-01,2.365
1999-11-02,2.395
1999-11-03,2.445
1999-11-04,2.455
1999-11-05,2.435
1999-11-08,2.475
1999-11-09,2.415
1999-11-10,2.37
1999-11-11,2.395
1999-11-12,2.375
1999-11-15,2.445
1999-11-16,2.455
1999-11-17,2.415
1999-11-18,2.355
1999-11-19,2.43
1999-11-22,2.435
1999-11-23,2.435
1999-11-24,2.385
1999-11-26,2.37
1999-11-29,2.295
1999-11-30,2.315
1999-12-01,2.335
1999-12-02,2.295
1999-12-03,2.24
1999-12-06,2.285
1999-12-07,2.25
1999-12-08,2.215
1999-12-09,2.195
1999-12-10,2.205
1999-12-13,2.175
1999-12-14,2.215
1999-12-15,2.215
1999-12-16,2.235
1999-12-17,2.255
1999-12-20,2.285
1999-12-21,2.285
1999-12-22,2.275
1999-12-23,2.31
1999-12-27,2.275
1999-12-28,2.285
1999-12-29,2.275
1999-12-30,2.285
1999-12-31,2.285
2000-01-03,2.275
2000-01-04,2.275
2000-01-05,2.295
2000-01-06,2.275
2000-01-07,2.295
2000-01-10,2.335
2000-01-11,2.325
2000-01-12,2.385
2000-01-13,2.415
2000-01-14,2.425
2000-01-18,2.41
2000-01-19,2.445
2000-01-20,2.435
2000-01-21,2.415
2000-01-24,2.44
2000-01-25,2.415
2000-01-26,2.395
2000-01-27,2.425
2000-01-28,2.415
2000-01-31,2.385
2000-02-01,2.405
2000-02-02,2.405
2000-02-03,2.385
2000-02-04,2.415
2000-02-07,2.435
2000-02-08,2.44
2000-02-09,2.505
2000-02-10,2.565
2000-02-11,2.575
2000-02-14,2.565
2000-02-15,2.505
2000-02-16,2.495
2000-02-17,2.465
2000-02-18,2.49
2000-02-22,2.465
2000-02-23,2.395
2000-02-24,2.375
2000-02-25,2.315
2000-02-28,2.285
2000-02-29,2.315
2000-03-01,2.325
2000-03-02,2.325
2000-03-03,2.345
2000-03-06,2.375
2000-03-07,2.38
2000-03-08,2.395
2000-03-09,2.415
2000-03-10,2.375
2000-03-13,2.425
2000-03-14,2.495
2000-03-15,2.495
2000-03-16,2.465
2000-03-17,2.515
2000-03-20,2.455
2000-03-21,2.405
2000-03-22,2.415
2000-03-23,2.355
2000-03-24,2.325
2000-03-27,2.355
2000-03-28,2.315
2000-03-29,2.325
2000-03-30,2.375
2000-03-31,2.46
2000-04-03,2.385
2000-04-04,2.365
2000-04-05,2.365
2000-04-06,2.375
2000-04-07,2.405
2000-04-10,2.345
2000-04-11,2.365
2000-04-12,2.385
2000-04-13,2.425
2000-04-14,2.415
2000-04-17,2.395
2000-04-18,2.375
2000-04-19,2.385
2000-04-20,2.385
2000-04-24,2.385
2000-04-25,2.415
2000-04-26,2.375
2000-04-27,2.325
2000-04-28,2.315
2000-05-01,2.415
2000-05-02,2.445
2000-05-03,2.505
2000-05-04,2.575
2000-05-05,2.535
2000-05-08,2.495
2000-05-09,2.435
2000-05-10,2.485
2000-05-11,2.675
2000-05-12,2.705
2000-05-15,2.655
2000-05-16,2.645
2000-05-17,2.565
2000-05-18,2.515
2000-05-19,2.555
2000-05-22,2.595
2000-05-23,2.595
2000-05-24,2.565
2000-05-25,2.575
2000-05-26,2.585
2000-05-30,2.505
2000-05-31,2.515
2000-06-01,2.485
2000-06-02,2.485
2000-06-05,2.425
2000-06-06,2.435
2000-06-07,2.405
2000-06-08,2.415
2000-06-09,2.465
2000-06-12,2.45
2000-06-13,2.44
2000-06-14,2.4
2000-06-15,2.41
2000-06-16,2.42
2000-06-19,2.47
2000-06-20,2.565
2000-06-21,2.61
2000-06-22,2.62
2000-06-23,2.555
2000-06-26,2.565
2000-06-27,2.555
2000-06-28,2.525
2000-06-29,2.525
2000-06-30,2.395
2000-07-03,2.255
2000-07-05,2.265
2000-07-06,2.225
2000-07-07,2.235
2000-07-10,2.265
2000-07-11,2.255
2000-07-12,2.235
2000-07-13,2.255
2000-07-14,2.185
2000-07-17,2.145
2000-07-18,2.115
2000-07-19,2.125
2000-07-20,2.155
2000-07-21,2.11
2000-07-24,2.095
2000-07-25,2.1
2000-07-26,2.085
2000-07-27,2.095
2000-07-28,2.105
2000-07-31,2.065
2000-08-01,2.045
2000-08-02,2.065
2000-08-03,2.025
2000-08-04,1.965
2000-08-07,1.935
2000-08-08,1.985
2000-08-09,1.985
2000-08-10,1.995
2000-08-11,2.015
2000-08-14,2.035
2000-08-15,2.055
2000-08-16,2.095
2000-08-17,2.055
2000-08-18,2.035
2000-08-21,2.015
2000-08-22,2.005
2000-08-23,1.995
2000-08-24,2.065
2000-08-25,2.065
2000-08-28,2.065
2000-08-29,2.145
2000-08-30,2.105
2000-08-31,2.155
2000-09-01,2.155
2000-09-05,2.155
2000-09-06,2.125
2000-09-07,2.145
2000-09-08,2.155
2000-09-11,2.115
2000-09-12,2.075
2000-09-13,2.035
2000-09-14,2.005
2000-09-15,1.98
2000-09-18,2.025
2000-09-19,1.955
2000-09-20,1.97
2000-09-21,1.945
2000-09-22,1.975
2000-09-25,2.005
2000-09-26,2.01
2000-09-27,2.085
2000-09-28,2.11
2000-09-29,2.155
2000-10-02,2.25
2000-10-03,2.3
2000-10-04,2.395
2000-10-05,2.41
2000-10-06,2.425
2000-10-09,2.415
2000-10-10,2.51
2000-10-11,2.535
2000-10-12,2.49
2000-10-13,2.43
2000-10-16,2.495
2000-10-17,2.485
2000-10-18,2.455
2000-10-19,2.41
2000-10-20,2.405
2000-10-23,2.365
2000-10-24,2.355
2000-10-25,2.345
2000-10-26,2.355
2000-10-27,2.385
2000-10-30,2.355
2000-10-31,2.345
2000-11-01,2.345
2000-11-02,2.405
2000-11-03,2.435
2000-11-06,2.425
2000-11-07,2.415
2000-11-08,2.445
2000-11-09,2.39
2000-11-10,2.415
2000-11-13,2.435
2000-11-14,2.405
2000-11-15,2.405
2000-11-16,2.405
2000-11-17,2.425
2000-11-20,2.435
2000-11-21,2.425
2000-11-22,2.425
2000-11-24,2.425
2000-11-27,2.465
2000-11-28,2.445
2000-11-29,2.435
2000-11-30,2.435
2000-12-01,2.545
2000-12-04,2.555
2000-12-05,2.535
2000-12-06,2.535
2000-12-07,2.465
2000-12-08,2.495
2000-12-11,2.455
2000-12-12,2.445
2000-12-13,2.445
2000-12-14,2.425
2000-12-15,2.395
2000-12-18,2.435
2000-12-19,2.465
2000-12-20,2.45
2000-12-21,2.475
2000-12-22,2.485
2000-12-26,2.485
2000-12-27,2.475
2000-12-28,2.415
2000-12-29,2.48
2001-01-02,2.455
2001-01-03,2.525
2001-01-04,2.535
2001-01-05,2.525
2001-01-08,2.525
2001-01-09,2.545
2001-01-10,2.585
2001-01-11,2.595
2001-01-12,2.585
2001-01-16,2.545
2001-01-17,2.505
2001-01-18,2.525
2001-01-19,2.535
2001-01-22,2.535
2001-01-23,2.535
2001-01-24,2.505
2001-01-25,2.44
2001-01-26,2.455
2001-01-29,2.405
2001-01-30,2.44
2001-01-31,2.47
2001-02-01,2.47
2001-02-02,2.495
2001-02-05,2.465
2001-02-06,2.465
2001-02-07,2.49
2001-02-08,2.485
2001-02-09,2.565
2001-02-12,2.525
2001-02-13,2.555
2001-02-14,2.625
2001-02-15,2.63
2001-02-16,2.595
2001-02-20,2.615
2001-02-21,2.585
2001-02-22,2.555
2001-02-23,2.57
2001-02-26,2.555
2001-02-27,2.555
2001-02-28,2.625
2001-03-01,2.645
2001-03-02,2.675
2001-03-05,2.705
2001-03-06,2.69
2001-03-07,2.66
2001-03-08,2.665
2001-03-09,2.66
2001-03-12,2.715
2001-03-13,2.705
2001-03-14,2.685
2001-03-15,2.575
2001-03-16,2.495
2001-03-19,2.455
2001-03-20,2.475
2001-03-21,2.405
2001-03-22,2.325
2001-03-23,2.355
2001-03-26,2.385
2001-03-27,2.375
2001-03-28,2.345
2001-03-29,2.355
2001-03-30,2.265
2001-04-02,2.295
2001-04-03,2.315
2001-04-04,2.375
2001-04-05,2.36
2001-04-06,2.345
2001-04-09,2.305
2001-04-10,2.265
2001-04-11,2.305
2001-04-12,2.36
2001-04-16,2.4
2001-04-17,2.37
2001-04-18,2.395
2001-04-19,2.405
2001-04-20,2.425
2001-04-23,2.43
2001-04-24,2.45
2001-04-25,2.505
2001-04-26,2.525
2001-04-27,2.475
2001-04-30,2.545
2001-05-01,2.525
2001-05-02,2.495
2001-05-03,2.445
2001-05-04,2.495
2001-05-07,2.445
2001-05-08,2.415
2001-05-09,2.425
2001-05-10,2.445
2001-05-11,2.465
2001-05-14,2.525
2001-05-15,2.535
2001-05-16,2.525
2001-05-17,2.525
2001-05-18,2.485
2001-05-21,2.385
2001-05-22,2.36
2001-05-23,2.365
2001-05-24,2.385
2001-05-25,2.365
2001-05-29,2.395
2001-05-30,2.385
2001-05-31,2.415
2001-06-01,2.455
2001-06-04,2.395
2001-06-05,2.365
2001-06-06,2.375
2001-06-07,2.405
2001-06-08,2.425
2001-06-11,2.405
2001-06-12,2.425
2001-06-13,2.415
2001-06-14,2.385
2001-06-15,2.375
2001-06-18,2.485
2001-06-19,2.515
2001-06-20,2.46
2001-06-21,2.435
2001-06-22,2.39
2001-06-25,2.345
2001-06-26,2.365
2001-06-27,2.36
2001-06-28,2.36
2001-06-29,2.41
2001-07-02,2.44
2001-07-03,2.505
2001-07-05,2.535
2001-07-06,2.555
2001-07-09,2.56
2001-07-10,2.595
2001-07-11,2.625
2001-07-12,2.76
2001-07-13,2.72
2001-07-16,2.715
2001-07-17,2.775
2001-07-18,2.75
2001-07-19,2.785
2001-07-20,2.735
2001-07-23,2.715
2001-07-24,2.705
2001-07-25,2.705
2001-07-26,2.695
2001-07-27,2.685
2001-07-30,2.645
2001-07-31,2.655
2001-08-01,2.615
2001-08-02,2.57
2001-08-03,2.5151
2001-08-06,2.515
2001-08-07,2.535
2001-08-08,2.565
2001-08-09,2.605
2001-08-10,2.595
2001-08-13,2.625
2001-08-14,2.595
2001-08-15,2.555
2001-08-16,2.555
2001-08-17,2.565
2001-08-20,2.555
2001-08-21,2.615
2001-08-22,2.645
2001-08-23,2.73
2001-08-24,2.71
2001-08-27,2.695
2001-08-28,2.655
2001-08-29,2.695
2001-08-30,2.63
2001-08-31,2.675
2001-09-04,2.655
2001-09-05,2.645
2001-09-06,2.615
2001-09-07,2.615
2001-09-10,2.625
2001-09-11,2.625
2001-09-12,2.625
2001-09-13,2.705
2001-09-14,2.605
2001-09-17,2.635
2001-09-18,2.545
2001-09-19,2.485
2001-09-20,2.495
2001-09-21,2.49
2001-09-24,2.47
2001-09-25,2.51
2001-09-26,2.565
2001-09-27,2.525
2001-09-28,2.485
2001-10-01,2.445
2001-10-02,2.425
2001-10-03,2.545
2001-10-04,2.595
2001-10-05,2.615
2001-10-08,2.575
2001-10-09,2.625
2001-10-10,2.765
2001-10-11,2.765
2001-10-12,2.735
2001-10-15,2.715
2001-10-16,2.775
2001-10-17,2.865
2001-10-18,2.825
2001-10-19,2.855
2001-10-22,2.745
2001-10-23,2.79
2001-10-24,2.785
2001-10-25,2.855
2001-10-26,2.91
2001-10-29,2.825
2001-10-30,2.865
2001-10-31,2.865
2001-11-01,2.825
2001-11-02,2.825
2001-11-05,2.845
2001-11-06,2.855
2001-11-07,2.88
2001-11-08,2.865
2001-11-09,2.905
2001-11-12,2.875
2001-11-13,2.825
2001-11-14,2.825
2001-11-15,2.825
2001-11-16,2.995
2001-11-19,2.975
2001-11-20,2.985
2001-11-21,2.975
2001-11-23,2.975
2001-11-26,2.87
2001-11-27,2.905
2001-11-28,2.855
2001-11-29,2.85
2001-11-30,2.945
2001-12-03,2.945
2001-12-04,2.915
2001-12-05,2.925
2001-12-06,2.925
2001-12-07,2.905
2001-12-10,2.91
2001-12-11,2.955
2001-12-12,2.945
2001-12-13,2.915
2001-12-14,2.945
2001-12-17,2.945
2001-12-18,2.945
2001-12-19,3.045
2001-12-20,2.975
2001-12-21,3.0
2001-12-24,3.0
2001-12-26,2.945
2001-12-27,3.005
2001-12-28,3.025
2001-12-31,3.005
2002-01-02,3.025
2002-01-03,3.115
2002-01-04,3.145
2002-01-07,3.125
2002-01-08,3.135
2002-01-09,3.115
2002-01-10,3.125
2002-01-11,3.165
2002-01-14,3.105
2002-01-15,3.035
2002-01-16,3.035
2002-01-17,2.985
2002-01-18,2.965
2002-01-22,2.965
2002-01-23,2.975
2002-01-24,3.005
2002-01-25,3.01
2002-01-28,2.945
2002-01-29,2.925
2002-01-30,2.875
2002-01-31,2.875
2002-02-01,2.895
2002-02-04,2.895
2002-02-05,2.845
2002-02-06,2.855
2002-02-07,2.865
2002-02-08,2.87
2002-02-11,2.845
2002-02-12,2.875
2002-02-13,2.875
2002-02-14,2.88
2002-02-15,2.82
2002-02-19,2.825
2002-02-20,2.865
2002-02-21,2.845
2002-02-22,2.865
2002-02-25,2.845
2002-02-26,2.795
2002-02-27,2.765
2002-02-28,2.745
2002-03-01,2.795
2002-03-04,2.805
2002-03-05,2.855
2002-03-06,2.845
2002-03-07,2.825
2002-03-08,2.805
2002-03-11,2.765
2002-03-12,2.785
2002-03-13,2.845
2002-03-14,2.895
2002-03-15,2.925
2002-03-18,2.905
2002-03-19,2.965
2002-03-20,2.945
2002-03-21,3.005
2002-03-22,3.005
2002-03-25,2.995
2002-03-26,3.055
2002-03-27,3.115
2002-03-28,3.005
2002-04-01,3.005
2002-04-02,2.965
2002-04-03,2.965
2002-04-04,2.915
2002-04-05,2.905
2002-04-08,2.865
2002-04-09,2.845
2002-04-10,2.875
2002-04-11,2.875
2002-04-12,2.885
2002-04-15,2.865
2002-04-16,2.895
2002-04-17,2.915
2002-04-18,2.845
2002-04-19,2.835
2002-04-22,2.815
2002-04-23,2.815
2002-04-24,2.805
2002-04-25,2.775
2002-04-26,2.755
2002-04-29,2.695
2002-04-30,2.715
2002-05-01,2.765
2002-05-02,2.705
2002-05-03,2.745
2002-05-06,2.775
2002-05-07,2.805
2002-05-08,2.795
2002-05-09,2.795
2002-05-10,2.795
2002-05-13,2.865
2002-05-14,2.825
2002-05-15,2.875
2002-05-16,2.755
2002-05-17,2.745
2002-05-20,2.775
2002-05-21,2.735
2002-05-22,2.685
2002-05-23,2.685
2002-05-24,2.695
2002-05-28,2.735
2002-05-29,2.735
2002-05-30,2.775
2002-05-31,2.845
2002-06-03,2.875
2002-06-04,2.845
2002-06-05,2.855
2002-06-06,2.835
2002-06-07,2.785
2002-06-10,2.795
2002-06-11,2.795
2002-06-12,2.845
2002-06-13,2.975
2002-06-14,2.975
2002-06-17,2.885
2002-06-18,2.925
2002-06-19,2.945
2002-06-20,2.965
2002-06-21,2.935
2002-06-24,2.925
2002-06-25,2.915
2002-06-26,2.915
2002-06-27,3.045
2002-06-28,3.015
2002-07-01,3.095
2002-07-02,3.085
2002-07-03,3.075
2002-07-05,3.095
2002-07-08,3.035
2002-07-09,3.055
2002-07-10,3.095
2002-07-11,3.105
2002-07-12,3.095
2002-07-15,3.155
2002-07-16,3.255
2002-07-17,3.225
2002-07-18,3.225
2002-07-19,3.195
2002-07-22,3.295
2002-07-23,3.225
2002-07-24,3.255
2002-07-25,3.245
2002-07-26,3.245
2002-07-29,3.155
2002-07-30,3.085
2002-07-31,3.135
2002-08-01,3.135
2002-08-02,3.145
2002-08-05,3.185
2002-08-06,3.225
2002-08-07,3.315
2002-08-08,3.245
2002-08-09,3.275
2002-08-12,3.315
2002-08-13,3.375
2002-08-14,3.375
2002-08-15,3.305
2002-08-16,3.255
2002-08-19,3.355
2002-08-20,3.255
2002-08-21,3.295
2002-08-22,3.295
2002-08-23,3.375
2002-08-26,3.235
2002-08-27,3.39
2002-08-28,3.31
2002-08-29,3.32
2002-08-30,3.355
2002-09-03,3.635
2002-09-04,3.735
2002-09-05,3.835
2002-09-06,4.025
2002-09-09,4.125
2002-09-10,4.055
2002-09-11,4.025
2002-09-12,3.955
2002-09-13,3.845
2002-09-16,3.935
2002-09-17,3.995
2002-09-18,4.095
2002-09-19,3.905
2002-09-20,3.925
2002-09-23,3.835
2002-09-24,3.975
2002-09-25,3.835
2002-09-26,3.945
2002-09-27,3.955
2002-09-30,3.875
2002-10-01,3.875
2002-10-02,3.785
2002-10-03,3.665
2002-10-04,3.745
2002-10-07,3.755
2002-10-08,3.725
2002-10-09,3.665
2002-10-10,3.605
2002-10-11,3.635
2002-10-14,3.615
2002-10-15,3.985
2002-10-16,4.125
2002-10-17,4.115
2002-10-18,4.165
2002-10-21,4.195
2002-10-22,4.155
2002-10-23,4.055
2002-10-24,4.155
2002-10-25,4.145
2002-10-28,4.255
2002-10-29,4.285
2002-10-30,4.145
2002-10-31,4.115
2002-11-01,4.225
2002-11-04,4.135
2002-11-05,4.125
2002-11-06,4.055
2002-11-07,4.085
2002-11-08,3.965
2002-11-11,3.965
2002-11-12,3.925
2002-11-13,4.045
2002-11-14,4.175
2002-11-15,4.155
2002-11-18,4.015
2002-11-19,4.09
2002-11-20,3.995
2002-11-21,3.925
2002-11-22,3.905
2002-11-25,4.005
2002-11-26,3.915
2002-11-27,3.965
2002-11-29,3.965
2002-12-02,3.905
2002-12-03,3.765
2002-12-04,3.795
2002-12-05,3.715
2002-12-06,3.755
2002-12-09,3.775
2002-12-10,3.705
2002-12-11,3.725
2002-12-12,3.725
2002-12-13,3.715
2002-12-16,3.715
2002-12-17,3.775
2002-12-18,3.815
2002-12-19,3.675
2002-12-20,3.635
2002-12-23,3.675
2002-12-24,3.675
2002-12-26,3.595
2002-12-27,3.545
2002-12-30,3.445
2002-12-31,3.415
2003-01-02,3.495
2003-01-03,3.515
2003-01-06,3.525
2003-01-07,3.485
2003-01-08,3.615
2003-01-09,3.475
2003-01-10,3.445
2003-01-13,3.325
2003-01-14,3.355
2003-01-15,3.345
2003-01-16,3.315
2003-01-17,3.375
2003-01-21,3.395
2003-01-22,3.345
2003-01-23,3.265
2003-01-24,3.445
2003-01-27,3.375
2003-01-28,3.495
2003-01-29,3.455
2003-01-30,3.495
2003-01-31,3.495
2003-02-03,3.555
2003-02-04,3.535
2003-02-05,3.545
2003-02-06,3.615
2003-02-07,3.605
2003-02-10,3.615
2003-02-11,3.585
2003-02-12,3.545
2003-02-13,3.585
2003-02-14,3.665
2003-02-18,3.655
2003-02-19,3.585
2003-02-20,3.645
2003-02-21,3.595
2003-02-24,3.525
2003-02-25,3.525
2003-02-26,3.515
2003-02-27,3.405
2003-02-28,3.385
2003-03-03,3.425
2003-03-04,3.455
2003-03-05,3.385
2003-03-06,3.365
2003-03-07,3.285
2003-03-10,3.255
2003-03-11,3.205
2003-03-12,3.165
2003-03-13,3.195
2003-03-14,3.185
2003-03-17,3.115
2003-03-18,3.195
2003-03-19,3.195
2003-03-20,3.195
2003-03-21,3.105
2003-03-24,3.045
2003-03-25,3.075
2003-03-26,3.145
2003-03-27,3.155
2003-03-28,3.105
2003-03-31,3.165
2003-04-01,3.125
2003-04-02,3.175
2003-04-03,3.145
2003-04-04,3.195
2003-04-07,3.245
2003-04-08,3.195
2003-04-09,3.205
2003-04-10,3.195
2003-04-11,3.175
2003-04-14,3.125
2003-04-15,3.195
2003-04-16,3.155
2003-04-17,3.205
2003-04-21,3.2425
2003-04-22,3.295
2003-04-23,3.355
2003-04-24,3.295
2003-04-25,3.305
2003-04-28,3.155
2003-04-29,3.045
2003-04-30,3.065
2003-05-01,3.035
2003-05-02,3.075
2003-05-05,3.065
2003-05-06,3.135
2003-05-07,3.195
2003-05-08,3.195
2003-05-09,3.415
2003-05-12,3.485
2003-05-13,3.425
2003-05-14,3.435
2003-05-15,3.515
2003-05-16,3.515
2003-05-19,3.325
2003-05-20,3.385
2003-05-21,3.345
2003-05-22,3.375
2003-05-23,3.265
2003-05-27,3.305
2003-05-28,3.215
2003-05-29,3.255
2003-05-30,3.265
2003-06-02,3.205
2003-06-03,3.21
2003-06-04,3.155
2003-06-05,3.255
2003-06-06,3.255
2003-06-09,3.295
2003-06-10,3.385
2003-06-11,3.365
2003-06-12,3.435
2003-06-13,3.26
2003-06-16,3.25
2003-06-17,3.215
2003-06-18,3.225
2003-06-19,3.22
2003-06-20,3.165
2003-06-23,3.08
2003-06-24,3.065
2003-06-25,3.065
2003-06-26,3.03
2003-06-27,2.995
2003-06-30,3.045
2003-07-01,3.09
2003-07-02,3.145
2003-07-03,3.105
2003-07-07,3.09
2003-07-08,2.835
2003-07-09,2.925
2003-07-10,3.235
2003-07-11,3.29
2003-07-14,3.0
2003-07-15,3.21
2003-07-16,3.28
2003-07-17,3.345
2003-07-18,3.42
2003-07-21,3.39
2003-07-22,3.385
2003-07-23,3.21
2003-07-24,3.44
2003-07-25,3.42
2003-07-28,3.475
2003-07-29,3.425
2003-07-30,3.34
2003-07-31,3.425
2003-08-01,3.265
2003-08-04,3.49
2003-08-05,3.47
2003-08-06,3.555
2003-08-07,3.555
2003-08-08,3.51
2003-08-11,3.535
2003-08-12,3.57
2003-08-13,3.42
2003-08-14,3.675
2003-08-15,3.77
2003-08-18,3.825
2003-08-19,3.69
2003-08-20,3.67
2003-08-21,3.64
2003-08-22,3.645
2003-08-25,3.645
2003-08-26,3.6
2003-08-27,3.605
2003-08-28,3.57
2003-08-29,3.57
2003-09-02,3.595
2003-09-03,3.62
2003-09-04,3.555
2003-09-05,3.52
2003-09-08,3.475
2003-09-09,3.42
2003-09-10,3.45
2003-09-11,3.37
2003-09-12,3.345
2003-09-15,3.305
2003-09-16,3.335
2003-09-17,3.285
2003-09-18,3.255
2003-09-19,3.375
2003-09-22,3.305
2003-09-23,3.305
2003-09-24,3.39
2003-09-25,3.455
2003-09-26,3.455
2003-09-29,3.43
2003-09-30,3.465
2003-10-01,3.535
2003-10-02,3.46
2003-10-03,3.405
2003-10-06,3.235
2003-10-07,3.235
2003-10-08,3.12
2003-10-09,3.125
2003-10-10,3.12
2003-10-13,3.15
2003-10-14,3.14
2003-10-15,3.26
2003-10-16,3.29
2003-10-17,3.165
2003-10-20,3.22
2003-10-21,3.305
2003-10-22,3.425
2003-10-23,3.56
2003-10-24,3.555
2003-10-27,3.59
2003-10-28,3.735
2003-10-29,3.69
2003-10-30,3.645
2003-10-31,3.61
2003-11-03,3.61
2003-11-04,3.595
2003-11-05,3.81
2003-11-06,3.885
2003-11-07,3.945
2003-11-10,3.945
2003-11-11,4.01
2003-11-12,4.075
2003-11-13,4.1
2003-11-14,4.12
2003-11-17,4.13
2003-11-18,4.005
2003-11-19,3.785
2003-11-20,3.9
2003-11-21,4.085
2003-11-24,4.045
2003-11-25,4.165
2003-11-26,4.165
2003-11-28,4.145
2003-12-01,4.265
2003-12-02,4.245
2003-12-03,4.315
2003-12-04,4.275
2003-12-05,4.175
2003-12-08,4.235
2003-12-09,4.175
2003-12-10,4.105
2003-12-11,4.015
2003-12-12,4.065
2003-12-15,4.005
2003-12-16,4.025
2003-12-17,3.995
2003-12-18,4.055
2003-12-19,4.025
2003-12-22,3.955
2003-12-23,3.795
2003-12-24,3.705
2003-12-26,3.705
2003-12-29,3.705
2003-12-30,3.675
2003-12-31,3.775
2004-01-02,4.075
2004-01-05,4.0005
2004-01-06,3.965
2004-01-07,3.975
2004-01-08,3.945
2004-01-09,3.845
2004-01-12,3.985
2004-01-13,3.995
2004-01-14,3.935
2004-01-15,3.845
2004-01-16,3.975
2004-01-20,3.955
2004-01-21,3.935
2004-01-22,3.905
2004-01-23,3.835
2004-01-26,3.815
2004-01-27,3.845
2004-01-28,3.815
2004-01-29,3.885
2004-01-30,4.025
2004-02-02,3.955
2004-02-03,3.935
2004-02-04,3.895
2004-02-05,3.965
2004-02-06,3.845
2004-02-09,3.995
2004-02-10,4.025
2004-02-11,4.065
2004-02-12,4.005
2004-02-13,4.045
2004-02-17,3.895
2004-02-18,3.775
2004-02-19,3.855
2004-02-20,3.845
2004-02-23,4.055
2004-02-24,4.095
2004-02-25,4.055
2004-02-26,4.055
2004-02-27,4.055
2004-03-01,3.995
2004-03-02,3.935
2004-03-03,3.935
2004-03-04,3.955
2004-03-05,3.865
2004-03-08,3.835
2004-03-09,3.835
2004-03-10,3.795
2004-03-11,3.87
2004-03-12,3.895
2004-03-15,3.965
2004-03-16,3.93
2004-03-17,4.055
2004-03-18,4.125
2004-03-19,4.125
2004-03-22,4.215
2004-03-23,4.265
2004-03-24,4.255
2004-03-25,4.175
2004-03-26,4.16
2004-03-29,4.155
2004-03-30,4.26
2004-03-31,4.175
2004-04-01,4.2
2004-04-02,4.215
2004-04-05,4.155
2004-04-06,4.145
2004-04-07,4.165
2004-04-08,4.165
2004-04-12,4.095
2004-04-13,3.995
2004-04-14,4.075
2004-04-15,3.895
2004-04-16,3.975
2004-04-19,4.045
2004-04-20,4.035
2004-04-21,3.935
2004-04-22,3.875
2004-04-23,3.835
2004-04-26,3.845
2004-04-27,3.845
2004-04-28,3.855
2004-04-29,3.905
2004-04-30,3.885
2004-05-03,3.985
2004-05-04,4.135
2004-05-05,4.09
2004-05-06,4.04
2004-05-07,4.01
2004-05-10,3.81
2004-05-11,3.75
2004-05-12,3.655
2004-05-13,3.65
2004-05-14,3.555
2004-05-17,3.65
2004-05-18,3.68
2004-05-19,3.735
2004-05-20,3.675
2004-05-21,3.645
2004-05-24,3.755
2004-05-25,3.745
2004-05-26,3.785
2004-05-27,3.675
2004-05-28,3.605
2004-06-01,3.845
2004-06-02,3.715
2004-06-03,3.635
2004-06-04,3.705
2004-06-07,3.79
2004-06-08,3.605
2004-06-09,3.575
2004-06-10,3.475
2004-06-14,3.545
2004-06-15,3.475
2004-06-16,3.445
2004-06-17,3.515
2004-06-18,3.515
2004-06-21,3.585
2004-06-22,3.455
2004-06-23,3.53
2004-06-24,3.445
2004-06-25,3.445
2004-06-28,3.455
2004-06-29,3.445
2004-06-30,3.415
2004-07-01,3.285
2004-07-02,3.445
2004-07-06,3.505
2004-07-07,3.595
2004-07-08,3.575
2004-07-09,3.575
2004-07-12,3.635
2004-07-13,3.485
2004-07-14,3.645
2004-07-15,3.435
2004-07-16,3.375
2004-07-19,3.435
2004-07-20,3.415
2004-07-21,3.345
2004-07-22,3.355
2004-07-23,3.365
2004-07-26,3.315
2004-07-27,3.305
2004-07-28,3.245
2004-07-29,3.265
2004-07-30,3.175
2004-08-02,3.205
2004-08-03,3.205
2004-08-04,3.245
2004-08-05,3.295
2004-08-06,3.295
2004-08-09,3.245
2004-08-10,3.195
2004-08-11,3.125
2004-08-12,3.105
2004-08-13,3.135
2004-08-16,3.195
2004-08-17,3.305
2004-08-18,3.225
2004-08-19,3.305
2004-08-20,3.335
2004-08-23,3.455
2004-08-24,3.375
2004-08-25,3.315
2004-08-26,3.345
2004-08-27,3.255
2004-08-30,3.225
2004-08-31,3.345
2004-09-01,3.405
2004-09-02,3.395
2004-09-03,3.355
2004-09-07,3.295
2004-09-08,3.37
2004-09-09,3.325
2004-09-10,3.405
2004-09-13,3.435
2004-09-14,3.345
2004-09-15,3.385
2004-09-16,3.415
2004-09-17,3.365
2004-09-20,3.295
2004-09-21,3.365
2004-09-22,3.365
2004-09-23,3.255
2004-09-24,3.255
2004-09-27,3.175
2004-09-28,3.145
2004-09-29,3.245
2004-09-30,3.175
2004-10-01,3.155
2004-10-04,3.125
2004-10-05,3.185
2004-10-06,3.165
2004-10-07,3.185
2004-10-08,3.255
2004-10-11,3.265
2004-10-12,3.345
2004-10-13,3.385
2004-10-14,3.515
2004-10-15,3.565
2004-10-18,3.525
2004-10-19,3.585
2004-10-20,3.535
2004-10-21,3.465
2004-10-22,3.415
2004-10-25,3.465
2004-10-26,3.435
2004-10-27,3.445
2004-10-28,3.455
2004-10-29,3.425
2004-11-01,3.345
2004-11-02,3.305
2004-11-03,3.255
2004-11-04,3.275
2004-11-05,3.285
2004-11-08,3.285
2004-11-09,3.355
2004-11-10,3.385
2004-11-11,3.385
2004-11-12,3.395
2004-11-15,3.505
2004-11-16,3.595
2004-11-17,3.695
2004-11-18,3.715
2004-11-19,3.645
2004-11-22,3.615
2004-11-23,3.565
2004-11-24,3.55
2004-11-26,3.55
2004-11-29,3.425
2004-11-30,3.425
2004-12-01,3.395
2004-12-02,3.395
2004-12-03,3.495
2004-12-06,3.495
2004-12-07,3.335
2004-12-08,3.455
2004-12-09,3.445
2004-12-10,3.405
2004-12-13,3.425
2004-12-14,3.395
2004-12-15,3.375
2004-12-16,3.345
2004-12-17,3.495
2004-12-20,3.475
2004-12-21,3.485
2004-12-22,3.445
2004-12-23,3.485
2004-12-27,3.405
2004-12-28,3.405
2004-12-29,3.475
2004-12-30,3.505
2004-12-31,3.505
2005-01-03,3.485
2005-01-04,3.405
2005-01-05,3.455
2005-01-06,3.505
2005-01-07,3.515
2005-01-10,3.475
2005-01-11,3.505
2005-01-12,3.495
2005-01-13,3.505
2005-01-14,3.445
2005-01-18,3.435
2005-01-19,3.515
2005-01-20,3.455
2005-01-21,3.515
2005-01-24,3.545
2005-01-25,3.545
2005-01-26,3.635
2005-01-27,3.445
2005-01-28,3.445
2005-01-31,3.385
2005-02-01,3.475
2005-02-02,3.475
2005-02-03,3.445
2005-02-04,3.465
2005-02-07,3.505
2005-02-08,3.495
2005-02-09,3.455
2005-02-10,3.475
2005-02-11,3.465
2005-02-14,3.555
2005-02-15,3.475
2005-02-16,3.325
2005-02-17,3.375
2005-02-18,3.425
2005-02-22,3.525
2005-02-23,3.575
2005-02-24,3.585
2005-02-25,3.695
2005-02-28,3.745
2005-03-01,3.675
2005-03-02,3.815
2005-03-03,3.805
2005-03-04,3.7775
2005-03-07,3.765
2005-03-08,3.865
2005-03-09,3.805
2005-03-10,3.505
2005-03-11,3.595
2005-03-14,3.555
2005-03-15,3.675
2005-03-16,3.595
2005-03-17,3.655
2005-03-18,3.575
2005-03-21,3.485
2005-03-22,3.535
2005-03-23,3.485
2005-03-24,3.505
2005-03-28,3.495
2005-03-29,3.445
2005-03-30,3.415
2005-03-31,3.365
2005-04-01,3.245
2005-04-04,3.195
2005-04-05,3.145
2005-04-06,3.175
2005-04-07,3.175
2005-04-08,3.125
2005-04-11,3.215
2005-04-12,3.205
2005-04-13,3.195
2005-04-14,3.195
2005-04-15,3.135
2005-04-18,3.115
2005-04-19,3.185
2005-04-20,3.225
2005-04-21,3.235
2005-04-22,3.245
2005-04-25,3.375
2005-04-26,3.395
2005-04-27,3.375
2005-04-28,3.375
2005-04-29,3.395
2005-05-02,3.335
2005-05-03,3.265
2005-05-04,3.245
2005-05-05,3.215
2005-05-06,3.245
2005-05-09,3.205
2005-05-10,3.305
2005-05-11,3.265
2005-05-12,3.225
2005-05-13,3.185
2005-05-16,3.225
2005-05-17,3.245
2005-05-18,3.325
2005-05-19,3.295
2005-05-20,3.325
2005-05-23,3.555
2005-05-24,3.515
2005-05-25,3.495
2005-05-26,3.555
2005-05-27,3.495
2005-05-31,3.395
2005-06-01,3.395
2005-06-02,3.365
2005-06-03,3.375
2005-06-06,3.375
2005-06-07,3.345
2005-06-08,3.225
2005-06-09,3.205
2005-06-10,3.195
2005-06-13,3.205
2005-06-14,3.215
2005-06-15,3.265
2005-06-16,3.245
2005-06-17,3.325
2005-06-20,3.395
2005-06-21,3.365
2005-06-22,3.375
2005-06-23,3.355
2005-06-24,3.515
2005-06-27,3.465
2005-06-28,3.415
2005-06-29,3.355
2005-06-30,3.375
2005-07-01,3.405
2005-07-05,3.525
2005-07-06,3.475
2005-07-07,3.445
2005-07-08,3.335
2005-07-11,3.295
2005-07-12,3.305
2005-07-13,3.405
2005-07-14,3.405
2005-07-15,3.445
2005-07-18,3.445
2005-07-19,3.225
2005-07-20,3.175
2005-07-21,3.115
2005-07-22,3.155
2005-07-25,3.125
2005-07-26,3.145
2005-07-27,3.165
2005-07-28,3.255
2005-07-29,3.225
2005-08-01,3.245
2005-08-02,3.295
2005-08-03,3.235
2005-08-04,3.235
2005-08-05,3.215
2005-08-08,3.245
2005-08-09,3.225
2005-08-10,3.265
2005-08-11,3.275
2005-08-12,3.215
2005-08-15,3.145
2005-08-16,3.045
2005-08-17,3.025
2005-08-18,3.125
2005-08-19,3.165
2005-08-22,3.175
2005-08-23,3.115
2005-08-24,3.025
2005-08-25,2.995
2005-08-26,2.905
2005-08-29,2.72
2005-08-30,2.725
2005-08-31,2.665
2005-09-01,2.845
2005-09-02,2.795
2005-09-06,2.61
2005-09-07,2.645
2005-09-08,2.505
2005-09-09,2.535
2005-09-12,2.545
2005-09-13,2.575
2005-09-14,2.545
2005-09-15,2.525
2005-09-16,2.575
2005-09-19,2.565
2005-09-20,2.695
2005-09-21,2.765
2005-09-22,2.835
2005-09-23,2.685
2005-09-26,2.515
2005-09-27,2.495
2005-09-28,2.535
2005-09-29,2.595
2005-09-30,2.755
2005-10-03,2.755
2005-10-04,2.725
2005-10-05,2.725
2005-10-06,2.825
2005-10-07,2.755
2005-10-10,2.585
2005-10-11,2.545
2005-10-12,2.765
2005-10-13,2.725
2005-10-14,2.795
2005-10-17,2.765
2005-10-18,2.785
2005-10-19,2.865
2005-10-20,2.875
2005-10-21,2.825
2005-10-24,2.885
2005-10-25,2.925
2005-10-26,2.915
2005-10-27,2.915
2005-10-28,2.845
2005-10-31,3.065
2005-11-01,3.065
2005-11-02,3.075
2005-11-03,3.215
2005-11-04,3.225
2005-11-07,3.215
2005-11-08,3.245
2005-11-09,3.265
2005-11-10,3.205
2005-11-11,3.205
2005-11-14,3.165
2005-11-15,3.115
2005-11-16,3.125
2005-11-17,3.135
2005-11-18,3.115
2005-11-21,3.085
2005-11-22,3.075
2005-11-23,3.075
2005-11-25,3.075
2005-11-28,3.075
2005-11-29,3.105
2005-11-30,3.205
2005-12-01,3.215
2005-12-02,3.195
2005-12-05,3.205
2005-12-06,3.085
2005-12-07,3.055
2005-12-08,2.955
2005-12-09,2.945
2005-12-12,3.035
2005-12-13,3.075
2005-12-14,3.115
2005-12-15,3.075
2005-12-16,3.085
2005-12-19,3.115
2005-12-20,3.145
2005-12-21,3.135
2005-12-22,3.195
2005-12-23,3.245
2005-12-27,3.335
2005-12-28,3.375
2005-12-29,3.245
2005-12-30,3.275
2006-01-03,3.395
2006-01-04,3.445
2006-01-05,3.375
2006-01-06,3.285
2006-01-09,3.235
2006-01-10,3.275
2006-01-11,3.32
2006-01-12,3.43
2006-01-13,3.395
2006-01-17,3.335
2006-01-18,3.275
2006-01-19,3.315
2006-01-20,3.325
2006-01-23,3.325
2006-01-24,3.435
2006-01-25,3.475
2006-01-26,3.455
2006-01-27,3.425
2006-01-30,3.425
2006-01-31,3.395
2006-02-01,3.345
2006-02-02,3.405
2006-02-03,3.465
2006-02-06,3.455
2006-02-07,3.405
2006-02-08,3.445
2006-02-09,3.485
2006-02-10,3.425
2006-02-13,3.39
2006-02-14,3.435
2006-02-15,3.505
2006-02-16,3.565
2006-02-17,3.655
2006-02-21,3.685
2006-02-22,3.635
2006-02-23,3.655
2006-02-24,3.655
2006-02-27,3.665
2006-02-28,3.635
2006-03-01,3.605
2006-03-02,3.625
2006-03-03,3.675
2006-03-06,3.605
2006-03-07,3.635
2006-03-08,3.595
2006-03-09,3.545
2006-03-10,3.545
2006-03-13,3.545
2006-03-14,3.385
2006-03-15,3.355
2006-03-16,3.255
2006-03-17,3.365
2006-03-20,3.315
2006-03-21,3.405
2006-03-22,3.375
2006-03-23,3.325
2006-03-24,3.305
2006-03-27,3.295
2006-03-28,3.305
2006-03-29,3.305
2006-03-30,3.325
2006-03-31,3.305
2006-04-03,3.255
2006-04-04,3.305
2006-04-05,3.355
2006-04-06,3.415
2006-04-07,3.405
2006-04-10,3.515
2006-04-11,3.575
2006-04-12,3.505
2006-04-13,3.475
2006-04-17,3.395
2006-04-18,3.475
2006-04-19,3.495
2006-04-20,3.505
2006-04-21,3.505
2006-04-24,3.475
2006-04-25,3.465
2006-04-26,3.525
2006-04-27,3.465
2006-04-28,3.475
2006-05-01,3.535
2006-05-02,3.535
2006-05-03,3.535
2006-05-04,3.505
2006-05-05,3.605
2006-05-08,3.645
2006-05-09,3.705
2006-05-10,3.725
2006-05-11,3.775
2006-05-12,3.845
2006-05-15,3.815
2006-05-16,3.755
2006-05-17,3.775
2006-05-18,3.735
2006-05-19,3.705
2006-05-22,3.805
2006-05-23,3.545
2006-05-24,3.595
2006-05-25,3.745
2006-05-26,3.785
2006-05-30,3.745
2006-05-31,3.635
2006-06-01,3.635
2006-06-02,3.755
2006-06-05,3.625
2006-06-06,3.465
2006-06-07,3.495
2006-06-08,3.485
2006-06-09,3.365
2006-06-12,3.665
2006-06-13,3.275
2006-06-14,3.205
2006-06-15,3.275
2006-06-16,3.245
2006-06-19,3.245
2006-06-20,3.315
2006-06-21,3.365
2006-06-22,3.315
2006-06-23,3.285
2006-06-26,3.345
2006-06-27,3.495
2006-06-28,3.435
2006-06-29,3.395
2006-06-30,3.405
2006-07-03,3.435
2006-07-05,3.465
2006-07-06,3.415
2006-07-07,3.365
2006-07-10,3.4475
2006-07-11,3.435
2006-07-12,3.465
2006-07-13,3.275
2006-07-14,3.295
2006-07-17,3.245
2006-07-18,3.295
2006-07-19,3.245
2006-07-20,3.245
2006-07-21,3.255
2006-07-24,3.335
2006-07-25,3.335
2006-07-26,3.125
2006-07-27,3.185
2006-07-28,3.215
2006-07-31,3.305
2006-08-01,3.305
2006-08-02,3.415
2006-08-03,3.295
2006-08-04,3.305
2006-08-07,3.285
2006-08-08,3.195
2006-08-09,3.295
2006-08-10,3.275
2006-08-11,3.165
2006-08-14,3.185
2006-08-15,3.245
2006-08-16,3.195
2006-08-17,3.105
2006-08-18,3.115
2006-08-21,3.115
2006-08-22,3.095
2006-08-23,3.155
2006-08-24,3.255
2006-08-25,3.345
2006-08-28,3.425
2006-08-29,3.385
2006-08-30,3.605
2006-08-31,3.635
2006-09-01,3.635
2006-09-05,3.715
2006-09-06,3.635
2006-09-07,3.695
2006-09-08,3.695
2006-09-11,3.655
2006-09-12,3.575
2006-09-13,3.535
2006-09-14,3.495
2006-09-15,3.515
2006-09-18,3.555
2006-09-19,3.685
2006-09-20,3.705
2006-09-21,3.845
2006-09-22,3.815
2006-09-25,3.835
2006-09-26,3.925
2006-09-27,3.975
2006-09-28,4.225
2006-09-29,4.225
2006-10-02,4.415
2006-10-03,4.105
2006-10-04,4.355
2006-10-05,4.285
2006-10-06,4.305
2006-10-09,4.605
2006-10-10,4.595
2006-10-11,4.915
2006-10-12,4.765
2006-10-13,4.915
2006-10-16,5.085
2006-10-17,4.965
2006-10-18,4.875
2006-10-19,4.905
2006-10-20,4.865
2006-10-23,5.015
2006-10-24,5.075
2006-10-25,5.015
2006-10-26,4.945
2006-10-27,4.915
2006-10-30,4.785
2006-10-31,4.625
2006-11-01,4.675
2006-11-02,4.715
2006-11-03,4.705
2006-11-06,4.705
2006-11-07,4.745
2006-11-08,4.815
2006-11-09,4.655
2006-11-10,4.655
2006-11-13,4.544
2006-11-14,4.665
2006-11-15,4.615
2006-11-16,4.485
2006-11-17,4.545
2006-11-20,4.545
2006-11-21,4.595
2006-11-22,4.665
2006-11-24,4.665
2006-11-27,4.725
2006-11-28,4.725
2006-11-29,4.765
2006-11-30,4.895
2006-12-01,4.995
2006-12-04,4.965
2006-12-05,5.005
2006-12-06,4.775
2006-12-07,4.735
2006-12-08,4.645
2006-12-11,4.695
2006-12-12,4.845
2006-12-13,4.715
2006-12-14,4.725
2006-12-15,4.765
2006-12-18,4.705
2006-12-19,4.665
2006-12-20,4.665
2006-12-21,4.755
2006-12-22,4.865
2006-12-26,4.895
2006-12-27,4.815
2006-12-28,4.785
2006-12-29,4.755
2007-01-02,5.01
2007-01-03,4.425
2007-01-04,4.405
2007-01-05,4.455
2007-01-08,4.415
2007-01-09,4.335
2007-01-10,4.265
2007-01-11,4.185
2007-01-12,4.345
2007-01-16,4.185
2007-01-17,4.365
2007-01-18,4.345
2007-01-19,4.365
2007-01-22,4.345
2007-01-23,4.515
2007-01-24,4.385
2007-01-25,4.385
2007-01-26,4.335
2007-01-29,4.235
2007-01-30,4.245
2007-01-31,4.325
2007-02-01,4.275
2007-02-02,4.285
2007-02-05,4.265
2007-02-06,4.205
2007-02-07,4.215
2007-02-08,4.235
2007-02-09,4.245
2007-02-12,4.225
2007-02-13,4.225
2007-02-14,4.205
2007-02-15,4.225
2007-02-16,4.375
2007-02-20,4.345
2007-02-21,4.455
2007-02-22,4.595
2007-02-23,4.535
2007-02-26,4.525
2007-02-27,4.435
2007-02-28,4.495
2007-03-01,4.405
2007-03-02,4.355
2007-03-05,4.425
2007-03-06,4.245
2007-03-07,4.355
2007-03-08,4.185
2007-03-09,4.195
2007-03-12,4.135
2007-03-13,3.995
2007-03-14,3.955
2007-03-15,3.885
2007-03-16,4.03
2007-03-19,4.005
2007-03-20,4.085
2007-03-21,4.195
2007-03-22,4.205
2007-03-23,4.125
2007-03-26,4.105
2007-03-27,4.115
2007-03-28,4.165
2007-03-29,4.215
2007-03-30,4.005
2007-04-02,3.885
2007-04-03,3.805
2007-04-04,3.935
2007-04-05,4.065
2007-04-09,4.095
2007-04-10,4.225
2007-04-11,4.205
2007-04-12,4.275
2007-04-13,4.485
2007-04-16,4.445
2007-04-17,4.505
2007-04-18,4.475
2007-04-19,4.715
2007-04-20,4.845
2007-04-23,4.775
2007-04-24,4.675
2007-04-25,4.905
2007-04-26,4.915
2007-04-27,4.855
2007-04-30,4.675
2007-05-01,4.725
2007-05-02,4.705
2007-05-03,4.715
2007-05-04,4.715
2007-05-07,4.705
2007-05-08,4.605
2007-05-09,4.615
2007-05-10,4.515
2007-05-11,4.785
2007-05-14,4.715
2007-05-15,4.765
2007-05-16,4.715
2007-05-17,4.565
2007-05-18,4.395
2007-05-21,4.465
2007-05-22,4.375
2007-05-23,4.316
2007-05-24,4.555
2007-05-25,4.645
2007-05-29,4.545
2007-05-30,4.715
2007-05-31,4.745
2007-06-01,4.745
2007-06-04,4.755
2007-06-05,4.825
2007-06-06,4.755
2007-06-07,4.775
2007-06-08,4.745
2007-06-11,4.955
2007-06-12,5.045
2007-06-13,5.195
2007-06-14,5.415
2007-06-15,5.415
2007-06-18,5.355
2007-06-19,5.305
2007-06-20,5.475
2007-06-21,5.485
2007-06-22,5.385
2007-06-25,5.365
2007-06-26,5.535
2007-06-27,5.545
2007-06-28,5.655
2007-06-29,5.335
2007-07-02,5.245
2007-07-03,5.245
2007-07-05,5.535
2007-07-06,5.585
2007-07-09,5.495
2007-07-10,5.495
2007-07-11,5.695
2007-07-12,5.625
2007-07-13,5.525
2007-07-16,5.335
2007-07-17,5.365
2007-07-18,5.645
2007-07-19,5.595
2007-07-20,5.505
2007-07-23,5.515
2007-07-24,5.815
2007-07-25,5.815
2007-07-26,5.925
2007-07-27,5.945
2007-07-30,5.775
2007-07-31,5.705
2007-08-01,5.725
2007-08-02,5.835
2007-08-03,5.795
2007-08-06,5.925
2007-08-07,5.955
2007-08-08,6.005
2007-08-09,5.955
2007-08-10,5.885
2007-08-13,5.905
2007-08-14,6.165
2007-08-15,6.035
2007-08-16,5.985
2007-08-17,5.995
2007-08-20,6.025
2007-08-21,6.215
2007-08-22,6.325
2007-08-23,6.255
2007-08-24,6.355
2007-08-27,6.265
2007-08-28,6.255
2007-08-29,6.565
2007-08-30,6.895
2007-08-31,6.835
2007-09-04,7.055
2007-09-05,7.355
2007-09-06,7.355
2007-09-07,7.555
2007-09-10,7.875
2007-09-11,8.205
2007-09-12,7.865
2007-09-13,7.745
2007-09-14,7.755
2007-09-17,8.095
2007-09-18,8.055
2007-09-19,7.845
2007-09-20,7.895
2007-09-21,8.135
2007-09-24,8.325
2007-09-25,8.435
2007-09-26,8.735
2007-09-27,8.805
2007-09-28,8.865
2007-10-01,9.105
2007-10-02,8.685
2007-10-03,8.805
2007-10-04,8.555
2007-10-05,8.345
2007-10-08,8.045
2007-10-09,7.905
2007-10-10,7.975
2007-10-11,8.275
2007-10-12,8.025
2007-10-15,7.835
2007-10-16,7.835
2007-10-17,7.755
2007-10-18,7.855
2007-10-19,7.855
2007-10-22,8.305
2007-10-23,8.005
2007-10-24,7.655
2007-10-25,7.665
2007-10-26,7.645
2007-10-29,7.945
2007-10-30,7.855
2007-10-31,7.825
2007-11-01,7.575
2007-11-02,7.585
2007-11-05,7.645
2007-11-06,7.735
2007-11-07,7.675
2007-11-08,7.365
2007-11-09,7.385
2007-11-12,7.405
2007-11-13,7.375
2007-11-14,7.325
2007-11-15,7.505
2007-11-16,7.345
2007-11-19,7.405
2007-11-20,7.585
2007-11-21,7.885
2007-11-23,7.885
2007-11-26,7.995
2007-11-27,8.145
2007-11-28,8.445
2007-11-29,8.565
2007-11-30,8.535
2007-12-03,8.345
2007-12-04,8.515
2007-12-05,8.425
2007-12-06,8.495
2007-12-07,8.765
2007-12-10,8.765
2007-12-11,8.555
2007-12-12,8.705
2007-12-13,8.735
2007-12-14,8.995
2007-12-17,8.855
2007-12-18,8.665
2007-12-19,8.885
2007-12-20,8.685
2007-12-21,8.635
2007-12-24,8.635
2007-12-26,8.555
2007-12-27,8.295
2007-12-28,8.295
2007-12-31,8.045
2008-01-02,8.445
2008-01-03,8.745
2008-01-04,8.615
2008-01-07,8.325
2008-01-08,8.375
2008-01-09,8.195
2008-01-10,8.125
2008-01-11,8.385
2008-01-14,8.415
2008-01-15,8.565
2008-01-16,8.465
2008-01-17,8.505
2008-01-18,8.795
2008-01-22,8.405
2008-01-23,7.985
2008-01-24,8.235
2008-01-25,8.605
2008-01-28,8.975
2008-01-29,8.785
2008-01-30,8.785
2008-01-31,8.785
2008-02-01,8.785
2008-02-04,9.125
2008-02-05,9.475
2008-02-06,9.675
2008-02-07,9.845
2008-02-08,10.145
2008-02-11,9.645
2008-02-12,9.235
2008-02-13,9.085
2008-02-14,9.385
2008-02-15,9.345
2008-02-19,9.415
2008-02-20,9.195
2008-02-21,9.395
2008-02-22,9.595
2008-02-25,10.245
2008-02-26,11.145
2008-02-27,11.945
2008-02-28,10.385
2008-02-29,10.335
2008-03-03,11.5
2008-03-04,9.175
2008-03-05,9.345
2008-03-06,9.515
2008-03-07,9.245
2008-03-10,9.775
2008-03-11,10.475
2008-03-12,10.485
2008-03-13,10.085
2008-03-14,9.565
2008-03-17,9.015
2008-03-18,9.375
2008-03-19,8.475
2008-03-20,7.865
2008-03-24,8.185
2008-03-25,8.685
2008-03-26,8.325
2008-03-27,8.155
2008-03-28,7.955
2008-03-31,7.365
2008-04-01,7.125
2008-04-02,7.505
2008-04-03,7.525
2008-04-04,8.015
2008-04-07,7.445
2008-04-08,7.575
2008-04-09,7.565
2008-04-10,7.555
2008-04-11,7.405
2008-04-14,7.405
2008-04-15,7.455
2008-04-16,7.735
2008-04-17,7.625
2008-04-18,7.195
2008-04-21,6.995
2008-04-22,7.055
2008-04-23,6.815
2008-04-24,6.685
2008-04-25,6.505
2008-04-28,6.755
2008-04-29,6.435
2008-04-30,6.305
2008-05-01,6.195
2008-05-02,6.385
2008-05-05,6.355
2008-05-06,6.475
2008-05-07,6.375
2008-05-08,6.515
2008-05-09,6.345
2008-05-12,6.255
2008-05-13,5.955
2008-05-14,5.535
2008-05-15,5.715
2008-05-16,5.755
2008-05-19,6.005
2008-05-20,5.955
2008-05-21,5.875
2008-05-22,5.545
2008-05-23,5.625
2008-05-27,5.685
2008-05-28,5.585
2008-05-29,5.535
2008-05-30,5.615
2008-06-02,5.475
2008-06-03,5.155
2008-06-04,5.225
2008-06-05,5.555
2008-06-06,5.805
2008-06-09,5.585
2008-06-10,5.785
2008-06-11,6.385
2008-06-12,6.205
2008-06-13,6.515
2008-06-16,6.465
2008-06-17,6.675
2008-06-18,6.735
2008-06-19,6.505
2008-06-20,6.415
2008-06-23,6.415
2008-06-24,6.515
2008-06-25,6.765
2008-06-26,6.935
2008-06-27,6.655
2008-06-30,6.105
2008-07-01,6.195
2008-07-02,6.245
2008-07-03,6.225
2008-07-07,5.755
2008-07-08,5.915
2008-07-09,6.005
2008-07-10,5.975
2008-07-11,6.155
2008-07-14,6.075
2008-07-15,6.105
2008-07-16,6.285
2008-07-17,5.895
2008-07-18,5.835
2008-07-21,5.555
2008-07-22,5.615
2008-07-23,5.475
2008-07-24,5.475
2008-07-25,5.955
2008-07-28,5.825
2008-07-29,5.815
2008-07-30,5.875
2008-07-31,5.835
2008-08-01,5.835
2008-08-04,5.535
2008-08-05,5.925
2008-08-06,5.835
2008-08-07,6.215
2008-08-08,5.795
2008-08-11,6.085
2008-08-12,5.945
2008-08-13,6.545
2008-08-14,6.625
2008-08-15,6.215
2008-08-18,6.565
2008-08-19,6.295
2008-08-20,6.545
2008-08-21,6.665
2008-08-22,6.245
2008-08-25,5.885
2008-08-26,5.805
2008-08-27,5.525
2008-08-28,5.235
2008-08-29,5.425
2008-09-02,5.165
2008-09-03,5.345
2008-09-04,5.365
2008-09-05,5.215
2008-09-08,5.135
2008-09-09,4.955
2008-09-10,5.015
2008-09-11,5.115
2008-09-12,5.045
2008-09-15,5.265
2008-09-16,5.095
2008-09-17,5.355
2008-09-18,5.025
2008-09-19,5.525
2008-09-22,5.375
2008-09-23,5.505
2008-09-24,5.295
2008-09-25,5.355
2008-09-26,5.205
2008-09-29,4.675
2008-09-30,4.845
2008-10-01,4.745
2008-10-02,4.405
2008-10-03,4.395
2008-10-06,3.745
2008-10-07,3.995
2008-10-08,4.025
2008-10-09,4.045
2008-10-10,3.635
2008-10-13,3.925
2008-10-14,3.775
2008-10-15,3.805
2008-10-16,3.945
2008-10-17,4.155
2008-10-20,4.235
2008-10-21,4.135
2008-10-22,3.825
2008-10-23,4.025
2008-10-24,3.765
2008-10-27,3.815
2008-10-28,3.555
2008-10-29,3.895
2008-10-30,3.725
2008-10-31,3.575
2008-11-03,3.545
2008-11-04,3.655
2008-11-05,3.535
2008-11-06,3.755
2008-11-07,3.825
2008-11-10,3.715
2008-11-11,4.005
2008-11-12,4.135
2008-11-13,4.185
2008-11-14,4.375
2008-11-17,4.175
2008-11-18,4.135
2008-11-19,4.175
2008-11-20,4.075
2008-11-21,3.995
2008-11-24,4.385
2008-11-25,4.255
2008-11-26,4.235
2008-11-28,4.255
2008-12-01,3.995
2008-12-02,3.955
2008-12-03,3.695
2008-12-04,3.315
2008-12-05,3.315
2008-12-08,3.545
2008-12-09,3.535
2008-12-10,3.855
2008-12-11,3.915
2008-12-12,3.925
2008-12-15,3.995
2008-12-16,4.205
2008-12-17,4.325
2008-12-18,4.465
2008-12-19,4.265
2008-12-22,4.305
2008-12-23,4.385
2008-12-24,4.385
2008-12-26,4.385
2008-12-29,4.645
2008-12-30,4.775
2008-12-31,4.885
2009-01-02,4.885
2009-01-05,4.885
2009-01-06,5.145
2009-01-07,4.825
2009-01-08,4.765
2009-01-09,4.895
2009-01-12,4.215
2009-01-13,4.225
2009-01-14,4.185
2009-01-15,4.105
2009-01-16,4.225
2009-01-20,4.045
2009-01-21,4.265
2009-01-22,4.315
2009-01-23,4.405
2009-01-26,4.505
2009-01-27,4.545
2009-01-28,4.645
2009-01-29,4.575
2009-01-30,4.595
2009-02-02,4.605
2009-02-03,4.495
2009-02-04,4.415
2009-02-05,4.615
2009-02-06,4.515
2009-02-09,4.595
2009-02-10,4.555
2009-02-11,4.425
2009-02-12,4.385
2009-02-13,4.355
2009-02-17,4.225
2009-02-18,4.215
2009-02-19,4.315
2009-02-20,4.355
2009-02-23,4.275
2009-02-24,4.385
2009-02-25,4.465
2009-02-26,4.355
2009-02-27,4.325
2009-03-02,4.275
2009-03-03,4.285
2009-03-04,4.525
2009-03-05,4.445
2009-03-06,4.545
2009-03-09,4.525
2009-03-10,4.645
2009-03-11,4.345
2009-03-12,4.465
2009-03-13,4.395
2009-03-16,4.645
2009-03-17,4.685
2009-03-18,4.685
2009-03-19,4.61
2009-03-20,4.555
2009-03-23,4.485
2009-03-24,4.345
2009-03-25,4.175
2009-03-26,4.295
2009-03-27,4.22
2009-03-30,4.365
2009-03-31,4.655
2009-04-01,4.605
2009-04-02,4.705
2009-04-03,4.835
2009-04-06,4.815
2009-04-07,4.545
2009-04-08,4.415
2009-04-09,4.315
2009-04-13,4.325
2009-04-14,4.385
2009-04-15,4.315
2009-04-16,4.415
2009-04-17,4.395
2009-04-20,4.165
2009-04-21,4.215
2009-04-22,4.285
2009-04-23,4.405
2009-04-24,4.435
2009-04-27,4.195
2009-04-28,4.405
2009-04-29,4.535
2009-04-30,4.625
2009-05-01,4.955
2009-05-04,4.765
2009-05-05,4.795
2009-05-06,4.825
2009-05-07,4.935
2009-05-08,5.075
2009-05-11,5.035
2009-05-12,5.055
2009-05-13,5.015
2009-05-14,5.015
2009-05-15,4.925
2009-05-18,5.015
2009-05-19,4.95
2009-05-20,5.135
2009-05-21,5.095
2009-05-22,5.095
2009-05-26,5.235
2009-05-27,5.375
2009-05-28,5.375
2009-05-29,5.468
2009-06-01,5.695
2009-06-02,5.625
2009-06-03,5.175
2009-06-04,5.445
2009-06-05,5.345
2009-06-08,5.195
2009-06-09,5.38
2009-06-10,5.265
2009-06-11,5.235
2009-06-12,5.105
2009-06-15,5.045
2009-06-16,5.055
2009-06-17,5.105
2009-06-18,4.945
2009-06-19,4.945
2009-06-22,4.785
2009-06-23,4.845
2009-06-24,4.725
2009-06-25,4.655
2009-06-26,4.635
2009-06-29,4.635
2009-06-30,4.305
2009-07-01,4.215
2009-07-02,4.145
2009-07-06,4.045
2009-07-07,3.935
2009-07-08,3.99
2009-07-09,4.045
2009-07-10,4.115
2009-07-13,4.355
2009-07-14,4.225
2009-07-15,4.275
2009-07-16,4.225
2009-07-17,4.315
2009-07-20,4.315
2009-07-21,4.215
2009-07-22,4.095
2009-07-23,4.225
2009-07-24,4.035
2009-07-27,4.085
2009-07-28,4.085
2009-07-29,4.005
2009-07-30,4.045
2009-07-31,4.145
2009-08-03,4.225
2009-08-04,4.105
2009-08-05,3.975
2009-08-06,3.585
2009-08-07,3.485
2009-08-10,3.525
2009-08-11,3.525
2009-08-12,3.465
2009-08-13,3.135
2009-08-14,3.135
2009-08-17,3.135
2009-08-18,2.995
2009-08-19,2.945
2009-08-20,3.115
2009-08-21,3.095
2009-08-24,3.165
2009-08-25,3.065
2009-08-26,3.085
2009-08-27,3.045
2009-08-28,2.965
2009-08-31,2.885
2009-09-01,2.935
2009-09-02,2.925
2009-09-03,2.725
2009-09-04,2.655
2009-09-08,2.525
2009-09-09,2.495
2009-09-10,2.495
2009-09-11,2.595
2009-09-14,2.645
2009-09-15,2.865
2009-09-16,2.825
2009-09-17,2.715
2009-09-18,2.645
2009-09-21,2.635
2009-09-22,2.585
2009-09-23,2.625
2009-09-24,2.805
2009-09-25,2.575
2009-09-28,2.685
2009-09-29,2.565
2009-09-30,2.615
2009-10-01,2.575
2009-10-02,2.455
2009-10-05,2.475
2009-10-06,2.675
2009-10-07,2.705
2009-10-08,2.815
2009-10-09,2.755
2009-10-12,3.08
2009-10-13,3.255
2009-10-14,3.275
2009-10-15,3.195
2009-10-16,3.135
2009-10-19,3.325
2009-10-20,3.325
2009-10-21,3.465
2009-10-22,3.565
2009-10-23,3.525
2009-10-26,3.525
2009-10-27,3.125
2009-10-28,3.045
2009-10-29,3.185
2009-10-30,3.135
2009-11-02,3.415
2009-11-03,3.505
2009-11-04,3.505
2009-11-05,3.365
2009-11-06,3.045
2009-11-09,3.145
2009-11-10,3.225
2009-11-11,3.225
2009-11-12,3.555
2009-11-13,3.575
2009-11-16,3.865
2009-11-17,3.865
2009-11-18,4.045
2009-11-19,4.005
2009-11-20,3.995
2009-11-23,4.015
2009-11-24,3.775
2009-11-25,3.945
2009-11-27,3.945
2009-11-30,4.125
2009-12-01,4.075
2009-12-02,3.995
2009-12-03,3.945
2009-12-04,3.815
2009-12-07,3.765
2009-12-08,3.685
2009-12-09,3.685
2009-12-10,3.765
2009-12-11,3.815
2009-12-14,3.875
2009-12-15,3.715
2009-12-16,3.665
2009-12-17,3.475
2009-12-18,3.755
2009-12-21,3.485
2009-12-22,3.625
2009-12-23,3.765
2009-12-24,3.765
2009-12-28,4.085
2009-12-29,4.035
2009-12-30,4.105
2009-12-31,4.105
2010-01-04,4.305
2010-01-05,4.305
2010-01-06,4.485
2010-01-07,4.425
2010-01-08,4.575
2010-01-11,4.635
2010-01-12,4.275
2010-01-13,4.295
2010-01-14,4.235
2010-01-15,4.055
2010-01-19,3.985
2010-01-20,3.995
2010-01-21,4.005
2010-01-22,4.005
2010-01-25,4.005
2010-01-26,3.995
2010-01-27,3.905
2010-01-28,3.965
2010-01-29,3.835
2010-02-01,3.835
2010-02-02,3.985
2010-02-03,3.835
2010-02-04,3.855
2010-02-05,3.825
2010-02-08,4.005
2010-02-09,4.045
2010-02-10,4.245
2010-02-11,4.285
2010-02-12,4.215
2010-02-16,4.405
2010-02-17,4.305
2010-02-18,4.235
2010-02-19,4.285
2010-02-22,4.395
2010-02-23,4.305
2010-02-24,4.385
2010-02-25,4.335
2010-02-26,4.435
2010-03-01,4.365
2010-03-02,4.385
2010-03-03,4.505
2010-03-04,4.345
2010-03-05,4.215
2010-03-08,4.225
2010-03-09,4.195
2010-03-10,4.035
2010-03-11,4.025
2010-03-12,4.085
2010-03-15,4.015
2010-03-16,4.105
2010-03-17,4.205
2010-03-18,4.135
2010-03-19,4.085
2010-03-22,4.105
2010-03-23,4.015
2010-03-24,4.005
2010-03-25,3.905
2010-03-26,3.895
2010-03-29,3.895
2010-03-30,3.995
2010-03-31,3.825
2010-04-01,3.875
2010-04-05,3.875
2010-04-06,3.975
2010-04-07,4.135
2010-04-08,4.045
2010-04-09,3.995
2010-04-12,4.015
2010-04-13,4.095
2010-04-14,4.085
2010-04-15,4.135
2010-04-16,4.135
2010-04-19,4.015
2010-04-20,4.195
2010-04-21,4.205
2010-04-22,4.325
2010-04-23,4.245
2010-04-26,4.195
2010-04-27,4.215
2010-04-28,4.115
2010-04-29,4.115
2010-04-30,4.15
2010-05-03,4.335
2010-05-04,4.415
2010-05-05,4.425
2010-05-06,4.385
2010-05-07,4.365
2010-05-10,4.205
2010-05-11,4.195
2010-05-12,4.175
2010-05-13,4.025
2010-05-14,3.985
2010-05-17,4.385
2010-05-18,4.375
2010-05-19,4.485
2010-05-20,4.495
2010-05-21,4.565
2010-05-24,4.515
2010-05-25,4.185
2010-05-26,4.605
2010-05-27,4.615
2010-05-28,4.515
2010-06-01,4.395
2010-06-02,4.425
2010-06-03,4.415
2010-06-04,4.325
2010-06-07,4.255
2010-06-08,4.305
2010-06-09,4.305
2010-06-10,4.315
2010-06-11,4.465
2010-06-14,4.575
2010-06-15,4.575
2010-06-16,4.725
2010-06-17,4.735
2010-06-18,4.725
2010-06-21,4.725
2010-06-22,4.735
2010-06-23,4.795
2010-06-24,4.805
2010-06-25,4.735
2010-06-28,4.645
2010-06-29,4.625
2010-06-30,4.765
2010-07-01,4.965
2010-07-02,5.045
2010-07-06,5.085
2010-07-07,5.375
2010-07-08,5.425
2010-07-09,5.205
2010-07-12,5.185
2010-07-13,5.395
2010-07-14,5.335
2010-07-15,5.695
2010-07-16,5.595
2010-07-19,5.525
2010-07-20,5.475
2010-07-21,5.635
2010-07-22,5.735
2010-07-23,5.605
2010-07-26,5.595
2010-07-27,5.605
2010-07-28,5.765
2010-07-29,5.815
2010-07-30,5.935
2010-08-02,6.155
2010-08-03,5.975
2010-08-04,6.435
2010-08-05,7.035
2010-08-06,6.585
2010-08-09,6.545
2010-08-10,6.275
2010-08-11,6.325
2010-08-12,6.485
2010-08-13,6.375
2010-08-16,6.375
2010-08-17,5.835
2010-08-18,5.885
2010-08-19,6.085
2010-08-20,6.065
2010-08-23,6.215
2010-08-24,6.045
2010-08-25,5.855
2010-08-26,6.135
2010-08-27,6.235
2010-08-30,6.325
2010-08-31,6.175
2010-09-01,6.175
2010-09-02,6.605
2010-09-03,6.875
2010-09-07,6.715
2010-09-08,6.515
2010-09-09,6.705
2010-09-10,6.695
2010-09-13,6.775
2010-09-14,6.765
2010-09-15,6.675
2010-09-16,6.545
2010-09-17,6.545
2010-09-20,6.675
2010-09-21,6.605
2010-09-22,6.585
2010-09-23,6.375
2010-09-24,6.605
2010-09-27,6.475
2010-09-28,6.275
2010-09-29,6.255
2010-09-30,6.215
2010-10-01,5.925
2010-10-04,5.835
2010-10-05,5.975
2010-10-06,5.975
2010-10-07,6.035
2010-10-08,6.585
2010-10-11,6.405
2010-10-12,6.515
2010-10-13,6.445
2010-10-14,6.465
2010-10-15,6.455
2010-10-18,6.315
2010-10-19,6.215
2010-10-20,6.425
2010-10-21,6.385
2010-10-22,6.405
2010-10-25,6.435
2010-10-26,6.705
2010-10-27,6.905
2010-10-28,7.125
2010-10-29,7.125
2010-11-01,6.935
2010-11-02,6.855
2010-11-03,6.805
2010-11-04,6.995
2010-11-05,6.995
2010-11-08,7.265
2010-11-09,7.085
2010-11-10,6.965
2010-11-11,6.965
2010-11-12,6.835
2010-11-15,6.875
2010-11-16,6.415
2010-11-17,6.485
2010-11-18,6.605
2010-11-19,6.595
2010-11-22,6.605
2010-11-23,6.605
2010-11-24,6.585
2010-11-26,6.585
2010-11-29,6.665
2010-11-30,6.725
2010-12-01,7.235
2010-12-02,7.305
2010-12-03,7.625
2010-12-06,7.705
2010-12-07,7.785
2010-12-08,7.665
2010-12-09,7.645
2010-12-10,7.505
2010-12-13,7.665
2010-12-14,7.405
2010-12-15,7.485
2010-12-16,7.335
2010-12-17,7.435
2010-12-20,7.575
2010-12-21,7.665
2010-12-22,7.85
2010-12-23,7.85
2010-12-27,7.825
2010-12-28,7.965
2010-12-29,7.975
2010-12-30,7.805
2010-12-31,7.805
2011-01-03,8.005
2011-01-04,7.855
2011-01-05,8.015
2011-01-06,7.745
2011-01-07,7.535
2011-01-10,7.535
2011-01-11,7.235
2011-01-12,7.535
2011-01-13,7.655
2011-01-14,7.655
2011-01-18,7.825
2011-01-19,7.825
2011-01-20,7.925
2011-01-21,8.215
2011-01-24,8.335
2011-01-25,8.335
2011-01-26,8.515
2011-01-27,8.395
2011-01-28,8.225
2011-01-31,8.365
2011-02-01,8.365
2011-02-02,8.365
2011-02-03,8.545
2011-02-04,8.595
2011-02-07,8.595
2011-02-08,8.805
2011-02-09,8.955
2011-02-10,8.705
2011-02-11,8.715
2011-02-14,8.705
2011-02-15,8.315
2011-02-16,8.335
2011-02-17,8.465
2011-02-18,8.185
2011-02-22,7.655
2011-02-23,7.725
2011-02-24,7.565
2011-02-25,7.855
2011-02-28,8.025
2011-03-01,7.965
2011-03-02,7.975
2011-03-03,7.995
2011-03-04,8.055
2011-03-07,7.735
2011-03-08,7.475
2011-03-09,7.215
2011-03-10,7.055
2011-03-11,6.855
2011-03-14,7.005
2011-03-15,6.475
2011-03-16,6.555
2011-03-17,7.075
2011-03-18,7.205
2011-03-21,7.185
2011-03-22,7.265
2011-03-23,7.235
2011-03-24,7.485
2011-03-25,7.445
2011-03-28,7.305
2011-03-29,7.545
2011-03-30,7.545
2011-03-31,7.775
2011-04-01,7.735
2011-04-04,8.055
2011-04-05,7.885
2011-04-06,7.885
2011-04-07,7.815
2011-04-08,8.075
2011-04-11,8.015
2011-04-12,7.585
2011-04-13,7.535
2011-04-14,7.465
2011-04-15,7.495
2011-04-18,7.805
2011-04-19,7.875
2011-04-20,7.835
2011-04-21,7.985
2011-04-25,8.245
2011-04-26,8.145
2011-04-27,7.775
2011-04-28,7.415
2011-04-29,7.695
2011-05-02,7.835
2011-05-03,7.645
2011-05-04,7.435
2011-05-05,7.145
2011-05-06,7.475
2011-05-09,7.785
2011-05-10,7.855
2011-05-11,7.575
2011-05-12,7.305
2011-05-13,7.215
2011-05-16,7.315
2011-05-17,7.585
2011-05-18,8.145
2011-05-19,8.025
2011-05-20,8.075
2011-05-23,7.995
2011-05-24,7.7765
2011-05-25,7.935
2011-05-26,8.105
2011-05-27,8.155
2011-05-31,7.795
2011-06-01,7.555
2011-06-02,7.715
2011-06-03,7.775
2011-06-06,7.635
2011-06-07,7.535
2011-06-08,7.675
2011-06-09,7.645
2011-06-10,7.615
2011-06-13,7.425
2011-06-14,7.355
2011-06-15,7.175
2011-06-16,6.845
2011-06-17,6.815
2011-06-20,6.685
2011-06-21,6.945
2011-06-22,6.665
2011-06-23,6.735
2011-06-24,6.605
2011-06-27,6.475
2011-06-28,6.645
2011-06-29,6.715
2011-06-30,6.445
2011-07-01,6.145
2011-07-05,6.345
2011-07-06,6.265
2011-07-07,6.425
2011-07-08,6.595
2011-07-11,6.525
2011-07-12,6.815
2011-07-13,7.285
2011-07-14,7.105
2011-07-15,7.935
2011-07-18,6.815
2011-07-19,6.875
2011-07-20,6.885
2011-07-21,6.585
2011-07-22,6.785
2011-07-25,6.755
2011-07-26,6.815
2011-07-27,6.955
2011-07-28,6.845
2011-07-29,6.675
2011-08-01,6.715
2011-08-02,6.935
2011-08-03,6.845
2011-08-04,6.565
2011-08-05,6.685
2011-08-08,6.465
2011-08-09,6.665
2011-08-10,6.715
2011-08-11,6.805
2011-08-12,6.815
2011-08-15,6.915
2011-08-16,6.995
2011-08-17,7.025
2011-08-18,6.815
2011-08-19,6.185
2011-08-22,7.105
2011-08-23,7.315
2011-08-24,7.235
2011-08-25,7.315
2011-08-26,7.365
2011-08-29,7.315
2011-08-30,7.195
2011-08-31,7.145
2011-09-01,7.135
2011-09-02,7.065
2011-09-06,6.905
2011-09-07,6.825
2011-09-08,6.725
2011-09-09,6.725
2011-09-12,6.725
2011-09-13,6.465
2011-09-14,6.495
2011-09-15,6.405
2011-09-16,6.385
2011-09-19,6.235
2011-09-20,6.285
2011-09-21,6.205
2011-09-22,5.975
2011-09-23,6.025
2011-09-26,6.075
2011-09-27,6.245
2011-09-28,6.055
2011-09-29,6.225
2011-09-30,5.775
2011-10-03,5.775
2011-10-04,5.785
2011-10-05,6.005
2011-10-06,5.915
2011-10-07,5.805
2011-10-10,5.835
2011-10-11,6.325
2011-10-12,5.995
2011-10-13,5.965
2011-10-14,6.015
2011-10-17,6.085
2011-10-18,6.035
2011-10-19,5.985
2011-10-20,6.135
2011-10-21,6.215
2011-10-24,6.325
2011-10-25,6.255
2011-10-26,6.085
2011-10-27,6.335
2011-10-28,6.345
2011-10-31,6.175
2011-11-01,6.075
2011-11-02,6.295
2011-11-03,6.425
2011-11-04,6.385
2011-11-07,6.405
2011-11-08,6.585
2011-11-09,6.475
2011-11-10,6.245
2011-11-11,6.245
2011-11-14,6.205
2011-11-15,6.375
2011-11-16,6.205
2011-11-17,5.895
2011-11-18,6.125
2011-11-21,6.055
2011-11-22,6.115
2011-11-23,5.935
2011-11-25,5.935
2011-11-28,5.895
2011-11-29,6.125
2011-11-30,6.145
2011-12-01,6.215
2011-12-02,6.265
2011-12-05,6.105
2011-12-06,6.125
2011-12-07,5.995
2011-12-08,6.015
2011-12-09,6.005
2011-12-12,5.985
2011-12-13,6.045
2011-12-14,5.895
2011-12-15,5.895
2011-12-16,5.895
2011-12-19,6.115
2011-12-20,6.215
2011-12-21,6.255
2011-12-22,6.305
2011-12-23,6.3
2011-12-27,6.3
2011-12-28,6.605
2011-12-29,6.635
2011-12-30,6.325
2012-01-03,6.655
2012-01-04,6.6625
2012-01-05,6.405
2012-01-06,6.365
2012-01-09,6.535
2012-01-10,6.515
2012-01-11,6.5055
2012-01-12,6.145
2012-01-13,6.115
2012-01-17,6.145
2012-01-18,6.065
2012-01-19,6.195
2012-01-20,6.245
2012-01-23,6.335
2012-01-24,6.535
2012-01-25,6.625
2012-01-26,6.745
2012-01-27,6.595
2012-01-30,6.595
2012-01-31,6.805
2012-02-01,6.685
2012-02-02,6.785
2012-02-03,6.765
2012-02-06,6.845
2012-02-07,6.785
2012-02-08,6.785
2012-02-09,6.7765
2012-02-10,6.485
2012-02-13,6.655
2012-02-14,6.585
2012-02-15,6.405
2012-02-16,6.485
2012-02-17,6.58
2012-02-21,6.475
2012-02-22,6.545
2012-02-23,6.565
2012-02-24,6.565
2012-02-27,6.615
2012-02-28,6.675
2012-02-29,6.795
2012-03-01,6.805
2012-03-02,6.935
2012-03-05,6.865
2012-03-06,6.725
2012-03-07,6.645
2012-03-08,6.895
2012-03-09,6.675
2012-03-12,6.6515
2012-03-13,6.635
2012-03-14,6.585
2012-03-15,6.595
2012-03-16,6.865
2012-03-19,6.665
2012-03-20,6.565
2012-03-21,6.505
2012-03-22,6.605
2012-03-23,6.805
2012-03-26,6.775
2012-03-27,6.585
2012-03-28,6.495
2012-03-29,6.315
2012-03-30,6.675
2012-04-02,6.755
2012-04-03,6.755
2012-04-04,6.685
2012-04-05,6.575
2012-04-09,6.675
2012-04-10,6.495
2012-04-11,6.505
2012-04-12,6.615
2012-04-13,6.455
2012-04-16,6.395
2012-04-17,6.375
2012-04-18,6.335
2012-04-19,6.475
2012-04-20,6.685
2012-04-23,6.475
2012-04-24,6.475
2012-04-25,6.395
2012-04-26,6.495
2012-04-27,6.655
2012-04-30,6.6695
2012-05-01,6.665
2012-05-02,6.295
2012-05-03,6.305
2012-05-04,6.245
2012-05-07,6.275
2012-05-08,6.295
2012-05-09,6.145
2012-05-10,6.165
2012-05-11,6.165
2012-05-14,6.1
2012-05-15,6.275
2012-05-16,6.535
2012-05-17,6.745
2012-05-18,7.175
2012-05-21,7.095
2012-05-22,6.955
2012-05-23,6.755
2012-05-24,6.675
2012-05-25,6.669
2012-05-29,6.455
2012-05-30,6.455
2012-05-31,6.365
2012-06-01,6.135
2012-06-04,6.205
2012-06-05,6.245
2012-06-06,6.215
2012-06-07,6.445
2012-06-08,6.305
2012-06-11,6.385
2012-06-12,6.255
2012-06-13,6.265
2012-06-14,6.335
2012-06-15,6.225
2012-06-18,6.445
2012-06-19,6.625
2012-06-20,6.695
2012-06-21,6.675
2012-06-22,6.805
2012-06-25,7.255
2012-06-26,7.295
2012-06-27,7.335
2012-06-28,7.325
2012-06-29,7.4651
2012-07-02,7.615
2012-07-03,7.875
2012-07-05,8.25
2012-07-06,7.955
2012-07-09,8.155
2012-07-10,8.055
2012-07-11,8.115
2012-07-12,8.315
2012-07-13,8.315
2012-07-16,8.695
2012-07-17,8.6
2012-07-18,8.775
2012-07-19,9.145
2012-07-20,9.125
2012-07-23,8.7715
2012-07-24,8.435
2012-07-25,8.635
2012-07-26,8.485
2012-07-27,8.675
2012-07-30,8.84
2012-07-31,8.585
2012-08-01,8.485
2012-08-02,8.35
2012-08-03,8.625
2012-08-06,8.645
2012-08-07,8.625
2012-08-08,8.725
2012-08-09,8.865
2012-08-10,8.585
2012-08-13,8.305
2012-08-14,8.135
2012-08-15,8.205
2012-08-16,8.395
2012-08-17,8.545
2012-08-20,8.645
2012-08-21,8.855
2012-08-22,8.815
2012-08-23,8.595
2012-08-24,8.525
2012-08-27,8.425
2012-08-28,8.245
2012-08-29,8.555
2012-08-30,8.535
2012-08-31,8.485
2012-09-04,8.395
2012-09-05,8.515
2012-09-06,8.705
2012-09-07,8.835
2012-09-10,8.685
2012-09-11,8.625
2012-09-12,8.685
2012-09-13,8.805
2012-09-14,9.025
2012-09-17,8.585
2012-09-18,8.385
2012-09-19,8.565
2012-09-20,8.545
2012-09-21,8.925
2012-09-24,8.565
2012-09-25,8.515
2012-09-26,8.34
2012-09-27,8.195
2012-09-28,8.675
2012-10-01,8.495
2012-10-02,8.305
2012-10-03,8.335
2012-10-04,8.295
2012-10-05,8.165
2012-10-08,8.215
2012-10-09,8.235
2012-10-10,8.295
2012-10-11,8.655
2012-10-12,8.365
2012-10-15,8.285
2012-10-16,8.275
2012-10-17,8.385
2012-10-18,8.475
2012-10-19,8.525
2012-10-22,8.585
2012-10-23,8.485
2012-10-24,8.635
2012-10-25,8.525
2012-10-26,8.435
2012-10-29,8.435
2012-10-30,8.415
2012-10-31,8.495
2012-11-01,8.535
2012-11-02,8.525
2012-11-05,8.545
2012-11-06,8.645
2012-11-07,8.895
2012-11-08,8.905
2012-11-09,8.755
2012-11-12,8.465
2012-11-13,8.455
2012-11-14,8.435
2012-11-15,8.405
2012-11-16,8.285
2012-11-19,8.315
2012-11-20,8.345
2012-11-21,8.345
2012-11-23,8.345
2012-11-26,8.385
2012-11-27,8.625
2012-11-28,8.555
2012-11-29,8.585
2012-11-30,8.345
2012-12-03,8.215
2012-12-04,8.465
2012-12-05,8.495
2012-12-06,8.515
2012-12-07,8.515
2012-12-10,8.385
2012-12-11,8.115
2012-12-12,8.015
2012-12-13,7.985
2012-12-14,8.04
2012-12-17,7.995
2012-12-18,8.01
2012-12-19,7.955
2012-12-20,7.81
2012-12-21,7.82
2012-12-24,7.84
2012-12-26,7.645
2012-12-27,7.615
2012-12-28,7.675
2012-12-31,7.68
2013-01-02,7.445
2013-01-03,7.605
2013-01-04,7.565
2013-01-07,7.625
2013-01-08,7.625
2013-01-09,7.58
2013-01-10,7.565
2013-01-11,7.665
2013-01-14,7.82
2013-01-15,7.975
2013-01-16,7.995
2013-01-17,7.96
2013-01-18,8.06
2013-01-22,7.955
2013-01-23,7.92
2013-01-24,7.85
2013-01-25,7.94
2013-01-28,8.035
2013-01-29,8.02
2013-01-30,8.12
2013-01-31,8.05
2013-02-01,7.8905
2013-02-04,7.925
2013-02-05,7.875
2013-02-06,7.95
2013-02-07,7.955
2013-02-08,7.955
2013-02-11,7.82
2013-02-12,7.72
2013-02-13,7.76
2013-02-14,7.72
2013-02-15,7.82
2013-02-19,7.72
2013-02-20,7.75
2013-02-21,7.75
2013-02-22,7.51
2013-02-25,7.35
2013-02-26,7.36
2013-02-27,7.36
2013-02-28,7.39
2013-03-01,7.59
2013-03-04,7.41
2013-03-05,7.31
2013-03-06,7.09
2013-03-07,7.22
2013-03-08,7.2305
2013-03-11,7.27
2013-03-12,7.31
2013-03-13,7.355
2013-03-14,7.52
2013-03-15,7.58
2013-03-18,7.455
2013-03-19,7.52
2013-03-20,7.66
2013-03-21,7.59
2013-03-22,7.495
2013-03-25,7.47
2013-03-26,7.47
2013-03-27,7.57
2013-03-28,6.97
2013-04-01,6.735
2013-04-02,6.805
2013-04-03,7.065
2013-04-04,7.035
2013-04-05,7.085
2013-04-08,7.255
2013-04-09,7.225
2013-04-10,7.115
2013-04-11,7.165
2013-04-12,7.335
2013-04-15,7.135
2013-04-16,7.235
2013-04-17,7.235
2013-04-18,7.275
2013-04-19,7.335
2013-04-22,7.265
2013-04-23,7.225
2013-04-24,7.165
2013-04-25,7.255
2013-04-26,7.085
2013-04-29,7.35
2013-04-30,7.465
2013-05-01,7.405
2013-05-02,7.415
2013-05-03,7.345
2013-05-06,7.155
2013-05-07,7.285
2013-05-08,7.255
2013-05-09,7.435
2013-05-10,7.245
2013-05-13,7.31
2013-05-14,7.29
2013-05-15,7.185
2013-05-16,7.125
2013-05-17,7.075
2013-05-20,7.095
2013-05-21,7.055
2013-05-22,7.135
2013-05-23,7.3
2013-05-24,7.23
2013-05-28,7.19
2013-05-29,7.28
2013-05-30,7.24
2013-05-31,7.31
2013-06-03,7.335
2013-06-04,7.29
2013-06-05,7.205
2013-06-06,7.175
2013-06-07,7.165
2013-06-10,7.09
2013-06-11,7.16
2013-06-12,7.025
2013-06-13,7.045
2013-06-14,6.995
2013-06-17,6.895
2013-06-18,6.985
2013-06-19,7.215
2013-06-20,7.145
2013-06-21,7.125
2013-06-24,6.865
2013-06-25,6.825
2013-06-26,6.765
2013-06-27,6.725
2013-06-28,6.575
2013-07-01,6.68
2013-07-02,6.63
2013-07-03,6.695
2013-07-05,6.65
2013-07-08,6.73
2013-07-09,6.865
2013-07-10,6.885
2013-07-11,6.93
2013-07-12,6.955
2013-07-15,6.835
2013-07-16,6.8375
2013-07-17,6.795
2013-07-18,6.745
2013-07-19,6.785
2013-07-22,6.775
2013-07-23,6.715
2013-07-24,6.715
2013-07-25,6.68
2013-07-26,6.69
2013-07-29,6.765
2013-07-30,6.805
2013-07-31,6.895
2013-08-01,6.835
2013-08-02,6.875
2013-08-05,6.685
2013-08-06,6.66
2013-08-07,6.545
2013-08-08,6.52
2013-08-09,6.435
2013-08-12,6.195
2013-08-13,6.13
2013-08-14,6.15
2013-08-15,6.265
2013-08-16,6.205
2013-08-19,6.305
2013-08-20,6.285
2013-08-21,6.275
2013-08-22,6.2
2013-08-23,6.235
2013-08-26,6.435
2013-08-27,6.375
2013-08-28,6.335
2013-08-29,6.355
2013-08-30,6.375
2013-09-03,6.315
2013-09-04,6.26
2013-09-05,6.15
2013-09-06,6.23
2013-09-09,6.155
2013-09-10,6.205
2013-09-11,6.175
2013-09-12,6.23
2013-09-13,6.23
2013-09-16,6.155
2013-09-17,6.175
2013-09-18,6.315
2013-09-19,6.175
2013-09-20,6.305
2013-09-23,6.375
2013-09-24,6.425
2013-09-25,6.545
2013-09-26,6.655
2013-09-27,6.75
2013-09-30,6.695
2013-10-01,6.695
2013-10-02,6.695
2013-10-03,6.695
2013-10-04,6.695
2013-10-07,6.695
2013-10-08,6.695
2013-10-09,6.695
2013-10-10,6.695
2013-10-11,6.695
2013-10-14,6.695
2013-10-15,6.695
2013-10-16,6.695
2013-10-17,6.96
2013-10-18,7.16
2013-10-21,7.11
2013-10-22,7.13
2013-10-23,7.14
2013-10-24,7.12
2013-10-25,7.07
2013-10-28,6.955
2013-10-29,7.01
2013-10-30,6.95
2013-10-31,6.91
2013-11-01,6.93
2013-11-04,6.875
2013-11-05,6.81
2013-11-06,6.785
2013-11-07,6.775
2013-11-08,6.74
2013-11-11,6.565
2013-11-12,6.58
2013-11-13,6.585
2013-11-14,6.55
2013-11-15,6.59
2013-11-18,6.565
2013-11-19,6.606
2013-11-20,6.675
2013-11-21,6.715
2013-11-22,6.75
2013-11-25,6.765
2013-11-26,6.745
2013-11-27,6.76
2013-11-29,6.84
2013-12-02,6.785
2013-12-03,6.83
2013-12-04,6.77
2013-12-05,6.82
2013-12-06,6.81
2013-12-09,6.81
2013-12-10,6.69
2013-12-11,6.7
2013-12-12,6.64
2013-12-13,6.58
2013-12-16,6.52
2013-12-17,6.44
2013-12-18,6.38
2013-12-19,6.35
2013-12-20,6.43
2013-12-23,6.39
2013-12-24,6.35
2013-12-26,6.36
2013-12-27,6.39
2013-12-30,6.3
2013-12-31,6.4
2014-01-02,6.32
2014-01-03,6.4
2014-01-06,6.4
2014-01-07,6.37
2014-01-08,6.28
2014-01-09,6.14
2014-01-10,6.01
2014-01-13,6.08
2014-01-14,6.15
2014-01-15,5.99
2014-01-16,6.04
2014-01-17,5.98
2014-01-20,6.2325
2014-01-21,5.98
2014-01-22,5.97
2014-01-23,6.02
2014-01-24,6.02
2014-01-27,5.905
2014-01-28,5.91
2014-01-29,5.76
2014-01-30,5.78
2014-01-31,5.8
2014-02-03,5.88
2014-02-04,6.115
2014-02-05,6.145
2014-02-06,6.075
2014-02-07,6.045
2014-02-10,6.165
2014-02-11,6.225
2014-02-12,6.195
2014-02-13,6.275
2014-02-14,6.32
2014-02-17,6.745
2014-02-18,6.445
2014-02-19,6.525
2014-02-20,6.485
2014-02-21,6.41
2014-02-24,6.482
2014-02-25,6.47
2014-02-26,6.32
2014-02-27,6.15
2014-02-28,6.255
2014-03-03,6.51
2014-03-04,6.63
2014-03-05,6.66
2014-03-06,6.695
2014-03-07,6.775
2014-03-10,6.63
2014-03-11,6.82
2014-03-12,7.075
2014-03-13,6.975
2014-03-14,7.115
2014-03-17,7.005
2014-03-18,7.19
2014-03-19,7.425
2014-03-20,7.3
2014-03-21,7.2
2014-03-24,7.41
2014-03-25,7.36
2014-03-26,7.255
2014-03-27,7.39
2014-03-28,7.245
2014-03-31,7.215
2014-04-01,7.115
2014-04-02,6.93
2014-04-03,7.005
2014-04-04,6.935
2014-04-07,7.005
2014-04-08,7.05
2014-04-09,6.92
2014-04-10,6.85
2014-04-11,6.84
2014-04-14,6.945
2014-04-15,7.175
2014-04-16,7.13
2014-04-17,7.085
2014-04-21,6.875
2014-04-22,6.92
2014-04-23,6.99
2014-04-24,7.085
2014-04-25,7.085
2014-04-28,7.21
2014-04-29,7.265
2014-04-30,7.32
2014-05-01,7.17
2014-05-02,7.28
2014-05-05,7.28
2014-05-06,7.445
2014-05-07,7.435
2014-05-08,7.425
2014-05-09,7.3
2014-05-12,7.24
2014-05-13,7.135
2014-05-14,6.925
2014-05-15,6.925
2014-05-16,6.765
2014-05-19,6.765
2014-05-20,6.73
2014-05-21,6.67
2014-05-22,6.62
2014-05-23,6.535
2014-05-27,6.42
2014-05-28,6.39
2014-05-29,6.35
2014-05-30,6.295
2014-06-02,6.18
2014-06-03,6.135
2014-06-04,6.195
2014-06-05,6.115
2014-06-06,6.25
2014-06-09,6.17
2014-06-10,6.06
2014-06-11,5.97
2014-06-12,5.935
2014-06-13,5.94
2014-06-16,5.895
2014-06-17,5.895
2014-06-18,5.97
2014-06-19,6.03
2014-06-20,5.98
2014-06-23,5.99
2014-06-24,5.91
2014-06-25,5.975
2014-06-26,6.07
2014-06-27,6.15
2014-06-30,5.94
2014-07-01,5.945
2014-07-02,5.915
2014-07-03,5.995
2014-07-07,5.74
2014-07-08,5.7
2014-07-09,5.595
2014-07-10,5.6
2014-07-11,5.38
2014-07-14,5.38
2014-07-15,5.435
2014-07-16,5.42
2014-07-17,5.395
2014-07-18,5.115
2014-07-21,4.9
2014-07-22,4.89
2014-07-23,5.05
2014-07-24,5.03
2014-07-25,5.13
2014-07-28,5.015
2014-07-29,4.875
2014-07-30,4.99
2014-07-31,4.995
2014-08-01,5.02
2014-08-04,5.15
2014-08-05,5.23
2014-08-06,5.39
2014-08-07,5.2
2014-08-08,5.2
2014-08-11,5.17
2014-08-12,5.04
2014-08-13,4.89
2014-08-14,4.98
2014-08-15,4.98
2014-08-18,4.98
2014-08-19,5.07
2014-08-20,5.07
2014-08-21,5.07
2014-08-22,5.04
2014-08-25,4.94
2014-08-26,4.93
2014-08-27,4.99
2014-08-28,5.08
2014-08-29,5.02
2014-09-02,4.95
2014-09-03,4.75
2014-09-04,4.68
2014-09-05,4.72
2014-09-08,4.65
2014-09-09,4.59
2014-09-10,4.51
2014-09-11,4.41
2014-09-12,4.27
2014-09-15,4.2
2014-09-16,4.01
2014-09-17,4.04
2014-09-18,3.93
2014-09-19,3.69
2014-09-22,3.69
2014-09-23,4.035
2014-09-24,4.075
2014-09-25,3.815
2014-09-26,3.815
2014-09-29,3.31
2014-09-30,3.26
2014-10-01,3.28
2014-10-02,3.31
2014-10-03,3.34
2014-10-06,3.4
2014-10-07,4.235
2014-10-08,4.245
2014-10-09,4.105
2014-10-10,4.155
2014-10-13,4.225
2014-10-14,4.265
2014-10-15,4.25
2014-10-16,4.345
2014-10-17,4.335
2014-10-20,4.305
2014-10-21,4.365
2014-10-22,4.395
2014-10-23,4.435
2014-10-24,4.345
2014-10-27,4.395
2014-10-28,4.475
2014-10-29,4.555
2014-10-30,4.535
2014-10-31,4.495
2014-11-03,4.555
2014-11-04,4.925
2014-11-05,4.89
2014-11-06,4.9
2014-11-07,4.815
2014-11-10,4.845
2014-11-11,4.925
2014-11-12,5.095
2014-11-13,5.23
2014-11-14,5.35
2014-11-17,5.26
2014-11-18,5.24
2014-11-19,5.195
2014-11-20,5.345
2014-11-21,5.345
2014-11-24,5.295
2014-11-25,5.385
2014-11-26,5.52
2014-11-28,5.67
2014-12-01,6.01
2014-12-02,6.03
2014-12-03,5.965
2014-12-04,5.965
2014-12-05,6.015
2014-12-08,6.055
2014-12-09,5.95
2014-12-10,5.935
2014-12-11,6.045
2014-12-12,6.135
2014-12-15,6.265
2014-12-16,6.275
2014-12-17,6.555
2014-12-18,6.625
2014-12-19,6.395
2014-12-22,6.325
2014-12-23,6.425
2014-12-24,6.185
2014-12-26,6.175
2014-12-29,6.225
2014-12-30,6.045
2014-12-31,5.94
2015-01-02,5.86
2015-01-05,5.94
2015-01-06,5.96
2015-01-07,5.84
2015-01-08,5.72
2015-01-09,5.68
2015-01-12,5.6
2015-01-13,5.58
2015-01-14,5.42
2015-01-15,5.35
2015-01-16,5.35
2015-01-20,5.395
2015-01-21,5.41
2015-01-22,5.38
2015-01-23,5.35
2015-01-26,5.25
2015-01-27,5.24
2015-01-28,5.1
2015-01-29,5.12
2015-01-30,5.07
2015-02-02,4.98
2015-02-03,5.19
2015-02-04,5.17
2015-02-05,5.31
2015-02-06,5.33
2015-02-09,5.35
2015-02-10,5.3
2015-02-11,5.31
2015-02-12,5.27
2015-02-13,5.39
2015-02-17,5.4
2015-02-18,5.33
2015-02-19,5.33
2015-02-20,5.16
2015-02-23,5.16
2015-02-24,5.11
2015-02-25,5.03
2015-02-26,5.09
2015-02-27,5.175
2015-03-02,5.025
2015-03-03,5.085
2015-03-04,4.985
2015-03-05,4.825
2015-03-06,4.845
2015-03-09,4.925
2015-03-10,4.955
2015-03-11,5.015
2015-03-12,5.095
2015-03-13,5.045
2015-03-16,5.165
2015-03-17,5.055
2015-03-18,5.125
2015-03-19,5.145
2015-03-20,5.35
2015-03-23,5.39
2015-03-24,5.23
2015-03-25,5.19
2015-03-26,4.99
2015-03-27,5.07
2015-03-30,5.3
2015-03-31,5.11
2015-04-01,5.28
2015-04-02,5.36
2015-04-06,5.27
2015-04-07,5.27
2015-04-08,5.27
2015-04-09,5.18
2015-04-10,5.26
2015-04-13,5.02
2015-04-14,4.97
2015-04-15,4.9
2015-04-16,4.94
2015-04-17,4.94
2015-04-20,4.98
2015-04-21,5.0
2015-04-22,4.98
2015-04-23,4.97
2015-04-24,4.86
2015-04-27,4.7
2015-04-28,4.71
2015-04-29,4.77
2015-04-30,4.68
2015-05-01,4.715
2015-05-04,4.695
2015-05-05,4.635
2015-05-06,4.765
2015-05-07,4.695
2015-05-08,4.785
2015-05-11,4.78
2015-05-12,4.78
2015-05-13,4.79
2015-05-14,5.115
2015-05-15,5.085
2015-05-18,5.19
2015-05-19,5.065
2015-05-20,5.105
2015-05-21,5.195
2015-05-22,5.125
2015-05-26,4.905
2015-05-27,4.8775
2015-05-28,4.8875
2015-05-29,4.77
2015-06-01,4.9375
2015-06-02,5.125
2015-06-03,5.1075
2015-06-04,5.2375
2015-06-05,5.17
2015-06-08,5.28
2015-06-09,5.3225
2015-06-10,5.135
2015-06-11,5.115
2015-06-12,5.105
2015-06-15,4.9525
2015-06-16,4.945
2015-06-17,4.97
2015-06-18,4.9325
2015-06-19,4.925
2015-06-22,5.06
2015-06-23,5.27
2015-06-24,5.2325
2015-06-25,5.38
2015-06-26,5.68
2015-06-29,5.835
2015-06-30,6.1575
2015-07-01,5.885
2015-07-02,5.905
2015-07-06,5.955
2015-07-07,5.8525
2015-07-08,5.775
2015-07-09,5.78
2015-07-10,5.76
2015-07-13,5.7575
2015-07-14,5.71
2015-07-15,5.6675
2015-07-16,5.6225
2015-07-17,5.54
2015-07-20,5.3275
2015-07-21,5.2475
2015-07-22,5.1675
2015-07-23,5.215
2015-07-24,5.1175
2015-07-27,5.025
2015-07-28,5.1075
2015-07-29,4.9625
2015-07-30,4.965
2015-07-31,4.9925
2015-08-03,4.99
2015-08-04,4.935
2015-08-05,5.02
2015-08-06,5.07
2015-08-07,5.105
2015-08-10,5.295
2015-08-11,5.1225
2015-08-12,4.9725
2015-08-13,5.09
2015-08-14,5.1175
2015-08-17,5.045
2015-08-18,4.9875
2015-08-19,5.0
2015-08-20,5.1125
2015-08-21,5.04
2015-08-24,5.08
2015-08-25,4.995
2015-08-26,4.9425
2015-08-27,4.8975
2015-08-28,4.8375
2015-08-31,4.85
2015-09-01,4.8625
2015-09-02,4.79
2015-09-03,4.6525
2015-09-04,4.6775
2015-09-08,4.75
2015-09-09,4.7225
2015-09-10,4.78
2015-09-11,4.85
2015-09-14,5.0125
2015-09-15,4.9475
2015-09-16,4.8825
2015-09-17,4.815
2015-09-18,4.8675
2015-09-21,4.9675
2015-09-22,4.955
2015-09-23,5.075
2015-09-24,4.9725
2015-09-25,5.0775
2015-09-28,5.055
2015-09-29,5.0375
2015-09-30,5.1275
2015-10-01,5.1825
2015-10-02,5.1325
2015-10-05,5.155
2015-10-06,5.2625
2015-10-07,5.1675
2015-10-08,5.115
2015-10-09,5.0925
2015-10-12,5.0675
2015-10-13,5.19
2015-10-14,5.0825
2015-10-15,5.025
2015-10-16,4.9225
2015-10-19,4.8575
2015-10-20,4.9125
2015-10-21,4.9475
2015-10-22,4.9075
2015-10-23,4.905
2015-10-26,5.09
2015-10-27,5.0925
2015-10-28,5.06
2015-10-29,5.15
2015-10-30,5.22
2015-11-02,5.08
2015-11-03,5.165
2015-11-04,5.2625
2015-11-05,5.2625
2015-11-06,5.2325
2015-11-09,5.0175
2015-11-10,4.955
2015-11-11,4.975
2015-11-12,5.0025
2015-11-13,4.9775
2015-11-16,4.955
2015-11-17,4.87
2015-11-18,4.85
2015-11-19,4.9225
2015-11-20,4.9
2015-11-23,4.9775
2015-11-24,4.885
2015-11-25,4.875
2015-11-27,4.79
2015-11-30,4.755
2015-12-01,4.715
2015-12-02,4.6725
2015-12-03,4.7875
2015-12-04,4.845
2015-12-07,4.8275
2015-12-08,4.815
2015-12-09,4.8975
2015-12-10,4.955
2015-12-11,4.905
2015-12-14,4.935
2015-12-15,4.9425
2015-12-16,4.835
2015-12-17,4.84
2015-12-18,4.8675
2015-12-21,4.79
2015-12-22,4.7175
2015-12-23,4.695
2015-12-24,4.675
2015-12-28,4.665
2015-12-29,4.7575
2015-12-30,4.6975
2015-12-31,4.7
2016-01-04,4.5825
2016-01-05,4.6125
2016-01-06,4.6275
2016-01-07,4.685
2016-01-08,4.785
2016-01-11,4.69
2016-01-12,4.8125
2016-01-13,4.78
2016-01-14,4.6875
2016-01-15,4.7375
2016-01-19,4.745
2016-01-20,4.715
2016-01-21,4.75
2016-01-22,4.755
2016-01-25,4.815
2016-01-26,4.8475
2016-01-27,4.765
2016-01-28,4.7225
2016-01-29,4.7925
2016-02-01,4.7525
2016-02-02,4.7525
2016-02-03,4.8
2016-02-04,4.7275
2016-02-05,4.6675
2016-02-08,4.585
2016-02-09,4.575
2016-02-10,4.6125
2016-02-11,4.635
2016-02-12,4.625
2016-02-16,4.69
2016-02-17,4.745
2016-02-18,4.685
2016-02-19,4.6675
2016-02-22,4.64
2016-02-23,4.5575
2016-02-24,4.5125
2016-02-25,4.54
2016-02-26,4.5225
2016-02-29,4.5325
2016-03-01,4.46
2016-03-02,4.5025
2016-03-03,4.5975
2016-03-04,4.6075
2016-03-07,4.6275
2016-03-08,4.6525
2016-03-09,4.6825
2016-03-10,4.77
2016-03-11,4.7575
2016-03-14,4.7875
2016-03-15,4.7725
2016-03-16,4.7075
2016-03-17,4.625
2016-03-18,4.63
2016-03-21,4.665
2016-03-22,4.6675
2016-03-23,4.63
2016-03-24,4.63
2016-03-28,4.71
2016-03-29,4.7675
2016-03-30,4.64
2016-03-31,4.735
2016-04-01,4.7575
2016-04-04,4.7475
2016-04-05,4.74
2016-04-06,4.63
2016-04-07,4.57
2016-04-08,4.6025
2016-04-11,4.5425
2016-04-12,4.5875
2016-04-13,4.675
2016-04-14,4.6675
2016-04-15,4.675
2016-04-18,4.81
2016-04-19,4.9425
2016-04-20,5.1225
2016-04-21,5.035
2016-04-22,4.74
2016-04-25,4.7775
2016-04-26,4.8775
2016-04-27,4.835
2016-04-28,4.855
2016-04-29,4.885
2016-05-02,4.8775
2016-05-03,4.7075
2016-05-04,4.7125
2016-05-05,4.6325
2016-05-06,4.6375
2016-05-09,4.565
2016-05-10,4.6125
2016-05-11,4.59
2016-05-12,4.68
2016-05-13,4.7475
2016-05-16,4.7475
2016-05-17,4.8175
2016-05-18,4.8
2016-05-19,4.6875
2016-05-20,4.6775
2016-05-23,4.62
2016-05-24,4.64
2016-05-25,4.66
2016-05-26,4.8125
2016-05-27,4.815
2016-05-31,4.645
2016-06-01,4.7375
2016-06-02,4.855
2016-06-03,4.9725
2016-06-06,5.075
2016-06-07,5.09
2016-06-08,5.195
2016-06-09,5.1025
2016-06-10,4.95
2016-06-13,5.0325
2016-06-14,4.9775
2016-06-15,4.895
2016-06-16,4.8475
2016-06-17,4.9475
2016-06-20,4.875
2016-06-21,4.725
2016-06-22,4.7225
2016-06-23,4.6575
2016-06-24,4.65
2016-06-27,4.5825
2016-06-28,4.5725
2016-06-29,4.445
2016-06-30,4.455
2016-07-01,4.3025
2016-07-05,4.335
2016-07-06,4.285
2016-07-07,4.255
2016-07-08,4.35
2016-07-11,4.305
2016-07-12,4.385
2016-07-13,4.3975
2016-07-14,4.34
2016-07-15,4.2475
2016-07-18,4.295
2016-07-19,4.18
2016-07-20,4.13
2016-07-21,4.1775
2016-07-22,4.2525
2016-07-25,4.29
2016-07-26,4.15
2016-07-27,4.1475
2016-07-28,4.1025
2016-07-29,4.0775
2016-08-01,4.06
2016-08-02,4.0125
2016-08-03,4.1025
2016-08-04,4.0325
2016-08-05,4.16
2016-08-08,4.17
2016-08-09,4.3675
2016-08-10,4.415
2016-08-11,4.37
2016-08-12,4.4
2016-08-15,4.3825
2016-08-16,4.395
2016-08-17,4.43
2016-08-18,4.4425
2016-08-19,4.4475
2016-08-22,4.3525
2016-08-23,4.275
2016-08-24,4.2625
2016-08-25,4.2375
2016-08-26,4.075
2016-08-29,3.97
2016-08-30,3.9225
2016-08-31,3.8825
2016-09-01,3.9475
2016-09-02,3.9925
2016-09-06,3.985
2016-09-07,4.0275
2016-09-08,4.06
2016-09-09,4.035
2016-09-12,4.0925
2016-09-13,4.01
2016-09-14,4.03
2016-09-15,3.995
2016-09-16,4.0325
2016-09-19,4.04
2016-09-20,4.06
2016-09-21,4.0775
2016-09-22,4.055
2016-09-23,4.0475
2016-09-26,3.96
2016-09-27,4.04
2016-09-28,4.0325
2016-09-29,3.99
2016-09-30,4.02
2016-10-03,3.955
2016-10-04,3.955
2016-10-05,4.05
2016-10-06,3.9575
2016-10-07,3.9475
2016-10-10,4.0375
2016-10-11,4.0725
2016-10-12,3.9675
2016-10-13,4.16
2016-10-14,4.21
2016-10-17,4.2375
2016-10-18,4.2
2016-10-19,4.2025
2016-10-20,4.17
2016-10-21,4.145
2016-10-24,4.025
2016-10-25,4.0425
2016-10-26,4.115
2016-10-27,4.145
2016-10-28,4.085
2016-10-31,4.1625
2016-11-01,4.1425
2016-11-02,4.1775
2016-11-03,4.12
2016-11-04,4.1425
2016-11-07,4.1
2016-11-08,4.1525
2016-11-09,4.0675
2016-11-10,4.0475
2016-11-11,4.215
2016-11-14,4.125
2016-11-15,4.1875
2016-11-16,4.1425
2016-11-17,4.2
2016-11-18,4.2525
2016-11-21,4.27
2016-11-22,4.2725
2016-11-23,4.2375
2016-11-25,4.195
2016-11-28,4.165
2016-11-29,4.0875
2016-11-30,4.0275
2016-12-01,3.955
2016-12-02,4.0425
2016-12-05,4.0825
2016-12-06,4.0675
2016-12-07,4.01
2016-12-08,4.0825
2016-12-09,4.1625
2016-12-12,4.1725
2016-12-13,4.175
2016-12-14,4.18
2016-12-15,4.0925
2016-12-16,4.0925
2016-12-19,4.05
2016-12-20,4.0325
2016-12-21,3.995
2016-12-22,3.97
2016-12-23,3.935
2016-12-27,4.095
2016-12-28,4.015
2016-12-29,4.0475
2016-12-30,4.08
2017-01-03,4.065
2017-01-04,4.185
2017-01-05,4.2625
2017-01-06,4.2325
2017-01-09,4.2725
2017-01-10,4.2675
2017-01-11,4.1875
2017-01-12,4.2625
2017-01-13,4.26
2017-01-17,4.335
2017-01-18,4.31
2017-01-19,4.235
2017-01-20,4.2825
2017-01-23,4.3325
2017-01-24,4.2675
2017-01-25,4.245
2017-01-26,4.27
2017-01-27,4.205
2017-01-30,4.14
2017-01-31,4.2075
2017-02-01,4.3375
2017-02-02,4.345
2017-02-03,4.3025
2017-02-06,4.225
2017-02-07,4.3075
2017-02-08,4.325
2017-02-09,4.435
2017-02-10,4.63
2017-02-13,4.67
2017-02-14,4.635
2017-02-15,4.6825
2017-02-16,4.6125
2017-02-17,4.555
2017-02-21,4.4975
2017-02-22,4.56
2017-02-23,4.535
2017-02-24,4.48
2017-02-27,4.3875
2017-02-28,4.4375
2017-03-01,4.57
2017-03-02,4.5275
2017-03-03,4.535
2017-03-06,4.585
2017-03-07,4.565
2017-03-08,4.47
2017-03-09,4.44
2017-03-10,4.405
2017-03-13,4.305
2017-03-14,4.305
2017-03-15,4.36
2017-03-16,4.36
2017-03-17,4.3625
2017-03-20,4.3025
2017-03-21,4.265
2017-03-22,4.2225
2017-03-23,4.21
2017-03-24,4.2475
2017-03-27,4.2075
2017-03-28,4.245
2017-03-29,4.255
2017-03-30,4.21
2017-03-31,4.265
2017-04-03,4.2775
2017-04-04,4.27
2017-04-05,4.2975
2017-04-06,4.2325
2017-04-07,4.24
2017-04-10,4.2875
2017-04-11,4.475
2017-04-12,4.4625
2017-04-13,4.4275
2017-04-17,4.3575
2017-04-18,4.37
2017-04-19,4.345
2017-04-20,4.2175
2017-04-21,4.21
2017-04-24,4.1925
2017-04-25,4.27
2017-04-26,4.265
2017-04-27,4.3125
2017-04-28,4.3225
2017-05-01,4.56
2017-05-02,4.54
2017-05-03,4.54
2017-05-04,4.3775
2017-05-05,4.4225
2017-05-08,4.335
2017-05-09,4.295
2017-05-10,4.3175
2017-05-11,4.3375
2017-05-12,4.3275
2017-05-15,4.2325
2017-05-16,4.2425
2017-05-17,4.27
2017-05-18,4.2575
2017-05-19,4.3525
2017-05-22,4.3425
2017-05-23,4.295
2017-05-24,4.325
2017-05-25,4.3075
2017-05-26,4.3825
2017-05-30,4.295
2017-05-31,4.2925
2017-06-01,4.29
2017-06-02,4.295
2017-06-05,4.295
2017-06-06,4.3575
2017-06-07,4.4475
2017-06-08,4.4925
2017-06-09,4.4575
2017-06-12,4.34
2017-06-13,4.45
2017-06-14,4.5725
2017-06-15,4.69
2017-06-16,4.815
2017-06-19,4.83
2017-06-20,4.8775
2017-06-21,4.795
2017-06-22,4.7525
2017-06-23,4.735
2017-06-26,4.655
2017-06-27,4.69
2017-06-28,4.73
2017-06-29,4.96
2017-06-30,5.26
2017-07-03,5.55
2017-07-05,5.6
2017-07-06,5.39
2017-07-07,5.35
2017-07-10,5.5
2017-07-11,5.53
2017-07-12,5.37
2017-07-13,5.1175
2017-07-14,5.1075
2017-07-17,5.06
2017-07-18,5.0375
2017-07-19,5.03
2017-07-20,5.0575
2017-07-21,4.9925
2017-07-24,4.8875
2017-07-25,4.74
2017-07-26,4.7775
2017-07-27,4.7975
2017-07-28,4.81
2017-07-31,4.745
2017-08-01,4.6125
2017-08-02,4.6075
2017-08-03,4.5775
2017-08-04,4.5475
2017-08-07,4.9075
2017-08-08,4.84
2017-08-09,4.8675
2017-08-10,4.6875
2017-08-11,4.67
2017-08-14,4.6775
2017-08-15,4.56
2017-08-16,4.47
2017-08-17,4.4075
2017-08-18,4.425
2017-08-21,4.37
2017-08-22,4.29
2017-08-23,4.3
2017-08-24,4.345
2017-08-25,4.3525
2017-08-28,4.28
2017-08-29,4.2975
2017-08-30,4.2975
2017-08-31,4.345
2017-09-01,4.3875
2017-09-05,4.43
2017-09-06,4.4575
2017-09-07,4.3725
2017-09-08,4.3775
2017-09-11,4.3475
2017-09-12,4.42
2017-09-13,4.4325
2017-09-14,4.43
2017-09-15,4.49
2017-09-18,4.435
2017-09-19,4.43
2017-09-20,4.4975
2017-09-21,4.525
2017-09-22,4.495
2017-09-25,4.54
2017-09-26,4.5375
2017-09-27,4.615
2017-09-28,4.55
2017-09-29,4.4825
2017-10-02,4.4475
2017-10-03,4.48
2017-10-04,4.42
2017-10-05,4.4075
2017-10-06,4.435
2017-10-09,4.36
2017-10-10,4.3525
2017-10-11,4.3325
2017-10-12,4.305
2017-10-13,4.395
2017-10-16,4.365
2017-10-17,4.3475
2017-10-18,4.3
2017-10-19,4.3275
2017-10-20,4.26
2017-10-23,4.3675
2017-10-24,4.38
2017-10-25,4.355
2017-10-26,4.3175
2017-10-27,4.2725
2017-10-30,4.2475
2017-10-31,4.185
2017-11-01,4.18
2017-11-02,4.26
2017-11-03,4.2575
2017-11-06,4.3075
2017-11-07,4.2725
2017-11-08,4.2675
2017-11-09,4.29
2017-11-10,4.315
2017-11-13,4.2425
2017-11-14,4.28
2017-11-15,4.2
2017-11-16,4.215
2017-11-17,4.2725
2017-11-20,4.22
2017-11-21,4.2475
2017-11-22,4.2275
2017-11-24,4.1575
2017-11-27,4.1325
2017-11-28,4.1815
2017-11-29,4.2745
2017-11-30,4.2825
2017-12-01,4.385
2017-12-04,4.3525
2017-12-05,4.3275
2017-12-06,4.2525
2017-12-07,4.215
2017-12-08,4.19
2017-12-11,4.135
2017-12-12,4.1075
2017-12-13,4.1675
2017-12-14,4.1825
2017-12-15,4.1825
2017-12-18,4.205
2017-12-19,4.195
2017-12-20,4.235
2017-12-21,4.27
2017-12-22,4.2475
2017-12-26,4.2225
2017-12-27,4.28
2017-12-28,4.2775
2017-12-29,4.27
2018-01-02,4.335
2018-01-03,4.36
2018-01-04,4.34
2018-01-05,4.3075
2018-01-08,4.2775
2018-01-09,4.3225
2018-01-10,4.3425
2018-01-11,4.3325
2018-01-12,4.205
2018-01-16,4.165
2018-01-17,4.215
2018-01-18,4.2525
2018-01-19,4.2275
2018-01-22,4.2575
2018-01-23,4.215
2018-01-24,4.33
2018-01-25,4.345
2018-01-26,4.41
2018-01-29,4.4925
2018-01-30,4.5725
2018-01-31,4.5175
2018-02-01,4.51
2018-02-02,4.4675
2018-02-05,4.4025
2018-02-06,4.4625
2018-02-07,4.605
2018-02-08,4.5625
2018-02-09,4.49
2018-02-12,4.64
2018-02-13,4.6075
2018-02-14,4.5575
2018-02-15,4.6175
2018-02-16,4.5775
2018-02-20,4.4925
2018-02-21,4.4725
2018-02-22,4.5125
2018-02-23,4.5465
2018-02-26,4.648
2018-02-27,4.715
2018-02-28,4.929
2018-03-01,5.155
2018-03-02,5.0
2018-03-05,5.0925
2018-03-06,5.07
2018-03-07,4.9725
2018-03-08,4.9925
2018-03-09,4.8925
2018-03-12,4.9075
2018-03-13,4.865
2018-03-14,4.8875
2018-03-15,4.7875
2018-03-16,4.6775
2018-03-19,4.5075
2018-03-20,4.53
2018-03-21,4.535
2018-03-22,4.5575
2018-03-23,4.6025
2018-03-26,4.5425
2018-03-27,4.49
2018-03-28,4.455
2018-03-29,4.51
2018-04-02,4.4625
2018-04-03,4.575
2018-04-04,4.5575
2018-04-05,4.6475
2018-04-06,4.7225
2018-04-09,4.9075
2018-04-10,4.92
2018-04-11,4.8725
2018-04-12,4.81
2018-04-13,4.725
2018-04-16,4.6225
2018-04-17,4.6625
2018-04-18,4.7525
2018-04-19,4.7675
2018-04-20,4.6325
2018-04-23,4.615
2018-04-24,4.725
2018-04-25,4.888
2018-04-26,4.8425
2018-04-27,4.973
2018-04-30,5.109
2018-05-01,5.2925
2018-05-02,5.2675
2018-05-03,5.38
2018-05-04,5.2625
2018-05-07,5.115
2018-05-08,5.145
2018-05-09,5.105
2018-05-10,5.065
2018-05-11,4.9875
2018-05-14,4.9125
2018-05-15,4.935
2018-05-16,4.9425
2018-05-17,4.975
2018-05-18,5.1825
2018-05-21,5.0725
2018-05-22,5.215
2018-05-23,5.31
2018-05-24,5.3025
2018-05-25,5.43
2018-05-29,5.365
2018-05-30,5.22
2018-05-31,5.2625
2018-06-01,5.2325
2018-06-04,5.0525
2018-06-05,5.1
2018-06-06,5.1975
2018-06-07,5.2675
2018-06-08,5.2
2018-06-11,5.145
2018-06-12,5.345
2018-06-13,5.165
2018-06-14,5.015
2018-06-15,4.995
2018-06-18,4.9
2018-06-19,4.7775
2018-06-20,4.8825
2018-06-21,4.9525
2018-06-22,4.9125
2018-06-25,4.7675
2018-06-26,4.722
2018-06-27,4.831
2018-06-28,4.819
2018-06-29,5.005
2018-07-02,4.8025
2018-07-03,4.91
2018-07-05,5.055
2018-07-06,5.1525
2018-07-09,5.08
2018-07-10,4.92
2018-07-11,4.7175
2018-07-12,4.845
2018-07-13,4.97
2018-07-16,4.885
2018-07-17,4.9775
2018-07-18,4.945
2018-07-19,5.0425
2018-07-20,5.16
2018-07-23,5.1375
2018-07-24,5.1025
2018-07-25,5.4275
2018-07-26,5.365
2018-07-27,5.305
2018-07-30,5.465
2018-07-31,5.5375
2018-08-01,5.5825
2018-08-02,5.605
2018-08-03,5.5625
2018-08-06,5.745
2018-08-07,5.6825
2018-08-08,5.7
2018-08-09,5.645
2018-08-10,5.4675
2018-08-13,5.335
2018-08-14,5.4175
2018-08-15,5.3225
2018-08-16,5.4225
2018-08-17,5.605
2018-08-20,5.4225
2018-08-21,5.2725
2018-08-22,5.26
2018-08-23,5.22
2018-08-24,5.1475
2018-08-27,4.9925
2018-08-28,5.0325
2018-08-29,5.2615
2018-08-30,5.242
2018-08-31,5.401
2018-09-04,5.315
2018-09-05,5.2175
2018-09-06,5.1375
2018-09-07,5.1125
2018-09-10,5.2825
2018-09-11,5.1875
2018-09-12,5.0675
2018-09-13,4.97
2018-09-14,5.115
2018-09-17,5.0625
2018-09-18,5.105
2018-09-19,5.225
2018-09-20,5.24
2018-09-21,5.2175
2018-09-24,5.27
2018-09-25,5.2075
2018-09-26,5.175
2018-09-27,5.13
2018-09-28,5.09
2018-10-01,5.095
2018-10-02,5.1925
2018-10-03,5.1525
2018-10-04,5.18
2018-10-05,5.21
2018-10-08,5.14
2018-10-09,5.15
2018-10-10,5.105
2018-10-11,5.08
2018-10-12,5.1725
2018-10-15,5.25
2018-10-16,5.235
2018-10-17,5.175
2018-10-18,5.13
2018-10-19,5.1475
2018-10-22,5.08
2018-10-23,5.09
2018-10-24,4.995
2018-10-25,4.8725
2018-10-26,5.0525
2018-10-29,5.0725
2018-10-30,4.9975
2018-10-31,5.005
2018-11-01,5.08
2018-11-02,5.0875
2018-11-05,5.0725
2018-11-06,5.12
2018-11-07,5.1025
2018-11-08,5.0775
2018-11-09,5.02
2018-11-12,5.1975
2018-11-13,5.0775
2018-11-14,5.03
2018-11-15,5.055
2018-11-16,5.0675
2018-11-19,4.985
2018-11-20,5.0075
2018-11-21,4.9875
2018-11-23,4.9975
2018-11-26,5.075
2018-11-27,4.997
2018-11-28,5.031
2018-11-29,5.0325
2018-11-30,5.1575
2018-12-03,5.2125
2018-12-04,5.225
2018-12-05,5.18
2018-12-06,5.155
2018-12-07,5.3125
2018-12-10,5.2525
2018-12-11,5.21
2018-12-12,5.265
2018-12-13,5.36
2018-12-14,5.3
2018-12-17,5.3525
2018-12-18,5.3275
2018-12-19,5.225
2018-12-20,5.235
2018-12-21,5.14
2018-12-24,5.165
2018-12-26,5.1
2018-12-27,5.105
2018-12-28,5.115
2018-12-31,5.0325
2019-01-02,5.0675
2019-01-03,5.1375
2019-01-04,5.17
2019-01-07,5.1675
2019-01-08,5.1775
2019-01-09,5.2
2019-01-10,5.1375
2019-01-11,5.195
2019-01-14,5.1425
2019-01-15,5.11
2019-01-16,5.125
2019-01-17,5.1775
2019-01-18,5.1775
2019-01-22,5.2125
2019-01-23,5.26
2019-01-24,5.215
2019-01-25,5.2
2019-01-28,5.1875
2019-01-29,5.1325
2019-01-30,5.1675
2019-01-31,5.165
2019-02-01,5.2425
2019-02-04,5.2575
2019-02-05,5.2725
2019-02-06,5.26
2019-02-07,5.1325
2019-02-08,5.1725
2019-02-11,5.1825
2019-02-12,5.2
2019-02-13,5.2225
2019-02-14,5.07
2019-02-15,5.0425
2019-02-19,4.8975
2019-02-20,4.8075
2019-02-21,4.865
2019-02-22,4.8675
2019-02-25,4.6795
2019-02-26,4.6345
2019-02-27,4.6445
2019-02-28,4.581
2019-03-01,4.5725
2019-03-04,4.555
2019-03-05,4.6275
2019-03-06,4.5
2019-03-07,4.3825
2019-03-08,4.395
2019-03-11,4.285
2019-03-12,4.53
2019-03-13,4.4725
2019-03-14,4.5275
2019-03-15,4.6225
2019-03-18,4.5675
2019-03-19,4.565
2019-03-20,4.6475
2019-03-21,4.665
2019-03-22,4.66
2019-03-25,4.695
2019-03-26,4.6925
2019-03-27,4.695
2019-03-28,4.645
2019-03-29,4.5775
2019-04-01,4.6275
2019-04-02,4.64
2019-04-03,4.71
2019-04-04,4.7075
2019-04-05,4.6775
2019-04-08,4.6525
2019-04-09,4.595
2019-04-10,4.58
2019-04-11,4.605
2019-04-12,4.645
2019-04-15,4.595
2019-04-16,4.45
2019-04-17,4.47
2019-04-18,4.4425
2019-04-22,4.3575
2019-04-23,4.3875
2019-04-24,4.3225
2019-04-25,4.361
2019-04-26,4.38
2019-04-29,4.3185
2019-04-30,4.267
2019-05-01,4.36
2019-05-02,4.44
2019-05-03,4.38
2019-05-06,4.3725
2019-05-07,4.395
2019-05-08,4.39
2019-05-09,4.295
2019-05-10,4.2475
2019-05-13,4.37
2019-05-14,4.485
2019-05-15,4.4875
2019-05-16,4.67
2019-05-17,4.65
2019-05-20,4.7825
2019-05-21,4.7875
2019-05-22,4.7275
2019-05-23,4.7025
2019-05-24,4.895
2019-05-28,5.0475
2019-05-29,4.905
2019-05-30,5.145
2019-05-31,5.03
2019-06-03,5.1975
2019-06-04,5.0725
2019-06-05,4.9075
2019-06-06,5.1
2019-06-07,5.045
2019-06-10,5.075
2019-06-11,5.18
2019-06-12,5.2625
2019-06-13,5.355
2019-06-14,5.385
2019-06-17,5.395
2019-06-18,5.315
2019-06-19,5.2225
2019-06-20,5.265
2019-06-21,5.26
2019-06-24,5.38
2019-06-25,5.366
2019-06-26,5.4485
2019-06-27,5.4705
2019-06-28,5.274
2019-07-01,5.1175
2019-07-02,5.0325
2019-07-03,5.14
2019-07-05,5.15
2019-07-08,5.11
2019-07-09,5.0275
2019-07-10,5.0475
2019-07-11,5.215
2019-07-12,5.23
2019-07-15,5.0775
2019-07-16,5.075
2019-07-17,5.055
2019-07-18,4.935
2019-07-19,5.025
2019-07-22,4.8725
2019-07-23,4.8725
2019-07-24,4.9775
2019-07-25,4.995
2019-07-26,4.96
2019-07-29,5.035
2019-07-30,4.9725
2019-07-31,4.8725
2019-08-01,4.7575
2019-08-02,4.9075
2019-08-05,4.945
2019-08-06,4.84
2019-08-07,4.8825
2019-08-08,4.985
2019-08-09,4.995
2019-08-12,4.7175
2019-08-13,4.72
2019-08-14,4.7375
2019-08-15,4.69
2019-08-16,4.7075
2019-08-19,4.655
2019-08-20,4.6
2019-08-21,4.625
2019-08-22,4.6725
2019-08-23,4.7525
2019-08-26,4.73
2019-08-27,4.7435
2019-08-28,4.7345
2019-08-29,4.7155
2019-08-30,4.6025
2019-09-03,4.535
2019-09-04,4.6075
2019-09-05,4.6625
2019-09-06,4.6375
2019-09-09,4.745
2019-09-10,4.8225
2019-09-11,4.775
2019-09-12,4.8375
2019-09-13,4.835
2019-09-16,4.8875
2019-09-17,4.8425
2019-09-18,4.895
2019-09-19,4.88
2019-09-20,4.8425
2019-09-23,4.83
2019-09-24,4.8175
2019-09-25,4.7725
2019-09-26,4.8425
2019-09-27,4.8725
2019-09-30,4.9575
2019-10-01,4.9875
2019-10-02,4.89
2019-10-03,4.8875
2019-10-04,4.905
2019-10-07,4.8925
2019-10-08,5.0025
2019-10-09,5.0025
2019-10-10,4.93
2019-10-11,5.08
2019-10-14,5.11
2019-10-15,5.07
2019-10-16,5.1325
2019-10-17,5.255
2019-10-18,5.3225
2019-10-21,5.235
2019-10-22,5.18
2019-10-23,5.2075
2019-10-24,5.16
2019-10-25,5.1775
2019-10-28,5.1175
2019-10-29,5.115
2019-10-30,5.0925
2019-10-31,5.0875
2019-11-01,5.16
2019-11-04,5.0975
2019-11-05,5.1525
2019-11-06,5.1675
2019-11-07,5.125
2019-11-08,5.1025
2019-11-11,5.0575
2019-11-12,5.17
2019-11-13,5.09
2019-11-14,5.0775
2019-11-15,5.0275
2019-11-18,5.0725
2019-11-19,5.12
2019-11-20,5.155
2019-11-21,5.09
2019-11-22,5.1525
2019-11-25,5.314
2019-11-26,5.3055
2019-11-27,5.2745
2019-11-29,5.429
2019-12-02,5.3525
2019-12-03,5.2525
2019-12-04,5.275
2019-12-05,5.2375
2019-12-06,5.245
2019-12-09,5.2275
2019-12-10,5.2375
2019-12-11,5.1925
2019-12-12,5.3025
2019-12-13,5.325
2019-12-16,5.4975
2019-12-17,5.5625
2019-12-18,5.4825
2019-12-19,5.4525
2019-12-20,5.4225
2019-12-23,5.395
2019-12-24,5.41
2019-12-26,5.49
2019-12-27,5.5625
2019-12-30,5.56
2019-12-31,5.5875
2020-01-02,5.6025
2020-01-03,5.545
2020-01-06,5.5
2020-01-07,5.5025
2020-01-08,5.5275
2020-01-09,5.6225
2020-01-10,5.645
2020-01-13,5.6225
2020-01-14,5.685
2020-01-15,5.7325
2020-01-16,5.6525
2020-01-17,5.705
2020-01-21,5.815
2020-01-22,5.7775
2020-01-23,5.805
2020-01-24,5.735
2020-01-27,5.7225
2020-01-28,5.6975
2020-01-29,5.6225
2020-01-30,5.605
2020-01-31,5.5375
2020-02-03,5.555
2020-02-04,5.5725
2020-02-05,5.62
2020-02-06,5.5625
2020-02-07,5.5875
2020-02-10,5.52
2020-02-11,5.42
2020-02-12,5.475
2020-02-13,5.4425
2020-02-14,5.4275
2020-02-18,5.6675
2020-02-19,5.6525
2020-02-20,5.6
2020-02-21,5.51
2020-02-24,5.3625
2020-02-25,5.386
2020-02-26,5.3845
2020-02-27,5.282
2020-02-28,5.258
2020-03-02,5.2325
2020-03-03,5.2725
2020-03-04,5.1825
2020-03-05,5.1875
2020-03-06,5.1575
2020-03-09,5.1875
2020-03-10,5.2225
2020-03-11,5.1275
2020-03-12,5.055
2020-03-13,5.06
2020-03-16,4.98
2020-03-17,4.9925
2020-03-18,5.0825
2020-03-19,5.35
2020-03-20,5.3925
2020-03-23,5.625
2020-03-24,5.615
2020-03-25,5.8
2020-03-26,5.69
2020-03-27,5.7125
2020-03-30,5.695
2020-03-31,5.6875
2020-04-01,5.5025
2020-04-02,5.4175
2020-04-03,5.4925
2020-04-06,5.5575
2020-04-07,5.4925
2020-04-08,5.4825
2020-04-09,5.565
2020-04-13,5.55
2020-04-14,5.4875
2020-04-15,5.4025
2020-04-16,5.2975
2020-04-17,5.335
2020-04-20,5.4875
2020-04-21,5.4675
2020-04-22,5.43
2020-04-23,5.47
2020-04-24,5.2675
2020-04-27,5.2175
2020-04-28,5.2645
2020-04-29,5.177
2020-04-30,5.2535
2020-05-01,5.165
2020-05-04,5.195
2020-05-05,5.2075
2020-05-06,5.175
2020-05-07,5.225
2020-05-08,5.22
2020-05-11,5.1725
2020-05-12,5.145
2020-05-13,5.0175
2020-05-14,5.0225
2020-05-15,5.0025
2020-05-18,4.97
2020-05-19,4.9875
2020-05-20,5.1375
2020-05-21,5.16
2020-05-22,5.0875
2020-05-26,5.0675
2020-05-27,5.045
2020-05-28,5.145
2020-05-29,5.2075
2020-06-01,5.1525
2020-06-02,5.08
2020-06-03,5.12
2020-06-04,5.2375
2020-06-05,5.1525
2020-06-08,5.115
2020-06-09,5.045
2020-06-10,5.0625
2020-06-11,4.9925
2020-06-12,5.02
2020-06-15,5.0475
2020-06-16,4.96
2020-06-17,4.8875
2020-06-18,4.835
2020-06-19,4.8125
2020-06-22,4.85
2020-06-23,4.86
2020-06-24,4.8125
2020-06-25,4.8705
2020-06-26,4.747
2020-06-29,4.861
2020-06-30,4.914
2020-07-01,4.9875
2020-07-02,4.92
2020-07-06,4.9325
2020-07-07,4.9525
2020-07-08,5.165
2020-07-09,5.25
2020-07-10,5.34
2020-07-13,5.2475
2020-07-14,5.2675
2020-07-15,5.5075
2020-07-16,5.3525
2020-07-17,5.3475
2020-07-20,5.22
2020-07-21,5.2775
2020-07-22,5.345
2020-07-23,5.295
2020-07-24,5.395
2020-07-27,5.2775
2020-07-28,5.235
2020-07-29,5.3275
2020-07-30,5.295
2020-07-31,5.3125
2020-08-03,5.21
2020-08-04,5.0825
2020-08-05,5.1075
2020-08-06,5.0125
2020-08-07,4.955
2020-08-10,4.91
2020-08-11,4.95
2020-08-12,4.9125
2020-08-13,4.9675
2020-08-14,5.0
2020-08-17,5.165
2020-08-18,5.075
2020-08-19,5.12
2020-08-20,5.195
2020-08-21,5.2725
2020-08-24,5.2075
2020-08-25,5.2725
2020-08-26,5.3355
2020-08-27,5.458
2020-08-28,5.4495
2020-08-31,5.5065
2020-09-01,5.64
2020-09-02,5.5825
2020-09-03,5.5325
2020-09-04,5.5025
2020-09-08,5.4425
2020-09-09,5.4375
2020-09-10,5.4825
2020-09-11,5.42
2020-09-14,5.4575
2020-09-15,5.3825
2020-09-16,5.42
2020-09-17,5.5625
2020-09-18,5.75
2020-09-21,5.5475
2020-09-22,5.58
2020-09-23,5.49
2020-09-24,5.4975
2020-09-25,5.4425
2020-09-28,5.5025
2020-09-29,5.495
2020-09-30,5.78
2020-10-01,5.7025
2020-10-02,5.7325
2020-10-05,5.8425
2020-10-06,5.9275
2020-10-07,6.075
2020-10-08,5.9525
2020-10-09,5.9375
2020-10-12,5.9425
2020-10-13,5.94
2020-10-14,5.9675
2020-10-15,6.1825
2020-10-16,6.2525
2020-10-19,6.27
2020-10-20,6.32
2020-10-21,6.2975
2020-10-22,6.2275
2020-10-23,6.3275
2020-10-26,6.2
2020-10-27,6.1575
2020-10-28,6.0875
2020-10-29,6.0375
2020-10-30,5.985
2020-11-02,6.075
2020-11-03,6.08
2020-11-04,6.06
2020-11-05,6.0925
2020-11-06,6.02
2020-11-09,5.975
2020-11-10,6.085
2020-11-11,5.98
2020-11-12,5.8825
2020-11-13,5.935
2020-11-16,5.98
2020-11-17,5.9525
2020-11-18,5.9775
2020-11-19,5.9175
2020-11-20,5.9325
2020-11-23,5.9875
2020-11-24,6.125
2020-11-25,5.9155
2020-11-27,6.022
2020-11-30,5.8405
2020-12-01,5.7725
2020-12-02,5.885
2020-12-03,5.845
2020-12-04,5.755
2020-12-07,5.775
2020-12-08,5.7
2020-12-09,5.8325
2020-12-10,5.965
2020-12-11,6.145
2020-12-14,5.965
2020-12-15,5.9975
2020-12-16,5.985
2020-12-17,6.0875
2020-12-18,6.0825
2020-12-21,6.1125
2020-12-22,6.17
2020-12-23,6.2975
2020-12-24,6.27
2020-12-28,6.1425
2020-12-29,6.185
2020-12-30,6.4075
2020-12-31,6.405
2021-01-04,6.42
2021-01-05,6.54
2021-01-06,6.475
2021-01-07,6.4225
2021-01-08,6.3875
2021-01-11,6.3475
2021-01-12,6.65
2021-01-13,6.605
2021-01-14,6.7
2021-01-15,6.755
2021-01-19,6.7225
2021-01-20,6.6775
2021-01-21,6.6075
2021-01-22,6.345
2021-01-25,6.485
2021-01-26,6.6525
2021-01-27,6.5825
2021-01-28,6.47
2021-01-29,6.63
2021-02-01,6.51
2021-02-02,6.4475
2021-02-03,6.4825
2021-02-04,6.375
2021-02-05,6.4125
2021-02-08,6.5575
2021-02-09,6.495
2021-02-10,6.355
2021-02-11,6.335
2021-02-12,6.3675
2021-02-16,6.575
2021-02-17,6.44
2021-02-18,6.625
2021-02-19,6.5075
2021-02-22,6.64
2021-02-23,6.6665
2021-02-24,6.8235
2021-02-25,6.7415
2021-02-26,6.592
2021-03-01,6.5025
2021-03-02,6.6625
2021-03-03,6.56
2021-03-04,6.51
2021-03-05,6.53
2021-03-08,6.465
2021-03-09,6.565
2021-03-10,6.525
2021-03-11,6.425
2021-03-12,6.385
2021-03-15,6.45
2021-03-16,6.47
2021-03-17,6.4
2021-03-18,6.305
2021-03-19,6.27
2021-03-22,6.2725
2021-03-23,6.3475
2021-03-24,6.2475
2021-03-25,6.125
2021-03-26,6.1325
2021-03-29,6.1675
2021-03-30,6.0175
2021-03-31,6.18
2021-04-01,6.11
2021-04-05,6.18
2021-04-06,6.155
2021-04-07,6.1625
2021-04-08,6.2875
2021-04-09,6.3875
2021-04-12,6.28
2021-04-13,6.2975
2021-04-14,6.48
2021-04-15,6.5375
2021-04-16,6.525
2021-04-19,6.5225
2021-04-20,6.5975
2021-04-21,6.7325
2021-04-22,7.1025
2021-04-23,7.1025
2021-04-26,7.395
2021-04-27,7.3355
2021-04-28,7.2425
2021-04-29,7.324
2021-04-30,7.363
2021-05-03,7.18
2021-05-04,7.2675
2021-05-05,7.445
2021-05-06,7.5325
2021-05-07,7.6175
2021-05-10,7.305
2021-05-11,7.4175
2021-05-12,7.2975
2021-05-13,7.015
2021-05-14,7.0725
2021-05-17,6.9975
2021-05-18,6.98
2021-05-19,6.7925
2021-05-20,6.7525
2021-05-21,6.7425
2021-05-24,6.6225
2021-05-25,6.565
2021-05-26,6.485
2021-05-27,6.7625
2021-05-28,6.635
2021-06-01,6.935
2021-06-02,6.875
2021-06-03,6.7625
2021-06-04,6.8775
2021-06-07,6.8
2021-06-08,6.85
2021-06-09,6.8225
2021-06-10,6.8375
2021-06-11,6.8075
2021-06-14,6.745
2021-06-15,6.615
2021-06-16,6.6275
2021-06-17,6.39
2021-06-18,6.6275
2021-06-21,6.615
2021-06-22,6.51
2021-06-23,6.6125
2021-06-24,6.5125
2021-06-25,6.3775
2021-06-28,6.482
2021-06-29,6.4365
2021-06-30,6.779
2021-07-01,6.655
2021-07-02,6.5275
2021-07-06,6.26
2021-07-07,6.2225
2021-07-08,6.18
2021-07-09,6.15
2021-07-12,6.4075
2021-07-13,6.3375
2021-07-14,6.5425
2021-07-15,6.72
2021-07-16,6.925
2021-07-19,6.9775
2021-07-20,7.005
2021-07-21,7.1075
2021-07-22,6.9225
2021-07-23,6.84
2021-07-26,6.77
2021-07-27,6.745
2021-07-28,6.8875
2021-07-29,7.0525
2021-07-30,7.0375
2021-08-02,7.295
2021-08-03,7.245
2021-08-04,7.1725
2021-08-05,7.1275
2021-08-06,7.19
2021-08-09,7.1125
2021-08-10,7.27
2021-08-11,7.27
2021-08-12,7.535
2021-08-13,7.6225
2021-08-16,7.605
2021-08-17,7.345
2021-08-18,7.3725
2021-08-19,7.275
2021-08-20,7.1425
2021-08-23,7.1975
2021-08-24,7.18
2021-08-25,7.1125
2021-08-26,7.2805
2021-08-27,7.241
2021-08-30,7.176
2021-08-31,7.1915
2021-09-01,7.1425
2021-09-02,7.17
2021-09-03,7.2625
2021-09-06,7.2625
2021-09-07,7.1975
2021-09-08,7.095
2021-09-09,6.9225
2021-09-10,6.885
2021-09-13,6.87
2021-09-14,7.0075
2021-09-15,7.1225
2021-09-16,7.13
2021-09-17,7.0875
2021-09-20,7.0075
2021-09-21,6.9025
2021-09-22,7.0575
2021-09-23,7.1775
2021-09-24,7.2375
2021-09-27,7.2225
2021-09-28,7.065
2021-09-29,7.1025
2021-09-30,7.255
2021-10-01,7.5525
2021-10-04,7.565
2021-10-05,7.4475
2021-10-06,7.46
2021-10-07,7.4125
2021-10-08,7.34
2021-10-11,7.3175
2021-10-12,7.34
2021-10-13,7.1875
2021-10-14,7.2475
2021-10-15,7.34
2021-10-18,7.3625
2021-10-19,7.36
2021-10-20,7.4925
2021-10-21,7.4125
2021-10-22,7.56
2021-10-25,7.595
2021-10-26,7.5225
2021-10-27,7.5975
2021-10-28,7.725
2021-10-29,7.7275
2021-11-01,7.9725
2021-11-02,7.915
2021-11-03,7.81
2021-11-04,7.7375
2021-11-05,7.665
2021-11-08,7.68
2021-11-09,7.785
2021-11-10,8.03
2021-11-11,8.125
2021-11-12,8.17
2021-11-15,8.2625
2021-11-16,8.1025
2021-11-17,8.2225
2021-11-18,8.2
2021-11-19,8.23
2021-11-22,8.4575
2021-11-23,8.56
2021-11-24,8.3945
2021-11-26,8.314
2021-11-29,8.1635
2021-11-30,7.8455
2021-12-01,7.905
2021-12-02,8.15
2021-12-03,8.0375
2021-12-06,8.0625
2021-12-07,8.085
2021-12-08,7.945
2021-12-09,7.7675
2021-12-10,7.8525
2021-12-13,7.8875
2021-12-14,7.87
2021-12-15,7.56
2021-12-16,7.705
2021-12-17,7.75
2021-12-20,7.7775
2021-12-21,7.99
2021-12-22,8.14
2021-12-23,8.1475
2021-12-24,8.1475
2021-12-26,8.1475
2021-12-27,8.04
2021-12-28,7.835
2021-12-29,7.8775
2021-12-30,7.7975
2021-12-31,7.7075
2022-01-03,7.58
2022-01-04,7.7
2022-01-05,7.6075
2022-01-06,7.46
2022-01-07,7.585
2022-01-10,7.62
2022-01-11,7.7025
2022-01-12,7.5775
2022-01-13,7.4675
2022-01-14,7.415
2022-01-18,7.69
2022-01-19,7.965
2022-01-20,7.9025
2022-01-21,7.8
2022-01-24,8.005
2022-01-25,8.18
2022-01-26,7.95
2022-01-27,7.77
2022-01-28,7.8625
2022-01-31,7.6125
2022-02-01,7.69
2022-02-02,7.55
2022-02-03,7.5175
2022-02-04,7.6325
2022-02-07,7.6875
2022-02-08,7.7875
2022-02-09,7.85
2022-02-10,7.715
2022-02-11,7.9775
2022-02-14,7.9925
2022-02-15,7.7975
2022-02-16,7.805
2022-02-17,7.98
2022-02-18,7.97
2022-02-21,7.97
2022-02-22,8.4425
2022-02-23,8.7775
2022-02-24,9.295
2022-02-25,8.5305
2022-02-28,9.328
2022-03-01,9.84
2022-03-02,10.59
2022-03-03,11.34
2022-03-04,12.09
2022-03-07,12.94
2022-03-08,12.865
2022-03-09,12.015
2022-03-10,10.87
2022-03-11,11.065
2022-03-14,10.9625
2022-03-15,11.5425
2022-03-16,10.6925
2022-03-17,10.98
2022-03-18,10.6375
2022-03-21,11.1925
2022-03-22,11.1825
2022-03-23,11.0575
2022-03-24,10.8575
2022-03-25,11.0225
2022-03-28,10.57
2022-03-29,10.1425
2022-03-30,10.2725
2022-03-31,10.06
2022-04-01,9.845
2022-04-04,10.1025
2022-04-05,10.4525
2022-04-06,10.3825
2022-04-07,10.2
2022-04-08,10.515
2022-04-11,10.8125
2022-04-12,11.0375
2022-04-13,11.135
2022-04-14,10.965
2022-04-15,10.965
2022-04-18,11.205
2022-04-19,10.99
2022-04-20,10.88
2022-04-21,10.68
2022-04-22,10.655
2022-04-25,10.62
2022-04-26,10.856
2022-04-27,10.845
2022-04-28,10.8105
2022-04-29,10.5335
2022-05-02,10.555
2022-05-03,10.455
2022-05-04,10.765
2022-05-05,11.065
2022-05-06,11.085
2022-05-09,10.9275
2022-05-10,10.9275
2022-05-11,11.13
2022-05-12,11.7875
2022-05-13,11.775
2022-05-16,12.475
2022-05-17,12.775
2022-05-18,12.3075
2022-05-19,12.005
2022-05-20,11.6875
2022-05-23,11.9
2022-05-24,11.5475
2022-05-25,11.4825
2022-05-26,11.4325
2022-05-27,11.575
2022-05-31,10.875
2022-06-01,10.4125
2022-06-02,10.5825
2022-06-03,10.4
2022-06-06,10.93
2022-06-07,10.7175
2022-06-08,10.7475
2022-06-09,10.7125
2022-06-10,10.7075
2022-06-13,10.71
2022-06-14,10.5025
2022-06-15,10.5
2022-06-16,10.7825
2022-06-17,10.3425
2022-06-20,10.3425
2022-06-21,9.7525
2022-06-22,9.765
2022-06-23,9.3725
2022-06-24,9.2375
2022-06-27,9.7564
2022-06-28,9.5219
2022-06-29,9.7307
2022-06-30,9.7616
2022-07-01,9.5469
2022-07-02,9.1444
2022-07-03,9.1444
2022-07-04,9.1431
2022-07-05,9.3548
2022-07-06,9.0106
2022-07-07,8.8774
2022-07-08,9.1969
2022-07-09,9.6955
2022-07-10,9.6955
2022-07-11,9.6925
2022-07-12,9.575
2022-07-13,9.2833
2022-07-14,9.365
2022-07-15,9.3515
2022-07-16,8.8927
2022-07-17,8.8927
2022-07-18,8.888
2022-07-19,9.1784
2022-07-20,9.2329
2022-07-21,9.5459
2022-07-22,8.9335
2022-07-25,9.0152
2022-07-26,9.3485
2022-07-27,9.2533
2022-07-28,9.3145
2022-07-29,9.3758
2022-08-01,9.158
2022-08-02,9.2193
2022-08-03,9.1648
2022-08-04,9.3009
2022-08-05,9.3077
2022-08-08,9.2669
2022-08-09,9.2601
2022-08-10,9.2397
2022-08-11,9.1648
2022-08-12,9.2533
2022-08-15,9.2465
2022-08-16,9.0356
2022-08-17,8.9131
2022-08-18,8.5525
2022-08-19,8.5525
2022-08-22,8.7566
2022-08-23,9.0356
2022-08-24,9.0015
2022-08-25,8.9335
2022-08-26,9.0015
2022-08-29,9.1172
2022-08-30,8.9743
2022-08-31,8.9947
2022-09-01,8.9403
2022-09-02,8.8042
2022-09-05,8.8178
2022-09-06,8.5049
2022-09-07,8.8723
2022-09-08,8.6886
2022-09-09,9.0083
2022-09-12,8.9879
2022-09-13,9.1512
2022-09-14,9.1784
2022-09-15,9.0492
2022-09-16,9.0968
2022-09-19,8.8519
2022-09-20,9.2329
2022-09-21,9.471
2022-09-22,9.5118
2022-09-23,9.4166
2022-09-26,9.3553
2022-09-27,9.5118
2022-09-28,9.6343
2022-09-29,9.5867
2022-09-30,9.7091
2022-10-03,9.5595
2022-10-04,9.5391
2022-10-05,9.5867
2022-10-06,9.3826
2022-10-07,9.4642
2022-10-10,9.9201
2022-10-11,9.6615
2022-10-12,9.6071
2022-10-13,9.6751
2022-10-14,9.5254
2022-10-17,9.4098
2022-10-18,9.1036
2022-10-19,9.1308
2022-10-20,9.2329
2022-10-21,9.2941
2022-10-24,9.2397
2022-10-25,9.1512
2022-10-26,9.0968
2022-10-27,9.1444
2022-10-28,9.1784
2022-10-31,9.5663
2022-11-01,9.784
2022-11-02,9.2805
2022-11-03,9.2737
2022-11-04,9.2193
2022-11-07,9.1308
2022-11-08,8.9539
2022-11-09,8.9335
2022-11-10,8.8995
2022-11-11,8.8995
2022-11-14,8.7974
2022-11-15,8.6954
2022-11-16,8.7022
2022-11-17,8.8383
2022-11-18,8.8655
2022-11-21,9.1308
2022-11-22,9.0492
2022-11-23,9.2678
2022-11-24,9.0643
2022-11-25,9.2272
2022-11-28,9.1493
2022-11-29,9.1651
2022-11-30,9.2697
2022-12-01,9.3318
2022-12-02,9.1766
2022-12-05,8.933
2022-12-06,8.781
2022-12-07,8.7788
2022-12-08,8.8438
2022-12-09,8.658
2022-12-12,8.69
2022-12-13,8.8407
2022-12-14,8.7805
2022-12-15,8.6646
2022-12-16,8.5935
2022-12-19,8.5809
2022-12-20,8.5866
2022-12-21,8.7982
2022-12-22,8.7195
2022-12-23,9.0232
2022-12-26,9.0394
2022-12-27,9.1105
2022-12-28,9.0984
2022-12-29,8.9527
2022-12-30,8.9571
2023-01-02,8.9471
2023-01-03,8.6999
2023-01-04,8.633
2023-01-05,8.6195
2023-01-06,8.6977
2023-01-09,8.652
2023-01-10,8.4953
2023-01-11,8.5632
2023-01-12,8.5863
2023-01-13,8.5057
2023-01-16,8.4463
2023-01-17,8.4237
2023-01-18,8.4678
2023-01-19,8.4018
2023-01-20,8.399
2023-01-23,8.2708
2023-01-24,8.3423
2023-01-25,8.4536
2023-01-26,8.5349
2023-01-27,8.4542
2023-01-30,8.4927
2023-01-31,8.5005
2023-02-01,8.5475
2023-02-02,8.3955
2023-02-03,8.3437
2023-02-06,8.4168
2023-02-07,8.549
2023-02-08,8.601
2023-02-09,8.5269
2023-02-10,8.6093
2023-02-13,8.7217
2023-02-14,8.7656
2023-02-15,8.602
2023-02-16,8.5326
2023-02-17,8.6066
2023-02-20,8.5648
2023-02-21,8.3468
2023-02-22,8.0894
2023-02-23,8.177
2023-02-24,8.0387
2023-02-27,8.018
2023-02-28,7.8888
2023-03-01,7.8848
2023-03-02,7.895
2023-03-03,7.9024
2023-03-06,7.9228
2023-03-07,7.738
2023-03-08,7.5973
2023-03-09,7.5397
2023-03-10,7.5817
2023-03-13,7.8007
2023-03-14,7.8386
2023-03-15,7.8436
2023-03-16,7.7813
2023-03-17,7.8113
2023-03-20,7.5119
2023-03-21,7.4258
2023-03-22,7.3138
2023-03-23,7.2326
2023-03-24,7.5786
2023-03-27,7.831
2023-03-28,7.7604
2023-03-29,7.8377
2023-03-30,7.7772
2023-03-31,7.7146
2023-04-03,7.645
2023-04-04,7.6218
2023-04-05,7.5309
2023-04-06,7.469
2023-04-07,7.5203
2023-04-10,7.4321
2023-04-11,7.494
2023-04-12,7.521
2023-04-13,7.4294
2023-04-14,7.5269
2023-04-17,7.5982
2023-04-18,7.7674
2023-04-19,7.5546
2023-04-20,7.4706
2023-04-21,7.3622
2023-04-24,7.3412
2023-04-25,7.2494
2023-04-26,7.3202
2023-04-27,7.1533
2023-04-28,7.225
2023-05-01,7.1205
2023-05-02,6.9755
2023-05-03,7.0737
2023-05-04,7.1406
2023-05-05,7.2603
2023-05-08,7.1006
2023-05-09,6.7213
2023-05-10,6.6955
2023-05-11,6.8911
2023-05-12,6.9732
2023-05-15,7.073
2023-05-16,6.9341
2023-05-17,6.687
2023-05-18,6.5101
2023-05-19,6.5403
2023-05-22,6.5024
2023-05-23,6.6316
2023-05-24,6.5419
2023-05-25,6.4787
2023-05-26,6.6368
2023-05-29,6.5862
2023-05-30,6.4269
2023-05-31,6.3459
2023-06-01,6.4644
2023-06-02,6.5547
2023-06-05,6.7563
2023-06-06,6.6952
2023-06-07,6.6572
2023-06-08,6.8396
2023-06-09,6.8776
2023-06-12,6.9648
2023-06-13,7.0123
2023-06-14,6.8733
2023-06-15,7.0113
2023-06-16,7.1118
2023-06-19,7.1866
2023-06-20,7.0752
2023-06-21,7.3592
2023-06-22,7.4848
2023-06-23,7.3372
2023-06-26,7.2746
2023-06-27,7.0333
2023-06-28,6.8713
2023-06-29,6.9138
2023-06-30,6.8603
2023-07-03,6.7129
2023-07-04,6.7623
2023-07-05,6.8853
2023-07-06,6.921
2023-07-07,6.9321
2023-07-10,6.8512
2023-07-11,6.9661
2023-07-12,6.9069
2023-07-13,6.9818
2023-07-14,7.1033
2023-07-17,7.1205
2023-07-18,7.1588
2023-07-19,7.7076
2023-07-20,7.7676
2023-07-21,7.501
2023-07-24,7.9863
2023-07-25,7.8917
2023-07-26,7.6751
2023-07-27,7.5386
2023-07-28,7.457
2023-07-31,7.1911
2023-08-01,7.0891
2023-08-02,6.9628
2023-08-03,6.9145
2023-08-04,7.0456
2023-08-07,7.1719
2023-08-08,7.2991
2023-08-09,7.2222
2023-08-10,7.0922
2023-08-11,7.0732
2023-08-14,6.8428
2023-08-15,6.7364
2023-08-16,6.7981
2023-08-17,6.7703
2023-08-18,6.9081
2023-08-21,6.7784
2023-08-22,6.7375
2023-08-23,6.8374
2023-08-24,6.9041
2023-08-25,6.8399
2023-08-28,6.7244
2023-08-29,6.6679
2023-08-30,6.7735
2023-08-31,6.6268
2023-09-01,6.4941
2023-09-04,6.4487
2023-09-05,6.3418
2023-09-06,6.2969
2023-09-07,6.3896
2023-09-08,6.2767
2023-09-11,5.9762
2023-09-12,6.8066
2023-09-13,6.9746
2023-09-14,7.0018
2023-09-15,7.075
2023-09-18,6.9268
2023-09-19,6.884
2023-09-20,6.9128
2023-09-21,6.8474
2023-09-22,6.8284
2023-09-25,6.9197
2023-09-26,6.9119
2023-09-27,6.8895
2023-09-28,6.8773
2023-09-29,6.7868
2023-10-02,6.6152
2023-10-03,6.739
2023-10-04,6.6842
2023-10-05,6.7677
2023-10-06,6.7507
2023-10-09,6.8373
2023-10-10,6.755
2023-10-11,6.6719
2023-10-12,6.6961
2023-10-13,6.7888
2023-10-16,6.8074
2023-10-17,6.7922
2023-10-18,6.8968
2023-10-19,6.8556
2023-10-20,6.9354
2023-10-23,6.8955
2023-10-24,6.7558
2023-10-25,6.6667
2023-10-26,6.7204
2023-10-27,6.6786
2023-10-30,6.6957
2023-10-31,6.6064
2023-11-01,6.6599
2023-11-02,6.718
2023-11-03,6.8206
2023-11-06,6.7759
2023-11-07,6.7639
2023-11-08,6.8611
2023-11-09,6.768
2023-11-10,6.7532
2023-11-13,6.8149
2023-11-14,6.8536
2023-11-15,6.724
2023-11-16,6.6612
2023-11-17,6.7321
2023-11-20,6.6762
2023-11-24,6.5172
2023-11-27,6.513
2023-11-28,6.3689
2023-11-29,6.4388
2023-11-30,6.5563
2023-12-01,6.5529
2023-12-04,6.6018
2023-12-05,6.6151
2023-12-06,6.3227
2023-12-07,6.4064
2023-12-08,6.335
2023-12-11,6.5639
2023-12-12,6.8105
2023-12-13,6.729
2023-12-14,6.6729
2023-12-15,6.6129
2023-12-18,6.6435
2023-12-19,6.6737
2023-12-20,6.6345
2023-12-21,6.6527
2023-12-22,6.6458
2023-12-25,6.647
2023-12-26,6.6639
2023-12-27,6.6862
2023-12-28,6.6696
2023-12-29,6.6909
2024-01-01,6.6952
2024-01-02,6.5732
2024-01-03,6.5178
2024-01-04,6.586
2024-01-05,6.5812
2024-01-08,6.5047
2024-01-09,6.5294
2024-01-10,6.6142
2024-01-11,6.5258
2024-01-12,6.4382
2024-01-15,6.4594
2024-01-16,6.3571
2024-01-17,6.4119
2024-01-18,6.4219
2024-01-19,6.4584
2024-01-22,6.4056
2024-01-23,6.4329
2024-01-24,6.437
2024-01-25,6.4429
2024-01-26,6.3357
2024-01-29,6.2945
2024-01-30,6.3083
2024-01-31,6.2116
2024-02-01,6.2728
2024-02-02,6.2464
2024-02-05,6.1478
2024-02-06,6.1608
2024-02-07,6.1277
2024-02-08,6.02
2024-02-09,6.1334
2024-02-12,6.1063
2024-02-13,6.093
2024-02-14,6.0583
2024-02-15,6.0246
2024-02-16,5.9681
2024-02-19,5.8671
2024-02-20,6.0305
2024-02-21,5.9925
2024-02-22,6.1267
2024-02-23,6.0593
2024-02-26,5.9569
2024-02-27,5.9257
2024-02-28,5.7523
2024-02-29,5.6093
2024-03-01,5.4484
2024-03-04,5.6057
2024-03-05,5.4147
2024-03-06,5.3313
2024-03-07,5.6309
2024-03-08,5.4337
2024-03-11,5.8001
2024-03-12,5.8441
2024-03-13,5.7974
2024-03-14,5.7386
2024-03-15,5.7825
2024-03-18,5.8443
2024-03-19,5.9202
2024-03-20,5.9154
2024-03-21,5.9055
2024-03-22,6.0956
2024-03-25,6.0388
2024-03-26,5.9407
2024-03-27,5.9227
2024-03-28,5.9832
2024-03-29,5.9849
2024-04-01,5.9572
2024-04-02,5.9146
2024-04-03,5.9435
2024-04-04,5.8992
2024-04-05,6.0019
2024-04-08,6.0163
2024-04-09,5.9471
2024-04-10,5.9859
2024-04-11,5.9853
2024-04-12,5.8529
2024-04-15,5.8895
2024-04-16,5.8856
2024-04-17,5.8968
2024-04-18,5.9022
2024-04-19,5.9669
2024-04-22,5.9764
2024-04-23,6.2195
2024-04-24,6.0722
2024-04-25,6.0705
2024-04-26,6.0948
2024-04-29,6.177
2024-04-30,5.9457
2024-05-01,5.9703
2024-05-02,5.9831
2024-05-03,6.1429
2024-05-06,6.2872
2024-05-07,6.1473
2024-05-08,6.0978
2024-05-09,6.3823
2024-05-10,6.479
2024-05-13,7.5858
2024-05-14,7.3437
2024-05-15,7.4384
2024-05-16,7.3568
2024-05-17,7.2997
2024-05-20,7.5804
2024-05-21,7.5998
2024-05-22,7.6444
2024-05-23,7.5998
2024-05-24,7.7123
2024-05-27,7.9491
2024-05-28,7.825
2024-05-29,7.7405
2024-05-30,7.636
2024-05-31,7.6561
2024-06-03,7.6638
2024-06-04,7.6624
2024-06-05,7.5169
2024-06-06,7.5169
2024-06-07,7.4404
2024-06-10,7.0155
2024-06-11,7.2051
2024-06-12,7.0413
2024-06-13,6.9553
2024-06-14,6.8962
2024-06-17,6.7161
2024-06-18,6.7009
2024-06-19,6.7278
2024-06-20,6.6068
2024-06-21,6.5406
2024-06-24,6.5387
2024-06-25,6.4417
2024-06-26,6.4963
2024-06-27,6.6159
2024-06-28,6.5316
2024-07-01,6.7574
2024-07-02,6.7574
2024-07-03,6.5632
2024-07-04,6.5632
2024-07-05,6.7405
2024-07-08,6.5292
2024-07-09,6.6373
2024-07-10,6.5003
2024-07-11,6.5885
2024-07-12,6.5231
2024-07-15,6.3169
2024-07-16,6.3569
2024-07-17,6.3945
2024-07-18,6.386
2024-07-19,6.6112
2024-07-22,6.6839
2024-07-23,6.6452
2024-07-24,6.5703
2024-07-25,6.4816
2024-07-26,6.4137
2024-07-29,6.3538
2024-07-30,6.3294
2024-07-31,6.3294
2024-08-01,6.4543
2024-08-02,6.518
2024-08-05,6.4382
2024-08-06,6.4382
2024-08-07,6.4904
2024-08-08,6.4479
2024-08-09,6.4485
2024-08-12,6.3681
2024-08-13,6.3681
2024-08-14,6.3144
2024-08-15,6.0026
2024-08-16,6.002
2024-08-19,6.1086
2024-08-20,6.1712
2024-08-21,6.0409
2024-08-22,5.9528
2024-08-23,5.9244
2024-08-26,5.9228
2024-08-27,5.8952
2024-08-28,5.8952
2024-08-29,6.0907
2024-08-30,6.1736
2024-09-02,6.1697
2024-09-03,6.1113
2024-09-04,6.2287
2024-09-05,6.1688
2024-09-06,5.9874
2024-09-09,5.8273
2024-09-10,5.7289
2024-09-11,6.6758
2024-09-12,6.7058
2024-09-13,6.783
2024-09-16,6.6931
2024-09-17,6.6447
2024-09-18,6.609
2024-09-19,6.5529
2024-09-20,6.5692
2024-09-23,6.6514
2024-09-24,6.6514
2024-09-25,6.6443
2024-09-26,6.6722
2024-09-27,6.7007
2024-09-30,6.7031
2024-10-01,6.7212
2024-10-02,7.0051
2024-10-03,6.9675
2024-10-04,6.8263
2024-10-07,6.8301
2024-10-08,6.8257
2024-10-09,6.7971
2024-10-10,6.7971
2024-10-11,6.8244
2024-10-14,6.7834
2024-10-15,6.6957
2024-10-16,6.6957
2024-10-17,6.7234
2024-10-18,6.7859
2024-10-21,6.5858
2024-10-22,6.5858
2024-10-23,6.5583
2024-10-24,6.5102
2024-10-25,0.0
2024-10-28,6.4086
2024-10-29,6.4631
2024-10-30,6.4796
2024-10-31,6.4358
2024-11-01,6.3909
2024-11-04,6.3258
2024-11-05,6.3572
2024-11-06,6.3229
2024-11-07,6.3347
2024-11-08,6.2776
2024-11-11,6.2665
2024-11-12,6.2665
2024-11-13,6.0304
2024-11-14,6.0325
2024-11-15,6.2127
2024-11-18,6.3016
2024-11-19,6.3016
2024-11-20,6.3003
2024-11-21,6.2778
2024-11-22,6.2087
2024-11-25,6.2493
2024-11-26,6.1672
2024-11-27,6.1592
2024-11-28,6.0718
2024-11-29,6.0312
2024-12-02,6.0439
2024-12-03,6.0556
2024-12-04,6.1014
2024-12-05,6.2591
2024-12-06,6.2251
2024-12-09,6.3484
2024-12-10,6.306
2024-12-11,6.6043
2024-12-12,6.5117
2024-12-13,6.5135
2024-12-16,6.6678
2024-12-17,6.6266
2024-12-18,6.6266
2024-12-19,6.5638
2024-12-20,6.4532
2024-12-23,6.5704
2024-12-24,6.537
2024-12-25,6.5383
2024-12-26,6.5534
2024-12-27,6.5972
2024-12-30,6.6193
2024-12-31,6.6758
2025-01-01,6.6752
2025-01-02,6.6752
2025-01-03,6.6845
2025-01-06,6.5288
2025-01-07,6.496
2025-01-08,6.496
2025-01-09,6.4784
2025-01-10,6.4877
2025-01-13,6.5474
2025-01-14,6.5474
2025-01-15,6.3946
2025-01-16,6.3946
2025-01-17,6.3466
2025-01-20,6.3478
2025-01-21,6.5575
2025-01-22,6.5073
2025-01-23,6.5335
2025-01-24,6.4672
2025-01-27,6.3864
2025-01-28,6.3919
2025-01-29,6.4945
2025-01-30,6.5901
2025-01-31,6.554
2025-02-03,6.5869
2025-02-04,6.6304
2025-02-05,6.5318
2025-02-06,6.6278
2025-02-07,6.5927
2025-02-10,6.6366
2025-02-11,6.6366
2025-02-12,6.5667
2025-02-13,6.5844
2025-02-14,6.6467
2025-02-17,6.6454
2025-02-18,6.5187
2025-02-19,6.4806
2025-02-20,6.4952
2025-02-21,6.4485
2025-02-24,6.459
2025-02-25,6.4419
2025-02-26,6.3665
2025-02-27,6.2387
2025-02-28,6.2387
2025-03-03,6.2029
2025-03-04,6.2532
2025-03-05,6.2871
2025-03-06,6.2871
2025-03-07,6.0451
2025-03-10,6.4246
2025-03-11,6.565
2025-03-12,6.621
2025-03-13,6.6754
2025-03-14,6.6087
2025-03-17,6.6124
2025-03-18,6.611
2025-03-19,6.7482
2025-03-20,6.7482
2025-03-21,6.6982
2025-03-24,6.5264
2025-03-25,6.466
2025-03-26,6.466
2025-03-27,6.4144
2025-03-28,6.4384
2025-03-31,6.4348
2025-04-01,6.5093
2025-04-02,6.5087
2025-04-03,6.6444
2025-04-04,6.615
2025-04-07,6.6838
2025-04-08,6.6856
2025-04-09,6.5476
2025-04-10,6.6169
2025-04-11,6.7464
2025-04-14,6.6171
2025-04-15,6.4648
2025-04-16,6.4861
2025-04-17,6.5464
2025-04-18,6.5568
2025-04-21,6.627
2025-04-22,6.4384
2025-04-23,6.4314
2025-04-24,6.4297
2025-04-25,6.5056
2025-04-28,6.4346
2025-04-29,6.4335
2025-04-30,6.2568
2025-05-01,6.2568
2025-05-02,6.2023
2025-05-05,6.2749
2025-05-06,6.2281
2025-05-07,6.1463
2025-05-08,6.0962
2025-05-09,6.0962
2025-05-12,6.01
2025-05-13,6.0111
2025-05-14,6.2327
2025-05-15,6.2595
2025-05-16,6.2117
2025-05-19,6.1907
2025-05-20,6.4212
2025-05-21,6.5305
2025-05-22,6.4332
2025-05-23,6.4338
2025-05-26,6.3779
2025-05-27,6.2243
2025-05-28,6.1737
2025-05-29,6.2634
2025-05-30,6.2083
2025-06-02,6.3041
2025-06-03,6.2628
2025-06-04,6.3032
2025-06-05,6.3108
2025-06-06,6.3365
2025-06-09,6.3409
2025-06-10,6.2103
2025-06-11,6.2566
2025-06-12,6.2745
2025-06-13,6.2745
2025-06-16,6.289
2025-06-17,6.3262
2025-06-18,6.4981
2025-06-19,6.4981
2025-06-20,6.5308
2025-06-23,6.4662
2025-06-24,6.4684
2025-06-25,6.3143
2025-06-26,6.2532
2025-06-27,6.2427
2025-06-30,6.2587
2025-07-01,6.2618
2025-07-02,6.2484
2025-07-03,6.2784
2025-07-04,6.3174
2025-07-07,6.2672
2025-07-08,6.2523
2025-07-09,6.2624
2025-07-10,6.289
2025-07-11,6.4178
2025-07-14,6.3798
2025-07-15,6.2632
2025-07-16,6.3173
2025-07-17,6.2856
2025-07-18,6.3075
2025-07-21,6.4089
2025-07-22,6.4373
2025-07-23,6.4695
2025-07-24,6.3852
2025-07-25,6.32
2025-07-28,6.2549
2025-07-29,6.2865
2025-07-30,6.1925
2025-07-31,6.1676
2025-08-01,6.1161
2025-08-04,6.2107
2025-08-05,6.2096
2025-08-06,6.1072
2025-08-07,6.1589
2025-08-08,6.285
2025-08-11,6.1646
2025-08-12,6.1641
2025-08-13,6.1176
2025-08-14,6.1917
2025-08-15,6.2482
2025-08-18,6.2129
2025-08-19,6.224
2025-08-20,6.1631
2025-08-21,6.2257
2025-08-22,6.2279
2025-08-25,6.2708
2025-08-26,6.1646
2025-08-27,6.1869
2025-08-28,6.0934
2025-08-29,6.0163
2025-09-01,6.0995
2025-09-02,5.9462
2025-09-03,5.7908
2025-09-04,5.7908
2025-09-05,5.7735
2025-09-08,5.5609
2025-09-09,5.5492
2025-09-10,5.4225
2025-09-11,5.4314
2025-09-12,6.0521
2025-09-15,6.1076
2025-09-16,6.1076
2025-09-17,6.1874
2025-09-18,6.1806
2025-09-19,6.1693
2025-09-22,6.0862
2025-09-23,6.0792
2025-09-24,6.1095
2025-09-25,6.0893
2025-09-26,6.0542
2025-09-29,6.0303
2025-09-30,6.0182
2025-10-01,5.9494
2025-10-02,5.9808
2025-10-03,5.9991
2025-10-06,5.9835
2025-10-07,5.9765
2025-10-08,5.9559
2025-10-09,5.95
2025-10-10,5.9965
2025-10-13,5.9678
2025-10-14,6.0156
2025-10-15,6.0156
2025-10-16,6.0221
2025-10-17,5.9874
2025-10-20,5.9981
2025-10-21,5.974
2025-10-22,5.9425
2025-10-23,5.9861
2025-10-24,6.0071
2025-10-27,6.0143
2025-10-28,6.1372
2025-10-29,6.0635
2025-10-30,6.0222
2025-10-31,6.0594
2025-11-03,6.0761
2025-11-04,6.0857
2025-11-05,6.0759
2025-11-06,6.0348
2025-11-07,6.03
2025-11-10,6.0007
2025-11-11,5.9674
2025-11-12,6.0021
2025-11-13,6.0016
2025-11-14,5.9518
2025-11-17,5.9942
2025-11-18,6.0126
2025-11-19,5.9746
2025-11-20,5.9381
2025-11-21,5.9465
2025-11-24,5.9512
2025-11-25,5.9429
2025-11-26,5.9741
2025-11-27,5.9657
2025-11-28,5.9079
2025-12-01,5.9003
2025-12-02,6.0434
2025-12-03,6.1314
2025-12-04,6.1019
2025-12-05,6.0829
2025-12-08,5.9937
2025-12-09,6.0138
2025-12-10,6.0459
2025-12-11,6.0228
2025-12-12,6.0372
2025-12-15,6.0055
2025-12-16,5.9395
2025-12-17,5.9204
2025-12-18,5.9358
2025-12-19,5.9547
2025-12-22,6.0266
2025-12-23,6.067
2025-12-24,6.101
2025-12-25,6.101
2025-12-26,6.0953
2025-12-29,6.1113
2025-12-30,6.0663
2025-12-31,6.0668
2026-01-01,6.0679
2026-01-02,6.039
2026-01-05,6.0056
2026-01-06,6.012
2026-01-07,6.0847
2026-01-08,6.0764
2026-01-09,6.0734
2026-01-12,6.0102
2026-01-13,6.029
2026-01-14,5.983
2026-01-15,5.9798
2026-01-16,6.022
2026-01-19,6.0612
2026-01-20,6.0475
2026-01-21,6.0295
2026-01-22,6.0614
2026-01-23,6.1448
2026-01-26,6.1092
2026-01-27,6.1367
2026-01-28,6.1819
2026-01-29,6.2309
2026-01-30,6.2705
2026-02-02,6.2094
2026-02-03,6.2166
2026-02-04,6.2264
2026-02-05,6.2132
2026-02-06,6.1079
2026-02-09,6.1434
2026-02-10,6.1341
2026-02-11,6.1567
2026-02-12,6.2101
2026-02-13,6.1793
2026-02-16,6.177
2026-02-17,6.1458
2026-02-18,6.1185
2026-02-19,6.2084
2026-02-20,6.304
2026-02-23,6.288
2026-02-24,6.2586
2026-02-25,6.2049
2026-02-26,6.2061
2026-02-27,6.2093
2026-03-02,6.284
2026-03-03,6.1789
2026-03-04,6.246
2026-03-05,6.0904
2026-03-06,6.1791
